2026-04-06 11:52:04 | Log file: /Users/juanrios/Documents/master_thesis/logs/pipeline_20260406_115204.log
2026-04-06 11:52:04 | 
================================================================================
2026-04-06 11:52:04 | EXPERIMENTAL PIPELINE: CAUSAL FEATURE IMPORTANCE COMPARISON
2026-04-06 11:52:04 | ================================================================================
2026-04-06 11:52:04 | 
================================================================================
2026-04-06 11:52:04 | CONFIGURATION PARAMETERS
2026-04-06 11:52:04 | ================================================================================
2026-04-06 11:52:04 | 
1. DATASET PARAMETERS:
2026-04-06 11:52:04 |    - N_FEATURES: 50
2026-04-06 11:52:04 |    - N_SAMPLES: 1000
2026-04-06 11:52:04 |    - Y_PARENTS_RATIO: 0.5
2026-04-06 11:52:04 |    - NOISE_STD: 0.5
2026-04-06 11:52:04 |    - EDGE_PROBABILITY: 0.2
2026-04-06 11:52:04 |    - MIN_CONNECTED_EDGES: 2
2026-04-06 11:52:04 |    - RANDOM_STATE: 42
2026-04-06 11:52:04 | 
2. MODEL TRAINING PARAMETERS:
2026-04-06 11:52:04 |    - TEST_SIZE: 0.2
2026-04-06 11:52:04 |    - BACKGROUND_RATIO: 0.3
2026-04-06 11:52:04 |    - TEST_INSTANCES_RATIO: 0.5
2026-04-06 11:52:04 | 
3. EXPLAINABILITY PARAMETERS:
2026-04-06 11:52:04 |    - N_SHAPLEY_SAMPLES: 50
2026-04-06 11:52:04 |    - M_INNER_SAMPLES_CAUSAL: 10
2026-04-06 11:52:04 | 
4. CAUSAL DISCOVERY PARAMETERS:
2026-04-06 11:52:04 |    - LINGAM_ALPHA: 0.01
2026-04-06 11:52:04 |    - PC_ALPHA: 0.01
2026-04-06 11:52:04 |    - INDEP_TEST: fisherz
2026-04-06 11:52:04 | 
5. TARGET CONFIGURATION:
2026-04-06 11:52:04 |    - TARGET_DATASET: mixed_conf_f50_s1000_p50
2026-04-06 11:52:04 |    - MODEL: LGBM (only)
2026-04-06 11:52:04 | 
6. DIRECTORIES:
2026-04-06 11:52:04 |    - BASE_DIR: /Users/juanrios/Documents/master_thesis
2026-04-06 11:52:04 |    - SYNTHETIC_DIR: /Users/juanrios/Documents/master_thesis/data/synthetic
2026-04-06 11:52:04 |    - PROCESSED_DIR: /Users/juanrios/Documents/master_thesis/data/processed
2026-04-06 11:52:04 |    - CAUSAL_DIR: /Users/juanrios/Documents/master_thesis/data/causal
2026-04-06 11:52:04 |    - EXPLAINABILITY_DIR: /Users/juanrios/Documents/master_thesis/data/explainability
2026-04-06 11:52:04 |    - MODELS_DIR: /Users/juanrios/Documents/master_thesis/models
2026-04-06 11:52:04 |    - LOGS_DIR: /Users/juanrios/Documents/master_thesis/logs
2026-04-06 11:52:04 | 
================================================================================

2026-04-06 11:52:04 | ================================================================================
2026-04-06 11:52:04 | STEP 1: GENERATING SYNTHETIC DATASETS
2026-04-06 11:52:04 | ================================================================================
2026-04-06 11:52:04 | 
[Dataset 1/6] Generating linear system without confounders
2026-04-06 11:52:04 |   ✓ Saved: linear_no_conf_f50_s1000_p50 | Features: 50, Samples: 1000, Y parents: 25, Edges: 291, Confounders: 0
2026-04-06 11:52:04 | 
[Dataset 2/6] Generating linear system with confounders
2026-04-06 11:52:04 |   ✓ Saved: linear_conf_f50_s1000_p50 | Features: 50, Samples: 1000, Y parents: 25, Edges: 291, Confounders: 5
2026-04-06 11:52:04 | 
[Dataset 3/6] Generating nonlinear system without confounders
2026-04-06 11:52:04 |   ✓ Saved: nonlinear_no_conf_f50_s1000_p50 | Features: 50, Samples: 1000, Y parents: 25, Edges: 291, Confounders: 0
2026-04-06 11:52:04 | 
[Dataset 4/6] Generating nonlinear system with confounders
2026-04-06 11:52:04 |   ✓ Saved: nonlinear_conf_f50_s1000_p50 | Features: 50, Samples: 1000, Y parents: 25, Edges: 291, Confounders: 5
2026-04-06 11:52:04 | 
[Dataset 5/6] Generating mixed system without confounders
2026-04-06 11:52:04 |   ✓ Saved: mixed_no_conf_f50_s1000_p50 | Features: 50, Samples: 1000, Y parents: 25, Edges: 291, Confounders: 0
2026-04-06 11:52:04 | 
[Dataset 6/6] Generating mixed system with confounders
2026-04-06 11:52:04 |   ✓ Saved: mixed_conf_f50_s1000_p50 | Features: 50, Samples: 1000, Y parents: 25, Edges: 291, Confounders: 5
2026-04-06 11:52:04 | 
================================================================================
2026-04-06 11:52:04 | Step 1 Complete: 6 datasets generated
2026-04-06 11:52:04 | ================================================================================

2026-04-06 11:52:04 | ================================================================================
2026-04-06 11:52:04 | STEP 2: CREATING TRAIN/TEST SPLITS
2026-04-06 11:52:04 | ================================================================================
2026-04-06 11:52:04 | 
[Dataset 1/6] Processing linear_no_conf_f50_s1000_p50...
2026-04-06 11:52:04 |   ✓ Train: (800, 51), Test: (200, 51)
2026-04-06 11:52:04 | 
[Dataset 2/6] Processing linear_conf_f50_s1000_p50...
2026-04-06 11:52:04 |   ✓ Train: (800, 51), Test: (200, 51)
2026-04-06 11:52:04 | 
[Dataset 3/6] Processing nonlinear_no_conf_f50_s1000_p50...
2026-04-06 11:52:04 |   ✓ Train: (800, 51), Test: (200, 51)
2026-04-06 11:52:04 | 
[Dataset 4/6] Processing nonlinear_conf_f50_s1000_p50...
2026-04-06 11:52:04 |   ✓ Train: (800, 51), Test: (200, 51)
2026-04-06 11:52:04 | 
[Dataset 5/6] Processing mixed_no_conf_f50_s1000_p50...
2026-04-06 11:52:04 |   ✓ Train: (800, 51), Test: (200, 51)
2026-04-06 11:52:04 | 
[Dataset 6/6] Processing mixed_conf_f50_s1000_p50...
2026-04-06 11:52:05 |   ✓ Train: (800, 51), Test: (200, 51)
2026-04-06 11:52:05 | 
================================================================================
2026-04-06 11:52:05 | Step 2 Complete: Train/test splits created for 6 datasets
2026-04-06 11:52:05 | ================================================================================

2026-04-06 11:52:05 | ================================================================================
2026-04-06 11:52:05 | STEP 3: RUNNING CAUSAL DISCOVERY
2026-04-06 11:52:05 | ================================================================================
2026-04-06 11:52:05 | 
[Dataset 1/6] Processing linear_no_conf_f50_s1000_p50
2026-04-06 11:52:05 |   Running LiNGAM...
2026-04-06 11:52:11 |   Running PC...
2026-04-06 11:52:15 |   Extracting train adjacency matrices for Step 5...
2026-04-06 11:52:15 |   ✓ LINGAM: F1=0.282, Precision=0.240, Recall=0.340
2026-04-06 11:52:16 |   ✓ PC: F1=0.140, Precision=0.325, Recall=0.089
2026-04-06 11:52:17 | 
[Dataset 2/6] Processing linear_conf_f50_s1000_p50
2026-04-06 11:52:17 |   Running LiNGAM...
2026-04-06 11:52:22 |   Running PC...
2026-04-06 11:52:26 |   Extracting train adjacency matrices for Step 5...
2026-04-06 11:52:26 |   ✓ LINGAM: F1=0.222, Precision=0.188, Recall=0.271
2026-04-06 11:52:27 |   ✓ PC: F1=0.192, Precision=0.429, Recall=0.124
2026-04-06 11:52:28 | 
[Dataset 3/6] Processing nonlinear_no_conf_f50_s1000_p50
2026-04-06 11:52:28 |   Running LiNGAM...
2026-04-06 11:52:34 |   Running PC...
2026-04-06 11:52:36 |   Extracting train adjacency matrices for Step 5...
2026-04-06 11:52:36 |   ✓ LINGAM: F1=0.192, Precision=0.212, Recall=0.175
2026-04-06 11:52:37 |   ✓ PC: F1=0.131, Precision=0.278, Recall=0.086
2026-04-06 11:52:38 | 
[Dataset 4/6] Processing nonlinear_conf_f50_s1000_p50
2026-04-06 11:52:38 |   Running LiNGAM...
2026-04-06 11:52:51 |   Running PC...
2026-04-06 11:53:09 |   Extracting train adjacency matrices for Step 5...
2026-04-06 11:53:09 |   ✓ LINGAM: F1=0.196, Precision=0.236, Recall=0.168
2026-04-06 11:53:10 |   ✓ PC: F1=0.135, Precision=0.250, Recall=0.093
2026-04-06 11:53:10 | 
[Dataset 5/6] Processing mixed_no_conf_f50_s1000_p50
2026-04-06 11:53:10 |   Running LiNGAM...
2026-04-06 11:53:15 |   Running PC...
2026-04-06 11:53:15 |   Extracting train adjacency matrices for Step 5...
2026-04-06 11:53:15 |   ✓ LINGAM: F1=0.031, Precision=0.152, Recall=0.017
2026-04-06 11:53:16 |   ✓ PC: F1=0.059, Precision=0.562, Recall=0.031
2026-04-06 11:53:16 | 
[Dataset 6/6] Processing mixed_conf_f50_s1000_p50
2026-04-06 11:53:16 |   Running LiNGAM...
2026-04-06 11:53:23 |   Running PC...
2026-04-06 11:53:28 |   Extracting train adjacency matrices for Step 5...
2026-04-06 11:53:28 |   ✓ LINGAM: F1=0.154, Precision=0.181, Recall=0.134
2026-04-06 11:53:29 |   ✓ PC: F1=0.146, Precision=0.304, Recall=0.096
2026-04-06 11:53:30 | 
================================================================================
2026-04-06 11:53:30 | Step 3 Complete: Causal discovery completed for 6 datasets
2026-04-06 11:53:30 | ================================================================================

2026-04-06 11:53:30 | ================================================================================
2026-04-06 11:53:30 | STEP 4: TRAINING PREDICTIVE MODELS (LGBM only, mixed_conf_f50_s1000_p50 dataset)
2026-04-06 11:53:30 | ================================================================================
2026-04-06 11:53:30 | 
[Dataset 1/1] Training LGBM model for mixed_conf_f50_s1000_p50
2026-04-06 11:53:30 |   Training LGBM...
2026-04-06 11:53:42 |   ✓ LGBM: R²=0.7035, MSE=0.4095, MAE=0.5035, RMSE=0.6399
2026-04-06 11:53:42 | 
================================================================================
2026-04-06 11:53:42 | Step 4 Complete: LGBM model trained for mixed_conf_f50_s1000_p50
2026-04-06 11:53:42 | ================================================================================

2026-04-06 11:53:42 | ================================================================================
2026-04-06 11:53:42 | STEP 5: CALCULATING SHAPLEY VALUES (mixed_no_conf + LGBM only)
2026-04-06 11:53:42 | ================================================================================
2026-04-06 11:53:42 | 
[Dataset 1/1] Processing mixed_conf_f50_s1000_p50
2026-04-06 11:53:42 |   [Progress: 1/7] LGBM - ShapleyFromScratch
2026-04-06 11:56:11 |   [Progress: 2/7] LGBM + PC - ShapleyFlow
2026-04-06 11:56:11 |     → ShapleyFlowWrapper: 51 features, 92 edges, 10 sources
2026-04-06 11:56:11 |     → Computing Shapley Flow for 100 instances...
2026-04-06 11:56:11 |     → Instance 1/100
2026-04-06 11:56:11 |     → ShapleyFlow (Path Sampling): 92 edges, 10 sources
2026-04-06 11:56:11 |     → Sampling 100 paths/source × 50 trials
2026-04-06 11:56:12 |     → Trial 1/50 completed (~1630 evaluations)
2026-04-06 11:56:20 |     → Trial 10/50 completed (~1657 evaluations)
2026-04-06 11:56:28 |     → Trial 20/50 completed (~1669 evaluations)
2026-04-06 11:56:37 |     → Trial 30/50 completed (~1596 evaluations)
2026-04-06 11:56:45 |     → Trial 40/50 completed (~1712 evaluations)
2026-04-06 11:56:54 |     → Trial 50/50 completed (~1597 evaluations)
2026-04-06 11:56:54 |     → Instance 2/100
2026-04-06 11:56:54 |     → ShapleyFlow (Path Sampling): 92 edges, 10 sources
2026-04-06 11:56:54 |     → Sampling 100 paths/source × 50 trials
2026-04-06 11:56:54 |     → Trial 1/50 completed (~1612 evaluations)
2026-04-06 11:57:02 |     → Trial 10/50 completed (~1608 evaluations)
2026-04-06 11:57:10 |     → Trial 20/50 completed (~1665 evaluations)
2026-04-06 11:57:19 |     → Trial 30/50 completed (~1626 evaluations)
2026-04-06 11:57:27 |     → Trial 40/50 completed (~1593 evaluations)
2026-04-06 11:57:36 |     → Trial 50/50 completed (~1636 evaluations)
2026-04-06 11:57:36 |     → Instance 3/100
2026-04-06 11:57:36 |     → ShapleyFlow (Path Sampling): 92 edges, 10 sources
2026-04-06 11:57:36 |     → Sampling 100 paths/source × 50 trials
2026-04-06 11:57:37 |     → Trial 1/50 completed (~1609 evaluations)
2026-04-06 11:57:44 |     → Trial 10/50 completed (~1612 evaluations)
2026-04-06 11:57:52 |     → Trial 20/50 completed (~1563 evaluations)
2026-04-06 11:58:01 |     → Trial 30/50 completed (~1683 evaluations)
2026-04-06 11:58:09 |     → Trial 40/50 completed (~1625 evaluations)
2026-04-06 11:58:17 |     → Trial 50/50 completed (~1641 evaluations)
2026-04-06 11:58:17 |     → Instance 4/100
2026-04-06 11:58:17 |     → ShapleyFlow (Path Sampling): 92 edges, 10 sources
2026-04-06 11:58:17 |     → Sampling 100 paths/source × 50 trials
2026-04-06 11:58:18 |     → Trial 1/50 completed (~1613 evaluations)
2026-04-06 11:58:26 |     → Trial 10/50 completed (~1579 evaluations)
2026-04-06 11:58:34 |     → Trial 20/50 completed (~1667 evaluations)
2026-04-06 11:58:42 |     → Trial 30/50 completed (~1667 evaluations)
2026-04-06 11:58:51 |     → Trial 40/50 completed (~1638 evaluations)
2026-04-06 11:58:59 |     → Trial 50/50 completed (~1600 evaluations)
2026-04-06 11:58:59 |     → Instance 5/100
2026-04-06 11:58:59 |     → ShapleyFlow (Path Sampling): 92 edges, 10 sources
2026-04-06 11:58:59 |     → Sampling 100 paths/source × 50 trials
2026-04-06 11:59:00 |     → Trial 1/50 completed (~1663 evaluations)
2026-04-06 11:59:07 |     → Trial 10/50 completed (~1626 evaluations)
2026-04-06 11:59:16 |     → Trial 20/50 completed (~1601 evaluations)
2026-04-06 11:59:24 |     → Trial 30/50 completed (~1642 evaluations)
2026-04-06 11:59:32 |     → Trial 40/50 completed (~1683 evaluations)
2026-04-06 11:59:40 |     → Trial 50/50 completed (~1605 evaluations)
2026-04-06 11:59:40 |     → Instance 6/100
2026-04-06 11:59:40 |     → ShapleyFlow (Path Sampling): 92 edges, 10 sources
2026-04-06 11:59:40 |     → Sampling 100 paths/source × 50 trials
2026-04-06 11:59:41 |     → Trial 1/50 completed (~1579 evaluations)
2026-04-06 11:59:48 |     → Trial 10/50 completed (~1607 evaluations)
2026-04-06 11:59:57 |     → Trial 20/50 completed (~1643 evaluations)
2026-04-06 12:00:05 |     → Trial 30/50 completed (~1656 evaluations)
2026-04-06 12:00:14 |     → Trial 40/50 completed (~1584 evaluations)
2026-04-06 12:00:22 |     → Trial 50/50 completed (~1581 evaluations)
2026-04-06 12:00:22 |     → Instance 7/100
2026-04-06 12:00:22 |     → ShapleyFlow (Path Sampling): 92 edges, 10 sources
2026-04-06 12:00:22 |     → Sampling 100 paths/source × 50 trials
2026-04-06 12:00:23 |     → Trial 1/50 completed (~1608 evaluations)
2026-04-06 12:00:30 |     → Trial 10/50 completed (~1580 evaluations)
2026-04-06 12:00:38 |     → Trial 20/50 completed (~1573 evaluations)
2026-04-06 12:00:47 |     → Trial 30/50 completed (~1681 evaluations)
2026-04-06 12:00:55 |     → Trial 40/50 completed (~1599 evaluations)
2026-04-06 12:01:03 |     → Trial 50/50 completed (~1625 evaluations)
2026-04-06 12:01:03 |     → Instance 8/100
2026-04-06 12:01:03 |     → ShapleyFlow (Path Sampling): 92 edges, 10 sources
2026-04-06 12:01:03 |     → Sampling 100 paths/source × 50 trials
2026-04-06 12:01:04 |     → Trial 1/50 completed (~1675 evaluations)
2026-04-06 12:01:12 |     → Trial 10/50 completed (~1631 evaluations)
2026-04-06 12:01:20 |     → Trial 20/50 completed (~1687 evaluations)
2026-04-06 12:01:28 |     → Trial 30/50 completed (~1651 evaluations)
2026-04-06 12:01:36 |     → Trial 40/50 completed (~1588 evaluations)
2026-04-06 12:01:45 |     → Trial 50/50 completed (~1640 evaluations)
2026-04-06 12:01:45 |     → Instance 9/100
2026-04-06 12:01:45 |     → ShapleyFlow (Path Sampling): 92 edges, 10 sources
2026-04-06 12:01:45 |     → Sampling 100 paths/source × 50 trials
2026-04-06 12:01:45 |     → Trial 1/50 completed (~1633 evaluations)
2026-04-06 12:01:53 |     → Trial 10/50 completed (~1581 evaluations)
2026-04-06 12:02:01 |     → Trial 20/50 completed (~1611 evaluations)
2026-04-06 12:02:09 |     → Trial 30/50 completed (~1601 evaluations)
2026-04-06 12:02:18 |     → Trial 40/50 completed (~1614 evaluations)
2026-04-06 12:02:26 |     → Trial 50/50 completed (~1600 evaluations)
2026-04-06 12:02:26 |     → Instance 10/100
2026-04-06 12:02:26 |     → ShapleyFlow (Path Sampling): 92 edges, 10 sources
2026-04-06 12:02:26 |     → Sampling 100 paths/source × 50 trials
2026-04-06 12:02:27 |     → Trial 1/50 completed (~1625 evaluations)
2026-04-06 12:02:34 |     → Trial 10/50 completed (~1579 evaluations)
2026-04-06 12:02:42 |     → Trial 20/50 completed (~1596 evaluations)
2026-04-06 12:02:51 |     → Trial 30/50 completed (~1686 evaluations)
2026-04-06 12:02:59 |     → Trial 40/50 completed (~1596 evaluations)
2026-04-06 12:03:07 |     → Trial 50/50 completed (~1652 evaluations)
2026-04-06 12:03:07 |     → Instance 11/100
2026-04-06 12:03:07 |     → ShapleyFlow (Path Sampling): 92 edges, 10 sources
2026-04-06 12:03:07 |     → Sampling 100 paths/source × 50 trials
2026-04-06 12:03:08 |     → Trial 1/50 completed (~1672 evaluations)
2026-04-06 12:03:16 |     → Trial 10/50 completed (~1685 evaluations)
2026-04-06 12:03:24 |     → Trial 20/50 completed (~1674 evaluations)
2026-04-06 12:03:32 |     → Trial 30/50 completed (~1620 evaluations)
2026-04-06 12:03:41 |     → Trial 40/50 completed (~1670 evaluations)
2026-04-06 12:03:49 |     → Trial 50/50 completed (~1560 evaluations)
2026-04-06 12:03:49 |     → Instance 12/100
2026-04-06 12:03:49 |     → ShapleyFlow (Path Sampling): 92 edges, 10 sources
2026-04-06 12:03:49 |     → Sampling 100 paths/source × 50 trials
2026-04-06 12:03:50 |     → Trial 1/50 completed (~1552 evaluations)
2026-04-06 12:03:57 |     → Trial 10/50 completed (~1649 evaluations)
2026-04-06 12:04:05 |     → Trial 20/50 completed (~1609 evaluations)
2026-04-06 12:04:13 |     → Trial 30/50 completed (~1624 evaluations)
2026-04-06 12:04:22 |     → Trial 40/50 completed (~1639 evaluations)
2026-04-06 12:04:30 |     → Trial 50/50 completed (~1619 evaluations)
2026-04-06 12:04:30 |     → Instance 13/100
2026-04-06 12:04:30 |     → ShapleyFlow (Path Sampling): 92 edges, 10 sources
2026-04-06 12:04:30 |     → Sampling 100 paths/source × 50 trials
2026-04-06 12:04:31 |     → Trial 1/50 completed (~1648 evaluations)
2026-04-06 12:04:38 |     → Trial 10/50 completed (~1647 evaluations)
2026-04-06 12:04:46 |     → Trial 20/50 completed (~1609 evaluations)
2026-04-06 12:04:55 |     → Trial 30/50 completed (~1600 evaluations)
2026-04-06 12:05:03 |     → Trial 40/50 completed (~1575 evaluations)
2026-04-06 12:05:11 |     → Trial 50/50 completed (~1600 evaluations)
2026-04-06 12:05:11 |     → Instance 14/100
2026-04-06 12:05:11 |     → ShapleyFlow (Path Sampling): 92 edges, 10 sources
2026-04-06 12:05:11 |     → Sampling 100 paths/source × 50 trials
2026-04-06 12:05:12 |     → Trial 1/50 completed (~1592 evaluations)
2026-04-06 12:05:19 |     → Trial 10/50 completed (~1639 evaluations)
2026-04-06 12:05:28 |     → Trial 20/50 completed (~1573 evaluations)
2026-04-06 12:05:36 |     → Trial 30/50 completed (~1606 evaluations)
2026-04-06 12:05:44 |     → Trial 40/50 completed (~1632 evaluations)
2026-04-06 12:05:53 |     → Trial 50/50 completed (~1592 evaluations)
2026-04-06 12:05:53 |     → Instance 15/100
2026-04-06 12:05:53 |     → ShapleyFlow (Path Sampling): 92 edges, 10 sources
2026-04-06 12:05:53 |     → Sampling 100 paths/source × 50 trials
2026-04-06 12:05:53 |     → Trial 1/50 completed (~1670 evaluations)
2026-04-06 12:06:01 |     → Trial 10/50 completed (~1614 evaluations)
2026-04-06 12:06:09 |     → Trial 20/50 completed (~1688 evaluations)
2026-04-06 12:06:17 |     → Trial 30/50 completed (~1575 evaluations)
2026-04-06 12:06:26 |     → Trial 40/50 completed (~1662 evaluations)
2026-04-06 12:06:34 |     → Trial 50/50 completed (~1562 evaluations)
2026-04-06 12:06:34 |     → Instance 16/100
2026-04-06 12:06:34 |     → ShapleyFlow (Path Sampling): 92 edges, 10 sources
2026-04-06 12:06:34 |     → Sampling 100 paths/source × 50 trials
2026-04-06 12:06:35 |     → Trial 1/50 completed (~1651 evaluations)
2026-04-06 12:06:42 |     → Trial 10/50 completed (~1666 evaluations)
2026-04-06 12:06:50 |     → Trial 20/50 completed (~1621 evaluations)
2026-04-06 12:06:59 |     → Trial 30/50 completed (~1596 evaluations)
2026-04-06 12:07:07 |     → Trial 40/50 completed (~1576 evaluations)
2026-04-06 12:07:15 |     → Trial 50/50 completed (~1623 evaluations)
2026-04-06 12:07:15 |     → Instance 17/100
2026-04-06 12:07:15 |     → ShapleyFlow (Path Sampling): 92 edges, 10 sources
2026-04-06 12:07:15 |     → Sampling 100 paths/source × 50 trials
2026-04-06 12:07:16 |     → Trial 1/50 completed (~1623 evaluations)
2026-04-06 12:07:23 |     → Trial 10/50 completed (~1589 evaluations)
2026-04-06 12:07:32 |     → Trial 20/50 completed (~1666 evaluations)
2026-04-06 12:07:40 |     → Trial 30/50 completed (~1639 evaluations)
2026-04-06 12:07:48 |     → Trial 40/50 completed (~1656 evaluations)
2026-04-06 12:07:56 |     → Trial 50/50 completed (~1648 evaluations)
2026-04-06 12:07:56 |     → Instance 18/100
2026-04-06 12:07:56 |     → ShapleyFlow (Path Sampling): 92 edges, 10 sources
2026-04-06 12:07:56 |     → Sampling 100 paths/source × 50 trials
2026-04-06 12:07:57 |     → Trial 1/50 completed (~1594 evaluations)
2026-04-06 12:08:05 |     → Trial 10/50 completed (~1586 evaluations)
2026-04-06 12:08:13 |     → Trial 20/50 completed (~1618 evaluations)
2026-04-06 12:08:21 |     → Trial 30/50 completed (~1592 evaluations)
2026-04-06 12:08:29 |     → Trial 40/50 completed (~1579 evaluations)
2026-04-06 12:08:38 |     → Trial 50/50 completed (~1617 evaluations)
2026-04-06 12:08:38 |     → Instance 19/100
2026-04-06 12:08:38 |     → ShapleyFlow (Path Sampling): 92 edges, 10 sources
2026-04-06 12:08:38 |     → Sampling 100 paths/source × 50 trials
2026-04-06 12:08:38 |     → Trial 1/50 completed (~1655 evaluations)
2026-04-06 12:08:46 |     → Trial 10/50 completed (~1584 evaluations)
2026-04-06 12:08:54 |     → Trial 20/50 completed (~1587 evaluations)
2026-04-06 12:09:02 |     → Trial 30/50 completed (~1612 evaluations)
2026-04-06 12:09:11 |     → Trial 40/50 completed (~1607 evaluations)
2026-04-06 12:09:19 |     → Trial 50/50 completed (~1603 evaluations)
2026-04-06 12:09:19 |     → Instance 20/100
2026-04-06 12:09:19 |     → ShapleyFlow (Path Sampling): 92 edges, 10 sources
2026-04-06 12:09:19 |     → Sampling 100 paths/source × 50 trials
2026-04-06 12:09:20 |     → Trial 1/50 completed (~1595 evaluations)
2026-04-06 12:09:27 |     → Trial 10/50 completed (~1656 evaluations)
2026-04-06 12:09:36 |     → Trial 20/50 completed (~1620 evaluations)
2026-04-06 12:09:44 |     → Trial 30/50 completed (~1718 evaluations)
2026-04-06 12:09:52 |     → Trial 40/50 completed (~1630 evaluations)
2026-04-06 12:10:00 |     → Trial 50/50 completed (~1625 evaluations)
2026-04-06 12:10:00 |     → Instance 21/100
2026-04-06 12:10:00 |     → ShapleyFlow (Path Sampling): 92 edges, 10 sources
2026-04-06 12:10:00 |     → Sampling 100 paths/source × 50 trials
2026-04-06 12:10:01 |     → Trial 1/50 completed (~1709 evaluations)
2026-04-06 12:10:09 |     → Trial 10/50 completed (~1678 evaluations)
2026-04-06 12:10:17 |     → Trial 20/50 completed (~1608 evaluations)
2026-04-06 12:10:25 |     → Trial 30/50 completed (~1638 evaluations)
2026-04-06 12:10:34 |     → Trial 40/50 completed (~1629 evaluations)
2026-04-06 12:10:42 |     → Trial 50/50 completed (~1600 evaluations)
2026-04-06 12:10:42 |     → Instance 22/100
2026-04-06 12:10:42 |     → ShapleyFlow (Path Sampling): 92 edges, 10 sources
2026-04-06 12:10:42 |     → Sampling 100 paths/source × 50 trials
2026-04-06 12:10:43 |     → Trial 1/50 completed (~1635 evaluations)
2026-04-06 12:10:50 |     → Trial 10/50 completed (~1586 evaluations)
2026-04-06 12:10:59 |     → Trial 20/50 completed (~1646 evaluations)
2026-04-06 12:11:07 |     → Trial 30/50 completed (~1669 evaluations)
2026-04-06 12:11:15 |     → Trial 40/50 completed (~1615 evaluations)
2026-04-06 12:11:23 |     → Trial 50/50 completed (~1679 evaluations)
2026-04-06 12:11:23 |     → Instance 23/100
2026-04-06 12:11:23 |     → ShapleyFlow (Path Sampling): 92 edges, 10 sources
2026-04-06 12:11:23 |     → Sampling 100 paths/source × 50 trials
2026-04-06 12:11:24 |     → Trial 1/50 completed (~1608 evaluations)
2026-04-06 12:11:31 |     → Trial 10/50 completed (~1642 evaluations)
2026-04-06 12:11:40 |     → Trial 20/50 completed (~1620 evaluations)
2026-04-06 12:11:48 |     → Trial 30/50 completed (~1624 evaluations)
2026-04-06 12:11:56 |     → Trial 40/50 completed (~1664 evaluations)
2026-04-06 12:12:04 |     → Trial 50/50 completed (~1641 evaluations)
2026-04-06 12:12:04 |     → Instance 24/100
2026-04-06 12:12:04 |     → ShapleyFlow (Path Sampling): 92 edges, 10 sources
2026-04-06 12:12:04 |     → Sampling 100 paths/source × 50 trials
2026-04-06 12:12:05 |     → Trial 1/50 completed (~1607 evaluations)
2026-04-06 12:12:13 |     → Trial 10/50 completed (~1646 evaluations)
2026-04-06 12:12:21 |     → Trial 20/50 completed (~1647 evaluations)
2026-04-06 12:12:29 |     → Trial 30/50 completed (~1609 evaluations)
2026-04-06 12:12:37 |     → Trial 40/50 completed (~1645 evaluations)
2026-04-06 12:12:46 |     → Trial 50/50 completed (~1582 evaluations)
2026-04-06 12:12:46 |     → Instance 25/100
2026-04-06 12:12:46 |     → ShapleyFlow (Path Sampling): 92 edges, 10 sources
2026-04-06 12:12:46 |     → Sampling 100 paths/source × 50 trials
2026-04-06 12:12:46 |     → Trial 1/50 completed (~1628 evaluations)
2026-04-06 12:12:54 |     → Trial 10/50 completed (~1599 evaluations)
2026-04-06 12:13:02 |     → Trial 20/50 completed (~1615 evaluations)
2026-04-06 12:13:10 |     → Trial 30/50 completed (~1611 evaluations)
2026-04-06 12:13:19 |     → Trial 40/50 completed (~1591 evaluations)
2026-04-06 12:13:27 |     → Trial 50/50 completed (~1621 evaluations)
2026-04-06 12:13:27 |     → Instance 26/100
2026-04-06 12:13:27 |     → ShapleyFlow (Path Sampling): 92 edges, 10 sources
2026-04-06 12:13:27 |     → Sampling 100 paths/source × 50 trials
2026-04-06 12:13:28 |     → Trial 1/50 completed (~1617 evaluations)
2026-04-06 12:13:35 |     → Trial 10/50 completed (~1576 evaluations)
2026-04-06 12:13:43 |     → Trial 20/50 completed (~1653 evaluations)
2026-04-06 12:13:52 |     → Trial 30/50 completed (~1624 evaluations)
2026-04-06 12:14:00 |     → Trial 40/50 completed (~1591 evaluations)
2026-04-06 12:14:08 |     → Trial 50/50 completed (~1657 evaluations)
2026-04-06 12:14:08 |     → Instance 27/100
2026-04-06 12:14:08 |     → ShapleyFlow (Path Sampling): 92 edges, 10 sources
2026-04-06 12:14:08 |     → Sampling 100 paths/source × 50 trials
2026-04-06 12:14:09 |     → Trial 1/50 completed (~1601 evaluations)
2026-04-06 12:14:16 |     → Trial 10/50 completed (~1678 evaluations)
2026-04-06 12:14:25 |     → Trial 20/50 completed (~1611 evaluations)
2026-04-06 12:14:33 |     → Trial 30/50 completed (~1626 evaluations)
2026-04-06 12:14:41 |     → Trial 40/50 completed (~1600 evaluations)
2026-04-06 12:14:49 |     → Trial 50/50 completed (~1642 evaluations)
2026-04-06 12:14:49 |     → Instance 28/100
2026-04-06 12:14:49 |     → ShapleyFlow (Path Sampling): 92 edges, 10 sources
2026-04-06 12:14:49 |     → Sampling 100 paths/source × 50 trials
2026-04-06 12:14:50 |     → Trial 1/50 completed (~1620 evaluations)
2026-04-06 12:14:58 |     → Trial 10/50 completed (~1617 evaluations)
2026-04-06 12:15:06 |     → Trial 20/50 completed (~1628 evaluations)
2026-04-06 12:15:14 |     → Trial 30/50 completed (~1677 evaluations)
2026-04-06 12:15:22 |     → Trial 40/50 completed (~1653 evaluations)
2026-04-06 12:15:31 |     → Trial 50/50 completed (~1566 evaluations)
2026-04-06 12:15:31 |     → Instance 29/100
2026-04-06 12:15:31 |     → ShapleyFlow (Path Sampling): 92 edges, 10 sources
2026-04-06 12:15:31 |     → Sampling 100 paths/source × 50 trials
2026-04-06 12:15:31 |     → Trial 1/50 completed (~1593 evaluations)
2026-04-06 12:15:39 |     → Trial 10/50 completed (~1538 evaluations)
2026-04-06 12:15:47 |     → Trial 20/50 completed (~1651 evaluations)
2026-04-06 12:15:55 |     → Trial 30/50 completed (~1596 evaluations)
2026-04-06 12:16:03 |     → Trial 40/50 completed (~1626 evaluations)
2026-04-06 12:16:12 |     → Trial 50/50 completed (~1612 evaluations)
2026-04-06 12:16:12 |     → Instance 30/100
2026-04-06 12:16:12 |     → ShapleyFlow (Path Sampling): 92 edges, 10 sources
2026-04-06 12:16:12 |     → Sampling 100 paths/source × 50 trials
2026-04-06 12:16:13 |     → Trial 1/50 completed (~1658 evaluations)
2026-04-06 12:16:20 |     → Trial 10/50 completed (~1633 evaluations)
2026-04-06 12:16:28 |     → Trial 20/50 completed (~1584 evaluations)
2026-04-06 12:16:36 |     → Trial 30/50 completed (~1622 evaluations)
2026-04-06 12:16:45 |     → Trial 40/50 completed (~1599 evaluations)
2026-04-06 12:16:53 |     → Trial 50/50 completed (~1688 evaluations)
2026-04-06 12:16:53 |     → Instance 31/100
2026-04-06 12:16:53 |     → ShapleyFlow (Path Sampling): 92 edges, 10 sources
2026-04-06 12:16:53 |     → Sampling 100 paths/source × 50 trials
2026-04-06 12:16:54 |     → Trial 1/50 completed (~1577 evaluations)
2026-04-06 12:17:01 |     → Trial 10/50 completed (~1660 evaluations)
2026-04-06 12:17:09 |     → Trial 20/50 completed (~1641 evaluations)
2026-04-06 12:17:18 |     → Trial 30/50 completed (~1628 evaluations)
2026-04-06 12:17:26 |     → Trial 40/50 completed (~1684 evaluations)
2026-04-06 12:17:34 |     → Trial 50/50 completed (~1655 evaluations)
2026-04-06 12:17:34 |     → Instance 32/100
2026-04-06 12:17:34 |     → ShapleyFlow (Path Sampling): 92 edges, 10 sources
2026-04-06 12:17:34 |     → Sampling 100 paths/source × 50 trials
2026-04-06 12:17:35 |     → Trial 1/50 completed (~1698 evaluations)
2026-04-06 12:17:42 |     → Trial 10/50 completed (~1637 evaluations)
2026-04-06 12:17:50 |     → Trial 20/50 completed (~1560 evaluations)
2026-04-06 12:17:59 |     → Trial 30/50 completed (~1589 evaluations)
2026-04-06 12:18:07 |     → Trial 40/50 completed (~1649 evaluations)
2026-04-06 12:18:15 |     → Trial 50/50 completed (~1609 evaluations)
2026-04-06 12:18:15 |     → Instance 33/100
2026-04-06 12:18:15 |     → ShapleyFlow (Path Sampling): 92 edges, 10 sources
2026-04-06 12:18:15 |     → Sampling 100 paths/source × 50 trials
2026-04-06 12:18:16 |     → Trial 1/50 completed (~1596 evaluations)
2026-04-06 12:18:23 |     → Trial 10/50 completed (~1628 evaluations)
2026-04-06 12:18:32 |     → Trial 20/50 completed (~1655 evaluations)
2026-04-06 12:18:40 |     → Trial 30/50 completed (~1642 evaluations)
2026-04-06 12:18:48 |     → Trial 40/50 completed (~1626 evaluations)
2026-04-06 12:18:56 |     → Trial 50/50 completed (~1604 evaluations)
2026-04-06 12:18:56 |     → Instance 34/100
2026-04-06 12:18:56 |     → ShapleyFlow (Path Sampling): 92 edges, 10 sources
2026-04-06 12:18:56 |     → Sampling 100 paths/source × 50 trials
2026-04-06 12:18:57 |     → Trial 1/50 completed (~1669 evaluations)
2026-04-06 12:19:04 |     → Trial 10/50 completed (~1559 evaluations)
2026-04-06 12:19:13 |     → Trial 20/50 completed (~1579 evaluations)
2026-04-06 12:19:21 |     → Trial 30/50 completed (~1626 evaluations)
2026-04-06 12:19:29 |     → Trial 40/50 completed (~1650 evaluations)
2026-04-06 12:19:37 |     → Trial 50/50 completed (~1664 evaluations)
2026-04-06 12:19:37 |     → Instance 35/100
2026-04-06 12:19:37 |     → ShapleyFlow (Path Sampling): 92 edges, 10 sources
2026-04-06 12:19:37 |     → Sampling 100 paths/source × 50 trials
2026-04-06 12:19:38 |     → Trial 1/50 completed (~1602 evaluations)
2026-04-06 12:19:46 |     → Trial 10/50 completed (~1713 evaluations)
2026-04-06 12:19:54 |     → Trial 20/50 completed (~1675 evaluations)
2026-04-06 12:20:02 |     → Trial 30/50 completed (~1596 evaluations)
2026-04-06 12:20:10 |     → Trial 40/50 completed (~1620 evaluations)
2026-04-06 12:20:18 |     → Trial 50/50 completed (~1593 evaluations)
2026-04-06 12:20:18 |     → Instance 36/100
2026-04-06 12:20:18 |     → ShapleyFlow (Path Sampling): 92 edges, 10 sources
2026-04-06 12:20:18 |     → Sampling 100 paths/source × 50 trials
2026-04-06 12:20:19 |     → Trial 1/50 completed (~1598 evaluations)
2026-04-06 12:20:26 |     → Trial 10/50 completed (~1679 evaluations)
2026-04-06 12:20:35 |     → Trial 20/50 completed (~1627 evaluations)
2026-04-06 12:20:43 |     → Trial 30/50 completed (~1602 evaluations)
2026-04-06 12:20:51 |     → Trial 40/50 completed (~1672 evaluations)
2026-04-06 12:20:59 |     → Trial 50/50 completed (~1630 evaluations)
2026-04-06 12:20:59 |     → Instance 37/100
2026-04-06 12:20:59 |     → ShapleyFlow (Path Sampling): 92 edges, 10 sources
2026-04-06 12:20:59 |     → Sampling 100 paths/source × 50 trials
2026-04-06 12:21:00 |     → Trial 1/50 completed (~1670 evaluations)
2026-04-06 12:21:07 |     → Trial 10/50 completed (~1589 evaluations)
2026-04-06 12:21:16 |     → Trial 20/50 completed (~1634 evaluations)
2026-04-06 12:21:24 |     → Trial 30/50 completed (~1704 evaluations)
2026-04-06 12:21:32 |     → Trial 40/50 completed (~1646 evaluations)
2026-04-06 12:21:40 |     → Trial 50/50 completed (~1652 evaluations)
2026-04-06 12:21:40 |     → Instance 38/100
2026-04-06 12:21:40 |     → ShapleyFlow (Path Sampling): 92 edges, 10 sources
2026-04-06 12:21:40 |     → Sampling 100 paths/source × 50 trials
2026-04-06 12:21:41 |     → Trial 1/50 completed (~1563 evaluations)
2026-04-06 12:21:49 |     → Trial 10/50 completed (~1699 evaluations)
2026-04-06 12:21:57 |     → Trial 20/50 completed (~1604 evaluations)
2026-04-06 12:22:05 |     → Trial 30/50 completed (~1573 evaluations)
2026-04-06 12:22:13 |     → Trial 40/50 completed (~1617 evaluations)
2026-04-06 12:22:21 |     → Trial 50/50 completed (~1678 evaluations)
2026-04-06 12:22:22 |     → Instance 39/100
2026-04-06 12:22:22 |     → ShapleyFlow (Path Sampling): 92 edges, 10 sources
2026-04-06 12:22:22 |     → Sampling 100 paths/source × 50 trials
2026-04-06 12:22:22 |     → Trial 1/50 completed (~1635 evaluations)
2026-04-06 12:22:30 |     → Trial 10/50 completed (~1641 evaluations)
2026-04-06 12:22:38 |     → Trial 20/50 completed (~1630 evaluations)
2026-04-06 12:22:46 |     → Trial 30/50 completed (~1612 evaluations)
2026-04-06 12:22:54 |     → Trial 40/50 completed (~1620 evaluations)
2026-04-06 12:23:03 |     → Trial 50/50 completed (~1628 evaluations)
2026-04-06 12:23:03 |     → Instance 40/100
2026-04-06 12:23:03 |     → ShapleyFlow (Path Sampling): 92 edges, 10 sources
2026-04-06 12:23:03 |     → Sampling 100 paths/source × 50 trials
2026-04-06 12:23:04 |     → Trial 1/50 completed (~1639 evaluations)
2026-04-06 12:23:11 |     → Trial 10/50 completed (~1631 evaluations)
2026-04-06 12:23:19 |     → Trial 20/50 completed (~1620 evaluations)
2026-04-06 12:23:27 |     → Trial 30/50 completed (~1634 evaluations)
2026-04-06 12:23:36 |     → Trial 40/50 completed (~1619 evaluations)
2026-04-06 12:23:44 |     → Trial 50/50 completed (~1618 evaluations)
2026-04-06 12:23:44 |     → Instance 41/100
2026-04-06 12:23:44 |     → ShapleyFlow (Path Sampling): 92 edges, 10 sources
2026-04-06 12:23:44 |     → Sampling 100 paths/source × 50 trials
2026-04-06 12:23:45 |     → Trial 1/50 completed (~1592 evaluations)
2026-04-06 12:23:52 |     → Trial 10/50 completed (~1620 evaluations)
2026-04-06 12:24:00 |     → Trial 20/50 completed (~1653 evaluations)
2026-04-06 12:24:09 |     → Trial 30/50 completed (~1635 evaluations)
2026-04-06 12:24:17 |     → Trial 40/50 completed (~1656 evaluations)
2026-04-06 12:24:25 |     → Trial 50/50 completed (~1681 evaluations)
2026-04-06 12:24:25 |     → Instance 42/100
2026-04-06 12:24:25 |     → ShapleyFlow (Path Sampling): 92 edges, 10 sources
2026-04-06 12:24:25 |     → Sampling 100 paths/source × 50 trials
2026-04-06 12:24:26 |     → Trial 1/50 completed (~1665 evaluations)
2026-04-06 12:24:34 |     → Trial 10/50 completed (~1669 evaluations)
2026-04-06 12:24:42 |     → Trial 20/50 completed (~1635 evaluations)
2026-04-06 12:24:50 |     → Trial 30/50 completed (~1645 evaluations)
2026-04-06 12:24:58 |     → Trial 40/50 completed (~1621 evaluations)
2026-04-06 12:25:06 |     → Trial 50/50 completed (~1620 evaluations)
2026-04-06 12:25:06 |     → Instance 43/100
2026-04-06 12:25:06 |     → ShapleyFlow (Path Sampling): 92 edges, 10 sources
2026-04-06 12:25:06 |     → Sampling 100 paths/source × 50 trials
2026-04-06 12:25:07 |     → Trial 1/50 completed (~1604 evaluations)
2026-04-06 12:25:15 |     → Trial 10/50 completed (~1643 evaluations)
2026-04-06 12:25:23 |     → Trial 20/50 completed (~1648 evaluations)
2026-04-06 12:25:31 |     → Trial 30/50 completed (~1650 evaluations)
2026-04-06 12:25:40 |     → Trial 40/50 completed (~1585 evaluations)
2026-04-06 12:25:48 |     → Trial 50/50 completed (~1585 evaluations)
2026-04-06 12:25:48 |     → Instance 44/100
2026-04-06 12:25:48 |     → ShapleyFlow (Path Sampling): 92 edges, 10 sources
2026-04-06 12:25:48 |     → Sampling 100 paths/source × 50 trials
2026-04-06 12:25:49 |     → Trial 1/50 completed (~1651 evaluations)
2026-04-06 12:25:56 |     → Trial 10/50 completed (~1624 evaluations)
2026-04-06 12:26:04 |     → Trial 20/50 completed (~1634 evaluations)
2026-04-06 12:26:13 |     → Trial 30/50 completed (~1621 evaluations)
2026-04-06 12:26:21 |     → Trial 40/50 completed (~1601 evaluations)
2026-04-06 12:26:29 |     → Trial 50/50 completed (~1586 evaluations)
2026-04-06 12:26:29 |     → Instance 45/100
2026-04-06 12:26:29 |     → ShapleyFlow (Path Sampling): 92 edges, 10 sources
2026-04-06 12:26:29 |     → Sampling 100 paths/source × 50 trials
2026-04-06 12:26:30 |     → Trial 1/50 completed (~1643 evaluations)
2026-04-06 12:26:37 |     → Trial 10/50 completed (~1585 evaluations)
2026-04-06 12:26:46 |     → Trial 20/50 completed (~1652 evaluations)
2026-04-06 12:26:54 |     → Trial 30/50 completed (~1647 evaluations)
2026-04-06 12:27:02 |     → Trial 40/50 completed (~1600 evaluations)
2026-04-06 12:27:10 |     → Trial 50/50 completed (~1656 evaluations)
2026-04-06 12:27:10 |     → Instance 46/100
2026-04-06 12:27:10 |     → ShapleyFlow (Path Sampling): 92 edges, 10 sources
2026-04-06 12:27:10 |     → Sampling 100 paths/source × 50 trials
2026-04-06 12:27:11 |     → Trial 1/50 completed (~1589 evaluations)
2026-04-06 12:27:19 |     → Trial 10/50 completed (~1589 evaluations)
2026-04-06 12:27:27 |     → Trial 20/50 completed (~1637 evaluations)
2026-04-06 12:27:35 |     → Trial 30/50 completed (~1646 evaluations)
2026-04-06 12:27:43 |     → Trial 40/50 completed (~1604 evaluations)
2026-04-06 12:27:52 |     → Trial 50/50 completed (~1630 evaluations)
2026-04-06 12:27:52 |     → Instance 47/100
2026-04-06 12:27:52 |     → ShapleyFlow (Path Sampling): 92 edges, 10 sources
2026-04-06 12:27:52 |     → Sampling 100 paths/source × 50 trials
2026-04-06 12:27:53 |     → Trial 1/50 completed (~1705 evaluations)
2026-04-06 12:28:00 |     → Trial 10/50 completed (~1646 evaluations)
2026-04-06 12:28:08 |     → Trial 20/50 completed (~1594 evaluations)
2026-04-06 12:28:16 |     → Trial 30/50 completed (~1610 evaluations)
2026-04-06 12:28:25 |     → Trial 40/50 completed (~1617 evaluations)
2026-04-06 12:28:33 |     → Trial 50/50 completed (~1652 evaluations)
2026-04-06 12:28:33 |     → Instance 48/100
2026-04-06 12:28:33 |     → ShapleyFlow (Path Sampling): 92 edges, 10 sources
2026-04-06 12:28:33 |     → Sampling 100 paths/source × 50 trials
2026-04-06 12:28:34 |     → Trial 1/50 completed (~1676 evaluations)
2026-04-06 12:28:41 |     → Trial 10/50 completed (~1618 evaluations)
2026-04-06 12:28:49 |     → Trial 20/50 completed (~1633 evaluations)
2026-04-06 12:28:58 |     → Trial 30/50 completed (~1636 evaluations)
2026-04-06 12:29:06 |     → Trial 40/50 completed (~1618 evaluations)
2026-04-06 12:29:14 |     → Trial 50/50 completed (~1630 evaluations)
2026-04-06 12:29:14 |     → Instance 49/100
2026-04-06 12:29:14 |     → ShapleyFlow (Path Sampling): 92 edges, 10 sources
2026-04-06 12:29:14 |     → Sampling 100 paths/source × 50 trials
2026-04-06 12:29:15 |     → Trial 1/50 completed (~1696 evaluations)
2026-04-06 12:29:22 |     → Trial 10/50 completed (~1606 evaluations)
2026-04-06 12:29:31 |     → Trial 20/50 completed (~1666 evaluations)
2026-04-06 12:29:39 |     → Trial 30/50 completed (~1630 evaluations)
2026-04-06 12:29:47 |     → Trial 40/50 completed (~1659 evaluations)
2026-04-06 12:29:55 |     → Trial 50/50 completed (~1621 evaluations)
2026-04-06 12:29:55 |     → Instance 50/100
2026-04-06 12:29:55 |     → ShapleyFlow (Path Sampling): 92 edges, 10 sources
2026-04-06 12:29:55 |     → Sampling 100 paths/source × 50 trials
2026-04-06 12:29:56 |     → Trial 1/50 completed (~1649 evaluations)
2026-04-06 12:30:03 |     → Trial 10/50 completed (~1551 evaluations)
2026-04-06 12:30:12 |     → Trial 20/50 completed (~1645 evaluations)
2026-04-06 12:30:20 |     → Trial 30/50 completed (~1661 evaluations)
2026-04-06 12:30:28 |     → Trial 40/50 completed (~1630 evaluations)
2026-04-06 12:30:36 |     → Trial 50/50 completed (~1604 evaluations)
2026-04-06 12:30:37 |     → Instance 51/100
2026-04-06 12:30:37 |     → ShapleyFlow (Path Sampling): 92 edges, 10 sources
2026-04-06 12:30:37 |     → Sampling 100 paths/source × 50 trials
2026-04-06 12:30:37 |     → Trial 1/50 completed (~1619 evaluations)
2026-04-06 12:30:45 |     → Trial 10/50 completed (~1658 evaluations)
2026-04-06 12:30:53 |     → Trial 20/50 completed (~1563 evaluations)
2026-04-06 12:31:01 |     → Trial 30/50 completed (~1638 evaluations)
2026-04-06 12:31:09 |     → Trial 40/50 completed (~1631 evaluations)
2026-04-06 12:31:18 |     → Trial 50/50 completed (~1612 evaluations)
2026-04-06 12:31:18 |     → Instance 52/100
2026-04-06 12:31:18 |     → ShapleyFlow (Path Sampling): 92 edges, 10 sources
2026-04-06 12:31:18 |     → Sampling 100 paths/source × 50 trials
2026-04-06 12:31:19 |     → Trial 1/50 completed (~1626 evaluations)
2026-04-06 12:31:26 |     → Trial 10/50 completed (~1633 evaluations)
2026-04-06 12:31:34 |     → Trial 20/50 completed (~1640 evaluations)
2026-04-06 12:31:43 |     → Trial 30/50 completed (~1630 evaluations)
2026-04-06 12:31:51 |     → Trial 40/50 completed (~1657 evaluations)
2026-04-06 12:31:59 |     → Trial 50/50 completed (~1643 evaluations)
2026-04-06 12:31:59 |     → Instance 53/100
2026-04-06 12:31:59 |     → ShapleyFlow (Path Sampling): 92 edges, 10 sources
2026-04-06 12:31:59 |     → Sampling 100 paths/source × 50 trials
2026-04-06 12:32:00 |     → Trial 1/50 completed (~1590 evaluations)
2026-04-06 12:32:07 |     → Trial 10/50 completed (~1607 evaluations)
2026-04-06 12:32:15 |     → Trial 20/50 completed (~1617 evaluations)
2026-04-06 12:32:24 |     → Trial 30/50 completed (~1609 evaluations)
2026-04-06 12:32:32 |     → Trial 40/50 completed (~1637 evaluations)
2026-04-06 12:32:40 |     → Trial 50/50 completed (~1578 evaluations)
2026-04-06 12:32:40 |     → Instance 54/100
2026-04-06 12:32:40 |     → ShapleyFlow (Path Sampling): 92 edges, 10 sources
2026-04-06 12:32:40 |     → Sampling 100 paths/source × 50 trials
2026-04-06 12:32:41 |     → Trial 1/50 completed (~1636 evaluations)
2026-04-06 12:32:48 |     → Trial 10/50 completed (~1629 evaluations)
2026-04-06 12:32:57 |     → Trial 20/50 completed (~1631 evaluations)
2026-04-06 12:33:05 |     → Trial 30/50 completed (~1631 evaluations)
2026-04-06 12:33:13 |     → Trial 40/50 completed (~1654 evaluations)
2026-04-06 12:33:21 |     → Trial 50/50 completed (~1590 evaluations)
2026-04-06 12:33:21 |     → Instance 55/100
2026-04-06 12:33:21 |     → ShapleyFlow (Path Sampling): 92 edges, 10 sources
2026-04-06 12:33:21 |     → Sampling 100 paths/source × 50 trials
2026-04-06 12:33:22 |     → Trial 1/50 completed (~1597 evaluations)
2026-04-06 12:33:30 |     → Trial 10/50 completed (~1649 evaluations)
2026-04-06 12:33:38 |     → Trial 20/50 completed (~1611 evaluations)
2026-04-06 12:33:46 |     → Trial 30/50 completed (~1602 evaluations)
2026-04-06 12:33:54 |     → Trial 40/50 completed (~1669 evaluations)
2026-04-06 12:34:02 |     → Trial 50/50 completed (~1662 evaluations)
2026-04-06 12:34:02 |     → Instance 56/100
2026-04-06 12:34:02 |     → ShapleyFlow (Path Sampling): 92 edges, 10 sources
2026-04-06 12:34:02 |     → Sampling 100 paths/source × 50 trials
2026-04-06 12:34:03 |     → Trial 1/50 completed (~1674 evaluations)
2026-04-06 12:34:11 |     → Trial 10/50 completed (~1619 evaluations)
2026-04-06 12:34:19 |     → Trial 20/50 completed (~1570 evaluations)
2026-04-06 12:34:27 |     → Trial 30/50 completed (~1611 evaluations)
2026-04-06 12:34:35 |     → Trial 40/50 completed (~1648 evaluations)
2026-04-06 12:34:43 |     → Trial 50/50 completed (~1583 evaluations)
2026-04-06 12:34:43 |     → Instance 57/100
2026-04-06 12:34:43 |     → ShapleyFlow (Path Sampling): 92 edges, 10 sources
2026-04-06 12:34:43 |     → Sampling 100 paths/source × 50 trials
2026-04-06 12:34:44 |     → Trial 1/50 completed (~1582 evaluations)
2026-04-06 12:34:52 |     → Trial 10/50 completed (~1651 evaluations)
2026-04-06 12:35:00 |     → Trial 20/50 completed (~1641 evaluations)
2026-04-06 12:35:08 |     → Trial 30/50 completed (~1661 evaluations)
2026-04-06 12:35:16 |     → Trial 40/50 completed (~1595 evaluations)
2026-04-06 12:35:25 |     → Trial 50/50 completed (~1631 evaluations)
2026-04-06 12:35:25 |     → Instance 58/100
2026-04-06 12:35:25 |     → ShapleyFlow (Path Sampling): 92 edges, 10 sources
2026-04-06 12:35:25 |     → Sampling 100 paths/source × 50 trials
2026-04-06 12:35:26 |     → Trial 1/50 completed (~1618 evaluations)
2026-04-06 12:35:33 |     → Trial 10/50 completed (~1638 evaluations)
2026-04-06 12:35:41 |     → Trial 20/50 completed (~1646 evaluations)
2026-04-06 12:35:50 |     → Trial 30/50 completed (~1634 evaluations)
2026-04-06 12:35:58 |     → Trial 40/50 completed (~1633 evaluations)
2026-04-06 12:36:06 |     → Trial 50/50 completed (~1640 evaluations)
2026-04-06 12:36:06 |     → Instance 59/100
2026-04-06 12:36:06 |     → ShapleyFlow (Path Sampling): 92 edges, 10 sources
2026-04-06 12:36:06 |     → Sampling 100 paths/source × 50 trials
2026-04-06 12:36:07 |     → Trial 1/50 completed (~1646 evaluations)
2026-04-06 12:36:14 |     → Trial 10/50 completed (~1635 evaluations)
2026-04-06 12:36:23 |     → Trial 20/50 completed (~1638 evaluations)
2026-04-06 12:36:31 |     → Trial 30/50 completed (~1586 evaluations)
2026-04-06 12:36:39 |     → Trial 40/50 completed (~1659 evaluations)
2026-04-06 12:36:47 |     → Trial 50/50 completed (~1620 evaluations)
2026-04-06 12:36:47 |     → Instance 60/100
2026-04-06 12:36:47 |     → ShapleyFlow (Path Sampling): 92 edges, 10 sources
2026-04-06 12:36:47 |     → Sampling 100 paths/source × 50 trials
2026-04-06 12:36:48 |     → Trial 1/50 completed (~1554 evaluations)
2026-04-06 12:36:56 |     → Trial 10/50 completed (~1625 evaluations)
2026-04-06 12:37:04 |     → Trial 20/50 completed (~1663 evaluations)
2026-04-06 12:37:12 |     → Trial 30/50 completed (~1630 evaluations)
2026-04-06 12:37:20 |     → Trial 40/50 completed (~1642 evaluations)
2026-04-06 12:37:28 |     → Trial 50/50 completed (~1646 evaluations)
2026-04-06 12:37:28 |     → Instance 61/100
2026-04-06 12:37:28 |     → ShapleyFlow (Path Sampling): 92 edges, 10 sources
2026-04-06 12:37:28 |     → Sampling 100 paths/source × 50 trials
2026-04-06 12:37:29 |     → Trial 1/50 completed (~1626 evaluations)
2026-04-06 12:37:37 |     → Trial 10/50 completed (~1616 evaluations)
2026-04-06 12:37:45 |     → Trial 20/50 completed (~1571 evaluations)
2026-04-06 12:37:53 |     → Trial 30/50 completed (~1592 evaluations)
2026-04-06 12:38:01 |     → Trial 40/50 completed (~1636 evaluations)
2026-04-06 12:38:10 |     → Trial 50/50 completed (~1658 evaluations)
2026-04-06 12:38:10 |     → Instance 62/100
2026-04-06 12:38:10 |     → ShapleyFlow (Path Sampling): 92 edges, 10 sources
2026-04-06 12:38:10 |     → Sampling 100 paths/source × 50 trials
2026-04-06 12:38:11 |     → Trial 1/50 completed (~1608 evaluations)
2026-04-06 12:38:18 |     → Trial 10/50 completed (~1647 evaluations)
2026-04-06 12:38:26 |     → Trial 20/50 completed (~1607 evaluations)
2026-04-06 12:38:34 |     → Trial 30/50 completed (~1660 evaluations)
2026-04-06 12:38:42 |     → Trial 40/50 completed (~1722 evaluations)
2026-04-06 12:38:51 |     → Trial 50/50 completed (~1652 evaluations)
2026-04-06 12:38:51 |     → Instance 63/100
2026-04-06 12:38:51 |     → ShapleyFlow (Path Sampling): 92 edges, 10 sources
2026-04-06 12:38:51 |     → Sampling 100 paths/source × 50 trials
2026-04-06 12:38:51 |     → Trial 1/50 completed (~1585 evaluations)
2026-04-06 12:38:59 |     → Trial 10/50 completed (~1625 evaluations)
2026-04-06 12:39:07 |     → Trial 20/50 completed (~1617 evaluations)
2026-04-06 12:39:15 |     → Trial 30/50 completed (~1580 evaluations)
2026-04-06 12:39:23 |     → Trial 40/50 completed (~1628 evaluations)
2026-04-06 12:39:32 |     → Trial 50/50 completed (~1640 evaluations)
2026-04-06 12:39:32 |     → Instance 64/100
2026-04-06 12:39:32 |     → ShapleyFlow (Path Sampling): 92 edges, 10 sources
2026-04-06 12:39:32 |     → Sampling 100 paths/source × 50 trials
2026-04-06 12:39:33 |     → Trial 1/50 completed (~1591 evaluations)
2026-04-06 12:39:40 |     → Trial 10/50 completed (~1642 evaluations)
2026-04-06 12:39:48 |     → Trial 20/50 completed (~1653 evaluations)
2026-04-06 12:39:56 |     → Trial 30/50 completed (~1681 evaluations)
2026-04-06 12:40:05 |     → Trial 40/50 completed (~1629 evaluations)
2026-04-06 12:40:13 |     → Trial 50/50 completed (~1637 evaluations)
2026-04-06 12:40:13 |     → Instance 65/100
2026-04-06 12:40:13 |     → ShapleyFlow (Path Sampling): 92 edges, 10 sources
2026-04-06 12:40:13 |     → Sampling 100 paths/source × 50 trials
2026-04-06 12:40:14 |     → Trial 1/50 completed (~1648 evaluations)
2026-04-06 12:40:21 |     → Trial 10/50 completed (~1686 evaluations)
2026-04-06 12:40:30 |     → Trial 20/50 completed (~1596 evaluations)
2026-04-06 12:40:38 |     → Trial 30/50 completed (~1580 evaluations)
2026-04-06 12:40:46 |     → Trial 40/50 completed (~1593 evaluations)
2026-04-06 12:40:54 |     → Trial 50/50 completed (~1633 evaluations)
2026-04-06 12:40:54 |     → Instance 66/100
2026-04-06 12:40:54 |     → ShapleyFlow (Path Sampling): 92 edges, 10 sources
2026-04-06 12:40:54 |     → Sampling 100 paths/source × 50 trials
2026-04-06 12:40:55 |     → Trial 1/50 completed (~1644 evaluations)
2026-04-06 12:41:03 |     → Trial 10/50 completed (~1640 evaluations)
2026-04-06 12:41:11 |     → Trial 20/50 completed (~1606 evaluations)
2026-04-06 12:41:19 |     → Trial 30/50 completed (~1651 evaluations)
2026-04-06 12:41:27 |     → Trial 40/50 completed (~1662 evaluations)
2026-04-06 12:41:36 |     → Trial 50/50 completed (~1647 evaluations)
2026-04-06 12:41:36 |     → Instance 67/100
2026-04-06 12:41:36 |     → ShapleyFlow (Path Sampling): 92 edges, 10 sources
2026-04-06 12:41:36 |     → Sampling 100 paths/source × 50 trials
2026-04-06 12:41:36 |     → Trial 1/50 completed (~1631 evaluations)
2026-04-06 12:41:44 |     → Trial 10/50 completed (~1583 evaluations)
2026-04-06 12:41:52 |     → Trial 20/50 completed (~1661 evaluations)
2026-04-06 12:42:00 |     → Trial 30/50 completed (~1600 evaluations)
2026-04-06 12:42:09 |     → Trial 40/50 completed (~1694 evaluations)
2026-04-06 12:42:17 |     → Trial 50/50 completed (~1641 evaluations)
2026-04-06 12:42:17 |     → Instance 68/100
2026-04-06 12:42:17 |     → ShapleyFlow (Path Sampling): 92 edges, 10 sources
2026-04-06 12:42:17 |     → Sampling 100 paths/source × 50 trials
2026-04-06 12:42:18 |     → Trial 1/50 completed (~1631 evaluations)
2026-04-06 12:42:25 |     → Trial 10/50 completed (~1618 evaluations)
2026-04-06 12:42:33 |     → Trial 20/50 completed (~1610 evaluations)
2026-04-06 12:42:42 |     → Trial 30/50 completed (~1670 evaluations)
2026-04-06 12:42:50 |     → Trial 40/50 completed (~1627 evaluations)
2026-04-06 12:42:58 |     → Trial 50/50 completed (~1619 evaluations)
2026-04-06 12:42:58 |     → Instance 69/100
2026-04-06 12:42:58 |     → ShapleyFlow (Path Sampling): 92 edges, 10 sources
2026-04-06 12:42:58 |     → Sampling 100 paths/source × 50 trials
2026-04-06 12:42:59 |     → Trial 1/50 completed (~1638 evaluations)
2026-04-06 12:43:06 |     → Trial 10/50 completed (~1641 evaluations)
2026-04-06 12:43:15 |     → Trial 20/50 completed (~1613 evaluations)
2026-04-06 12:43:23 |     → Trial 30/50 completed (~1643 evaluations)
2026-04-06 12:43:31 |     → Trial 40/50 completed (~1633 evaluations)
2026-04-06 12:43:39 |     → Trial 50/50 completed (~1640 evaluations)
2026-04-06 12:43:39 |     → Instance 70/100
2026-04-06 12:43:39 |     → ShapleyFlow (Path Sampling): 92 edges, 10 sources
2026-04-06 12:43:39 |     → Sampling 100 paths/source × 50 trials
2026-04-06 12:43:40 |     → Trial 1/50 completed (~1621 evaluations)
2026-04-06 12:43:48 |     → Trial 10/50 completed (~1649 evaluations)
2026-04-06 12:43:56 |     → Trial 20/50 completed (~1631 evaluations)
2026-04-06 12:44:04 |     → Trial 30/50 completed (~1610 evaluations)
2026-04-06 12:44:13 |     → Trial 40/50 completed (~1693 evaluations)
2026-04-06 12:44:21 |     → Trial 50/50 completed (~1667 evaluations)
2026-04-06 12:44:21 |     → Instance 71/100
2026-04-06 12:44:21 |     → ShapleyFlow (Path Sampling): 92 edges, 10 sources
2026-04-06 12:44:21 |     → Sampling 100 paths/source × 50 trials
2026-04-06 12:44:22 |     → Trial 1/50 completed (~1652 evaluations)
2026-04-06 12:44:29 |     → Trial 10/50 completed (~1588 evaluations)
2026-04-06 12:44:37 |     → Trial 20/50 completed (~1625 evaluations)
2026-04-06 12:44:46 |     → Trial 30/50 completed (~1678 evaluations)
2026-04-06 12:44:54 |     → Trial 40/50 completed (~1627 evaluations)
2026-04-06 12:45:02 |     → Trial 50/50 completed (~1604 evaluations)
2026-04-06 12:45:02 |     → Instance 72/100
2026-04-06 12:45:02 |     → ShapleyFlow (Path Sampling): 92 edges, 10 sources
2026-04-06 12:45:02 |     → Sampling 100 paths/source × 50 trials
2026-04-06 12:45:03 |     → Trial 1/50 completed (~1639 evaluations)
2026-04-06 12:45:10 |     → Trial 10/50 completed (~1664 evaluations)
2026-04-06 12:45:18 |     → Trial 20/50 completed (~1652 evaluations)
2026-04-06 12:45:27 |     → Trial 30/50 completed (~1662 evaluations)
2026-04-06 12:45:35 |     → Trial 40/50 completed (~1637 evaluations)
2026-04-06 12:45:43 |     → Trial 50/50 completed (~1650 evaluations)
2026-04-06 12:45:43 |     → Instance 73/100
2026-04-06 12:45:43 |     → ShapleyFlow (Path Sampling): 92 edges, 10 sources
2026-04-06 12:45:43 |     → Sampling 100 paths/source × 50 trials
2026-04-06 12:45:44 |     → Trial 1/50 completed (~1622 evaluations)
2026-04-06 12:45:51 |     → Trial 10/50 completed (~1634 evaluations)
2026-04-06 12:45:59 |     → Trial 20/50 completed (~1663 evaluations)
2026-04-06 12:46:08 |     → Trial 30/50 completed (~1615 evaluations)
2026-04-06 12:46:16 |     → Trial 40/50 completed (~1655 evaluations)
2026-04-06 12:46:24 |     → Trial 50/50 completed (~1638 evaluations)
2026-04-06 12:46:24 |     → Instance 74/100
2026-04-06 12:46:24 |     → ShapleyFlow (Path Sampling): 92 edges, 10 sources
2026-04-06 12:46:24 |     → Sampling 100 paths/source × 50 trials
2026-04-06 12:46:25 |     → Trial 1/50 completed (~1657 evaluations)
2026-04-06 12:46:32 |     → Trial 10/50 completed (~1649 evaluations)
2026-04-06 12:46:41 |     → Trial 20/50 completed (~1610 evaluations)
2026-04-06 12:46:49 |     → Trial 30/50 completed (~1677 evaluations)
2026-04-06 12:46:57 |     → Trial 40/50 completed (~1634 evaluations)
2026-04-06 12:47:05 |     → Trial 50/50 completed (~1576 evaluations)
2026-04-06 12:47:05 |     → Instance 75/100
2026-04-06 12:47:05 |     → ShapleyFlow (Path Sampling): 92 edges, 10 sources
2026-04-06 12:47:05 |     → Sampling 100 paths/source × 50 trials
2026-04-06 12:47:06 |     → Trial 1/50 completed (~1570 evaluations)
2026-04-06 12:47:13 |     → Trial 10/50 completed (~1614 evaluations)
2026-04-06 12:47:22 |     → Trial 20/50 completed (~1653 evaluations)
2026-04-06 12:47:30 |     → Trial 30/50 completed (~1556 evaluations)
2026-04-06 12:47:38 |     → Trial 40/50 completed (~1676 evaluations)
2026-04-06 12:47:46 |     → Trial 50/50 completed (~1628 evaluations)
2026-04-06 12:47:46 |     → Instance 76/100
2026-04-06 12:47:46 |     → ShapleyFlow (Path Sampling): 92 edges, 10 sources
2026-04-06 12:47:46 |     → Sampling 100 paths/source × 50 trials
2026-04-06 12:47:47 |     → Trial 1/50 completed (~1594 evaluations)
2026-04-06 12:47:55 |     → Trial 10/50 completed (~1675 evaluations)
2026-04-06 12:48:03 |     → Trial 20/50 completed (~1646 evaluations)
2026-04-06 12:48:11 |     → Trial 30/50 completed (~1625 evaluations)
2026-04-06 12:48:19 |     → Trial 40/50 completed (~1619 evaluations)
2026-04-06 12:48:28 |     → Trial 50/50 completed (~1629 evaluations)
2026-04-06 12:48:28 |     → Instance 77/100
2026-04-06 12:48:28 |     → ShapleyFlow (Path Sampling): 92 edges, 10 sources
2026-04-06 12:48:28 |     → Sampling 100 paths/source × 50 trials
2026-04-06 12:48:28 |     → Trial 1/50 completed (~1609 evaluations)
2026-04-06 12:48:36 |     → Trial 10/50 completed (~1621 evaluations)
2026-04-06 12:48:44 |     → Trial 20/50 completed (~1612 evaluations)
2026-04-06 12:48:52 |     → Trial 30/50 completed (~1581 evaluations)
2026-04-06 12:49:01 |     → Trial 40/50 completed (~1608 evaluations)
2026-04-06 12:49:09 |     → Trial 50/50 completed (~1670 evaluations)
2026-04-06 12:49:09 |     → Instance 78/100
2026-04-06 12:49:09 |     → ShapleyFlow (Path Sampling): 92 edges, 10 sources
2026-04-06 12:49:09 |     → Sampling 100 paths/source × 50 trials
2026-04-06 12:49:10 |     → Trial 1/50 completed (~1595 evaluations)
2026-04-06 12:49:17 |     → Trial 10/50 completed (~1607 evaluations)
2026-04-06 12:49:25 |     → Trial 20/50 completed (~1627 evaluations)
2026-04-06 12:49:34 |     → Trial 30/50 completed (~1617 evaluations)
2026-04-06 12:49:42 |     → Trial 40/50 completed (~1615 evaluations)
2026-04-06 12:49:50 |     → Trial 50/50 completed (~1530 evaluations)
2026-04-06 12:49:50 |     → Instance 79/100
2026-04-06 12:49:50 |     → ShapleyFlow (Path Sampling): 92 edges, 10 sources
2026-04-06 12:49:50 |     → Sampling 100 paths/source × 50 trials
2026-04-06 12:49:51 |     → Trial 1/50 completed (~1581 evaluations)
2026-04-06 12:49:59 |     → Trial 10/50 completed (~1639 evaluations)
2026-04-06 12:50:08 |     → Trial 20/50 completed (~1642 evaluations)
2026-04-06 12:50:16 |     → Trial 30/50 completed (~1624 evaluations)
2026-04-06 12:50:24 |     → Trial 40/50 completed (~1600 evaluations)
2026-04-06 12:50:32 |     → Trial 50/50 completed (~1605 evaluations)
2026-04-06 12:50:32 |     → Instance 80/100
2026-04-06 12:50:32 |     → ShapleyFlow (Path Sampling): 92 edges, 10 sources
2026-04-06 12:50:32 |     → Sampling 100 paths/source × 50 trials
2026-04-06 12:50:33 |     → Trial 1/50 completed (~1598 evaluations)
2026-04-06 12:50:40 |     → Trial 10/50 completed (~1638 evaluations)
2026-04-06 12:50:49 |     → Trial 20/50 completed (~1612 evaluations)
2026-04-06 12:50:57 |     → Trial 30/50 completed (~1655 evaluations)
2026-04-06 12:51:05 |     → Trial 40/50 completed (~1607 evaluations)
2026-04-06 12:51:13 |     → Trial 50/50 completed (~1630 evaluations)
2026-04-06 12:51:13 |     → Instance 81/100
2026-04-06 12:51:13 |     → ShapleyFlow (Path Sampling): 92 edges, 10 sources
2026-04-06 12:51:13 |     → Sampling 100 paths/source × 50 trials
2026-04-06 12:51:14 |     → Trial 1/50 completed (~1577 evaluations)
2026-04-06 12:51:22 |     → Trial 10/50 completed (~1590 evaluations)
2026-04-06 12:51:30 |     → Trial 20/50 completed (~1606 evaluations)
2026-04-06 12:51:38 |     → Trial 30/50 completed (~1599 evaluations)
2026-04-06 12:51:46 |     → Trial 40/50 completed (~1631 evaluations)
2026-04-06 12:51:54 |     → Trial 50/50 completed (~1623 evaluations)
2026-04-06 12:51:54 |     → Instance 82/100
2026-04-06 12:51:54 |     → ShapleyFlow (Path Sampling): 92 edges, 10 sources
2026-04-06 12:51:54 |     → Sampling 100 paths/source × 50 trials
2026-04-06 12:51:55 |     → Trial 1/50 completed (~1615 evaluations)
2026-04-06 12:52:02 |     → Trial 10/50 completed (~1614 evaluations)
2026-04-06 12:52:11 |     → Trial 20/50 completed (~1664 evaluations)
2026-04-06 12:52:19 |     → Trial 30/50 completed (~1597 evaluations)
2026-04-06 12:52:27 |     → Trial 40/50 completed (~1618 evaluations)
2026-04-06 12:52:35 |     → Trial 50/50 completed (~1663 evaluations)
2026-04-06 12:52:36 |     → Instance 83/100
2026-04-06 12:52:36 |     → ShapleyFlow (Path Sampling): 92 edges, 10 sources
2026-04-06 12:52:36 |     → Sampling 100 paths/source × 50 trials
2026-04-06 12:52:36 |     → Trial 1/50 completed (~1602 evaluations)
2026-04-06 12:52:44 |     → Trial 10/50 completed (~1650 evaluations)
2026-04-06 12:52:52 |     → Trial 20/50 completed (~1567 evaluations)
2026-04-06 12:53:00 |     → Trial 30/50 completed (~1642 evaluations)
2026-04-06 12:53:08 |     → Trial 40/50 completed (~1614 evaluations)
2026-04-06 12:53:17 |     → Trial 50/50 completed (~1585 evaluations)
2026-04-06 12:53:17 |     → Instance 84/100
2026-04-06 12:53:17 |     → ShapleyFlow (Path Sampling): 92 edges, 10 sources
2026-04-06 12:53:17 |     → Sampling 100 paths/source × 50 trials
2026-04-06 12:53:17 |     → Trial 1/50 completed (~1589 evaluations)
2026-04-06 12:53:25 |     → Trial 10/50 completed (~1633 evaluations)
2026-04-06 12:53:33 |     → Trial 20/50 completed (~1550 evaluations)
2026-04-06 12:53:41 |     → Trial 30/50 completed (~1642 evaluations)
2026-04-06 12:53:50 |     → Trial 40/50 completed (~1677 evaluations)
2026-04-06 12:53:58 |     → Trial 50/50 completed (~1619 evaluations)
2026-04-06 12:53:58 |     → Instance 85/100
2026-04-06 12:53:58 |     → ShapleyFlow (Path Sampling): 92 edges, 10 sources
2026-04-06 12:53:58 |     → Sampling 100 paths/source × 50 trials
2026-04-06 12:53:59 |     → Trial 1/50 completed (~1614 evaluations)
2026-04-06 12:54:06 |     → Trial 10/50 completed (~1647 evaluations)
2026-04-06 12:54:14 |     → Trial 20/50 completed (~1610 evaluations)
2026-04-06 12:54:23 |     → Trial 30/50 completed (~1610 evaluations)
2026-04-06 12:54:31 |     → Trial 40/50 completed (~1647 evaluations)
2026-04-06 12:54:39 |     → Trial 50/50 completed (~1595 evaluations)
2026-04-06 12:54:39 |     → Instance 86/100
2026-04-06 12:54:39 |     → ShapleyFlow (Path Sampling): 92 edges, 10 sources
2026-04-06 12:54:39 |     → Sampling 100 paths/source × 50 trials
2026-04-06 12:54:40 |     → Trial 1/50 completed (~1621 evaluations)
2026-04-06 12:54:47 |     → Trial 10/50 completed (~1634 evaluations)
2026-04-06 12:54:55 |     → Trial 20/50 completed (~1692 evaluations)
2026-04-06 12:55:04 |     → Trial 30/50 completed (~1593 evaluations)
2026-04-06 12:55:12 |     → Trial 40/50 completed (~1607 evaluations)
2026-04-06 12:55:20 |     → Trial 50/50 completed (~1660 evaluations)
2026-04-06 12:55:20 |     → Instance 87/100
2026-04-06 12:55:20 |     → ShapleyFlow (Path Sampling): 92 edges, 10 sources
2026-04-06 12:55:20 |     → Sampling 100 paths/source × 50 trials
2026-04-06 12:55:21 |     → Trial 1/50 completed (~1632 evaluations)
2026-04-06 12:55:28 |     → Trial 10/50 completed (~1604 evaluations)
2026-04-06 12:55:36 |     → Trial 20/50 completed (~1592 evaluations)
2026-04-06 12:55:45 |     → Trial 30/50 completed (~1669 evaluations)
2026-04-06 12:55:53 |     → Trial 40/50 completed (~1603 evaluations)
2026-04-06 12:56:01 |     → Trial 50/50 completed (~1701 evaluations)
2026-04-06 12:56:01 |     → Instance 88/100
2026-04-06 12:56:01 |     → ShapleyFlow (Path Sampling): 92 edges, 10 sources
2026-04-06 12:56:01 |     → Sampling 100 paths/source × 50 trials
2026-04-06 12:56:02 |     → Trial 1/50 completed (~1574 evaluations)
2026-04-06 12:56:09 |     → Trial 10/50 completed (~1633 evaluations)
2026-04-06 12:56:18 |     → Trial 20/50 completed (~1682 evaluations)
2026-04-06 12:56:26 |     → Trial 30/50 completed (~1687 evaluations)
2026-04-06 12:56:34 |     → Trial 40/50 completed (~1602 evaluations)
2026-04-06 12:56:42 |     → Trial 50/50 completed (~1643 evaluations)
2026-04-06 12:56:42 |     → Instance 89/100
2026-04-06 12:56:42 |     → ShapleyFlow (Path Sampling): 92 edges, 10 sources
2026-04-06 12:56:42 |     → Sampling 100 paths/source × 50 trials
2026-04-06 12:56:43 |     → Trial 1/50 completed (~1685 evaluations)
2026-04-06 12:56:51 |     → Trial 10/50 completed (~1606 evaluations)
2026-04-06 12:56:59 |     → Trial 20/50 completed (~1671 evaluations)
2026-04-06 12:57:07 |     → Trial 30/50 completed (~1610 evaluations)
2026-04-06 12:57:15 |     → Trial 40/50 completed (~1621 evaluations)
2026-04-06 12:57:24 |     → Trial 50/50 completed (~1624 evaluations)
2026-04-06 12:57:24 |     → Instance 90/100
2026-04-06 12:57:24 |     → ShapleyFlow (Path Sampling): 92 edges, 10 sources
2026-04-06 12:57:24 |     → Sampling 100 paths/source × 50 trials
2026-04-06 12:57:25 |     → Trial 1/50 completed (~1656 evaluations)
2026-04-06 12:57:32 |     → Trial 10/50 completed (~1701 evaluations)
2026-04-06 12:57:40 |     → Trial 20/50 completed (~1621 evaluations)
2026-04-06 12:57:48 |     → Trial 30/50 completed (~1588 evaluations)
2026-04-06 12:57:56 |     → Trial 40/50 completed (~1616 evaluations)
2026-04-06 12:58:05 |     → Trial 50/50 completed (~1637 evaluations)
2026-04-06 12:58:05 |     → Instance 91/100
2026-04-06 12:58:05 |     → ShapleyFlow (Path Sampling): 92 edges, 10 sources
2026-04-06 12:58:05 |     → Sampling 100 paths/source × 50 trials
2026-04-06 12:58:06 |     → Trial 1/50 completed (~1563 evaluations)
2026-04-06 12:58:13 |     → Trial 10/50 completed (~1574 evaluations)
2026-04-06 12:58:21 |     → Trial 20/50 completed (~1592 evaluations)
2026-04-06 12:58:30 |     → Trial 30/50 completed (~1658 evaluations)
2026-04-06 12:58:38 |     → Trial 40/50 completed (~1642 evaluations)
2026-04-06 12:58:46 |     → Trial 50/50 completed (~1663 evaluations)
2026-04-06 12:58:46 |     → Instance 92/100
2026-04-06 12:58:46 |     → ShapleyFlow (Path Sampling): 92 edges, 10 sources
2026-04-06 12:58:46 |     → Sampling 100 paths/source × 50 trials
2026-04-06 12:58:47 |     → Trial 1/50 completed (~1608 evaluations)
2026-04-06 12:58:54 |     → Trial 10/50 completed (~1624 evaluations)
2026-04-06 12:59:03 |     → Trial 20/50 completed (~1612 evaluations)
2026-04-06 12:59:11 |     → Trial 30/50 completed (~1615 evaluations)
2026-04-06 12:59:19 |     → Trial 40/50 completed (~1615 evaluations)
2026-04-06 12:59:28 |     → Trial 50/50 completed (~1643 evaluations)
2026-04-06 12:59:28 |     → Instance 93/100
2026-04-06 12:59:28 |     → ShapleyFlow (Path Sampling): 92 edges, 10 sources
2026-04-06 12:59:28 |     → Sampling 100 paths/source × 50 trials
2026-04-06 12:59:28 |     → Trial 1/50 completed (~1608 evaluations)
2026-04-06 12:59:36 |     → Trial 10/50 completed (~1619 evaluations)
2026-04-06 12:59:44 |     → Trial 20/50 completed (~1624 evaluations)
2026-04-06 12:59:52 |     → Trial 30/50 completed (~1627 evaluations)
2026-04-06 13:00:00 |     → Trial 40/50 completed (~1632 evaluations)
2026-04-06 13:00:09 |     → Trial 50/50 completed (~1642 evaluations)
2026-04-06 13:00:09 |     → Instance 94/100
2026-04-06 13:00:09 |     → ShapleyFlow (Path Sampling): 92 edges, 10 sources
2026-04-06 13:00:09 |     → Sampling 100 paths/source × 50 trials
2026-04-06 13:00:09 |     → Trial 1/50 completed (~1627 evaluations)
2026-04-06 13:00:17 |     → Trial 10/50 completed (~1639 evaluations)
2026-04-06 13:00:25 |     → Trial 20/50 completed (~1660 evaluations)
2026-04-06 13:00:34 |     → Trial 30/50 completed (~1641 evaluations)
2026-04-06 13:00:42 |     → Trial 40/50 completed (~1637 evaluations)
2026-04-06 13:00:50 |     → Trial 50/50 completed (~1620 evaluations)
2026-04-06 13:00:50 |     → Instance 95/100
2026-04-06 13:00:50 |     → ShapleyFlow (Path Sampling): 92 edges, 10 sources
2026-04-06 13:00:50 |     → Sampling 100 paths/source × 50 trials
2026-04-06 13:00:51 |     → Trial 1/50 completed (~1605 evaluations)
2026-04-06 13:00:58 |     → Trial 10/50 completed (~1582 evaluations)
2026-04-06 13:01:07 |     → Trial 20/50 completed (~1725 evaluations)
2026-04-06 13:01:15 |     → Trial 30/50 completed (~1638 evaluations)
2026-04-06 13:01:23 |     → Trial 40/50 completed (~1584 evaluations)
2026-04-06 13:01:31 |     → Trial 50/50 completed (~1613 evaluations)
2026-04-06 13:01:32 |     → Instance 96/100
2026-04-06 13:01:32 |     → ShapleyFlow (Path Sampling): 92 edges, 10 sources
2026-04-06 13:01:32 |     → Sampling 100 paths/source × 50 trials
2026-04-06 13:01:32 |     → Trial 1/50 completed (~1657 evaluations)
2026-04-06 13:01:40 |     → Trial 10/50 completed (~1643 evaluations)
2026-04-06 13:01:48 |     → Trial 20/50 completed (~1653 evaluations)
2026-04-06 13:01:56 |     → Trial 30/50 completed (~1661 evaluations)
2026-04-06 13:02:04 |     → Trial 40/50 completed (~1622 evaluations)
2026-04-06 13:02:13 |     → Trial 50/50 completed (~1664 evaluations)
2026-04-06 13:02:13 |     → Instance 97/100
2026-04-06 13:02:13 |     → ShapleyFlow (Path Sampling): 92 edges, 10 sources
2026-04-06 13:02:13 |     → Sampling 100 paths/source × 50 trials
2026-04-06 13:02:14 |     → Trial 1/50 completed (~1666 evaluations)
2026-04-06 13:02:21 |     → Trial 10/50 completed (~1656 evaluations)
2026-04-06 13:02:29 |     → Trial 20/50 completed (~1563 evaluations)
2026-04-06 13:02:37 |     → Trial 30/50 completed (~1591 evaluations)
2026-04-06 13:02:45 |     → Trial 40/50 completed (~1643 evaluations)
2026-04-06 13:02:54 |     → Trial 50/50 completed (~1663 evaluations)
2026-04-06 13:02:54 |     → Instance 98/100
2026-04-06 13:02:54 |     → ShapleyFlow (Path Sampling): 92 edges, 10 sources
2026-04-06 13:02:54 |     → Sampling 100 paths/source × 50 trials
2026-04-06 13:02:55 |     → Trial 1/50 completed (~1585 evaluations)
2026-04-06 13:03:02 |     → Trial 10/50 completed (~1624 evaluations)
2026-04-06 13:03:10 |     → Trial 20/50 completed (~1550 evaluations)
2026-04-06 13:03:18 |     → Trial 30/50 completed (~1659 evaluations)
2026-04-06 13:03:26 |     → Trial 40/50 completed (~1629 evaluations)
2026-04-06 13:03:35 |     → Trial 50/50 completed (~1534 evaluations)
2026-04-06 13:03:35 |     → Instance 99/100
2026-04-06 13:03:35 |     → ShapleyFlow (Path Sampling): 92 edges, 10 sources
2026-04-06 13:03:35 |     → Sampling 100 paths/source × 50 trials
2026-04-06 13:03:35 |     → Trial 1/50 completed (~1651 evaluations)
2026-04-06 13:03:43 |     → Trial 10/50 completed (~1650 evaluations)
2026-04-06 13:03:51 |     → Trial 20/50 completed (~1621 evaluations)
2026-04-06 13:04:00 |     → Trial 30/50 completed (~1650 evaluations)
2026-04-06 13:04:08 |     → Trial 40/50 completed (~1665 evaluations)
2026-04-06 13:04:16 |     → Trial 50/50 completed (~1656 evaluations)
2026-04-06 13:04:17 |     → Instance 100/100
2026-04-06 13:04:17 |     → ShapleyFlow (Path Sampling): 92 edges, 10 sources
2026-04-06 13:04:17 |     → Sampling 100 paths/source × 50 trials
2026-04-06 13:04:17 |     → Trial 1/50 completed (~1590 evaluations)
2026-04-06 13:04:25 |     → Trial 10/50 completed (~1627 evaluations)
2026-04-06 13:04:33 |     → Trial 20/50 completed (~1637 evaluations)
2026-04-06 13:04:41 |     → Trial 30/50 completed (~1648 evaluations)
2026-04-06 13:04:50 |     → Trial 40/50 completed (~1639 evaluations)
2026-04-06 13:04:58 |     → Trial 50/50 completed (~1673 evaluations)
2026-04-06 13:04:58 |     → All instances completed
2026-04-06 13:04:58 |   [Progress: 3/7] LGBM + LINGAM - ShapleyFlow
2026-04-06 13:04:58 |     → ShapleyFlowWrapper: 51 features, 215 edges, 12 sources
2026-04-06 13:04:58 |     → Computing Shapley Flow for 100 instances...
2026-04-06 13:04:58 |     → Instance 1/100
2026-04-06 13:04:58 |     → ShapleyFlow (Path Sampling): 215 edges, 12 sources
2026-04-06 13:04:58 |     → Sampling 100 paths/source × 50 trials
2026-04-06 13:04:59 |     → Trial 1/50 completed (~3043 evaluations)
2026-04-06 13:05:13 |     → Trial 10/50 completed (~3047 evaluations)
2026-04-06 13:05:29 |     → Trial 20/50 completed (~3071 evaluations)
2026-04-06 13:05:44 |     → Trial 30/50 completed (~3015 evaluations)
2026-04-06 13:06:00 |     → Trial 40/50 completed (~3076 evaluations)
2026-04-06 13:06:16 |     → Trial 50/50 completed (~3071 evaluations)
2026-04-06 13:06:16 |     → Instance 2/100
2026-04-06 13:06:16 |     → ShapleyFlow (Path Sampling): 215 edges, 12 sources
2026-04-06 13:06:16 |     → Sampling 100 paths/source × 50 trials
2026-04-06 13:06:17 |     → Trial 1/50 completed (~3009 evaluations)
2026-04-06 13:06:31 |     → Trial 10/50 completed (~2939 evaluations)
2026-04-06 13:06:47 |     → Trial 20/50 completed (~3010 evaluations)
2026-04-06 13:07:03 |     → Trial 30/50 completed (~2986 evaluations)
2026-04-06 13:07:18 |     → Trial 40/50 completed (~3011 evaluations)
2026-04-06 13:07:34 |     → Trial 50/50 completed (~2996 evaluations)
2026-04-06 13:07:34 |     → Instance 3/100
2026-04-06 13:07:34 |     → ShapleyFlow (Path Sampling): 215 edges, 12 sources
2026-04-06 13:07:34 |     → Sampling 100 paths/source × 50 trials
2026-04-06 13:07:35 |     → Trial 1/50 completed (~3001 evaluations)
2026-04-06 13:07:49 |     → Trial 10/50 completed (~2981 evaluations)
2026-04-06 13:08:05 |     → Trial 20/50 completed (~3003 evaluations)
2026-04-06 13:08:20 |     → Trial 30/50 completed (~3043 evaluations)
2026-04-06 13:08:36 |     → Trial 40/50 completed (~3072 evaluations)
2026-04-06 13:08:52 |     → Trial 50/50 completed (~3030 evaluations)
2026-04-06 13:08:52 |     → Instance 4/100
2026-04-06 13:08:52 |     → ShapleyFlow (Path Sampling): 215 edges, 12 sources
2026-04-06 13:08:52 |     → Sampling 100 paths/source × 50 trials
2026-04-06 13:08:53 |     → Trial 1/50 completed (~3077 evaluations)
2026-04-06 13:09:07 |     → Trial 10/50 completed (~3023 evaluations)
2026-04-06 13:09:23 |     → Trial 20/50 completed (~3034 evaluations)
2026-04-06 13:09:39 |     → Trial 30/50 completed (~2943 evaluations)
2026-04-06 13:09:54 |     → Trial 40/50 completed (~2984 evaluations)
2026-04-06 13:10:10 |     → Trial 50/50 completed (~2968 evaluations)
2026-04-06 13:10:10 |     → Instance 5/100
2026-04-06 13:10:10 |     → ShapleyFlow (Path Sampling): 215 edges, 12 sources
2026-04-06 13:10:10 |     → Sampling 100 paths/source × 50 trials
2026-04-06 13:10:11 |     → Trial 1/50 completed (~3048 evaluations)
2026-04-06 13:10:26 |     → Trial 10/50 completed (~3065 evaluations)
2026-04-06 13:10:41 |     → Trial 20/50 completed (~2984 evaluations)
2026-04-06 13:10:56 |     → Trial 30/50 completed (~3028 evaluations)
2026-04-06 13:11:12 |     → Trial 40/50 completed (~3040 evaluations)
2026-04-06 13:11:27 |     → Trial 50/50 completed (~3024 evaluations)
2026-04-06 13:11:27 |     → Instance 6/100
2026-04-06 13:11:27 |     → ShapleyFlow (Path Sampling): 215 edges, 12 sources
2026-04-06 13:11:27 |     → Sampling 100 paths/source × 50 trials
2026-04-06 13:11:29 |     → Trial 1/50 completed (~3076 evaluations)
2026-04-06 13:11:43 |     → Trial 10/50 completed (~3046 evaluations)
2026-04-06 13:11:59 |     → Trial 20/50 completed (~2983 evaluations)
2026-04-06 13:12:15 |     → Trial 30/50 completed (~3034 evaluations)
2026-04-06 13:12:31 |     → Trial 40/50 completed (~3049 evaluations)
2026-04-06 13:12:46 |     → Trial 50/50 completed (~3043 evaluations)
2026-04-06 13:12:46 |     → Instance 7/100
2026-04-06 13:12:46 |     → ShapleyFlow (Path Sampling): 215 edges, 12 sources
2026-04-06 13:12:46 |     → Sampling 100 paths/source × 50 trials
2026-04-06 13:12:48 |     → Trial 1/50 completed (~3114 evaluations)
2026-04-06 13:13:02 |     → Trial 10/50 completed (~3119 evaluations)
2026-04-06 13:13:18 |     → Trial 20/50 completed (~3058 evaluations)
2026-04-06 13:13:34 |     → Trial 30/50 completed (~3077 evaluations)
2026-04-06 13:13:50 |     → Trial 40/50 completed (~3105 evaluations)
2026-04-06 13:14:05 |     → Trial 50/50 completed (~3021 evaluations)
2026-04-06 13:14:05 |     → Instance 8/100
2026-04-06 13:14:05 |     → ShapleyFlow (Path Sampling): 215 edges, 12 sources
2026-04-06 13:14:05 |     → Sampling 100 paths/source × 50 trials
2026-04-06 13:14:07 |     → Trial 1/50 completed (~3106 evaluations)
2026-04-06 13:14:21 |     → Trial 10/50 completed (~2962 evaluations)
2026-04-06 13:14:37 |     → Trial 20/50 completed (~3063 evaluations)
2026-04-06 13:14:52 |     → Trial 30/50 completed (~3031 evaluations)
2026-04-06 13:15:08 |     → Trial 40/50 completed (~2949 evaluations)
2026-04-06 13:15:24 |     → Trial 50/50 completed (~2992 evaluations)
2026-04-06 13:15:24 |     → Instance 9/100
2026-04-06 13:15:24 |     → ShapleyFlow (Path Sampling): 215 edges, 12 sources
2026-04-06 13:15:24 |     → Sampling 100 paths/source × 50 trials
2026-04-06 13:15:25 |     → Trial 1/50 completed (~3044 evaluations)
2026-04-06 13:15:39 |     → Trial 10/50 completed (~3009 evaluations)
2026-04-06 13:15:55 |     → Trial 20/50 completed (~3036 evaluations)
2026-04-06 13:16:10 |     → Trial 30/50 completed (~3076 evaluations)
2026-04-06 13:16:26 |     → Trial 40/50 completed (~2960 evaluations)
2026-04-06 13:16:42 |     → Trial 50/50 completed (~2988 evaluations)
2026-04-06 13:16:42 |     → Instance 10/100
2026-04-06 13:16:42 |     → ShapleyFlow (Path Sampling): 215 edges, 12 sources
2026-04-06 13:16:42 |     → Sampling 100 paths/source × 50 trials
2026-04-06 13:16:43 |     → Trial 1/50 completed (~3065 evaluations)
2026-04-06 13:16:57 |     → Trial 10/50 completed (~3045 evaluations)
2026-04-06 13:17:13 |     → Trial 20/50 completed (~3076 evaluations)
2026-04-06 13:17:28 |     → Trial 30/50 completed (~3037 evaluations)
2026-04-06 13:17:44 |     → Trial 40/50 completed (~2997 evaluations)
2026-04-06 13:17:59 |     → Trial 50/50 completed (~2980 evaluations)
2026-04-06 13:18:00 |     → Instance 11/100
2026-04-06 13:18:00 |     → ShapleyFlow (Path Sampling): 215 edges, 12 sources
2026-04-06 13:18:00 |     → Sampling 100 paths/source × 50 trials
2026-04-06 13:18:01 |     → Trial 1/50 completed (~3029 evaluations)
2026-04-06 13:18:15 |     → Trial 10/50 completed (~3044 evaluations)
2026-04-06 13:18:31 |     → Trial 20/50 completed (~2965 evaluations)
2026-04-06 13:18:47 |     → Trial 30/50 completed (~3046 evaluations)
2026-04-06 13:19:02 |     → Trial 40/50 completed (~3117 evaluations)
2026-04-06 13:19:18 |     → Trial 50/50 completed (~2974 evaluations)
2026-04-06 13:19:18 |     → Instance 12/100
2026-04-06 13:19:18 |     → ShapleyFlow (Path Sampling): 215 edges, 12 sources
2026-04-06 13:19:18 |     → Sampling 100 paths/source × 50 trials
2026-04-06 13:19:20 |     → Trial 1/50 completed (~3083 evaluations)
2026-04-06 13:19:34 |     → Trial 10/50 completed (~3071 evaluations)
2026-04-06 13:19:49 |     → Trial 20/50 completed (~3065 evaluations)
2026-04-06 13:20:05 |     → Trial 30/50 completed (~3064 evaluations)
2026-04-06 13:20:20 |     → Trial 40/50 completed (~3027 evaluations)
2026-04-06 13:20:36 |     → Trial 50/50 completed (~2948 evaluations)
2026-04-06 13:20:36 |     → Instance 13/100
2026-04-06 13:20:36 |     → ShapleyFlow (Path Sampling): 215 edges, 12 sources
2026-04-06 13:20:36 |     → Sampling 100 paths/source × 50 trials
2026-04-06 13:20:37 |     → Trial 1/50 completed (~3023 evaluations)
2026-04-06 13:20:52 |     → Trial 10/50 completed (~3101 evaluations)
2026-04-06 13:21:07 |     → Trial 20/50 completed (~3013 evaluations)
2026-04-06 13:21:23 |     → Trial 30/50 completed (~3069 evaluations)
2026-04-06 13:21:39 |     → Trial 40/50 completed (~3116 evaluations)
2026-04-06 13:21:54 |     → Trial 50/50 completed (~3000 evaluations)
2026-04-06 13:21:54 |     → Instance 14/100
2026-04-06 13:21:54 |     → ShapleyFlow (Path Sampling): 215 edges, 12 sources
2026-04-06 13:21:54 |     → Sampling 100 paths/source × 50 trials
2026-04-06 13:21:56 |     → Trial 1/50 completed (~3067 evaluations)
2026-04-06 13:22:10 |     → Trial 10/50 completed (~3004 evaluations)
2026-04-06 13:22:26 |     → Trial 20/50 completed (~2991 evaluations)
2026-04-06 13:22:42 |     → Trial 30/50 completed (~3005 evaluations)
2026-04-06 13:22:57 |     → Trial 40/50 completed (~3074 evaluations)
2026-04-06 13:23:13 |     → Trial 50/50 completed (~3072 evaluations)
2026-04-06 13:23:13 |     → Instance 15/100
2026-04-06 13:23:13 |     → ShapleyFlow (Path Sampling): 215 edges, 12 sources
2026-04-06 13:23:13 |     → Sampling 100 paths/source × 50 trials
2026-04-06 13:23:15 |     → Trial 1/50 completed (~3053 evaluations)
2026-04-06 13:23:29 |     → Trial 10/50 completed (~3018 evaluations)
2026-04-06 13:23:44 |     → Trial 20/50 completed (~2968 evaluations)
2026-04-06 13:24:00 |     → Trial 30/50 completed (~3030 evaluations)
2026-04-06 13:24:16 |     → Trial 40/50 completed (~2963 evaluations)
2026-04-06 13:24:31 |     → Trial 50/50 completed (~3047 evaluations)
2026-04-06 13:24:31 |     → Instance 16/100
2026-04-06 13:24:31 |     → ShapleyFlow (Path Sampling): 215 edges, 12 sources
2026-04-06 13:24:31 |     → Sampling 100 paths/source × 50 trials
2026-04-06 13:24:33 |     → Trial 1/50 completed (~3074 evaluations)
2026-04-06 13:24:47 |     → Trial 10/50 completed (~3109 evaluations)
2026-04-06 13:25:03 |     → Trial 20/50 completed (~3016 evaluations)
2026-04-06 13:25:18 |     → Trial 30/50 completed (~3053 evaluations)
2026-04-06 13:25:34 |     → Trial 40/50 completed (~2934 evaluations)
2026-04-06 13:25:50 |     → Trial 50/50 completed (~2959 evaluations)
2026-04-06 13:25:50 |     → Instance 17/100
2026-04-06 13:25:50 |     → ShapleyFlow (Path Sampling): 215 edges, 12 sources
2026-04-06 13:25:50 |     → Sampling 100 paths/source × 50 trials
2026-04-06 13:25:51 |     → Trial 1/50 completed (~3069 evaluations)
2026-04-06 13:26:05 |     → Trial 10/50 completed (~3010 evaluations)
2026-04-06 13:26:21 |     → Trial 20/50 completed (~3024 evaluations)
2026-04-06 13:26:37 |     → Trial 30/50 completed (~3083 evaluations)
2026-04-06 13:26:52 |     → Trial 40/50 completed (~3028 evaluations)
2026-04-06 13:27:08 |     → Trial 50/50 completed (~2935 evaluations)
2026-04-06 13:27:08 |     → Instance 18/100
2026-04-06 13:27:08 |     → ShapleyFlow (Path Sampling): 215 edges, 12 sources
2026-04-06 13:27:08 |     → Sampling 100 paths/source × 50 trials
2026-04-06 13:27:09 |     → Trial 1/50 completed (~3057 evaluations)
2026-04-06 13:27:23 |     → Trial 10/50 completed (~2960 evaluations)
2026-04-06 13:27:39 |     → Trial 20/50 completed (~3041 evaluations)
2026-04-06 13:27:55 |     → Trial 30/50 completed (~2970 evaluations)
2026-04-06 13:28:10 |     → Trial 40/50 completed (~3062 evaluations)
2026-04-06 13:28:26 |     → Trial 50/50 completed (~3077 evaluations)
2026-04-06 13:28:26 |     → Instance 19/100
2026-04-06 13:28:26 |     → ShapleyFlow (Path Sampling): 215 edges, 12 sources
2026-04-06 13:28:26 |     → Sampling 100 paths/source × 50 trials
2026-04-06 13:28:28 |     → Trial 1/50 completed (~3101 evaluations)
2026-04-06 13:28:42 |     → Trial 10/50 completed (~3049 evaluations)
2026-04-06 13:28:57 |     → Trial 20/50 completed (~2994 evaluations)
2026-04-06 13:29:13 |     → Trial 30/50 completed (~3064 evaluations)
2026-04-06 13:29:29 |     → Trial 40/50 completed (~3018 evaluations)
2026-04-06 13:29:44 |     → Trial 50/50 completed (~3022 evaluations)
2026-04-06 13:29:45 |     → Instance 20/100
2026-04-06 13:29:45 |     → ShapleyFlow (Path Sampling): 215 edges, 12 sources
2026-04-06 13:29:45 |     → Sampling 100 paths/source × 50 trials
2026-04-06 13:29:46 |     → Trial 1/50 completed (~3053 evaluations)
2026-04-06 13:30:00 |     → Trial 10/50 completed (~2986 evaluations)
2026-04-06 13:30:16 |     → Trial 20/50 completed (~2953 evaluations)
2026-04-06 13:30:31 |     → Trial 30/50 completed (~3079 evaluations)
2026-04-06 13:30:47 |     → Trial 40/50 completed (~3057 evaluations)
2026-04-06 13:31:02 |     → Trial 50/50 completed (~3009 evaluations)
2026-04-06 13:31:02 |     → Instance 21/100
2026-04-06 13:31:02 |     → ShapleyFlow (Path Sampling): 215 edges, 12 sources
2026-04-06 13:31:02 |     → Sampling 100 paths/source × 50 trials
2026-04-06 13:31:04 |     → Trial 1/50 completed (~3015 evaluations)
2026-04-06 13:31:18 |     → Trial 10/50 completed (~3018 evaluations)
2026-04-06 13:31:34 |     → Trial 20/50 completed (~2989 evaluations)
2026-04-06 13:31:49 |     → Trial 30/50 completed (~2997 evaluations)
2026-04-06 13:32:05 |     → Trial 40/50 completed (~3074 evaluations)
2026-04-06 13:32:21 |     → Trial 50/50 completed (~3112 evaluations)
2026-04-06 13:32:21 |     → Instance 22/100
2026-04-06 13:32:21 |     → ShapleyFlow (Path Sampling): 215 edges, 12 sources
2026-04-06 13:32:21 |     → Sampling 100 paths/source × 50 trials
2026-04-06 13:32:22 |     → Trial 1/50 completed (~2996 evaluations)
2026-04-06 13:32:37 |     → Trial 10/50 completed (~3027 evaluations)
2026-04-06 13:32:52 |     → Trial 20/50 completed (~3011 evaluations)
2026-04-06 13:33:08 |     → Trial 30/50 completed (~2996 evaluations)
2026-04-06 13:33:23 |     → Trial 40/50 completed (~3027 evaluations)
2026-04-06 13:33:39 |     → Trial 50/50 completed (~3103 evaluations)
2026-04-06 13:33:39 |     → Instance 23/100
2026-04-06 13:33:39 |     → ShapleyFlow (Path Sampling): 215 edges, 12 sources
2026-04-06 13:33:39 |     → Sampling 100 paths/source × 50 trials
2026-04-06 13:33:40 |     → Trial 1/50 completed (~2936 evaluations)
2026-04-06 13:33:54 |     → Trial 10/50 completed (~3081 evaluations)
2026-04-06 13:34:10 |     → Trial 20/50 completed (~3005 evaluations)
2026-04-06 13:34:25 |     → Trial 30/50 completed (~3009 evaluations)
2026-04-06 13:34:41 |     → Trial 40/50 completed (~3025 evaluations)
2026-04-06 13:34:56 |     → Trial 50/50 completed (~3012 evaluations)
2026-04-06 13:34:56 |     → Instance 24/100
2026-04-06 13:34:56 |     → ShapleyFlow (Path Sampling): 215 edges, 12 sources
2026-04-06 13:34:56 |     → Sampling 100 paths/source × 50 trials
2026-04-06 13:34:58 |     → Trial 1/50 completed (~3084 evaluations)
2026-04-06 13:35:12 |     → Trial 10/50 completed (~2946 evaluations)
2026-04-06 13:35:27 |     → Trial 20/50 completed (~3021 evaluations)
2026-04-06 13:35:43 |     → Trial 30/50 completed (~3021 evaluations)
2026-04-06 13:35:59 |     → Trial 40/50 completed (~2997 evaluations)
2026-04-06 13:36:14 |     → Trial 50/50 completed (~3062 evaluations)
2026-04-06 13:36:14 |     → Instance 25/100
2026-04-06 13:36:14 |     → ShapleyFlow (Path Sampling): 215 edges, 12 sources
2026-04-06 13:36:14 |     → Sampling 100 paths/source × 50 trials
2026-04-06 13:36:16 |     → Trial 1/50 completed (~3141 evaluations)
2026-04-06 13:36:30 |     → Trial 10/50 completed (~3042 evaluations)
2026-04-06 13:36:45 |     → Trial 20/50 completed (~3101 evaluations)
2026-04-06 13:37:01 |     → Trial 30/50 completed (~3042 evaluations)
2026-04-06 13:37:16 |     → Trial 40/50 completed (~3024 evaluations)
2026-04-06 13:37:32 |     → Trial 50/50 completed (~3110 evaluations)
2026-04-06 13:37:32 |     → Instance 26/100
2026-04-06 13:37:32 |     → ShapleyFlow (Path Sampling): 215 edges, 12 sources
2026-04-06 13:37:32 |     → Sampling 100 paths/source × 50 trials
2026-04-06 13:37:34 |     → Trial 1/50 completed (~3081 evaluations)
2026-04-06 13:37:48 |     → Trial 10/50 completed (~3064 evaluations)
2026-04-06 13:38:03 |     → Trial 20/50 completed (~3067 evaluations)
2026-04-06 13:38:19 |     → Trial 30/50 completed (~3064 evaluations)
2026-04-06 13:38:34 |     → Trial 40/50 completed (~2956 evaluations)
2026-04-06 13:38:50 |     → Trial 50/50 completed (~3059 evaluations)
2026-04-06 13:38:50 |     → Instance 27/100
2026-04-06 13:38:50 |     → ShapleyFlow (Path Sampling): 215 edges, 12 sources
2026-04-06 13:38:50 |     → Sampling 100 paths/source × 50 trials
2026-04-06 13:38:51 |     → Trial 1/50 completed (~3029 evaluations)
2026-04-06 13:39:05 |     → Trial 10/50 completed (~2956 evaluations)
2026-04-06 13:39:21 |     → Trial 20/50 completed (~3050 evaluations)
2026-04-06 13:39:36 |     → Trial 30/50 completed (~3047 evaluations)
2026-04-06 13:39:52 |     → Trial 40/50 completed (~3051 evaluations)
2026-04-06 13:40:08 |     → Trial 50/50 completed (~3002 evaluations)
2026-04-06 13:40:08 |     → Instance 28/100
2026-04-06 13:40:08 |     → ShapleyFlow (Path Sampling): 215 edges, 12 sources
2026-04-06 13:40:08 |     → Sampling 100 paths/source × 50 trials
2026-04-06 13:40:09 |     → Trial 1/50 completed (~3034 evaluations)
2026-04-06 13:40:23 |     → Trial 10/50 completed (~2958 evaluations)
2026-04-06 13:40:39 |     → Trial 20/50 completed (~3041 evaluations)
2026-04-06 13:40:54 |     → Trial 30/50 completed (~3018 evaluations)
2026-04-06 13:41:10 |     → Trial 40/50 completed (~3093 evaluations)
2026-04-06 13:41:25 |     → Trial 50/50 completed (~3102 evaluations)
2026-04-06 13:41:25 |     → Instance 29/100
2026-04-06 13:41:25 |     → ShapleyFlow (Path Sampling): 215 edges, 12 sources
2026-04-06 13:41:25 |     → Sampling 100 paths/source × 50 trials
2026-04-06 13:41:27 |     → Trial 1/50 completed (~3035 evaluations)
2026-04-06 13:41:41 |     → Trial 10/50 completed (~3006 evaluations)
2026-04-06 13:41:57 |     → Trial 20/50 completed (~3087 evaluations)
2026-04-06 13:42:12 |     → Trial 30/50 completed (~3003 evaluations)
2026-04-06 13:42:28 |     → Trial 40/50 completed (~3009 evaluations)
2026-04-06 13:42:44 |     → Trial 50/50 completed (~3082 evaluations)
2026-04-06 13:42:44 |     → Instance 30/100
2026-04-06 13:42:44 |     → ShapleyFlow (Path Sampling): 215 edges, 12 sources
2026-04-06 13:42:44 |     → Sampling 100 paths/source × 50 trials
2026-04-06 13:42:45 |     → Trial 1/50 completed (~3083 evaluations)
2026-04-06 13:42:59 |     → Trial 10/50 completed (~3064 evaluations)
2026-04-06 13:43:15 |     → Trial 20/50 completed (~3095 evaluations)
2026-04-06 13:43:31 |     → Trial 30/50 completed (~3013 evaluations)
2026-04-06 13:43:46 |     → Trial 40/50 completed (~3038 evaluations)
2026-04-06 13:44:02 |     → Trial 50/50 completed (~3009 evaluations)
2026-04-06 13:44:02 |     → Instance 31/100
2026-04-06 13:44:02 |     → ShapleyFlow (Path Sampling): 215 edges, 12 sources
2026-04-06 13:44:02 |     → Sampling 100 paths/source × 50 trials
2026-04-06 13:44:03 |     → Trial 1/50 completed (~2992 evaluations)
2026-04-06 13:44:18 |     → Trial 10/50 completed (~3070 evaluations)
2026-04-06 13:44:33 |     → Trial 20/50 completed (~3026 evaluations)
2026-04-06 13:44:49 |     → Trial 30/50 completed (~3036 evaluations)
2026-04-06 13:45:05 |     → Trial 40/50 completed (~3100 evaluations)
2026-04-06 13:45:20 |     → Trial 50/50 completed (~3052 evaluations)
2026-04-06 13:45:20 |     → Instance 32/100
2026-04-06 13:45:20 |     → ShapleyFlow (Path Sampling): 215 edges, 12 sources
2026-04-06 13:45:20 |     → Sampling 100 paths/source × 50 trials
2026-04-06 13:45:22 |     → Trial 1/50 completed (~3060 evaluations)
2026-04-06 13:45:36 |     → Trial 10/50 completed (~3091 evaluations)
2026-04-06 13:45:52 |     → Trial 20/50 completed (~3103 evaluations)
2026-04-06 13:46:07 |     → Trial 30/50 completed (~3014 evaluations)
2026-04-06 13:46:23 |     → Trial 40/50 completed (~2973 evaluations)
2026-04-06 13:46:38 |     → Trial 50/50 completed (~2912 evaluations)
2026-04-06 13:46:38 |     → Instance 33/100
2026-04-06 13:46:38 |     → ShapleyFlow (Path Sampling): 215 edges, 12 sources
2026-04-06 13:46:38 |     → Sampling 100 paths/source × 50 trials
2026-04-06 13:46:40 |     → Trial 1/50 completed (~2973 evaluations)
2026-04-06 13:46:54 |     → Trial 10/50 completed (~3094 evaluations)
2026-04-06 13:47:09 |     → Trial 20/50 completed (~3078 evaluations)
2026-04-06 13:47:25 |     → Trial 30/50 completed (~3044 evaluations)
2026-04-06 13:47:40 |     → Trial 40/50 completed (~2981 evaluations)
2026-04-06 13:47:56 |     → Trial 50/50 completed (~3067 evaluations)
2026-04-06 13:47:56 |     → Instance 34/100
2026-04-06 13:47:56 |     → ShapleyFlow (Path Sampling): 215 edges, 12 sources
2026-04-06 13:47:56 |     → Sampling 100 paths/source × 50 trials
2026-04-06 13:47:57 |     → Trial 1/50 completed (~3066 evaluations)
2026-04-06 13:48:11 |     → Trial 10/50 completed (~3041 evaluations)
2026-04-06 13:48:27 |     → Trial 20/50 completed (~3120 evaluations)
2026-04-06 13:48:42 |     → Trial 30/50 completed (~3028 evaluations)
2026-04-06 13:48:58 |     → Trial 40/50 completed (~3089 evaluations)
2026-04-06 13:49:14 |     → Trial 50/50 completed (~3006 evaluations)
2026-04-06 13:49:14 |     → Instance 35/100
2026-04-06 13:49:14 |     → ShapleyFlow (Path Sampling): 215 edges, 12 sources
2026-04-06 13:49:14 |     → Sampling 100 paths/source × 50 trials
2026-04-06 13:49:15 |     → Trial 1/50 completed (~3043 evaluations)
2026-04-06 13:49:29 |     → Trial 10/50 completed (~3029 evaluations)
2026-04-06 13:49:45 |     → Trial 20/50 completed (~3075 evaluations)
2026-04-06 13:50:00 |     → Trial 30/50 completed (~3028 evaluations)
2026-04-06 13:50:16 |     → Trial 40/50 completed (~3016 evaluations)
2026-04-06 13:50:31 |     → Trial 50/50 completed (~3043 evaluations)
2026-04-06 13:50:31 |     → Instance 36/100
2026-04-06 13:50:31 |     → ShapleyFlow (Path Sampling): 215 edges, 12 sources
2026-04-06 13:50:31 |     → Sampling 100 paths/source × 50 trials
2026-04-06 13:50:33 |     → Trial 1/50 completed (~3069 evaluations)
2026-04-06 13:50:47 |     → Trial 10/50 completed (~3022 evaluations)
2026-04-06 13:51:02 |     → Trial 20/50 completed (~2972 evaluations)
2026-04-06 13:51:18 |     → Trial 30/50 completed (~2947 evaluations)
2026-04-06 13:51:33 |     → Trial 40/50 completed (~3068 evaluations)
2026-04-06 13:51:49 |     → Trial 50/50 completed (~3047 evaluations)
2026-04-06 13:51:49 |     → Instance 37/100
2026-04-06 13:51:49 |     → ShapleyFlow (Path Sampling): 215 edges, 12 sources
2026-04-06 13:51:49 |     → Sampling 100 paths/source × 50 trials
2026-04-06 13:51:51 |     → Trial 1/50 completed (~3071 evaluations)
2026-04-06 13:52:05 |     → Trial 10/50 completed (~3069 evaluations)
2026-04-06 13:52:20 |     → Trial 20/50 completed (~3067 evaluations)
2026-04-06 13:52:36 |     → Trial 30/50 completed (~3053 evaluations)
2026-04-06 13:52:51 |     → Trial 40/50 completed (~3039 evaluations)
2026-04-06 13:53:07 |     → Trial 50/50 completed (~3054 evaluations)
2026-04-06 13:53:07 |     → Instance 38/100
2026-04-06 13:53:07 |     → ShapleyFlow (Path Sampling): 215 edges, 12 sources
2026-04-06 13:53:07 |     → Sampling 100 paths/source × 50 trials
2026-04-06 13:53:08 |     → Trial 1/50 completed (~3070 evaluations)
2026-04-06 13:53:22 |     → Trial 10/50 completed (~3084 evaluations)
2026-04-06 13:53:38 |     → Trial 20/50 completed (~3034 evaluations)
2026-04-06 13:53:53 |     → Trial 30/50 completed (~3041 evaluations)
2026-04-06 13:54:09 |     → Trial 40/50 completed (~2986 evaluations)
2026-04-06 13:54:24 |     → Trial 50/50 completed (~3082 evaluations)
2026-04-06 13:54:24 |     → Instance 39/100
2026-04-06 13:54:24 |     → ShapleyFlow (Path Sampling): 215 edges, 12 sources
2026-04-06 13:54:24 |     → Sampling 100 paths/source × 50 trials
2026-04-06 13:54:26 |     → Trial 1/50 completed (~3070 evaluations)
2026-04-06 13:54:40 |     → Trial 10/50 completed (~3083 evaluations)
2026-04-06 13:54:55 |     → Trial 20/50 completed (~2965 evaluations)
2026-04-06 13:55:11 |     → Trial 30/50 completed (~3085 evaluations)
2026-04-06 13:55:26 |     → Trial 40/50 completed (~3017 evaluations)
2026-04-06 13:55:42 |     → Trial 50/50 completed (~3062 evaluations)
2026-04-06 13:55:42 |     → Instance 40/100
2026-04-06 13:55:42 |     → ShapleyFlow (Path Sampling): 215 edges, 12 sources
2026-04-06 13:55:42 |     → Sampling 100 paths/source × 50 trials
2026-04-06 13:55:44 |     → Trial 1/50 completed (~3006 evaluations)
2026-04-06 13:55:58 |     → Trial 10/50 completed (~3059 evaluations)
2026-04-06 13:56:13 |     → Trial 20/50 completed (~3061 evaluations)
2026-04-06 13:56:29 |     → Trial 30/50 completed (~3014 evaluations)
2026-04-06 13:56:44 |     → Trial 40/50 completed (~3059 evaluations)
2026-04-06 13:56:59 |     → Trial 50/50 completed (~3080 evaluations)
2026-04-06 13:57:00 |     → Instance 41/100
2026-04-06 13:57:00 |     → ShapleyFlow (Path Sampling): 215 edges, 12 sources
2026-04-06 13:57:00 |     → Sampling 100 paths/source × 50 trials
2026-04-06 13:57:01 |     → Trial 1/50 completed (~3051 evaluations)
2026-04-06 13:57:15 |     → Trial 10/50 completed (~3044 evaluations)
2026-04-06 13:57:31 |     → Trial 20/50 completed (~3017 evaluations)
2026-04-06 13:57:46 |     → Trial 30/50 completed (~3062 evaluations)
2026-04-06 13:58:02 |     → Trial 40/50 completed (~3040 evaluations)
2026-04-06 13:58:17 |     → Trial 50/50 completed (~2991 evaluations)
2026-04-06 13:58:18 |     → Instance 42/100
2026-04-06 13:58:18 |     → ShapleyFlow (Path Sampling): 215 edges, 12 sources
2026-04-06 13:58:18 |     → Sampling 100 paths/source × 50 trials
2026-04-06 13:58:19 |     → Trial 1/50 completed (~2974 evaluations)
2026-04-06 13:58:33 |     → Trial 10/50 completed (~3041 evaluations)
2026-04-06 13:58:49 |     → Trial 20/50 completed (~3055 evaluations)
2026-04-06 13:59:05 |     → Trial 30/50 completed (~2969 evaluations)
2026-04-06 13:59:20 |     → Trial 40/50 completed (~3059 evaluations)
2026-04-06 13:59:36 |     → Trial 50/50 completed (~3048 evaluations)
2026-04-06 13:59:36 |     → Instance 43/100
2026-04-06 13:59:36 |     → ShapleyFlow (Path Sampling): 215 edges, 12 sources
2026-04-06 13:59:36 |     → Sampling 100 paths/source × 50 trials
2026-04-06 13:59:37 |     → Trial 1/50 completed (~3033 evaluations)
2026-04-06 13:59:51 |     → Trial 10/50 completed (~2959 evaluations)
2026-04-06 14:00:07 |     → Trial 20/50 completed (~3105 evaluations)
2026-04-06 14:00:23 |     → Trial 30/50 completed (~2977 evaluations)
2026-04-06 14:00:38 |     → Trial 40/50 completed (~3041 evaluations)
2026-04-06 14:00:54 |     → Trial 50/50 completed (~3034 evaluations)
2026-04-06 14:00:54 |     → Instance 44/100
2026-04-06 14:00:54 |     → ShapleyFlow (Path Sampling): 215 edges, 12 sources
2026-04-06 14:00:54 |     → Sampling 100 paths/source × 50 trials
2026-04-06 14:00:55 |     → Trial 1/50 completed (~3090 evaluations)
2026-04-06 14:01:09 |     → Trial 10/50 completed (~3013 evaluations)
2026-04-06 14:01:25 |     → Trial 20/50 completed (~3023 evaluations)
2026-04-06 14:01:40 |     → Trial 30/50 completed (~3036 evaluations)
2026-04-06 14:01:56 |     → Trial 40/50 completed (~2942 evaluations)
2026-04-06 14:02:12 |     → Trial 50/50 completed (~3083 evaluations)
2026-04-06 14:02:12 |     → Instance 45/100
2026-04-06 14:02:12 |     → ShapleyFlow (Path Sampling): 215 edges, 12 sources
2026-04-06 14:02:12 |     → Sampling 100 paths/source × 50 trials
2026-04-06 14:02:13 |     → Trial 1/50 completed (~3042 evaluations)
2026-04-06 14:02:27 |     → Trial 10/50 completed (~2987 evaluations)
2026-04-06 14:02:43 |     → Trial 20/50 completed (~3000 evaluations)
2026-04-06 14:02:58 |     → Trial 30/50 completed (~2968 evaluations)
2026-04-06 14:03:14 |     → Trial 40/50 completed (~3018 evaluations)
2026-04-06 14:03:30 |     → Trial 50/50 completed (~3040 evaluations)
2026-04-06 14:03:30 |     → Instance 46/100
2026-04-06 14:03:30 |     → ShapleyFlow (Path Sampling): 215 edges, 12 sources
2026-04-06 14:03:30 |     → Sampling 100 paths/source × 50 trials
2026-04-06 14:03:31 |     → Trial 1/50 completed (~3029 evaluations)
2026-04-06 14:03:45 |     → Trial 10/50 completed (~3009 evaluations)
2026-04-06 14:04:01 |     → Trial 20/50 completed (~2975 evaluations)
2026-04-06 14:04:16 |     → Trial 30/50 completed (~3116 evaluations)
2026-04-06 14:04:32 |     → Trial 40/50 completed (~2935 evaluations)
2026-04-06 14:04:47 |     → Trial 50/50 completed (~3042 evaluations)
2026-04-06 14:04:47 |     → Instance 47/100
2026-04-06 14:04:47 |     → ShapleyFlow (Path Sampling): 215 edges, 12 sources
2026-04-06 14:04:47 |     → Sampling 100 paths/source × 50 trials
2026-04-06 14:04:49 |     → Trial 1/50 completed (~2979 evaluations)
2026-04-06 14:05:03 |     → Trial 10/50 completed (~3004 evaluations)
2026-04-06 14:05:18 |     → Trial 20/50 completed (~3044 evaluations)
2026-04-06 14:05:34 |     → Trial 30/50 completed (~2996 evaluations)
2026-04-06 14:05:49 |     → Trial 40/50 completed (~3070 evaluations)
2026-04-06 14:06:05 |     → Trial 50/50 completed (~2972 evaluations)
2026-04-06 14:06:05 |     → Instance 48/100
2026-04-06 14:06:05 |     → ShapleyFlow (Path Sampling): 215 edges, 12 sources
2026-04-06 14:06:05 |     → Sampling 100 paths/source × 50 trials
2026-04-06 14:06:06 |     → Trial 1/50 completed (~3062 evaluations)
2026-04-06 14:06:21 |     → Trial 10/50 completed (~2978 evaluations)
2026-04-06 14:06:36 |     → Trial 20/50 completed (~3079 evaluations)
2026-04-06 14:06:52 |     → Trial 30/50 completed (~3077 evaluations)
2026-04-06 14:07:07 |     → Trial 40/50 completed (~2975 evaluations)
2026-04-06 14:07:23 |     → Trial 50/50 completed (~3000 evaluations)
2026-04-06 14:07:23 |     → Instance 49/100
2026-04-06 14:07:23 |     → ShapleyFlow (Path Sampling): 215 edges, 12 sources
2026-04-06 14:07:23 |     → Sampling 100 paths/source × 50 trials
2026-04-06 14:07:24 |     → Trial 1/50 completed (~3074 evaluations)
2026-04-06 14:07:38 |     → Trial 10/50 completed (~2991 evaluations)
2026-04-06 14:07:54 |     → Trial 20/50 completed (~2998 evaluations)
2026-04-06 14:08:09 |     → Trial 30/50 completed (~2974 evaluations)
2026-04-06 14:08:25 |     → Trial 40/50 completed (~3048 evaluations)
2026-04-06 14:08:40 |     → Trial 50/50 completed (~2999 evaluations)
2026-04-06 14:08:40 |     → Instance 50/100
2026-04-06 14:08:40 |     → ShapleyFlow (Path Sampling): 215 edges, 12 sources
2026-04-06 14:08:40 |     → Sampling 100 paths/source × 50 trials
2026-04-06 14:08:42 |     → Trial 1/50 completed (~3011 evaluations)
2026-04-06 14:08:56 |     → Trial 10/50 completed (~3003 evaluations)
2026-04-06 14:09:11 |     → Trial 20/50 completed (~3013 evaluations)
2026-04-06 14:09:27 |     → Trial 30/50 completed (~3102 evaluations)
2026-04-06 14:09:43 |     → Trial 40/50 completed (~3003 evaluations)
2026-04-06 14:09:58 |     → Trial 50/50 completed (~3095 evaluations)
2026-04-06 14:09:58 |     → Instance 51/100
2026-04-06 14:09:58 |     → ShapleyFlow (Path Sampling): 215 edges, 12 sources
2026-04-06 14:09:58 |     → Sampling 100 paths/source × 50 trials
2026-04-06 14:10:00 |     → Trial 1/50 completed (~3064 evaluations)
2026-04-06 14:10:14 |     → Trial 10/50 completed (~3102 evaluations)
2026-04-06 14:10:29 |     → Trial 20/50 completed (~2985 evaluations)
2026-04-06 14:10:45 |     → Trial 30/50 completed (~2986 evaluations)
2026-04-06 14:11:00 |     → Trial 40/50 completed (~2998 evaluations)
2026-04-06 14:11:16 |     → Trial 50/50 completed (~3040 evaluations)
2026-04-06 14:11:16 |     → Instance 52/100
2026-04-06 14:11:16 |     → ShapleyFlow (Path Sampling): 215 edges, 12 sources
2026-04-06 14:11:16 |     → Sampling 100 paths/source × 50 trials
2026-04-06 14:11:17 |     → Trial 1/50 completed (~3126 evaluations)
2026-04-06 14:11:31 |     → Trial 10/50 completed (~3038 evaluations)
2026-04-06 14:11:47 |     → Trial 20/50 completed (~3001 evaluations)
2026-04-06 14:12:02 |     → Trial 30/50 completed (~2964 evaluations)
2026-04-06 14:12:18 |     → Trial 40/50 completed (~3132 evaluations)
2026-04-06 14:12:33 |     → Trial 50/50 completed (~3033 evaluations)
2026-04-06 14:12:33 |     → Instance 53/100
2026-04-06 14:12:33 |     → ShapleyFlow (Path Sampling): 215 edges, 12 sources
2026-04-06 14:12:33 |     → Sampling 100 paths/source × 50 trials
2026-04-06 14:12:35 |     → Trial 1/50 completed (~3015 evaluations)
2026-04-06 14:12:49 |     → Trial 10/50 completed (~2985 evaluations)
2026-04-06 14:13:04 |     → Trial 20/50 completed (~3015 evaluations)
2026-04-06 14:13:20 |     → Trial 30/50 completed (~2943 evaluations)
2026-04-06 14:13:36 |     → Trial 40/50 completed (~3003 evaluations)
2026-04-06 14:13:51 |     → Trial 50/50 completed (~3091 evaluations)
2026-04-06 14:13:51 |     → Instance 54/100
2026-04-06 14:13:51 |     → ShapleyFlow (Path Sampling): 215 edges, 12 sources
2026-04-06 14:13:51 |     → Sampling 100 paths/source × 50 trials
2026-04-06 14:13:53 |     → Trial 1/50 completed (~3088 evaluations)
2026-04-06 14:14:07 |     → Trial 10/50 completed (~3007 evaluations)
2026-04-06 14:14:22 |     → Trial 20/50 completed (~2942 evaluations)
2026-04-06 14:14:38 |     → Trial 30/50 completed (~3004 evaluations)
2026-04-06 14:14:53 |     → Trial 40/50 completed (~3089 evaluations)
2026-04-06 14:15:09 |     → Trial 50/50 completed (~2948 evaluations)
2026-04-06 14:15:09 |     → Instance 55/100
2026-04-06 14:15:09 |     → ShapleyFlow (Path Sampling): 215 edges, 12 sources
2026-04-06 14:15:09 |     → Sampling 100 paths/source × 50 trials
2026-04-06 14:15:11 |     → Trial 1/50 completed (~3030 evaluations)
2026-04-06 14:15:25 |     → Trial 10/50 completed (~3066 evaluations)
2026-04-06 14:15:40 |     → Trial 20/50 completed (~2956 evaluations)
2026-04-06 14:15:56 |     → Trial 30/50 completed (~3028 evaluations)
2026-04-06 14:16:11 |     → Trial 40/50 completed (~3016 evaluations)
2026-04-06 14:16:27 |     → Trial 50/50 completed (~3028 evaluations)
2026-04-06 14:16:27 |     → Instance 56/100
2026-04-06 14:16:27 |     → ShapleyFlow (Path Sampling): 215 edges, 12 sources
2026-04-06 14:16:27 |     → Sampling 100 paths/source × 50 trials
2026-04-06 14:16:28 |     → Trial 1/50 completed (~3117 evaluations)
2026-04-06 14:16:42 |     → Trial 10/50 completed (~3011 evaluations)
2026-04-06 14:16:58 |     → Trial 20/50 completed (~2995 evaluations)
2026-04-06 14:17:13 |     → Trial 30/50 completed (~3011 evaluations)
2026-04-06 14:17:29 |     → Trial 40/50 completed (~3013 evaluations)
2026-04-06 14:17:45 |     → Trial 50/50 completed (~3029 evaluations)
2026-04-06 14:17:45 |     → Instance 57/100
2026-04-06 14:17:45 |     → ShapleyFlow (Path Sampling): 215 edges, 12 sources
2026-04-06 14:17:45 |     → Sampling 100 paths/source × 50 trials
2026-04-06 14:17:46 |     → Trial 1/50 completed (~3003 evaluations)
2026-04-06 14:18:00 |     → Trial 10/50 completed (~2969 evaluations)
2026-04-06 14:18:16 |     → Trial 20/50 completed (~3036 evaluations)
2026-04-06 14:18:31 |     → Trial 30/50 completed (~2990 evaluations)
2026-04-06 14:18:47 |     → Trial 40/50 completed (~3117 evaluations)
2026-04-06 14:19:03 |     → Trial 50/50 completed (~3016 evaluations)
2026-04-06 14:19:03 |     → Instance 58/100
2026-04-06 14:19:03 |     → ShapleyFlow (Path Sampling): 215 edges, 12 sources
2026-04-06 14:19:03 |     → Sampling 100 paths/source × 50 trials
2026-04-06 14:19:04 |     → Trial 1/50 completed (~2991 evaluations)
2026-04-06 14:19:18 |     → Trial 10/50 completed (~2998 evaluations)
2026-04-06 14:19:34 |     → Trial 20/50 completed (~3016 evaluations)
2026-04-06 14:19:50 |     → Trial 30/50 completed (~3123 evaluations)
2026-04-06 14:20:05 |     → Trial 40/50 completed (~2999 evaluations)
2026-04-06 14:20:21 |     → Trial 50/50 completed (~3055 evaluations)
2026-04-06 14:20:21 |     → Instance 59/100
2026-04-06 14:20:21 |     → ShapleyFlow (Path Sampling): 215 edges, 12 sources
2026-04-06 14:20:21 |     → Sampling 100 paths/source × 50 trials
2026-04-06 14:20:22 |     → Trial 1/50 completed (~3072 evaluations)
2026-04-06 14:20:36 |     → Trial 10/50 completed (~3070 evaluations)
2026-04-06 14:20:52 |     → Trial 20/50 completed (~3031 evaluations)
2026-04-06 14:21:07 |     → Trial 30/50 completed (~2981 evaluations)
2026-04-06 14:21:23 |     → Trial 40/50 completed (~3055 evaluations)
2026-04-06 14:21:38 |     → Trial 50/50 completed (~3036 evaluations)
2026-04-06 14:21:38 |     → Instance 60/100
2026-04-06 14:21:38 |     → ShapleyFlow (Path Sampling): 215 edges, 12 sources
2026-04-06 14:21:38 |     → Sampling 100 paths/source × 50 trials
2026-04-06 14:21:40 |     → Trial 1/50 completed (~2972 evaluations)
2026-04-06 14:21:54 |     → Trial 10/50 completed (~3006 evaluations)
2026-04-06 14:22:10 |     → Trial 20/50 completed (~3021 evaluations)
2026-04-06 14:22:25 |     → Trial 30/50 completed (~3043 evaluations)
2026-04-06 14:22:40 |     → Trial 40/50 completed (~3032 evaluations)
2026-04-06 14:22:56 |     → Trial 50/50 completed (~3054 evaluations)
2026-04-06 14:22:56 |     → Instance 61/100
2026-04-06 14:22:56 |     → ShapleyFlow (Path Sampling): 215 edges, 12 sources
2026-04-06 14:22:56 |     → Sampling 100 paths/source × 50 trials
2026-04-06 14:22:58 |     → Trial 1/50 completed (~3039 evaluations)
2026-04-06 14:23:11 |     → Trial 10/50 completed (~2971 evaluations)
2026-04-06 14:23:27 |     → Trial 20/50 completed (~2991 evaluations)
2026-04-06 14:23:43 |     → Trial 30/50 completed (~3071 evaluations)
2026-04-06 14:23:58 |     → Trial 40/50 completed (~3068 evaluations)
2026-04-06 14:24:14 |     → Trial 50/50 completed (~3037 evaluations)
2026-04-06 14:24:14 |     → Instance 62/100
2026-04-06 14:24:14 |     → ShapleyFlow (Path Sampling): 215 edges, 12 sources
2026-04-06 14:24:14 |     → Sampling 100 paths/source × 50 trials
2026-04-06 14:24:16 |     → Trial 1/50 completed (~3104 evaluations)
2026-04-06 14:24:30 |     → Trial 10/50 completed (~3002 evaluations)
2026-04-06 14:24:45 |     → Trial 20/50 completed (~3040 evaluations)
2026-04-06 14:25:01 |     → Trial 30/50 completed (~3004 evaluations)
2026-04-06 14:25:16 |     → Trial 40/50 completed (~3120 evaluations)
2026-04-06 14:25:32 |     → Trial 50/50 completed (~3000 evaluations)
2026-04-06 14:25:32 |     → Instance 63/100
2026-04-06 14:25:32 |     → ShapleyFlow (Path Sampling): 215 edges, 12 sources
2026-04-06 14:25:32 |     → Sampling 100 paths/source × 50 trials
2026-04-06 14:25:33 |     → Trial 1/50 completed (~3070 evaluations)
2026-04-06 14:25:47 |     → Trial 10/50 completed (~3056 evaluations)
2026-04-06 14:26:03 |     → Trial 20/50 completed (~3024 evaluations)
2026-04-06 14:26:18 |     → Trial 30/50 completed (~3073 evaluations)
2026-04-06 14:26:34 |     → Trial 40/50 completed (~2983 evaluations)
2026-04-06 14:26:49 |     → Trial 50/50 completed (~2976 evaluations)
2026-04-06 14:26:49 |     → Instance 64/100
2026-04-06 14:26:49 |     → ShapleyFlow (Path Sampling): 215 edges, 12 sources
2026-04-06 14:26:49 |     → Sampling 100 paths/source × 50 trials
2026-04-06 14:26:51 |     → Trial 1/50 completed (~3010 evaluations)
2026-04-06 14:27:05 |     → Trial 10/50 completed (~3012 evaluations)
2026-04-06 14:27:20 |     → Trial 20/50 completed (~3030 evaluations)
2026-04-06 14:27:36 |     → Trial 30/50 completed (~3052 evaluations)
2026-04-06 14:27:51 |     → Trial 40/50 completed (~3092 evaluations)
2026-04-06 14:28:07 |     → Trial 50/50 completed (~3068 evaluations)
2026-04-06 14:28:07 |     → Instance 65/100
2026-04-06 14:28:07 |     → ShapleyFlow (Path Sampling): 215 edges, 12 sources
2026-04-06 14:28:07 |     → Sampling 100 paths/source × 50 trials
2026-04-06 14:28:08 |     → Trial 1/50 completed (~3033 evaluations)
2026-04-06 14:28:23 |     → Trial 10/50 completed (~3049 evaluations)
2026-04-06 14:28:38 |     → Trial 20/50 completed (~3080 evaluations)
2026-04-06 14:28:54 |     → Trial 30/50 completed (~3006 evaluations)
2026-04-06 14:29:09 |     → Trial 40/50 completed (~2974 evaluations)
2026-04-06 14:29:25 |     → Trial 50/50 completed (~3075 evaluations)
2026-04-06 14:29:25 |     → Instance 66/100
2026-04-06 14:29:25 |     → ShapleyFlow (Path Sampling): 215 edges, 12 sources
2026-04-06 14:29:25 |     → Sampling 100 paths/source × 50 trials
2026-04-06 14:29:27 |     → Trial 1/50 completed (~3046 evaluations)
2026-04-06 14:29:41 |     → Trial 10/50 completed (~3050 evaluations)
2026-04-06 14:29:56 |     → Trial 20/50 completed (~3013 evaluations)
2026-04-06 14:30:12 |     → Trial 30/50 completed (~2984 evaluations)
2026-04-06 14:30:27 |     → Trial 40/50 completed (~3051 evaluations)
2026-04-06 14:30:43 |     → Trial 50/50 completed (~3085 evaluations)
2026-04-06 14:30:43 |     → Instance 67/100
2026-04-06 14:30:43 |     → ShapleyFlow (Path Sampling): 215 edges, 12 sources
2026-04-06 14:30:43 |     → Sampling 100 paths/source × 50 trials
2026-04-06 14:30:44 |     → Trial 1/50 completed (~3031 evaluations)
2026-04-06 14:30:58 |     → Trial 10/50 completed (~2991 evaluations)
2026-04-06 14:31:14 |     → Trial 20/50 completed (~3063 evaluations)
2026-04-06 14:31:29 |     → Trial 30/50 completed (~2955 evaluations)
2026-04-06 14:31:45 |     → Trial 40/50 completed (~3050 evaluations)
2026-04-06 14:32:00 |     → Trial 50/50 completed (~3021 evaluations)
2026-04-06 14:32:00 |     → Instance 68/100
2026-04-06 14:32:00 |     → ShapleyFlow (Path Sampling): 215 edges, 12 sources
2026-04-06 14:32:00 |     → Sampling 100 paths/source × 50 trials
2026-04-06 14:32:02 |     → Trial 1/50 completed (~2982 evaluations)
2026-04-06 14:32:16 |     → Trial 10/50 completed (~2994 evaluations)
2026-04-06 14:32:31 |     → Trial 20/50 completed (~3031 evaluations)
2026-04-06 14:32:47 |     → Trial 30/50 completed (~3007 evaluations)
2026-04-06 14:33:02 |     → Trial 40/50 completed (~3078 evaluations)
2026-04-06 14:33:18 |     → Trial 50/50 completed (~3027 evaluations)
2026-04-06 14:33:18 |     → Instance 69/100
2026-04-06 14:33:18 |     → ShapleyFlow (Path Sampling): 215 edges, 12 sources
2026-04-06 14:33:18 |     → Sampling 100 paths/source × 50 trials
2026-04-06 14:33:20 |     → Trial 1/50 completed (~3127 evaluations)
2026-04-06 14:33:34 |     → Trial 10/50 completed (~3068 evaluations)
2026-04-06 14:33:49 |     → Trial 20/50 completed (~2999 evaluations)
2026-04-06 14:34:05 |     → Trial 30/50 completed (~3093 evaluations)
2026-04-06 14:34:20 |     → Trial 40/50 completed (~2955 evaluations)
2026-04-06 14:34:36 |     → Trial 50/50 completed (~3009 evaluations)
2026-04-06 14:34:36 |     → Instance 70/100
2026-04-06 14:34:36 |     → ShapleyFlow (Path Sampling): 215 edges, 12 sources
2026-04-06 14:34:36 |     → Sampling 100 paths/source × 50 trials
2026-04-06 14:34:38 |     → Trial 1/50 completed (~3014 evaluations)
2026-04-06 14:34:52 |     → Trial 10/50 completed (~3027 evaluations)
2026-04-06 14:35:07 |     → Trial 20/50 completed (~3012 evaluations)
2026-04-06 14:35:23 |     → Trial 30/50 completed (~3047 evaluations)
2026-04-06 14:35:38 |     → Trial 40/50 completed (~2995 evaluations)
2026-04-06 14:35:53 |     → Trial 50/50 completed (~2969 evaluations)
2026-04-06 14:35:53 |     → Instance 71/100
2026-04-06 14:35:53 |     → ShapleyFlow (Path Sampling): 215 edges, 12 sources
2026-04-06 14:35:53 |     → Sampling 100 paths/source × 50 trials
2026-04-06 14:35:55 |     → Trial 1/50 completed (~3091 evaluations)
2026-04-06 14:36:09 |     → Trial 10/50 completed (~3034 evaluations)
2026-04-06 14:36:24 |     → Trial 20/50 completed (~2964 evaluations)
2026-04-06 14:36:40 |     → Trial 30/50 completed (~3017 evaluations)
2026-04-06 14:36:55 |     → Trial 40/50 completed (~3049 evaluations)
2026-04-06 14:37:11 |     → Trial 50/50 completed (~3038 evaluations)
2026-04-06 14:37:11 |     → Instance 72/100
2026-04-06 14:37:11 |     → ShapleyFlow (Path Sampling): 215 edges, 12 sources
2026-04-06 14:37:11 |     → Sampling 100 paths/source × 50 trials
2026-04-06 14:37:12 |     → Trial 1/50 completed (~2993 evaluations)
2026-04-06 14:37:26 |     → Trial 10/50 completed (~3027 evaluations)
2026-04-06 14:37:42 |     → Trial 20/50 completed (~3066 evaluations)
2026-04-06 14:37:57 |     → Trial 30/50 completed (~3061 evaluations)
2026-04-06 14:38:13 |     → Trial 40/50 completed (~3068 evaluations)
2026-04-06 14:38:28 |     → Trial 50/50 completed (~2950 evaluations)
2026-04-06 14:38:28 |     → Instance 73/100
2026-04-06 14:38:28 |     → ShapleyFlow (Path Sampling): 215 edges, 12 sources
2026-04-06 14:38:28 |     → Sampling 100 paths/source × 50 trials
2026-04-06 14:38:30 |     → Trial 1/50 completed (~3033 evaluations)
2026-04-06 14:38:44 |     → Trial 10/50 completed (~2995 evaluations)
2026-04-06 14:38:59 |     → Trial 20/50 completed (~3028 evaluations)
2026-04-06 14:39:15 |     → Trial 30/50 completed (~3090 evaluations)
2026-04-06 14:39:30 |     → Trial 40/50 completed (~2998 evaluations)
2026-04-06 14:39:46 |     → Trial 50/50 completed (~3009 evaluations)
2026-04-06 14:39:46 |     → Instance 74/100
2026-04-06 14:39:46 |     → ShapleyFlow (Path Sampling): 215 edges, 12 sources
2026-04-06 14:39:46 |     → Sampling 100 paths/source × 50 trials
2026-04-06 14:39:48 |     → Trial 1/50 completed (~3042 evaluations)
2026-04-06 14:40:02 |     → Trial 10/50 completed (~3059 evaluations)
2026-04-06 14:40:17 |     → Trial 20/50 completed (~3037 evaluations)
2026-04-06 14:40:33 |     → Trial 30/50 completed (~3027 evaluations)
2026-04-06 14:40:48 |     → Trial 40/50 completed (~3033 evaluations)
2026-04-06 14:41:03 |     → Trial 50/50 completed (~3134 evaluations)
2026-04-06 14:41:03 |     → Instance 75/100
2026-04-06 14:41:03 |     → ShapleyFlow (Path Sampling): 215 edges, 12 sources
2026-04-06 14:41:03 |     → Sampling 100 paths/source × 50 trials
2026-04-06 14:41:05 |     → Trial 1/50 completed (~3074 evaluations)
2026-04-06 14:41:19 |     → Trial 10/50 completed (~3000 evaluations)
2026-04-06 14:41:35 |     → Trial 20/50 completed (~3036 evaluations)
2026-04-06 14:41:50 |     → Trial 30/50 completed (~3061 evaluations)
2026-04-06 14:42:05 |     → Trial 40/50 completed (~2995 evaluations)
2026-04-06 14:42:21 |     → Trial 50/50 completed (~3022 evaluations)
2026-04-06 14:42:21 |     → Instance 76/100
2026-04-06 14:42:21 |     → ShapleyFlow (Path Sampling): 215 edges, 12 sources
2026-04-06 14:42:21 |     → Sampling 100 paths/source × 50 trials
2026-04-06 14:42:22 |     → Trial 1/50 completed (~2998 evaluations)
2026-04-06 14:42:36 |     → Trial 10/50 completed (~3055 evaluations)
2026-04-06 14:42:52 |     → Trial 20/50 completed (~3023 evaluations)
2026-04-06 14:43:07 |     → Trial 30/50 completed (~3054 evaluations)
2026-04-06 14:43:23 |     → Trial 40/50 completed (~2993 evaluations)
2026-04-06 14:43:38 |     → Trial 50/50 completed (~3001 evaluations)
2026-04-06 14:43:38 |     → Instance 77/100
2026-04-06 14:43:38 |     → ShapleyFlow (Path Sampling): 215 edges, 12 sources
2026-04-06 14:43:38 |     → Sampling 100 paths/source × 50 trials
2026-04-06 14:43:40 |     → Trial 1/50 completed (~2979 evaluations)
2026-04-06 14:43:53 |     → Trial 10/50 completed (~3045 evaluations)
2026-04-06 14:44:09 |     → Trial 20/50 completed (~3085 evaluations)
2026-04-06 14:44:25 |     → Trial 30/50 completed (~2983 evaluations)
2026-04-06 14:44:40 |     → Trial 40/50 completed (~3082 evaluations)
2026-04-06 14:44:55 |     → Trial 50/50 completed (~2957 evaluations)
2026-04-06 14:44:55 |     → Instance 78/100
2026-04-06 14:44:55 |     → ShapleyFlow (Path Sampling): 215 edges, 12 sources
2026-04-06 14:44:55 |     → Sampling 100 paths/source × 50 trials
2026-04-06 14:44:57 |     → Trial 1/50 completed (~3005 evaluations)
2026-04-06 14:45:11 |     → Trial 10/50 completed (~3048 evaluations)
2026-04-06 14:45:27 |     → Trial 20/50 completed (~3012 evaluations)
2026-04-06 14:45:42 |     → Trial 30/50 completed (~3049 evaluations)
2026-04-06 14:45:58 |     → Trial 40/50 completed (~3106 evaluations)
2026-04-06 14:46:13 |     → Trial 50/50 completed (~2946 evaluations)
2026-04-06 14:46:13 |     → Instance 79/100
2026-04-06 14:46:13 |     → ShapleyFlow (Path Sampling): 215 edges, 12 sources
2026-04-06 14:46:13 |     → Sampling 100 paths/source × 50 trials
2026-04-06 14:46:15 |     → Trial 1/50 completed (~3111 evaluations)
2026-04-06 14:46:29 |     → Trial 10/50 completed (~3009 evaluations)
2026-04-06 14:46:44 |     → Trial 20/50 completed (~2963 evaluations)
2026-04-06 14:47:00 |     → Trial 30/50 completed (~3036 evaluations)
2026-04-06 14:47:15 |     → Trial 40/50 completed (~3023 evaluations)
2026-04-06 14:47:31 |     → Trial 50/50 completed (~3048 evaluations)
2026-04-06 14:47:31 |     → Instance 80/100
2026-04-06 14:47:31 |     → ShapleyFlow (Path Sampling): 215 edges, 12 sources
2026-04-06 14:47:31 |     → Sampling 100 paths/source × 50 trials
2026-04-06 14:47:32 |     → Trial 1/50 completed (~3057 evaluations)
2026-04-06 14:47:46 |     → Trial 10/50 completed (~2939 evaluations)
2026-04-06 14:48:02 |     → Trial 20/50 completed (~3067 evaluations)
2026-04-06 14:48:17 |     → Trial 30/50 completed (~2983 evaluations)
2026-04-06 14:48:33 |     → Trial 40/50 completed (~3051 evaluations)
2026-04-06 14:48:48 |     → Trial 50/50 completed (~2933 evaluations)
2026-04-06 14:48:48 |     → Instance 81/100
2026-04-06 14:48:48 |     → ShapleyFlow (Path Sampling): 215 edges, 12 sources
2026-04-06 14:48:48 |     → Sampling 100 paths/source × 50 trials
2026-04-06 14:48:50 |     → Trial 1/50 completed (~3066 evaluations)
2026-04-06 14:49:04 |     → Trial 10/50 completed (~2983 evaluations)
2026-04-06 14:49:20 |     → Trial 20/50 completed (~3044 evaluations)
2026-04-06 14:49:35 |     → Trial 30/50 completed (~3011 evaluations)
2026-04-06 14:49:51 |     → Trial 40/50 completed (~3057 evaluations)
2026-04-06 14:50:06 |     → Trial 50/50 completed (~3026 evaluations)
2026-04-06 14:50:07 |     → Instance 82/100
2026-04-06 14:50:07 |     → ShapleyFlow (Path Sampling): 215 edges, 12 sources
2026-04-06 14:50:07 |     → Sampling 100 paths/source × 50 trials
2026-04-06 14:50:08 |     → Trial 1/50 completed (~3077 evaluations)
2026-04-06 14:50:22 |     → Trial 10/50 completed (~3059 evaluations)
2026-04-06 14:50:38 |     → Trial 20/50 completed (~3043 evaluations)
2026-04-06 14:50:53 |     → Trial 30/50 completed (~2989 evaluations)
2026-04-06 14:51:09 |     → Trial 40/50 completed (~3016 evaluations)
2026-04-06 14:51:24 |     → Trial 50/50 completed (~3047 evaluations)
2026-04-06 14:51:24 |     → Instance 83/100
2026-04-06 14:51:24 |     → ShapleyFlow (Path Sampling): 215 edges, 12 sources
2026-04-06 14:51:24 |     → Sampling 100 paths/source × 50 trials
2026-04-06 14:51:26 |     → Trial 1/50 completed (~3015 evaluations)
2026-04-06 14:51:40 |     → Trial 10/50 completed (~2988 evaluations)
2026-04-06 14:51:55 |     → Trial 20/50 completed (~2998 evaluations)
2026-04-06 14:52:11 |     → Trial 30/50 completed (~3118 evaluations)
2026-04-06 14:52:26 |     → Trial 40/50 completed (~3012 evaluations)
2026-04-06 14:52:42 |     → Trial 50/50 completed (~3031 evaluations)
2026-04-06 14:52:42 |     → Instance 84/100
2026-04-06 14:52:42 |     → ShapleyFlow (Path Sampling): 215 edges, 12 sources
2026-04-06 14:52:42 |     → Sampling 100 paths/source × 50 trials
2026-04-06 14:52:43 |     → Trial 1/50 completed (~2968 evaluations)
2026-04-06 14:52:57 |     → Trial 10/50 completed (~2978 evaluations)
2026-04-06 14:53:13 |     → Trial 20/50 completed (~3014 evaluations)
2026-04-06 14:53:29 |     → Trial 30/50 completed (~3012 evaluations)
2026-04-06 14:53:44 |     → Trial 40/50 completed (~2979 evaluations)
2026-04-06 14:54:00 |     → Trial 50/50 completed (~2978 evaluations)
2026-04-06 14:54:00 |     → Instance 85/100
2026-04-06 14:54:00 |     → ShapleyFlow (Path Sampling): 215 edges, 12 sources
2026-04-06 14:54:00 |     → Sampling 100 paths/source × 50 trials
2026-04-06 14:54:01 |     → Trial 1/50 completed (~2995 evaluations)
2026-04-06 14:54:15 |     → Trial 10/50 completed (~3067 evaluations)
2026-04-06 14:54:31 |     → Trial 20/50 completed (~3072 evaluations)
2026-04-06 14:54:46 |     → Trial 30/50 completed (~3068 evaluations)
2026-04-06 14:55:02 |     → Trial 40/50 completed (~2995 evaluations)
2026-04-06 14:55:17 |     → Trial 50/50 completed (~3123 evaluations)
2026-04-06 14:55:17 |     → Instance 86/100
2026-04-06 14:55:17 |     → ShapleyFlow (Path Sampling): 215 edges, 12 sources
2026-04-06 14:55:17 |     → Sampling 100 paths/source × 50 trials
2026-04-06 14:55:19 |     → Trial 1/50 completed (~3033 evaluations)
2026-04-06 14:55:33 |     → Trial 10/50 completed (~3067 evaluations)
2026-04-06 14:55:48 |     → Trial 20/50 completed (~3023 evaluations)
2026-04-06 14:56:04 |     → Trial 30/50 completed (~3012 evaluations)
2026-04-06 14:56:19 |     → Trial 40/50 completed (~3026 evaluations)
2026-04-06 14:56:35 |     → Trial 50/50 completed (~3029 evaluations)
2026-04-06 14:56:35 |     → Instance 87/100
2026-04-06 14:56:35 |     → ShapleyFlow (Path Sampling): 215 edges, 12 sources
2026-04-06 14:56:35 |     → Sampling 100 paths/source × 50 trials
2026-04-06 14:56:36 |     → Trial 1/50 completed (~3001 evaluations)
2026-04-06 14:56:50 |     → Trial 10/50 completed (~3023 evaluations)
2026-04-06 14:57:06 |     → Trial 20/50 completed (~2998 evaluations)
2026-04-06 14:57:21 |     → Trial 30/50 completed (~3012 evaluations)
2026-04-06 14:57:37 |     → Trial 40/50 completed (~3010 evaluations)
2026-04-06 14:57:52 |     → Trial 50/50 completed (~2975 evaluations)
2026-04-06 14:57:52 |     → Instance 88/100
2026-04-06 14:57:52 |     → ShapleyFlow (Path Sampling): 215 edges, 12 sources
2026-04-06 14:57:52 |     → Sampling 100 paths/source × 50 trials
2026-04-06 14:57:54 |     → Trial 1/50 completed (~3065 evaluations)
2026-04-06 14:58:08 |     → Trial 10/50 completed (~2973 evaluations)
2026-04-06 14:58:23 |     → Trial 20/50 completed (~3061 evaluations)
2026-04-06 14:58:39 |     → Trial 30/50 completed (~3119 evaluations)
2026-04-06 14:58:54 |     → Trial 40/50 completed (~2985 evaluations)
2026-04-06 14:59:10 |     → Trial 50/50 completed (~2998 evaluations)
2026-04-06 14:59:10 |     → Instance 89/100
2026-04-06 14:59:10 |     → ShapleyFlow (Path Sampling): 215 edges, 12 sources
2026-04-06 14:59:10 |     → Sampling 100 paths/source × 50 trials
2026-04-06 14:59:12 |     → Trial 1/50 completed (~2982 evaluations)
2026-04-06 14:59:26 |     → Trial 10/50 completed (~2999 evaluations)
2026-04-06 14:59:41 |     → Trial 20/50 completed (~3068 evaluations)
2026-04-06 14:59:57 |     → Trial 30/50 completed (~3088 evaluations)
2026-04-06 15:00:13 |     → Trial 40/50 completed (~3040 evaluations)
2026-04-06 15:00:28 |     → Trial 50/50 completed (~3029 evaluations)
2026-04-06 15:00:28 |     → Instance 90/100
2026-04-06 15:00:28 |     → ShapleyFlow (Path Sampling): 215 edges, 12 sources
2026-04-06 15:00:28 |     → Sampling 100 paths/source × 50 trials
2026-04-06 15:00:30 |     → Trial 1/50 completed (~2996 evaluations)
2026-04-06 15:00:44 |     → Trial 10/50 completed (~2995 evaluations)
2026-04-06 15:00:59 |     → Trial 20/50 completed (~2987 evaluations)
2026-04-06 15:01:14 |     → Trial 30/50 completed (~3039 evaluations)
2026-04-06 15:01:30 |     → Trial 40/50 completed (~2982 evaluations)
2026-04-06 15:01:45 |     → Trial 50/50 completed (~2992 evaluations)
2026-04-06 15:01:45 |     → Instance 91/100
2026-04-06 15:01:45 |     → ShapleyFlow (Path Sampling): 215 edges, 12 sources
2026-04-06 15:01:45 |     → Sampling 100 paths/source × 50 trials
2026-04-06 15:01:47 |     → Trial 1/50 completed (~3016 evaluations)
2026-04-06 15:02:01 |     → Trial 10/50 completed (~3081 evaluations)
2026-04-06 15:02:17 |     → Trial 20/50 completed (~3028 evaluations)
2026-04-06 15:02:32 |     → Trial 30/50 completed (~3042 evaluations)
2026-04-06 15:02:48 |     → Trial 40/50 completed (~3058 evaluations)
2026-04-06 15:03:03 |     → Trial 50/50 completed (~3010 evaluations)
2026-04-06 15:03:03 |     → Instance 92/100
2026-04-06 15:03:03 |     → ShapleyFlow (Path Sampling): 215 edges, 12 sources
2026-04-06 15:03:03 |     → Sampling 100 paths/source × 50 trials
2026-04-06 15:03:05 |     → Trial 1/50 completed (~2950 evaluations)
2026-04-06 15:03:19 |     → Trial 10/50 completed (~3041 evaluations)
2026-04-06 15:03:34 |     → Trial 20/50 completed (~3095 evaluations)
2026-04-06 15:03:50 |     → Trial 30/50 completed (~3051 evaluations)
2026-04-06 15:04:05 |     → Trial 40/50 completed (~3010 evaluations)
2026-04-06 15:04:21 |     → Trial 50/50 completed (~2999 evaluations)
2026-04-06 15:04:21 |     → Instance 93/100
2026-04-06 15:04:21 |     → ShapleyFlow (Path Sampling): 215 edges, 12 sources
2026-04-06 15:04:21 |     → Sampling 100 paths/source × 50 trials
2026-04-06 15:04:22 |     → Trial 1/50 completed (~3106 evaluations)
2026-04-06 15:04:36 |     → Trial 10/50 completed (~3029 evaluations)
2026-04-06 15:04:52 |     → Trial 20/50 completed (~2941 evaluations)
2026-04-06 15:05:07 |     → Trial 30/50 completed (~3039 evaluations)
2026-04-06 15:05:23 |     → Trial 40/50 completed (~3031 evaluations)
2026-04-06 15:05:38 |     → Trial 50/50 completed (~3025 evaluations)
2026-04-06 15:05:38 |     → Instance 94/100
2026-04-06 15:05:38 |     → ShapleyFlow (Path Sampling): 215 edges, 12 sources
2026-04-06 15:05:38 |     → Sampling 100 paths/source × 50 trials
2026-04-06 15:05:39 |     → Trial 1/50 completed (~2947 evaluations)
2026-04-06 15:05:54 |     → Trial 10/50 completed (~3022 evaluations)
2026-04-06 15:06:09 |     → Trial 20/50 completed (~3030 evaluations)
2026-04-06 15:06:25 |     → Trial 30/50 completed (~3052 evaluations)
2026-04-06 15:06:40 |     → Trial 40/50 completed (~3037 evaluations)
2026-04-06 15:06:56 |     → Trial 50/50 completed (~3046 evaluations)
2026-04-06 15:06:56 |     → Instance 95/100
2026-04-06 15:06:56 |     → ShapleyFlow (Path Sampling): 215 edges, 12 sources
2026-04-06 15:06:56 |     → Sampling 100 paths/source × 50 trials
2026-04-06 15:06:57 |     → Trial 1/50 completed (~2989 evaluations)
2026-04-06 15:07:12 |     → Trial 10/50 completed (~3079 evaluations)
2026-04-06 15:07:27 |     → Trial 20/50 completed (~3094 evaluations)
2026-04-06 15:07:42 |     → Trial 30/50 completed (~2999 evaluations)
2026-04-06 15:07:58 |     → Trial 40/50 completed (~2981 evaluations)
2026-04-06 15:08:13 |     → Trial 50/50 completed (~3019 evaluations)
2026-04-06 15:08:13 |     → Instance 96/100
2026-04-06 15:08:13 |     → ShapleyFlow (Path Sampling): 215 edges, 12 sources
2026-04-06 15:08:13 |     → Sampling 100 paths/source × 50 trials
2026-04-06 15:08:15 |     → Trial 1/50 completed (~2999 evaluations)
2026-04-06 15:08:29 |     → Trial 10/50 completed (~3004 evaluations)
2026-04-06 15:08:44 |     → Trial 20/50 completed (~3001 evaluations)
2026-04-06 15:09:00 |     → Trial 30/50 completed (~3051 evaluations)
2026-04-06 15:09:15 |     → Trial 40/50 completed (~3037 evaluations)
2026-04-06 15:09:31 |     → Trial 50/50 completed (~3101 evaluations)
2026-04-06 15:09:31 |     → Instance 97/100
2026-04-06 15:09:31 |     → ShapleyFlow (Path Sampling): 215 edges, 12 sources
2026-04-06 15:09:31 |     → Sampling 100 paths/source × 50 trials
2026-04-06 15:09:32 |     → Trial 1/50 completed (~2957 evaluations)
2026-04-06 15:09:46 |     → Trial 10/50 completed (~3031 evaluations)
2026-04-06 15:10:01 |     → Trial 20/50 completed (~3006 evaluations)
2026-04-06 15:10:17 |     → Trial 30/50 completed (~2970 evaluations)
2026-04-06 15:10:32 |     → Trial 40/50 completed (~3020 evaluations)
2026-04-06 15:10:48 |     → Trial 50/50 completed (~3022 evaluations)
2026-04-06 15:10:48 |     → Instance 98/100
2026-04-06 15:10:48 |     → ShapleyFlow (Path Sampling): 215 edges, 12 sources
2026-04-06 15:10:48 |     → Sampling 100 paths/source × 50 trials
2026-04-06 15:10:49 |     → Trial 1/50 completed (~3011 evaluations)
2026-04-06 15:11:03 |     → Trial 10/50 completed (~3049 evaluations)
2026-04-06 15:11:19 |     → Trial 20/50 completed (~3087 evaluations)
2026-04-06 15:11:34 |     → Trial 30/50 completed (~3016 evaluations)
2026-04-06 15:11:49 |     → Trial 40/50 completed (~3037 evaluations)
2026-04-06 15:12:05 |     → Trial 50/50 completed (~3061 evaluations)
2026-04-06 15:12:05 |     → Instance 99/100
2026-04-06 15:12:05 |     → ShapleyFlow (Path Sampling): 215 edges, 12 sources
2026-04-06 15:12:05 |     → Sampling 100 paths/source × 50 trials
2026-04-06 15:12:07 |     → Trial 1/50 completed (~3043 evaluations)
2026-04-06 15:12:21 |     → Trial 10/50 completed (~3006 evaluations)
2026-04-06 15:12:36 |     → Trial 20/50 completed (~2976 evaluations)
2026-04-06 15:12:52 |     → Trial 30/50 completed (~3050 evaluations)
2026-04-06 15:13:07 |     → Trial 40/50 completed (~3062 evaluations)
2026-04-06 15:13:23 |     → Trial 50/50 completed (~2928 evaluations)
2026-04-06 15:13:23 |     → Instance 100/100
2026-04-06 15:13:23 |     → ShapleyFlow (Path Sampling): 215 edges, 12 sources
2026-04-06 15:13:23 |     → Sampling 100 paths/source × 50 trials
2026-04-06 15:13:24 |     → Trial 1/50 completed (~3001 evaluations)
2026-04-06 15:13:38 |     → Trial 10/50 completed (~3013 evaluations)
2026-04-06 15:13:54 |     → Trial 20/50 completed (~3003 evaluations)
2026-04-06 15:14:10 |     → Trial 30/50 completed (~3088 evaluations)
2026-04-06 15:14:25 |     → Trial 40/50 completed (~3035 evaluations)
2026-04-06 15:14:41 |     → Trial 50/50 completed (~3044 evaluations)
2026-04-06 15:14:41 |     → All instances completed
2026-04-06 15:14:41 |   ✓ Completed mixed_conf_f50_s1000_p50 in 201.0 minutes
2026-04-06 15:14:41 | 
================================================================================
2026-04-06 15:14:41 | Step 5 Complete: Shapley values calculated for all combinations
2026-04-06 15:14:41 | ================================================================================

2026-04-06 15:14:41 | ================================================================================
2026-04-06 15:14:41 | STEP 6: CREATING PC vs LiNGAM COMPARISON (mixed_no_conf + LGBM)
2026-04-06 15:14:41 | ================================================================================
2026-04-06 15:14:41 | ================================================================================
2026-04-06 15:14:41 | STEP 6: CREATING PC vs LiNGAM COMPARISON (mixed_conf_f50_s1000_p50 + LGBM)
2026-04-06 15:14:41 | ================================================================================
2026-04-06 15:14:41 | 
[Dataset 1/1] Processing mixed_conf_f50_s1000_p50
2026-04-06 15:14:41 |   Creating PC vs LiNGAM comparison for LGBM...
2026-04-06 15:14:41 |   Top 10 features from Scratch: ['X28', 'X44', 'X13', 'X37', 'X35', 'X49', 'X30', 'X48', 'X32', 'X27']
2026-04-06 15:14:41 | 
================================================================================
2026-04-06 15:14:41 | ERROR: Pipeline failed!
2026-04-06 15:14:41 | ================================================================================
2026-04-06 15:14:41 | Error message: [Errno 2] No such file or directory: '/Users/juanrios/Documents/master_thesis/data/explainability/mixed_conf_f50_s1000_p50/lgbm/lingam/asymmetric/shapley_values.npy'
2026-04-06 15:14:41 | Traceback (most recent call last):
  File "/Users/juanrios/Documents/master_thesis/experimental_pipeline/experimental_pipeline.py", line 919, in main
    calculate_comparison_metrics(dataset_configs)
  File "/Users/juanrios/Documents/master_thesis/experimental_pipeline/experimental_pipeline.py", line 771, in calculate_comparison_metrics
    asymmetric_values = np.load(asym_dir / 'shapley_values.npy')
                        ^^^^^^^^^^^^^^^^^^^^^^^^^^^^^^^^^^^^^^^^
  File "/Users/juanrios/Documents/master_thesis/.venv/lib/python3.11/site-packages/numpy/lib/_npyio_impl.py", line 454, in load
    fid = stack.enter_context(open(os.fspath(file), "rb"))
                              ^^^^^^^^^^^^^^^^^^^^^^^^^^^
FileNotFoundError: [Errno 2] No such file or directory: '/Users/juanrios/Documents/master_thesis/data/explainability/mixed_conf_f50_s1000_p50/lgbm/lingam/asymmetric/shapley_values.npy'

