2026-05-30 23:46:47 | Log file: /Users/juanrios/Documents/master_thesis/logs/pipeline_20260530_234647.log
2026-05-30 23:46:47 | 
================================================================================
2026-05-30 23:46:47 | EXPERIMENTAL PIPELINE: CAUSAL FEATURE IMPORTANCE COMPARISON
2026-05-30 23:46:47 | ================================================================================
2026-05-30 23:46:47 | 
================================================================================
2026-05-30 23:46:47 | CONFIGURATION PARAMETERS
2026-05-30 23:46:47 | ================================================================================
2026-05-30 23:46:47 | 
1. DATASET PARAMETERS:
2026-05-30 23:46:47 |    - N_FEATURES: 50
2026-05-30 23:46:47 |    - N_SAMPLES: 1000
2026-05-30 23:46:47 |    - Y_PARENTS_RATIO: 0.5
2026-05-30 23:46:47 |    - NOISE_STD: 0.5
2026-05-30 23:46:47 |    - EDGE_PROBABILITY: 0.2
2026-05-30 23:46:47 |    - MIN_CONNECTED_EDGES: 2
2026-05-30 23:46:47 |    - RANDOM_STATE: 42
2026-05-30 23:46:47 | 
2. MODEL TRAINING PARAMETERS:
2026-05-30 23:46:47 |    - TEST_SIZE: 0.2
2026-05-30 23:46:47 |    - BACKGROUND_RATIO: 0.3
2026-05-30 23:46:47 |    - TEST_INSTANCES_RATIO: 0.5
2026-05-30 23:46:47 | 
3. EXPLAINABILITY PARAMETERS:
2026-05-30 23:46:47 |    - N_SHAPLEY_SAMPLES: 100
2026-05-30 23:46:47 |    - M_INNER_SAMPLES_CAUSAL: 10
2026-05-30 23:46:47 | 
4. CAUSAL DISCOVERY PARAMETERS:
2026-05-30 23:46:47 |    - LINGAM_ALPHA: 0.05
2026-05-30 23:46:47 |    - PC_ALPHA: 0.05
2026-05-30 23:46:47 |    - INDEP_TEST: fisherz
2026-05-30 23:46:47 | 
5. TARGET CONFIGURATION:
2026-05-30 23:46:47 |    - TARGET_DATASETS: ['linear_conf_f50_s1000_p50']
2026-05-30 23:46:47 |    - MODEL: LGBM (only)
2026-05-30 23:46:47 | 
6. DIRECTORIES:
2026-05-30 23:46:47 |    - BASE_DIR: /Users/juanrios/Documents/master_thesis
2026-05-30 23:46:47 |    - SYNTHETIC_DIR: /Users/juanrios/Documents/master_thesis/data/synthetic
2026-05-30 23:46:47 |    - PROCESSED_DIR: /Users/juanrios/Documents/master_thesis/data/processed
2026-05-30 23:46:47 |    - CAUSAL_DIR: /Users/juanrios/Documents/master_thesis/data/causal
2026-05-30 23:46:47 |    - EXPLAINABILITY_DIR: /Users/juanrios/Documents/master_thesis/data/explainability
2026-05-30 23:46:47 |    - MODELS_DIR: /Users/juanrios/Documents/master_thesis/models
2026-05-30 23:46:47 |    - LOGS_DIR: /Users/juanrios/Documents/master_thesis/logs
2026-05-30 23:46:47 | 
================================================================================

2026-05-30 23:46:47 | ================================================================================
2026-05-30 23:46:47 | STEP 1: GENERATING SYNTHETIC DATASETS
2026-05-30 23:46:47 | ================================================================================
2026-05-30 23:46:47 | 
[Dataset 1/6] Generating linear system without confounders
2026-05-30 23:46:48 |   ✓ Saved: linear_no_conf_f50_s1000_p50 | Features: 50, Samples: 1000, Y parents: 25, Edges: 291, Confounders: 0
2026-05-30 23:46:48 | 
[Dataset 2/6] Generating linear system with confounders
2026-05-30 23:46:48 |   ✓ Saved: linear_conf_f50_s1000_p50 | Features: 50, Samples: 1000, Y parents: 25, Edges: 291, Confounders: 5
2026-05-30 23:46:48 | 
[Dataset 3/6] Generating nonlinear system without confounders
2026-05-30 23:46:48 |   ✓ Saved: nonlinear_no_conf_f50_s1000_p50 | Features: 50, Samples: 1000, Y parents: 25, Edges: 291, Confounders: 0
2026-05-30 23:46:48 | 
[Dataset 4/6] Generating nonlinear system with confounders
2026-05-30 23:46:48 |   ✓ Saved: nonlinear_conf_f50_s1000_p50 | Features: 50, Samples: 1000, Y parents: 25, Edges: 291, Confounders: 5
2026-05-30 23:46:48 | 
[Dataset 5/6] Generating mixed system without confounders
2026-05-30 23:46:48 |   ✓ Saved: mixed_no_conf_f50_s1000_p50 | Features: 50, Samples: 1000, Y parents: 25, Edges: 291, Confounders: 0
2026-05-30 23:46:48 | 
[Dataset 6/6] Generating mixed system with confounders
2026-05-30 23:46:48 |   ✓ Saved: mixed_conf_f50_s1000_p50 | Features: 50, Samples: 1000, Y parents: 25, Edges: 291, Confounders: 5
2026-05-30 23:46:48 | 
================================================================================
2026-05-30 23:46:48 | Step 1 Complete: 6 datasets generated
2026-05-30 23:46:48 | ================================================================================

2026-05-30 23:46:48 | ================================================================================
2026-05-30 23:46:48 | STEP 2: CREATING TRAIN/TEST SPLITS
2026-05-30 23:46:48 | ================================================================================
2026-05-30 23:46:48 | 
[Dataset 1/6] Processing linear_no_conf_f50_s1000_p50...
2026-05-30 23:46:48 |   ✓ Train: (800, 51), Test: (200, 51)
2026-05-30 23:46:48 | 
[Dataset 2/6] Processing linear_conf_f50_s1000_p50...
2026-05-30 23:46:48 |   ✓ Train: (800, 51), Test: (200, 51)
2026-05-30 23:46:48 | 
[Dataset 3/6] Processing nonlinear_no_conf_f50_s1000_p50...
2026-05-30 23:46:48 |   ✓ Train: (800, 51), Test: (200, 51)
2026-05-30 23:46:48 | 
[Dataset 4/6] Processing nonlinear_conf_f50_s1000_p50...
2026-05-30 23:46:48 |   ✓ Train: (800, 51), Test: (200, 51)
2026-05-30 23:46:48 | 
[Dataset 5/6] Processing mixed_no_conf_f50_s1000_p50...
2026-05-30 23:46:48 |   ✓ Train: (800, 51), Test: (200, 51)
2026-05-30 23:46:48 | 
[Dataset 6/6] Processing mixed_conf_f50_s1000_p50...
2026-05-30 23:46:48 |   ✓ Train: (800, 51), Test: (200, 51)
2026-05-30 23:46:48 | 
================================================================================
2026-05-30 23:46:48 | Step 2 Complete: Train/test splits created for 6 datasets
2026-05-30 23:46:48 | ================================================================================

2026-05-30 23:46:48 | ================================================================================
2026-05-30 23:46:48 | STEP 3: TRAINING PREDICTIVE MODELS (LGBM only, 6 datasets — all)
2026-05-30 23:46:48 | ================================================================================
2026-05-30 23:46:48 | 
[Dataset 1/6] Training LGBM model for linear_no_conf_f50_s1000_p50
2026-05-30 23:46:48 |   Training LGBM...
2026-05-30 23:47:07 |   ✓ LGBM: R²=0.8353, MSE=4.8735, MAE=1.7423, RMSE=2.2076
2026-05-30 23:47:07 |   ✓ LGBM model saved with the following number of features: 50
2026-05-30 23:47:07 | 
[Dataset 2/6] Training LGBM model for linear_conf_f50_s1000_p50
2026-05-30 23:47:07 |   Training LGBM...
2026-05-30 23:47:32 |   ✓ LGBM: R²=0.9067, MSE=6.4344, MAE=1.9706, RMSE=2.5366
2026-05-30 23:47:32 |   ✓ LGBM model saved with the following number of features: 50
2026-05-30 23:47:32 | 
[Dataset 3/6] Training LGBM model for nonlinear_no_conf_f50_s1000_p50
2026-05-30 23:47:32 |   Training LGBM...
2026-05-30 23:47:49 |   ✓ LGBM: R²=0.4717, MSE=0.4935, MAE=0.4930, RMSE=0.7025
2026-05-30 23:47:49 |   ✓ LGBM model saved with the following number of features: 50
2026-05-30 23:47:49 | 
[Dataset 4/6] Training LGBM model for nonlinear_conf_f50_s1000_p50
2026-05-30 23:47:49 |   Training LGBM...
2026-05-30 23:48:02 |   ✓ LGBM: R²=0.7017, MSE=0.4117, MAE=0.4828, RMSE=0.6416
2026-05-30 23:48:02 |   ✓ LGBM model saved with the following number of features: 50
2026-05-30 23:48:02 | 
[Dataset 5/6] Training LGBM model for mixed_no_conf_f50_s1000_p50
2026-05-30 23:48:02 |   Training LGBM...
2026-05-30 23:48:09 |   ✓ LGBM: R²=0.5733, MSE=0.5972, MAE=0.5374, RMSE=0.7728
2026-05-30 23:48:09 |   ✓ LGBM model saved with the following number of features: 50
2026-05-30 23:48:09 | 
[Dataset 6/6] Training LGBM model for mixed_conf_f50_s1000_p50
2026-05-30 23:48:09 |   Training LGBM...
2026-05-30 23:48:35 |   ✓ LGBM: R²=0.5250, MSE=0.5542, MAE=0.5321, RMSE=0.7444
2026-05-30 23:48:35 |   ✓ LGBM model saved with the following number of features: 50
2026-05-30 23:48:35 | 
================================================================================
2026-05-30 23:48:35 | Step 3 Complete: LGBM model trained for 6 datasets
2026-05-30 23:48:35 | ================================================================================

2026-05-30 23:48:35 | ================================================================================
2026-05-30 23:48:35 | STEP 4: RUNNING CAUSAL DISCOVERY
2026-05-30 23:48:35 | ================================================================================
2026-05-30 23:48:35 | 
[Dataset 1/6] Processing linear_no_conf_f50_s1000_p50
2026-05-30 23:48:35 |   True DAG reference: 266 X→X edges + 4 X→Y edges
2026-05-30 23:48:35 |   True DAG reference saved to linear_no_conf_f50_s1000_p50_true_full_adjacency.npy
2026-05-30 23:48:35 |   Running LiNGAM on full training set (800 rows)...
2026-05-30 23:48:40 |   Running PC on full training set (800 rows)...
2026-05-30 23:48:41 |   Extracting X-only train adjacency matrices for Step 5...
2026-05-30 23:48:41 |   ✓ LINGAM: F1=0.290, Precision=0.324, Recall=0.263
2026-05-30 23:48:43 |   ✓ PC: F1=0.197, Precision=0.407, Recall=0.130
2026-05-30 23:48:44 | 
[Dataset 2/6] Processing linear_conf_f50_s1000_p50
2026-05-30 23:48:44 |   Loaded LGBM model (50 features used for Y edges)
2026-05-30 23:48:44 |   True DAG reference: 266 X→X edges + 50 X→Y edges
2026-05-30 23:48:44 |   True DAG reference saved to linear_conf_f50_s1000_p50_true_full_adjacency.npy
2026-05-30 23:48:44 |   Running LiNGAM on full training set (800 rows)...
2026-05-30 23:48:49 |   Running PC on full training set (800 rows)...
2026-05-30 23:48:50 |   Extracting X-only train adjacency matrices for Step 5...
2026-05-30 23:48:50 |   ✓ LINGAM: F1=0.307, Precision=0.308, Recall=0.307
2026-05-30 23:48:52 |   ✓ PC: F1=0.405, Precision=0.718, Recall=0.282
2026-05-30 23:48:54 | 
[Dataset 3/6] Processing nonlinear_no_conf_f50_s1000_p50
2026-05-30 23:48:54 |   True DAG reference: 266 X→X edges + 4 X→Y edges
2026-05-30 23:48:54 |   True DAG reference saved to nonlinear_no_conf_f50_s1000_p50_true_full_adjacency.npy
2026-05-30 23:48:54 |   Running LiNGAM on full training set (800 rows)...
2026-05-30 23:48:59 |   Running PC on full training set (800 rows)...
2026-05-30 23:49:01 |   Extracting X-only train adjacency matrices for Step 5...
2026-05-30 23:49:01 |   ✓ LINGAM: F1=0.227, Precision=0.228, Recall=0.226
2026-05-30 23:49:02 |   ✓ PC: F1=0.187, Precision=0.296, Recall=0.137
2026-05-30 23:49:04 | 
[Dataset 4/6] Processing nonlinear_conf_f50_s1000_p50
2026-05-30 23:49:04 |   True DAG reference: 266 X→X edges + 4 X→Y edges
2026-05-30 23:49:04 |   True DAG reference saved to nonlinear_conf_f50_s1000_p50_true_full_adjacency.npy
2026-05-30 23:49:04 |   Running LiNGAM on full training set (800 rows)...
2026-05-30 23:49:09 |   Running PC on full training set (800 rows)...
2026-05-30 23:49:11 |   Extracting X-only train adjacency matrices for Step 5...
2026-05-30 23:49:11 |   ✓ LINGAM: F1=0.161, Precision=0.176, Recall=0.148
2026-05-30 23:49:13 |   ✓ PC: F1=0.168, Precision=0.270, Recall=0.122
2026-05-30 23:49:14 | 
[Dataset 5/6] Processing mixed_no_conf_f50_s1000_p50
2026-05-30 23:49:14 |   True DAG reference: 266 X→X edges + 4 X→Y edges
2026-05-30 23:49:14 |   True DAG reference saved to mixed_no_conf_f50_s1000_p50_true_full_adjacency.npy
2026-05-30 23:49:14 |   Running LiNGAM on full training set (800 rows)...
2026-05-30 23:49:19 |   Running PC on full training set (800 rows)...
2026-05-30 23:49:21 |   Extracting X-only train adjacency matrices for Step 5...
2026-05-30 23:49:21 |   ✓ LINGAM: F1=0.420, Precision=0.410, Recall=0.430
2026-05-30 23:49:23 |   ✓ PC: F1=0.190, Precision=0.330, Recall=0.133
2026-05-30 23:49:25 | 
[Dataset 6/6] Processing mixed_conf_f50_s1000_p50
2026-05-30 23:49:25 |   True DAG reference: 266 X→X edges + 4 X→Y edges
2026-05-30 23:49:25 |   True DAG reference saved to mixed_conf_f50_s1000_p50_true_full_adjacency.npy
2026-05-30 23:49:25 |   Running LiNGAM on full training set (800 rows)...
2026-05-30 23:49:29 |   Running PC on full training set (800 rows)...
2026-05-30 23:49:31 |   Extracting X-only train adjacency matrices for Step 5...
2026-05-30 23:49:31 |   ✓ LINGAM: F1=0.322, Precision=0.319, Recall=0.326
2026-05-30 23:49:33 |   ✓ PC: F1=0.252, Precision=0.432, Recall=0.178
2026-05-30 23:49:34 | 
================================================================================
2026-05-30 23:49:34 | Step 4 Complete: Causal discovery completed for 6 datasets
2026-05-30 23:49:34 | ================================================================================

2026-05-30 23:49:34 | ================================================================================
2026-05-30 23:49:34 | STEP 5: CALCULATING SHAPLEY VALUES (1 datasets + LGBM only)
2026-05-30 23:49:34 | ================================================================================
2026-05-30 23:49:34 | 
[Dataset 1/1] Processing linear_conf_f50_s1000_p50
2026-05-30 23:49:34 |   [Progress: 1/10] LGBM - ShapleyFromScratch
2026-05-30 23:49:34 | Starting ShapleyFromScratch computation for 100 instances
2026-05-30 23:49:34 | Using 100 samples per instance
2026-05-30 23:49:39 |     Sample 100/100 completed
2026-05-30 23:49:43 |     Sample 100/100 completed
2026-05-30 23:49:48 |     Sample 100/100 completed
2026-05-30 23:49:53 |     Sample 100/100 completed
2026-05-30 23:49:57 |     Sample 100/100 completed
2026-05-30 23:50:02 |     Sample 100/100 completed
2026-05-30 23:50:06 |     Sample 100/100 completed
2026-05-30 23:50:11 |     Sample 100/100 completed
2026-05-30 23:50:15 |     Sample 100/100 completed
2026-05-30 23:50:20 |     Sample 100/100 completed
2026-05-30 23:50:24 |     Sample 100/100 completed
2026-05-30 23:50:29 |     Sample 100/100 completed
2026-05-30 23:50:33 |     Sample 100/100 completed
2026-05-30 23:50:38 |     Sample 100/100 completed
2026-05-30 23:50:42 |     Sample 100/100 completed
2026-05-30 23:50:47 |     Sample 100/100 completed
2026-05-30 23:50:52 |     Sample 100/100 completed
2026-05-30 23:50:56 |     Sample 100/100 completed
2026-05-30 23:51:01 |     Sample 100/100 completed
2026-05-30 23:51:05 |     Sample 100/100 completed
2026-05-30 23:51:05 |   Completed 20/100 instances
2026-05-30 23:51:10 |     Sample 100/100 completed
2026-05-30 23:51:14 |     Sample 100/100 completed
2026-05-30 23:51:19 |     Sample 100/100 completed
2026-05-30 23:51:23 |     Sample 100/100 completed
2026-05-30 23:51:28 |     Sample 100/100 completed
2026-05-30 23:51:32 |     Sample 100/100 completed
2026-05-30 23:51:36 |     Sample 100/100 completed
2026-05-30 23:51:41 |     Sample 100/100 completed
2026-05-30 23:51:45 |     Sample 100/100 completed
2026-05-30 23:51:50 |     Sample 100/100 completed
2026-05-30 23:51:54 |     Sample 100/100 completed
2026-05-30 23:51:59 |     Sample 100/100 completed
2026-05-30 23:52:03 |     Sample 100/100 completed
2026-05-30 23:52:07 |     Sample 100/100 completed
2026-05-30 23:52:12 |     Sample 100/100 completed
2026-05-30 23:52:16 |     Sample 100/100 completed
2026-05-30 23:52:21 |     Sample 100/100 completed
2026-05-30 23:52:25 |     Sample 100/100 completed
2026-05-30 23:52:30 |     Sample 100/100 completed
2026-05-30 23:52:34 |     Sample 100/100 completed
2026-05-30 23:52:34 |   Completed 40/100 instances
2026-05-30 23:52:38 |     Sample 100/100 completed
2026-05-30 23:52:43 |     Sample 100/100 completed
2026-05-30 23:52:47 |     Sample 100/100 completed
2026-05-30 23:52:53 |     Sample 100/100 completed
2026-05-30 23:52:57 |     Sample 100/100 completed
2026-05-30 23:53:01 |     Sample 100/100 completed
2026-05-30 23:53:06 |     Sample 100/100 completed
2026-05-30 23:53:11 |     Sample 100/100 completed
2026-05-30 23:53:16 |     Sample 100/100 completed
2026-05-30 23:53:20 |     Sample 100/100 completed
2026-05-30 23:53:25 |     Sample 100/100 completed
2026-05-30 23:53:29 |     Sample 100/100 completed
2026-05-30 23:53:34 |     Sample 100/100 completed
2026-05-30 23:53:38 |     Sample 100/100 completed
2026-05-30 23:53:43 |     Sample 100/100 completed
2026-05-30 23:53:47 |     Sample 100/100 completed
2026-05-30 23:53:52 |     Sample 100/100 completed
2026-05-30 23:53:56 |     Sample 100/100 completed
2026-05-30 23:54:01 |     Sample 100/100 completed
2026-05-30 23:54:06 |     Sample 100/100 completed
2026-05-30 23:54:06 |   Completed 60/100 instances
2026-05-30 23:54:10 |     Sample 100/100 completed
2026-05-30 23:54:15 |     Sample 100/100 completed
2026-05-30 23:54:19 |     Sample 100/100 completed
2026-05-30 23:54:24 |     Sample 100/100 completed
2026-05-30 23:54:28 |     Sample 100/100 completed
2026-05-30 23:54:32 |     Sample 100/100 completed
2026-05-30 23:54:37 |     Sample 100/100 completed
2026-05-30 23:54:42 |     Sample 100/100 completed
2026-05-30 23:54:46 |     Sample 100/100 completed
2026-05-30 23:54:51 |     Sample 100/100 completed
2026-05-30 23:54:56 |     Sample 100/100 completed
2026-05-30 23:55:00 |     Sample 100/100 completed
2026-05-30 23:55:04 |     Sample 100/100 completed
2026-05-30 23:55:09 |     Sample 100/100 completed
2026-05-30 23:55:13 |     Sample 100/100 completed
2026-05-30 23:55:18 |     Sample 100/100 completed
2026-05-30 23:55:22 |     Sample 100/100 completed
2026-05-30 23:55:26 |     Sample 100/100 completed
2026-05-30 23:55:31 |     Sample 100/100 completed
2026-05-30 23:55:35 |     Sample 100/100 completed
2026-05-30 23:55:35 |   Completed 80/100 instances
2026-05-30 23:55:39 |     Sample 100/100 completed
2026-05-30 23:55:44 |     Sample 100/100 completed
2026-05-30 23:55:48 |     Sample 100/100 completed
2026-05-30 23:55:53 |     Sample 100/100 completed
2026-05-30 23:55:57 |     Sample 100/100 completed
2026-05-30 23:56:02 |     Sample 100/100 completed
2026-05-30 23:56:06 |     Sample 100/100 completed
2026-05-30 23:56:10 |     Sample 100/100 completed
2026-05-30 23:56:15 |     Sample 100/100 completed
2026-05-30 23:56:19 |     Sample 100/100 completed
2026-05-30 23:56:24 |     Sample 100/100 completed
2026-05-30 23:56:28 |     Sample 100/100 completed
2026-05-30 23:56:33 |     Sample 100/100 completed
2026-05-30 23:56:37 |     Sample 100/100 completed
2026-05-30 23:56:42 |     Sample 100/100 completed
2026-05-30 23:56:46 |     Sample 100/100 completed
2026-05-30 23:56:51 |     Sample 100/100 completed
2026-05-30 23:56:55 |     Sample 100/100 completed
2026-05-30 23:56:59 |     Sample 100/100 completed
2026-05-30 23:57:04 |     Sample 100/100 completed
2026-05-30 23:57:04 |   Completed 100/100 instances
2026-05-30 23:57:04 | Completed all 100 instances
2026-05-30 23:57:04 |   [Progress: 2/10] LGBM + PC - AsymmetricShapley
2026-05-30 23:57:04 |  Calculating asymmetric SHAP values
2026-05-30 23:57:04 | Starting Asymmetric Shapley (topo-ordering) computation for 100 instances
2026-05-30 23:57:04 | Using 100 samples per instance
2026-05-30 23:57:04 |     Sample 10/100 completed
2026-05-30 23:57:04 |     Sample 20/100 completed
2026-05-30 23:57:05 |     Sample 30/100 completed
2026-05-30 23:57:05 |     Sample 40/100 completed
2026-05-30 23:57:06 |     Sample 50/100 completed
2026-05-30 23:57:06 |     Sample 60/100 completed
2026-05-30 23:57:07 |     Sample 70/100 completed
2026-05-30 23:57:07 |     Sample 80/100 completed
2026-05-30 23:57:08 |     Sample 90/100 completed
2026-05-30 23:57:08 |     Sample 100/100 completed
2026-05-30 23:57:08 |     Sample 10/100 completed
2026-05-30 23:57:09 |     Sample 20/100 completed
2026-05-30 23:57:09 |     Sample 30/100 completed
2026-05-30 23:57:10 |     Sample 40/100 completed
2026-05-30 23:57:10 |     Sample 50/100 completed
2026-05-30 23:57:11 |     Sample 60/100 completed
2026-05-30 23:57:11 |     Sample 70/100 completed
2026-05-30 23:57:12 |     Sample 80/100 completed
2026-05-30 23:57:12 |     Sample 90/100 completed
2026-05-30 23:57:12 |     Sample 100/100 completed
2026-05-30 23:57:13 |     Sample 10/100 completed
2026-05-30 23:57:13 |     Sample 20/100 completed
2026-05-30 23:57:14 |     Sample 30/100 completed
2026-05-30 23:57:14 |     Sample 40/100 completed
2026-05-30 23:57:15 |     Sample 50/100 completed
2026-05-30 23:57:15 |     Sample 60/100 completed
2026-05-30 23:57:16 |     Sample 70/100 completed
2026-05-30 23:57:16 |     Sample 80/100 completed
2026-05-30 23:57:17 |     Sample 90/100 completed
2026-05-30 23:57:17 |     Sample 100/100 completed
2026-05-30 23:57:17 |     Sample 10/100 completed
2026-05-30 23:57:18 |     Sample 20/100 completed
2026-05-30 23:57:18 |     Sample 30/100 completed
2026-05-30 23:57:19 |     Sample 40/100 completed
2026-05-30 23:57:19 |     Sample 50/100 completed
2026-05-30 23:57:20 |     Sample 60/100 completed
2026-05-30 23:57:20 |     Sample 70/100 completed
2026-05-30 23:57:20 |     Sample 80/100 completed
2026-05-30 23:57:21 |     Sample 90/100 completed
2026-05-30 23:57:21 |     Sample 100/100 completed
2026-05-30 23:57:22 |     Sample 10/100 completed
2026-05-30 23:57:22 |     Sample 20/100 completed
2026-05-30 23:57:23 |     Sample 30/100 completed
2026-05-30 23:57:23 |     Sample 40/100 completed
2026-05-30 23:57:24 |     Sample 50/100 completed
2026-05-30 23:57:24 |     Sample 60/100 completed
2026-05-30 23:57:25 |     Sample 70/100 completed
2026-05-30 23:57:25 |     Sample 80/100 completed
2026-05-30 23:57:25 |     Sample 90/100 completed
2026-05-30 23:57:26 |     Sample 100/100 completed
2026-05-30 23:57:26 |     Sample 10/100 completed
2026-05-30 23:57:27 |     Sample 20/100 completed
2026-05-30 23:57:27 |     Sample 30/100 completed
2026-05-30 23:57:28 |     Sample 40/100 completed
2026-05-30 23:57:28 |     Sample 50/100 completed
2026-05-30 23:57:29 |     Sample 60/100 completed
2026-05-30 23:57:29 |     Sample 70/100 completed
2026-05-30 23:57:29 |     Sample 80/100 completed
2026-05-30 23:57:30 |     Sample 90/100 completed
2026-05-30 23:57:30 |     Sample 100/100 completed
2026-05-30 23:57:31 |     Sample 10/100 completed
2026-05-30 23:57:31 |     Sample 20/100 completed
2026-05-30 23:57:32 |     Sample 30/100 completed
2026-05-30 23:57:32 |     Sample 40/100 completed
2026-05-30 23:57:32 |     Sample 50/100 completed
2026-05-30 23:57:33 |     Sample 60/100 completed
2026-05-30 23:57:33 |     Sample 70/100 completed
2026-05-30 23:57:34 |     Sample 80/100 completed
2026-05-30 23:57:34 |     Sample 90/100 completed
2026-05-30 23:57:35 |     Sample 100/100 completed
2026-05-30 23:57:35 |     Sample 10/100 completed
2026-05-30 23:57:35 |     Sample 20/100 completed
2026-05-30 23:57:36 |     Sample 30/100 completed
2026-05-30 23:57:36 |     Sample 40/100 completed
2026-05-30 23:57:37 |     Sample 50/100 completed
2026-05-30 23:57:37 |     Sample 60/100 completed
2026-05-30 23:57:38 |     Sample 70/100 completed
2026-05-30 23:57:38 |     Sample 80/100 completed
2026-05-30 23:57:38 |     Sample 90/100 completed
2026-05-30 23:57:39 |     Sample 100/100 completed
2026-05-30 23:57:39 |     Sample 10/100 completed
2026-05-30 23:57:40 |     Sample 20/100 completed
2026-05-30 23:57:40 |     Sample 30/100 completed
2026-05-30 23:57:41 |     Sample 40/100 completed
2026-05-30 23:57:41 |     Sample 50/100 completed
2026-05-30 23:57:42 |     Sample 60/100 completed
2026-05-30 23:57:42 |     Sample 70/100 completed
2026-05-30 23:57:43 |     Sample 80/100 completed
2026-05-30 23:57:43 |     Sample 90/100 completed
2026-05-30 23:57:43 |     Sample 100/100 completed
2026-05-30 23:57:44 |     Sample 10/100 completed
2026-05-30 23:57:44 |     Sample 20/100 completed
2026-05-30 23:57:45 |     Sample 30/100 completed
2026-05-30 23:57:45 |     Sample 40/100 completed
2026-05-30 23:57:46 |     Sample 50/100 completed
2026-05-30 23:57:46 |     Sample 60/100 completed
2026-05-30 23:57:46 |     Sample 70/100 completed
2026-05-30 23:57:47 |     Sample 80/100 completed
2026-05-30 23:57:47 |     Sample 90/100 completed
2026-05-30 23:57:48 |     Sample 100/100 completed
2026-05-30 23:57:48 |     Sample 10/100 completed
2026-05-30 23:57:49 |     Sample 20/100 completed
2026-05-30 23:57:49 |     Sample 30/100 completed
2026-05-30 23:57:49 |     Sample 40/100 completed
2026-05-30 23:57:50 |     Sample 50/100 completed
2026-05-30 23:57:50 |     Sample 60/100 completed
2026-05-30 23:57:51 |     Sample 70/100 completed
2026-05-30 23:57:51 |     Sample 80/100 completed
2026-05-30 23:57:52 |     Sample 90/100 completed
2026-05-30 23:57:52 |     Sample 100/100 completed
2026-05-30 23:57:53 |     Sample 10/100 completed
2026-05-30 23:57:53 |     Sample 20/100 completed
2026-05-30 23:57:54 |     Sample 30/100 completed
2026-05-30 23:57:54 |     Sample 40/100 completed
2026-05-30 23:57:54 |     Sample 50/100 completed
2026-05-30 23:57:55 |     Sample 60/100 completed
2026-05-30 23:57:55 |     Sample 70/100 completed
2026-05-30 23:57:56 |     Sample 80/100 completed
2026-05-30 23:57:56 |     Sample 90/100 completed
2026-05-30 23:57:57 |     Sample 100/100 completed
2026-05-30 23:57:57 |     Sample 10/100 completed
2026-05-30 23:57:58 |     Sample 20/100 completed
2026-05-30 23:57:58 |     Sample 30/100 completed
2026-05-30 23:57:58 |     Sample 40/100 completed
2026-05-30 23:57:59 |     Sample 50/100 completed
2026-05-30 23:57:59 |     Sample 60/100 completed
2026-05-30 23:58:00 |     Sample 70/100 completed
2026-05-30 23:58:00 |     Sample 80/100 completed
2026-05-30 23:58:01 |     Sample 90/100 completed
2026-05-30 23:58:01 |     Sample 100/100 completed
2026-05-30 23:58:02 |     Sample 10/100 completed
2026-05-30 23:58:02 |     Sample 20/100 completed
2026-05-30 23:58:02 |     Sample 30/100 completed
2026-05-30 23:58:03 |     Sample 40/100 completed
2026-05-30 23:58:03 |     Sample 50/100 completed
2026-05-30 23:58:04 |     Sample 60/100 completed
2026-05-30 23:58:04 |     Sample 70/100 completed
2026-05-30 23:58:05 |     Sample 80/100 completed
2026-05-30 23:58:05 |     Sample 90/100 completed
2026-05-30 23:58:06 |     Sample 100/100 completed
2026-05-30 23:58:06 |     Sample 10/100 completed
2026-05-30 23:58:06 |     Sample 20/100 completed
2026-05-30 23:58:07 |     Sample 30/100 completed
2026-05-30 23:58:07 |     Sample 40/100 completed
2026-05-30 23:58:08 |     Sample 50/100 completed
2026-05-30 23:58:08 |     Sample 60/100 completed
2026-05-30 23:58:09 |     Sample 70/100 completed
2026-05-30 23:58:09 |     Sample 80/100 completed
2026-05-30 23:58:09 |     Sample 90/100 completed
2026-05-30 23:58:10 |     Sample 100/100 completed
2026-05-30 23:58:10 |     Sample 10/100 completed
2026-05-30 23:58:11 |     Sample 20/100 completed
2026-05-30 23:58:11 |     Sample 30/100 completed
2026-05-30 23:58:12 |     Sample 40/100 completed
2026-05-30 23:58:12 |     Sample 50/100 completed
2026-05-30 23:58:13 |     Sample 60/100 completed
2026-05-30 23:58:13 |     Sample 70/100 completed
2026-05-30 23:58:13 |     Sample 80/100 completed
2026-05-30 23:58:14 |     Sample 90/100 completed
2026-05-30 23:58:14 |     Sample 100/100 completed
2026-05-30 23:58:15 |     Sample 10/100 completed
2026-05-30 23:58:15 |     Sample 20/100 completed
2026-05-30 23:58:16 |     Sample 30/100 completed
2026-05-30 23:58:16 |     Sample 40/100 completed
2026-05-30 23:58:16 |     Sample 50/100 completed
2026-05-30 23:58:17 |     Sample 60/100 completed
2026-05-30 23:58:17 |     Sample 70/100 completed
2026-05-30 23:58:18 |     Sample 80/100 completed
2026-05-30 23:58:18 |     Sample 90/100 completed
2026-05-30 23:58:19 |     Sample 100/100 completed
2026-05-30 23:58:19 |     Sample 10/100 completed
2026-05-30 23:58:19 |     Sample 20/100 completed
2026-05-30 23:58:20 |     Sample 30/100 completed
2026-05-30 23:58:20 |     Sample 40/100 completed
2026-05-30 23:58:21 |     Sample 50/100 completed
2026-05-30 23:58:21 |     Sample 60/100 completed
2026-05-30 23:58:22 |     Sample 70/100 completed
2026-05-30 23:58:22 |     Sample 80/100 completed
2026-05-30 23:58:23 |     Sample 90/100 completed
2026-05-30 23:58:23 |     Sample 100/100 completed
2026-05-30 23:58:23 |     Sample 10/100 completed
2026-05-30 23:58:24 |     Sample 20/100 completed
2026-05-30 23:58:24 |     Sample 30/100 completed
2026-05-30 23:58:25 |     Sample 40/100 completed
2026-05-30 23:58:25 |     Sample 50/100 completed
2026-05-30 23:58:26 |     Sample 60/100 completed
2026-05-30 23:58:26 |     Sample 70/100 completed
2026-05-30 23:58:27 |     Sample 80/100 completed
2026-05-30 23:58:27 |     Sample 90/100 completed
2026-05-30 23:58:28 |     Sample 100/100 completed
2026-05-30 23:58:28 |     Sample 10/100 completed
2026-05-30 23:58:28 |     Sample 20/100 completed
2026-05-30 23:58:29 |     Sample 30/100 completed
2026-05-30 23:58:29 |     Sample 40/100 completed
2026-05-30 23:58:30 |     Sample 50/100 completed
2026-05-30 23:58:30 |     Sample 60/100 completed
2026-05-30 23:58:31 |     Sample 70/100 completed
2026-05-30 23:58:31 |     Sample 80/100 completed
2026-05-30 23:58:31 |     Sample 90/100 completed
2026-05-30 23:58:32 |     Sample 100/100 completed
2026-05-30 23:58:32 |     Sample 10/100 completed
2026-05-30 23:58:33 |     Sample 20/100 completed
2026-05-30 23:58:33 |     Sample 30/100 completed
2026-05-30 23:58:34 |     Sample 40/100 completed
2026-05-30 23:58:34 |     Sample 50/100 completed
2026-05-30 23:58:35 |     Sample 60/100 completed
2026-05-30 23:58:35 |     Sample 70/100 completed
2026-05-30 23:58:35 |     Sample 80/100 completed
2026-05-30 23:58:36 |     Sample 90/100 completed
2026-05-30 23:58:36 |     Sample 100/100 completed
2026-05-30 23:58:37 |     Sample 10/100 completed
2026-05-30 23:58:37 |     Sample 20/100 completed
2026-05-30 23:58:38 |     Sample 30/100 completed
2026-05-30 23:58:38 |     Sample 40/100 completed
2026-05-30 23:58:39 |     Sample 50/100 completed
2026-05-30 23:58:39 |     Sample 60/100 completed
2026-05-30 23:58:39 |     Sample 70/100 completed
2026-05-30 23:58:40 |     Sample 80/100 completed
2026-05-30 23:58:40 |     Sample 90/100 completed
2026-05-30 23:58:41 |     Sample 100/100 completed
2026-05-30 23:58:41 |     Sample 10/100 completed
2026-05-30 23:58:42 |     Sample 20/100 completed
2026-05-30 23:58:42 |     Sample 30/100 completed
2026-05-30 23:58:42 |     Sample 40/100 completed
2026-05-30 23:58:43 |     Sample 50/100 completed
2026-05-30 23:58:43 |     Sample 60/100 completed
2026-05-30 23:58:44 |     Sample 70/100 completed
2026-05-30 23:58:44 |     Sample 80/100 completed
2026-05-30 23:58:45 |     Sample 90/100 completed
2026-05-30 23:58:45 |     Sample 100/100 completed
2026-05-30 23:58:45 |     Sample 10/100 completed
2026-05-30 23:58:46 |     Sample 20/100 completed
2026-05-30 23:58:46 |     Sample 30/100 completed
2026-05-30 23:58:47 |     Sample 40/100 completed
2026-05-30 23:58:47 |     Sample 50/100 completed
2026-05-30 23:58:48 |     Sample 60/100 completed
2026-05-30 23:58:48 |     Sample 70/100 completed
2026-05-30 23:58:49 |     Sample 80/100 completed
2026-05-30 23:58:49 |     Sample 90/100 completed
2026-05-30 23:58:50 |     Sample 100/100 completed
2026-05-30 23:58:50 |     Sample 10/100 completed
2026-05-30 23:58:50 |     Sample 20/100 completed
2026-05-30 23:58:51 |     Sample 30/100 completed
2026-05-30 23:58:51 |     Sample 40/100 completed
2026-05-30 23:58:52 |     Sample 50/100 completed
2026-05-30 23:58:52 |     Sample 60/100 completed
2026-05-30 23:58:53 |     Sample 70/100 completed
2026-05-30 23:58:53 |     Sample 80/100 completed
2026-05-30 23:58:54 |     Sample 90/100 completed
2026-05-30 23:58:54 |     Sample 100/100 completed
2026-05-30 23:58:54 |     Sample 10/100 completed
2026-05-30 23:58:55 |     Sample 20/100 completed
2026-05-30 23:58:55 |     Sample 30/100 completed
2026-05-30 23:58:56 |     Sample 40/100 completed
2026-05-30 23:58:56 |     Sample 50/100 completed
2026-05-30 23:58:57 |     Sample 60/100 completed
2026-05-30 23:58:57 |     Sample 70/100 completed
2026-05-30 23:58:57 |     Sample 80/100 completed
2026-05-30 23:58:58 |     Sample 90/100 completed
2026-05-30 23:58:58 |     Sample 100/100 completed
2026-05-30 23:58:59 |     Sample 10/100 completed
2026-05-30 23:58:59 |     Sample 20/100 completed
2026-05-30 23:59:00 |     Sample 30/100 completed
2026-05-30 23:59:00 |     Sample 40/100 completed
2026-05-30 23:59:00 |     Sample 50/100 completed
2026-05-30 23:59:01 |     Sample 60/100 completed
2026-05-30 23:59:01 |     Sample 70/100 completed
2026-05-30 23:59:02 |     Sample 80/100 completed
2026-05-30 23:59:02 |     Sample 90/100 completed
2026-05-30 23:59:03 |     Sample 100/100 completed
2026-05-30 23:59:03 |     Sample 10/100 completed
2026-05-30 23:59:04 |     Sample 20/100 completed
2026-05-30 23:59:04 |     Sample 30/100 completed
2026-05-30 23:59:04 |     Sample 40/100 completed
2026-05-30 23:59:05 |     Sample 50/100 completed
2026-05-30 23:59:05 |     Sample 60/100 completed
2026-05-30 23:59:06 |     Sample 70/100 completed
2026-05-30 23:59:06 |     Sample 80/100 completed
2026-05-30 23:59:07 |     Sample 90/100 completed
2026-05-30 23:59:07 |     Sample 100/100 completed
2026-05-30 23:59:07 |     Sample 10/100 completed
2026-05-30 23:59:08 |     Sample 20/100 completed
2026-05-30 23:59:08 |     Sample 30/100 completed
2026-05-30 23:59:09 |     Sample 40/100 completed
2026-05-30 23:59:09 |     Sample 50/100 completed
2026-05-30 23:59:10 |     Sample 60/100 completed
2026-05-30 23:59:10 |     Sample 70/100 completed
2026-05-30 23:59:11 |     Sample 80/100 completed
2026-05-30 23:59:11 |     Sample 90/100 completed
2026-05-30 23:59:11 |     Sample 100/100 completed
2026-05-30 23:59:12 |     Sample 10/100 completed
2026-05-30 23:59:12 |     Sample 20/100 completed
2026-05-30 23:59:13 |     Sample 30/100 completed
2026-05-30 23:59:13 |     Sample 40/100 completed
2026-05-30 23:59:14 |     Sample 50/100 completed
2026-05-30 23:59:14 |     Sample 60/100 completed
2026-05-30 23:59:14 |     Sample 70/100 completed
2026-05-30 23:59:15 |     Sample 80/100 completed
2026-05-30 23:59:15 |     Sample 90/100 completed
2026-05-30 23:59:16 |     Sample 100/100 completed
2026-05-30 23:59:16 |     Sample 10/100 completed
2026-05-30 23:59:17 |     Sample 20/100 completed
2026-05-30 23:59:17 |     Sample 30/100 completed
2026-05-30 23:59:18 |     Sample 40/100 completed
2026-05-30 23:59:18 |     Sample 50/100 completed
2026-05-30 23:59:19 |     Sample 60/100 completed
2026-05-30 23:59:19 |     Sample 70/100 completed
2026-05-30 23:59:19 |     Sample 80/100 completed
2026-05-30 23:59:20 |     Sample 90/100 completed
2026-05-30 23:59:20 |     Sample 100/100 completed
2026-05-30 23:59:21 |     Sample 10/100 completed
2026-05-30 23:59:21 |     Sample 20/100 completed
2026-05-30 23:59:22 |     Sample 30/100 completed
2026-05-30 23:59:22 |     Sample 40/100 completed
2026-05-30 23:59:23 |     Sample 50/100 completed
2026-05-30 23:59:23 |     Sample 60/100 completed
2026-05-30 23:59:24 |     Sample 70/100 completed
2026-05-30 23:59:24 |     Sample 80/100 completed
2026-05-30 23:59:24 |     Sample 90/100 completed
2026-05-30 23:59:25 |     Sample 100/100 completed
2026-05-30 23:59:25 |     Sample 10/100 completed
2026-05-30 23:59:26 |     Sample 20/100 completed
2026-05-30 23:59:26 |     Sample 30/100 completed
2026-05-30 23:59:27 |     Sample 40/100 completed
2026-05-30 23:59:27 |     Sample 50/100 completed
2026-05-30 23:59:27 |     Sample 60/100 completed
2026-05-30 23:59:28 |     Sample 70/100 completed
2026-05-30 23:59:28 |     Sample 80/100 completed
2026-05-30 23:59:29 |     Sample 90/100 completed
2026-05-30 23:59:29 |     Sample 100/100 completed
2026-05-30 23:59:30 |     Sample 10/100 completed
2026-05-30 23:59:30 |     Sample 20/100 completed
2026-05-30 23:59:31 |     Sample 30/100 completed
2026-05-30 23:59:31 |     Sample 40/100 completed
2026-05-30 23:59:31 |     Sample 50/100 completed
2026-05-30 23:59:32 |     Sample 60/100 completed
2026-05-30 23:59:32 |     Sample 70/100 completed
2026-05-30 23:59:33 |     Sample 80/100 completed
2026-05-30 23:59:33 |     Sample 90/100 completed
2026-05-30 23:59:34 |     Sample 100/100 completed
2026-05-30 23:59:34 |     Sample 10/100 completed
2026-05-30 23:59:34 |     Sample 20/100 completed
2026-05-30 23:59:35 |     Sample 30/100 completed
2026-05-30 23:59:35 |     Sample 40/100 completed
2026-05-30 23:59:36 |     Sample 50/100 completed
2026-05-30 23:59:36 |     Sample 60/100 completed
2026-05-30 23:59:37 |     Sample 70/100 completed
2026-05-30 23:59:37 |     Sample 80/100 completed
2026-05-30 23:59:38 |     Sample 90/100 completed
2026-05-30 23:59:38 |     Sample 100/100 completed
2026-05-30 23:59:38 |     Sample 10/100 completed
2026-05-30 23:59:39 |     Sample 20/100 completed
2026-05-30 23:59:39 |     Sample 30/100 completed
2026-05-30 23:59:40 |     Sample 40/100 completed
2026-05-30 23:59:40 |     Sample 50/100 completed
2026-05-30 23:59:41 |     Sample 60/100 completed
2026-05-30 23:59:41 |     Sample 70/100 completed
2026-05-30 23:59:42 |     Sample 80/100 completed
2026-05-30 23:59:42 |     Sample 90/100 completed
2026-05-30 23:59:42 |     Sample 100/100 completed
2026-05-30 23:59:43 |     Sample 10/100 completed
2026-05-30 23:59:43 |     Sample 20/100 completed
2026-05-30 23:59:44 |     Sample 30/100 completed
2026-05-30 23:59:44 |     Sample 40/100 completed
2026-05-30 23:59:45 |     Sample 50/100 completed
2026-05-30 23:59:45 |     Sample 60/100 completed
2026-05-30 23:59:46 |     Sample 70/100 completed
2026-05-30 23:59:46 |     Sample 80/100 completed
2026-05-30 23:59:46 |     Sample 90/100 completed
2026-05-30 23:59:47 |     Sample 100/100 completed
2026-05-30 23:59:47 |     Sample 10/100 completed
2026-05-30 23:59:48 |     Sample 20/100 completed
2026-05-30 23:59:48 |     Sample 30/100 completed
2026-05-30 23:59:49 |     Sample 40/100 completed
2026-05-30 23:59:49 |     Sample 50/100 completed
2026-05-30 23:59:49 |     Sample 60/100 completed
2026-05-30 23:59:50 |     Sample 70/100 completed
2026-05-30 23:59:50 |     Sample 80/100 completed
2026-05-30 23:59:51 |     Sample 90/100 completed
2026-05-30 23:59:51 |     Sample 100/100 completed
2026-05-30 23:59:52 |     Sample 10/100 completed
2026-05-30 23:59:52 |     Sample 20/100 completed
2026-05-30 23:59:53 |     Sample 30/100 completed
2026-05-30 23:59:54 |     Sample 40/100 completed
2026-05-30 23:59:54 |     Sample 50/100 completed
2026-05-30 23:59:54 |     Sample 60/100 completed
2026-05-30 23:59:55 |     Sample 70/100 completed
2026-05-30 23:59:55 |     Sample 80/100 completed
2026-05-30 23:59:56 |     Sample 90/100 completed
2026-05-30 23:59:56 |     Sample 100/100 completed
2026-05-30 23:59:57 |     Sample 10/100 completed
2026-05-30 23:59:57 |     Sample 20/100 completed
2026-05-30 23:59:58 |     Sample 30/100 completed
2026-05-30 23:59:58 |     Sample 40/100 completed
2026-05-30 23:59:58 |     Sample 50/100 completed
2026-05-30 23:59:59 |     Sample 60/100 completed
2026-05-30 23:59:59 |     Sample 70/100 completed
2026-05-31 00:00:00 |     Sample 80/100 completed
2026-05-31 00:00:00 |     Sample 90/100 completed
2026-05-31 00:00:01 |     Sample 100/100 completed
2026-05-31 00:00:01 |     Sample 10/100 completed
2026-05-31 00:00:01 |     Sample 20/100 completed
2026-05-31 00:00:02 |     Sample 30/100 completed
2026-05-31 00:00:02 |     Sample 40/100 completed
2026-05-31 00:00:03 |     Sample 50/100 completed
2026-05-31 00:00:03 |     Sample 60/100 completed
2026-05-31 00:00:04 |     Sample 70/100 completed
2026-05-31 00:00:04 |     Sample 80/100 completed
2026-05-31 00:00:05 |     Sample 90/100 completed
2026-05-31 00:00:05 |     Sample 100/100 completed
2026-05-31 00:00:05 |     Sample 10/100 completed
2026-05-31 00:00:06 |     Sample 20/100 completed
2026-05-31 00:00:06 |     Sample 30/100 completed
2026-05-31 00:00:07 |     Sample 40/100 completed
2026-05-31 00:00:07 |     Sample 50/100 completed
2026-05-31 00:00:08 |     Sample 60/100 completed
2026-05-31 00:00:08 |     Sample 70/100 completed
2026-05-31 00:00:08 |     Sample 80/100 completed
2026-05-31 00:00:09 |     Sample 90/100 completed
2026-05-31 00:00:09 |     Sample 100/100 completed
2026-05-31 00:00:10 |     Sample 10/100 completed
2026-05-31 00:00:10 |     Sample 20/100 completed
2026-05-31 00:00:11 |     Sample 30/100 completed
2026-05-31 00:00:11 |     Sample 40/100 completed
2026-05-31 00:00:11 |     Sample 50/100 completed
2026-05-31 00:00:12 |     Sample 60/100 completed
2026-05-31 00:00:12 |     Sample 70/100 completed
2026-05-31 00:00:13 |     Sample 80/100 completed
2026-05-31 00:00:13 |     Sample 90/100 completed
2026-05-31 00:00:14 |     Sample 100/100 completed
2026-05-31 00:00:14 |     Sample 10/100 completed
2026-05-31 00:00:14 |     Sample 20/100 completed
2026-05-31 00:00:15 |     Sample 30/100 completed
2026-05-31 00:00:15 |     Sample 40/100 completed
2026-05-31 00:00:16 |     Sample 50/100 completed
2026-05-31 00:00:16 |     Sample 60/100 completed
2026-05-31 00:00:17 |     Sample 70/100 completed
2026-05-31 00:00:17 |     Sample 80/100 completed
2026-05-31 00:00:17 |     Sample 90/100 completed
2026-05-31 00:00:18 |     Sample 100/100 completed
2026-05-31 00:00:18 |     Sample 10/100 completed
2026-05-31 00:00:19 |     Sample 20/100 completed
2026-05-31 00:00:19 |     Sample 30/100 completed
2026-05-31 00:00:20 |     Sample 40/100 completed
2026-05-31 00:00:20 |     Sample 50/100 completed
2026-05-31 00:00:20 |     Sample 60/100 completed
2026-05-31 00:00:21 |     Sample 70/100 completed
2026-05-31 00:00:21 |     Sample 80/100 completed
2026-05-31 00:00:22 |     Sample 90/100 completed
2026-05-31 00:00:22 |     Sample 100/100 completed
2026-05-31 00:00:23 |     Sample 10/100 completed
2026-05-31 00:00:23 |     Sample 20/100 completed
2026-05-31 00:00:23 |     Sample 30/100 completed
2026-05-31 00:00:24 |     Sample 40/100 completed
2026-05-31 00:00:24 |     Sample 50/100 completed
2026-05-31 00:00:25 |     Sample 60/100 completed
2026-05-31 00:00:25 |     Sample 70/100 completed
2026-05-31 00:00:26 |     Sample 80/100 completed
2026-05-31 00:00:26 |     Sample 90/100 completed
2026-05-31 00:00:27 |     Sample 100/100 completed
2026-05-31 00:00:27 |     Sample 10/100 completed
2026-05-31 00:00:27 |     Sample 20/100 completed
2026-05-31 00:00:28 |     Sample 30/100 completed
2026-05-31 00:00:28 |     Sample 40/100 completed
2026-05-31 00:00:29 |     Sample 50/100 completed
2026-05-31 00:00:29 |     Sample 60/100 completed
2026-05-31 00:00:30 |     Sample 70/100 completed
2026-05-31 00:00:30 |     Sample 80/100 completed
2026-05-31 00:00:31 |     Sample 90/100 completed
2026-05-31 00:00:31 |     Sample 100/100 completed
2026-05-31 00:00:31 |     Sample 10/100 completed
2026-05-31 00:00:32 |     Sample 20/100 completed
2026-05-31 00:00:32 |     Sample 30/100 completed
2026-05-31 00:00:33 |     Sample 40/100 completed
2026-05-31 00:00:33 |     Sample 50/100 completed
2026-05-31 00:00:34 |     Sample 60/100 completed
2026-05-31 00:00:34 |     Sample 70/100 completed
2026-05-31 00:00:34 |     Sample 80/100 completed
2026-05-31 00:00:35 |     Sample 90/100 completed
2026-05-31 00:00:35 |     Sample 100/100 completed
2026-05-31 00:00:36 |     Sample 10/100 completed
2026-05-31 00:00:36 |     Sample 20/100 completed
2026-05-31 00:00:37 |     Sample 30/100 completed
2026-05-31 00:00:37 |     Sample 40/100 completed
2026-05-31 00:00:38 |     Sample 50/100 completed
2026-05-31 00:00:38 |     Sample 60/100 completed
2026-05-31 00:00:39 |     Sample 70/100 completed
2026-05-31 00:00:39 |     Sample 80/100 completed
2026-05-31 00:00:39 |     Sample 90/100 completed
2026-05-31 00:00:40 |     Sample 100/100 completed
2026-05-31 00:00:40 |     Sample 10/100 completed
2026-05-31 00:00:41 |     Sample 20/100 completed
2026-05-31 00:00:41 |     Sample 30/100 completed
2026-05-31 00:00:42 |     Sample 40/100 completed
2026-05-31 00:00:42 |     Sample 50/100 completed
2026-05-31 00:00:43 |     Sample 60/100 completed
2026-05-31 00:00:43 |     Sample 70/100 completed
2026-05-31 00:00:43 |     Sample 80/100 completed
2026-05-31 00:00:44 |     Sample 90/100 completed
2026-05-31 00:00:44 |     Sample 100/100 completed
2026-05-31 00:00:45 |     Sample 10/100 completed
2026-05-31 00:00:45 |     Sample 20/100 completed
2026-05-31 00:00:46 |     Sample 30/100 completed
2026-05-31 00:00:46 |     Sample 40/100 completed
2026-05-31 00:00:47 |     Sample 50/100 completed
2026-05-31 00:00:47 |     Sample 60/100 completed
2026-05-31 00:00:47 |     Sample 70/100 completed
2026-05-31 00:00:48 |     Sample 80/100 completed
2026-05-31 00:00:48 |     Sample 90/100 completed
2026-05-31 00:00:49 |     Sample 100/100 completed
2026-05-31 00:00:49 |     Sample 10/100 completed
2026-05-31 00:00:50 |     Sample 20/100 completed
2026-05-31 00:00:50 |     Sample 30/100 completed
2026-05-31 00:00:50 |     Sample 40/100 completed
2026-05-31 00:00:51 |     Sample 50/100 completed
2026-05-31 00:00:51 |     Sample 60/100 completed
2026-05-31 00:00:52 |     Sample 70/100 completed
2026-05-31 00:00:52 |     Sample 80/100 completed
2026-05-31 00:00:53 |     Sample 90/100 completed
2026-05-31 00:00:53 |     Sample 100/100 completed
2026-05-31 00:00:54 |     Sample 10/100 completed
2026-05-31 00:00:54 |     Sample 20/100 completed
2026-05-31 00:00:54 |     Sample 30/100 completed
2026-05-31 00:00:55 |     Sample 40/100 completed
2026-05-31 00:00:55 |     Sample 50/100 completed
2026-05-31 00:00:56 |     Sample 60/100 completed
2026-05-31 00:00:56 |     Sample 70/100 completed
2026-05-31 00:00:57 |     Sample 80/100 completed
2026-05-31 00:00:57 |     Sample 90/100 completed
2026-05-31 00:00:57 |     Sample 100/100 completed
2026-05-31 00:00:58 |     Sample 10/100 completed
2026-05-31 00:00:58 |     Sample 20/100 completed
2026-05-31 00:00:59 |     Sample 30/100 completed
2026-05-31 00:00:59 |     Sample 40/100 completed
2026-05-31 00:01:00 |     Sample 50/100 completed
2026-05-31 00:01:00 |     Sample 60/100 completed
2026-05-31 00:01:00 |     Sample 70/100 completed
2026-05-31 00:01:01 |     Sample 80/100 completed
2026-05-31 00:01:01 |     Sample 90/100 completed
2026-05-31 00:01:02 |     Sample 100/100 completed
2026-05-31 00:01:02 |     Sample 10/100 completed
2026-05-31 00:01:03 |     Sample 20/100 completed
2026-05-31 00:01:03 |     Sample 30/100 completed
2026-05-31 00:01:04 |     Sample 40/100 completed
2026-05-31 00:01:04 |     Sample 50/100 completed
2026-05-31 00:01:04 |     Sample 60/100 completed
2026-05-31 00:01:05 |     Sample 70/100 completed
2026-05-31 00:01:05 |     Sample 80/100 completed
2026-05-31 00:01:06 |     Sample 90/100 completed
2026-05-31 00:01:06 |     Sample 100/100 completed
2026-05-31 00:01:07 |     Sample 10/100 completed
2026-05-31 00:01:07 |     Sample 20/100 completed
2026-05-31 00:01:07 |     Sample 30/100 completed
2026-05-31 00:01:08 |     Sample 40/100 completed
2026-05-31 00:01:08 |     Sample 50/100 completed
2026-05-31 00:01:09 |     Sample 60/100 completed
2026-05-31 00:01:09 |     Sample 70/100 completed
2026-05-31 00:01:10 |     Sample 80/100 completed
2026-05-31 00:01:10 |     Sample 90/100 completed
2026-05-31 00:01:10 |     Sample 100/100 completed
2026-05-31 00:01:11 |     Sample 10/100 completed
2026-05-31 00:01:11 |     Sample 20/100 completed
2026-05-31 00:01:12 |     Sample 30/100 completed
2026-05-31 00:01:12 |     Sample 40/100 completed
2026-05-31 00:01:13 |     Sample 50/100 completed
2026-05-31 00:01:13 |     Sample 60/100 completed
2026-05-31 00:01:13 |     Sample 70/100 completed
2026-05-31 00:01:14 |     Sample 80/100 completed
2026-05-31 00:01:14 |     Sample 90/100 completed
2026-05-31 00:01:15 |     Sample 100/100 completed
2026-05-31 00:01:15 |     Sample 10/100 completed
2026-05-31 00:01:16 |     Sample 20/100 completed
2026-05-31 00:01:16 |     Sample 30/100 completed
2026-05-31 00:01:16 |     Sample 40/100 completed
2026-05-31 00:01:17 |     Sample 50/100 completed
2026-05-31 00:01:17 |     Sample 60/100 completed
2026-05-31 00:01:18 |     Sample 70/100 completed
2026-05-31 00:01:18 |     Sample 80/100 completed
2026-05-31 00:01:19 |     Sample 90/100 completed
2026-05-31 00:01:19 |     Sample 100/100 completed
2026-05-31 00:01:19 |     Sample 10/100 completed
2026-05-31 00:01:20 |     Sample 20/100 completed
2026-05-31 00:01:20 |     Sample 30/100 completed
2026-05-31 00:01:21 |     Sample 40/100 completed
2026-05-31 00:01:21 |     Sample 50/100 completed
2026-05-31 00:01:22 |     Sample 60/100 completed
2026-05-31 00:01:22 |     Sample 70/100 completed
2026-05-31 00:01:22 |     Sample 80/100 completed
2026-05-31 00:01:23 |     Sample 90/100 completed
2026-05-31 00:01:23 |     Sample 100/100 completed
2026-05-31 00:01:24 |     Sample 10/100 completed
2026-05-31 00:01:24 |     Sample 20/100 completed
2026-05-31 00:01:25 |     Sample 30/100 completed
2026-05-31 00:01:25 |     Sample 40/100 completed
2026-05-31 00:01:26 |     Sample 50/100 completed
2026-05-31 00:01:26 |     Sample 60/100 completed
2026-05-31 00:01:27 |     Sample 70/100 completed
2026-05-31 00:01:27 |     Sample 80/100 completed
2026-05-31 00:01:27 |     Sample 90/100 completed
2026-05-31 00:01:28 |     Sample 100/100 completed
2026-05-31 00:01:28 |     Sample 10/100 completed
2026-05-31 00:01:29 |     Sample 20/100 completed
2026-05-31 00:01:29 |     Sample 30/100 completed
2026-05-31 00:01:30 |     Sample 40/100 completed
2026-05-31 00:01:30 |     Sample 50/100 completed
2026-05-31 00:01:30 |     Sample 60/100 completed
2026-05-31 00:01:31 |     Sample 70/100 completed
2026-05-31 00:01:31 |     Sample 80/100 completed
2026-05-31 00:01:32 |     Sample 90/100 completed
2026-05-31 00:01:32 |     Sample 100/100 completed
2026-05-31 00:01:33 |     Sample 10/100 completed
2026-05-31 00:01:33 |     Sample 20/100 completed
2026-05-31 00:01:33 |     Sample 30/100 completed
2026-05-31 00:01:34 |     Sample 40/100 completed
2026-05-31 00:01:34 |     Sample 50/100 completed
2026-05-31 00:01:35 |     Sample 60/100 completed
2026-05-31 00:01:35 |     Sample 70/100 completed
2026-05-31 00:01:36 |     Sample 80/100 completed
2026-05-31 00:01:36 |     Sample 90/100 completed
2026-05-31 00:01:37 |     Sample 100/100 completed
2026-05-31 00:01:37 |     Sample 10/100 completed
2026-05-31 00:01:37 |     Sample 20/100 completed
2026-05-31 00:01:38 |     Sample 30/100 completed
2026-05-31 00:01:38 |     Sample 40/100 completed
2026-05-31 00:01:39 |     Sample 50/100 completed
2026-05-31 00:01:39 |     Sample 60/100 completed
2026-05-31 00:01:40 |     Sample 70/100 completed
2026-05-31 00:01:40 |     Sample 80/100 completed
2026-05-31 00:01:40 |     Sample 90/100 completed
2026-05-31 00:01:41 |     Sample 100/100 completed
2026-05-31 00:01:41 |     Sample 10/100 completed
2026-05-31 00:01:42 |     Sample 20/100 completed
2026-05-31 00:01:42 |     Sample 30/100 completed
2026-05-31 00:01:43 |     Sample 40/100 completed
2026-05-31 00:01:43 |     Sample 50/100 completed
2026-05-31 00:01:43 |     Sample 60/100 completed
2026-05-31 00:01:44 |     Sample 70/100 completed
2026-05-31 00:01:44 |     Sample 80/100 completed
2026-05-31 00:01:45 |     Sample 90/100 completed
2026-05-31 00:01:45 |     Sample 100/100 completed
2026-05-31 00:01:45 |     Sample 10/100 completed
2026-05-31 00:01:46 |     Sample 20/100 completed
2026-05-31 00:01:46 |     Sample 30/100 completed
2026-05-31 00:01:47 |     Sample 40/100 completed
2026-05-31 00:01:47 |     Sample 50/100 completed
2026-05-31 00:01:48 |     Sample 60/100 completed
2026-05-31 00:01:48 |     Sample 70/100 completed
2026-05-31 00:01:48 |     Sample 80/100 completed
2026-05-31 00:01:49 |     Sample 90/100 completed
2026-05-31 00:01:49 |     Sample 100/100 completed
2026-05-31 00:01:50 |     Sample 10/100 completed
2026-05-31 00:01:50 |     Sample 20/100 completed
2026-05-31 00:01:51 |     Sample 30/100 completed
2026-05-31 00:01:51 |     Sample 40/100 completed
2026-05-31 00:01:51 |     Sample 50/100 completed
2026-05-31 00:01:52 |     Sample 60/100 completed
2026-05-31 00:01:52 |     Sample 70/100 completed
2026-05-31 00:01:53 |     Sample 80/100 completed
2026-05-31 00:01:53 |     Sample 90/100 completed
2026-05-31 00:01:54 |     Sample 100/100 completed
2026-05-31 00:01:54 |     Sample 10/100 completed
2026-05-31 00:01:55 |     Sample 20/100 completed
2026-05-31 00:01:55 |     Sample 30/100 completed
2026-05-31 00:01:55 |     Sample 40/100 completed
2026-05-31 00:01:56 |     Sample 50/100 completed
2026-05-31 00:01:56 |     Sample 60/100 completed
2026-05-31 00:01:57 |     Sample 70/100 completed
2026-05-31 00:01:57 |     Sample 80/100 completed
2026-05-31 00:01:58 |     Sample 90/100 completed
2026-05-31 00:01:58 |     Sample 100/100 completed
2026-05-31 00:01:58 |     Sample 10/100 completed
2026-05-31 00:01:59 |     Sample 20/100 completed
2026-05-31 00:01:59 |     Sample 30/100 completed
2026-05-31 00:02:00 |     Sample 40/100 completed
2026-05-31 00:02:00 |     Sample 50/100 completed
2026-05-31 00:02:01 |     Sample 60/100 completed
2026-05-31 00:02:01 |     Sample 70/100 completed
2026-05-31 00:02:01 |     Sample 80/100 completed
2026-05-31 00:02:02 |     Sample 90/100 completed
2026-05-31 00:02:02 |     Sample 100/100 completed
2026-05-31 00:02:03 |     Sample 10/100 completed
2026-05-31 00:02:03 |     Sample 20/100 completed
2026-05-31 00:02:04 |     Sample 30/100 completed
2026-05-31 00:02:04 |     Sample 40/100 completed
2026-05-31 00:02:05 |     Sample 50/100 completed
2026-05-31 00:02:05 |     Sample 60/100 completed
2026-05-31 00:02:05 |     Sample 70/100 completed
2026-05-31 00:02:06 |     Sample 80/100 completed
2026-05-31 00:02:06 |     Sample 90/100 completed
2026-05-31 00:02:07 |     Sample 100/100 completed
2026-05-31 00:02:07 |     Sample 10/100 completed
2026-05-31 00:02:08 |     Sample 20/100 completed
2026-05-31 00:02:08 |     Sample 30/100 completed
2026-05-31 00:02:08 |     Sample 40/100 completed
2026-05-31 00:02:09 |     Sample 50/100 completed
2026-05-31 00:02:09 |     Sample 60/100 completed
2026-05-31 00:02:10 |     Sample 70/100 completed
2026-05-31 00:02:10 |     Sample 80/100 completed
2026-05-31 00:02:11 |     Sample 90/100 completed
2026-05-31 00:02:11 |     Sample 100/100 completed
2026-05-31 00:02:12 |     Sample 10/100 completed
2026-05-31 00:02:12 |     Sample 20/100 completed
2026-05-31 00:02:12 |     Sample 30/100 completed
2026-05-31 00:02:13 |     Sample 40/100 completed
2026-05-31 00:02:13 |     Sample 50/100 completed
2026-05-31 00:02:14 |     Sample 60/100 completed
2026-05-31 00:02:14 |     Sample 70/100 completed
2026-05-31 00:02:15 |     Sample 80/100 completed
2026-05-31 00:02:15 |     Sample 90/100 completed
2026-05-31 00:02:15 |     Sample 100/100 completed
2026-05-31 00:02:16 |     Sample 10/100 completed
2026-05-31 00:02:16 |     Sample 20/100 completed
2026-05-31 00:02:17 |     Sample 30/100 completed
2026-05-31 00:02:17 |     Sample 40/100 completed
2026-05-31 00:02:18 |     Sample 50/100 completed
2026-05-31 00:02:18 |     Sample 60/100 completed
2026-05-31 00:02:19 |     Sample 70/100 completed
2026-05-31 00:02:19 |     Sample 80/100 completed
2026-05-31 00:02:19 |     Sample 90/100 completed
2026-05-31 00:02:20 |     Sample 100/100 completed
2026-05-31 00:02:20 |     Sample 10/100 completed
2026-05-31 00:02:21 |     Sample 20/100 completed
2026-05-31 00:02:21 |     Sample 30/100 completed
2026-05-31 00:02:22 |     Sample 40/100 completed
2026-05-31 00:02:22 |     Sample 50/100 completed
2026-05-31 00:02:22 |     Sample 60/100 completed
2026-05-31 00:02:23 |     Sample 70/100 completed
2026-05-31 00:02:23 |     Sample 80/100 completed
2026-05-31 00:02:24 |     Sample 90/100 completed
2026-05-31 00:02:24 |     Sample 100/100 completed
2026-05-31 00:02:25 |     Sample 10/100 completed
2026-05-31 00:02:25 |     Sample 20/100 completed
2026-05-31 00:02:26 |     Sample 30/100 completed
2026-05-31 00:02:26 |     Sample 40/100 completed
2026-05-31 00:02:26 |     Sample 50/100 completed
2026-05-31 00:02:27 |     Sample 60/100 completed
2026-05-31 00:02:27 |     Sample 70/100 completed
2026-05-31 00:02:28 |     Sample 80/100 completed
2026-05-31 00:02:28 |     Sample 90/100 completed
2026-05-31 00:02:29 |     Sample 100/100 completed
2026-05-31 00:02:29 |     Sample 10/100 completed
2026-05-31 00:02:29 |     Sample 20/100 completed
2026-05-31 00:02:30 |     Sample 30/100 completed
2026-05-31 00:02:30 |     Sample 40/100 completed
2026-05-31 00:02:31 |     Sample 50/100 completed
2026-05-31 00:02:31 |     Sample 60/100 completed
2026-05-31 00:02:32 |     Sample 70/100 completed
2026-05-31 00:02:32 |     Sample 80/100 completed
2026-05-31 00:02:33 |     Sample 90/100 completed
2026-05-31 00:02:33 |     Sample 100/100 completed
2026-05-31 00:02:33 |     Sample 10/100 completed
2026-05-31 00:02:34 |     Sample 20/100 completed
2026-05-31 00:02:34 |     Sample 30/100 completed
2026-05-31 00:02:35 |     Sample 40/100 completed
2026-05-31 00:02:35 |     Sample 50/100 completed
2026-05-31 00:02:36 |     Sample 60/100 completed
2026-05-31 00:02:36 |     Sample 70/100 completed
2026-05-31 00:02:37 |     Sample 80/100 completed
2026-05-31 00:02:37 |     Sample 90/100 completed
2026-05-31 00:02:37 |     Sample 100/100 completed
2026-05-31 00:02:38 |     Sample 10/100 completed
2026-05-31 00:02:38 |     Sample 20/100 completed
2026-05-31 00:02:39 |     Sample 30/100 completed
2026-05-31 00:02:39 |     Sample 40/100 completed
2026-05-31 00:02:40 |     Sample 50/100 completed
2026-05-31 00:02:40 |     Sample 60/100 completed
2026-05-31 00:02:41 |     Sample 70/100 completed
2026-05-31 00:02:41 |     Sample 80/100 completed
2026-05-31 00:02:41 |     Sample 90/100 completed
2026-05-31 00:02:42 |     Sample 100/100 completed
2026-05-31 00:02:42 |     Sample 10/100 completed
2026-05-31 00:02:43 |     Sample 20/100 completed
2026-05-31 00:02:43 |     Sample 30/100 completed
2026-05-31 00:02:44 |     Sample 40/100 completed
2026-05-31 00:02:44 |     Sample 50/100 completed
2026-05-31 00:02:44 |     Sample 60/100 completed
2026-05-31 00:02:45 |     Sample 70/100 completed
2026-05-31 00:02:45 |     Sample 80/100 completed
2026-05-31 00:02:46 |     Sample 90/100 completed
2026-05-31 00:02:46 |     Sample 100/100 completed
2026-05-31 00:02:47 |     Sample 10/100 completed
2026-05-31 00:02:47 |     Sample 20/100 completed
2026-05-31 00:02:47 |     Sample 30/100 completed
2026-05-31 00:02:48 |     Sample 40/100 completed
2026-05-31 00:02:48 |     Sample 50/100 completed
2026-05-31 00:02:49 |     Sample 60/100 completed
2026-05-31 00:02:49 |     Sample 70/100 completed
2026-05-31 00:02:50 |     Sample 80/100 completed
2026-05-31 00:02:50 |     Sample 90/100 completed
2026-05-31 00:02:51 |     Sample 100/100 completed
2026-05-31 00:02:51 |     Sample 10/100 completed
2026-05-31 00:02:51 |     Sample 20/100 completed
2026-05-31 00:02:52 |     Sample 30/100 completed
2026-05-31 00:02:52 |     Sample 40/100 completed
2026-05-31 00:02:53 |     Sample 50/100 completed
2026-05-31 00:02:53 |     Sample 60/100 completed
2026-05-31 00:02:54 |     Sample 70/100 completed
2026-05-31 00:02:54 |     Sample 80/100 completed
2026-05-31 00:02:54 |     Sample 90/100 completed
2026-05-31 00:02:55 |     Sample 100/100 completed
2026-05-31 00:02:55 |     Sample 10/100 completed
2026-05-31 00:02:56 |     Sample 20/100 completed
2026-05-31 00:02:56 |     Sample 30/100 completed
2026-05-31 00:02:57 |     Sample 40/100 completed
2026-05-31 00:02:57 |     Sample 50/100 completed
2026-05-31 00:02:57 |     Sample 60/100 completed
2026-05-31 00:02:58 |     Sample 70/100 completed
2026-05-31 00:02:58 |     Sample 80/100 completed
2026-05-31 00:02:59 |     Sample 90/100 completed
2026-05-31 00:02:59 |     Sample 100/100 completed
2026-05-31 00:03:00 |     Sample 10/100 completed
2026-05-31 00:03:00 |     Sample 20/100 completed
2026-05-31 00:03:00 |     Sample 30/100 completed
2026-05-31 00:03:01 |     Sample 40/100 completed
2026-05-31 00:03:01 |     Sample 50/100 completed
2026-05-31 00:03:02 |     Sample 60/100 completed
2026-05-31 00:03:02 |     Sample 70/100 completed
2026-05-31 00:03:03 |     Sample 80/100 completed
2026-05-31 00:03:03 |     Sample 90/100 completed
2026-05-31 00:03:04 |     Sample 100/100 completed
2026-05-31 00:03:04 |     Sample 10/100 completed
2026-05-31 00:03:04 |     Sample 20/100 completed
2026-05-31 00:03:05 |     Sample 30/100 completed
2026-05-31 00:03:05 |     Sample 40/100 completed
2026-05-31 00:03:06 |     Sample 50/100 completed
2026-05-31 00:03:06 |     Sample 60/100 completed
2026-05-31 00:03:07 |     Sample 70/100 completed
2026-05-31 00:03:07 |     Sample 80/100 completed
2026-05-31 00:03:07 |     Sample 90/100 completed
2026-05-31 00:03:08 |     Sample 100/100 completed
2026-05-31 00:03:08 |     Sample 10/100 completed
2026-05-31 00:03:09 |     Sample 20/100 completed
2026-05-31 00:03:09 |     Sample 30/100 completed
2026-05-31 00:03:10 |     Sample 40/100 completed
2026-05-31 00:03:10 |     Sample 50/100 completed
2026-05-31 00:03:11 |     Sample 60/100 completed
2026-05-31 00:03:11 |     Sample 70/100 completed
2026-05-31 00:03:11 |     Sample 80/100 completed
2026-05-31 00:03:12 |     Sample 90/100 completed
2026-05-31 00:03:12 |     Sample 100/100 completed
2026-05-31 00:03:13 |     Sample 10/100 completed
2026-05-31 00:03:13 |     Sample 20/100 completed
2026-05-31 00:03:14 |     Sample 30/100 completed
2026-05-31 00:03:14 |     Sample 40/100 completed
2026-05-31 00:03:15 |     Sample 50/100 completed
2026-05-31 00:03:15 |     Sample 60/100 completed
2026-05-31 00:03:16 |     Sample 70/100 completed
2026-05-31 00:03:16 |     Sample 80/100 completed
2026-05-31 00:03:16 |     Sample 90/100 completed
2026-05-31 00:03:17 |     Sample 100/100 completed
2026-05-31 00:03:17 |     Sample 10/100 completed
2026-05-31 00:03:18 |     Sample 20/100 completed
2026-05-31 00:03:18 |     Sample 30/100 completed
2026-05-31 00:03:19 |     Sample 40/100 completed
2026-05-31 00:03:19 |     Sample 50/100 completed
2026-05-31 00:03:20 |     Sample 60/100 completed
2026-05-31 00:03:20 |     Sample 70/100 completed
2026-05-31 00:03:20 |     Sample 80/100 completed
2026-05-31 00:03:21 |     Sample 90/100 completed
2026-05-31 00:03:21 |     Sample 100/100 completed
2026-05-31 00:03:22 |     Sample 10/100 completed
2026-05-31 00:03:22 |     Sample 20/100 completed
2026-05-31 00:03:23 |     Sample 30/100 completed
2026-05-31 00:03:23 |     Sample 40/100 completed
2026-05-31 00:03:24 |     Sample 50/100 completed
2026-05-31 00:03:24 |     Sample 60/100 completed
2026-05-31 00:03:24 |     Sample 70/100 completed
2026-05-31 00:03:25 |     Sample 80/100 completed
2026-05-31 00:03:25 |     Sample 90/100 completed
2026-05-31 00:03:26 |     Sample 100/100 completed
2026-05-31 00:03:26 |     Sample 10/100 completed
2026-05-31 00:03:27 |     Sample 20/100 completed
2026-05-31 00:03:27 |     Sample 30/100 completed
2026-05-31 00:03:28 |     Sample 40/100 completed
2026-05-31 00:03:28 |     Sample 50/100 completed
2026-05-31 00:03:28 |     Sample 60/100 completed
2026-05-31 00:03:29 |     Sample 70/100 completed
2026-05-31 00:03:29 |     Sample 80/100 completed
2026-05-31 00:03:30 |     Sample 90/100 completed
2026-05-31 00:03:30 |     Sample 100/100 completed
2026-05-31 00:03:30 |     Sample 10/100 completed
2026-05-31 00:03:31 |     Sample 20/100 completed
2026-05-31 00:03:31 |     Sample 30/100 completed
2026-05-31 00:03:32 |     Sample 40/100 completed
2026-05-31 00:03:32 |     Sample 50/100 completed
2026-05-31 00:03:33 |     Sample 60/100 completed
2026-05-31 00:03:33 |     Sample 70/100 completed
2026-05-31 00:03:34 |     Sample 80/100 completed
2026-05-31 00:03:34 |     Sample 90/100 completed
2026-05-31 00:03:35 |     Sample 100/100 completed
2026-05-31 00:03:35 |     Sample 10/100 completed
2026-05-31 00:03:35 |     Sample 20/100 completed
2026-05-31 00:03:36 |     Sample 30/100 completed
2026-05-31 00:03:36 |     Sample 40/100 completed
2026-05-31 00:03:37 |     Sample 50/100 completed
2026-05-31 00:03:37 |     Sample 60/100 completed
2026-05-31 00:03:38 |     Sample 70/100 completed
2026-05-31 00:03:38 |     Sample 80/100 completed
2026-05-31 00:03:39 |     Sample 90/100 completed
2026-05-31 00:03:39 |     Sample 100/100 completed
2026-05-31 00:03:39 |     Sample 10/100 completed
2026-05-31 00:03:40 |     Sample 20/100 completed
2026-05-31 00:03:40 |     Sample 30/100 completed
2026-05-31 00:03:41 |     Sample 40/100 completed
2026-05-31 00:03:41 |     Sample 50/100 completed
2026-05-31 00:03:42 |     Sample 60/100 completed
2026-05-31 00:03:42 |     Sample 70/100 completed
2026-05-31 00:03:42 |     Sample 80/100 completed
2026-05-31 00:03:43 |     Sample 90/100 completed
2026-05-31 00:03:43 |     Sample 100/100 completed
2026-05-31 00:03:44 |     Sample 10/100 completed
2026-05-31 00:03:44 |     Sample 20/100 completed
2026-05-31 00:03:45 |     Sample 30/100 completed
2026-05-31 00:03:45 |     Sample 40/100 completed
2026-05-31 00:03:46 |     Sample 50/100 completed
2026-05-31 00:03:46 |     Sample 60/100 completed
2026-05-31 00:03:47 |     Sample 70/100 completed
2026-05-31 00:03:47 |     Sample 80/100 completed
2026-05-31 00:03:47 |     Sample 90/100 completed
2026-05-31 00:03:48 |     Sample 100/100 completed
2026-05-31 00:03:48 |     Sample 10/100 completed
2026-05-31 00:03:49 |     Sample 20/100 completed
2026-05-31 00:03:49 |     Sample 30/100 completed
2026-05-31 00:03:50 |     Sample 40/100 completed
2026-05-31 00:03:50 |     Sample 50/100 completed
2026-05-31 00:03:51 |     Sample 60/100 completed
2026-05-31 00:03:51 |     Sample 70/100 completed
2026-05-31 00:03:51 |     Sample 80/100 completed
2026-05-31 00:03:52 |     Sample 90/100 completed
2026-05-31 00:03:52 |     Sample 100/100 completed
2026-05-31 00:03:53 |     Sample 10/100 completed
2026-05-31 00:03:53 |     Sample 20/100 completed
2026-05-31 00:03:54 |     Sample 30/100 completed
2026-05-31 00:03:54 |     Sample 40/100 completed
2026-05-31 00:03:55 |     Sample 50/100 completed
2026-05-31 00:03:55 |     Sample 60/100 completed
2026-05-31 00:03:55 |     Sample 70/100 completed
2026-05-31 00:03:56 |     Sample 80/100 completed
2026-05-31 00:03:56 |     Sample 90/100 completed
2026-05-31 00:03:57 |     Sample 100/100 completed
2026-05-31 00:03:57 |     Sample 10/100 completed
2026-05-31 00:03:58 |     Sample 20/100 completed
2026-05-31 00:03:58 |     Sample 30/100 completed
2026-05-31 00:03:59 |     Sample 40/100 completed
2026-05-31 00:03:59 |     Sample 50/100 completed
2026-05-31 00:03:59 |     Sample 60/100 completed
2026-05-31 00:04:00 |     Sample 70/100 completed
2026-05-31 00:04:00 |     Sample 80/100 completed
2026-05-31 00:04:01 |     Sample 90/100 completed
2026-05-31 00:04:01 |     Sample 100/100 completed
2026-05-31 00:04:02 |     Sample 10/100 completed
2026-05-31 00:04:02 |     Sample 20/100 completed
2026-05-31 00:04:03 |     Sample 30/100 completed
2026-05-31 00:04:03 |     Sample 40/100 completed
2026-05-31 00:04:03 |     Sample 50/100 completed
2026-05-31 00:04:04 |     Sample 60/100 completed
2026-05-31 00:04:04 |     Sample 70/100 completed
2026-05-31 00:04:05 |     Sample 80/100 completed
2026-05-31 00:04:05 |     Sample 90/100 completed
2026-05-31 00:04:06 |     Sample 100/100 completed
2026-05-31 00:04:06 |     Sample 10/100 completed
2026-05-31 00:04:06 |     Sample 20/100 completed
2026-05-31 00:04:07 |     Sample 30/100 completed
2026-05-31 00:04:07 |     Sample 40/100 completed
2026-05-31 00:04:08 |     Sample 50/100 completed
2026-05-31 00:04:08 |     Sample 60/100 completed
2026-05-31 00:04:09 |     Sample 70/100 completed
2026-05-31 00:04:09 |     Sample 80/100 completed
2026-05-31 00:04:09 |     Sample 90/100 completed
2026-05-31 00:04:10 |     Sample 100/100 completed
2026-05-31 00:04:10 |     Sample 10/100 completed
2026-05-31 00:04:11 |     Sample 20/100 completed
2026-05-31 00:04:11 |     Sample 30/100 completed
2026-05-31 00:04:12 |     Sample 40/100 completed
2026-05-31 00:04:12 |     Sample 50/100 completed
2026-05-31 00:04:12 |     Sample 60/100 completed
2026-05-31 00:04:13 |     Sample 70/100 completed
2026-05-31 00:04:13 |     Sample 80/100 completed
2026-05-31 00:04:14 |     Sample 90/100 completed
2026-05-31 00:04:14 |     Sample 100/100 completed
2026-05-31 00:04:15 |     Sample 10/100 completed
2026-05-31 00:04:15 |     Sample 20/100 completed
2026-05-31 00:04:15 |     Sample 30/100 completed
2026-05-31 00:04:16 |     Sample 40/100 completed
2026-05-31 00:04:16 |     Sample 50/100 completed
2026-05-31 00:04:17 |     Sample 60/100 completed
2026-05-31 00:04:17 |     Sample 70/100 completed
2026-05-31 00:04:18 |     Sample 80/100 completed
2026-05-31 00:04:18 |     Sample 90/100 completed
2026-05-31 00:04:19 |     Sample 100/100 completed
2026-05-31 00:04:19 |     Sample 10/100 completed
2026-05-31 00:04:19 |     Sample 20/100 completed
2026-05-31 00:04:20 |     Sample 30/100 completed
2026-05-31 00:04:20 |     Sample 40/100 completed
2026-05-31 00:04:21 |     Sample 50/100 completed
2026-05-31 00:04:21 |     Sample 60/100 completed
2026-05-31 00:04:21 |     Sample 70/100 completed
2026-05-31 00:04:22 |     Sample 80/100 completed
2026-05-31 00:04:22 |     Sample 90/100 completed
2026-05-31 00:04:23 |     Sample 100/100 completed
2026-05-31 00:04:23 | Completed all 100 instances
2026-05-31 00:04:23 |   [Progress: 3/10] LGBM + PC - CausalShapley (SLOW - uses 10 inner samples)
2026-05-31 00:57:01 |   [Progress: 4/10] LGBM + PC - ShapleyFlow
2026-05-31 00:57:01 |     → ShapleyFlowWrapper: 51 features, 124 edges, 9 sources
2026-05-31 00:57:01 |     → Computing Shapley Flow for 100 instances...
2026-05-31 00:57:01 |     → Instance 1/100
2026-05-31 00:57:01 |     → ShapleyFlow (MC Edge Permutation): 124 edges, 100 trials
2026-05-31 00:57:01 |     → ShapleyFlow (MC Permutation): 124 edges, 100 trials = 12,500 model calls
2026-05-31 00:57:01 |     → Trial 1/100 completed (125 evaluations)
2026-05-31 00:57:02 |     → Trial 10/100 completed (125 evaluations)
2026-05-31 00:57:03 |     → Trial 20/100 completed (125 evaluations)
2026-05-31 00:57:03 |     → Trial 30/100 completed (125 evaluations)
2026-05-31 00:57:04 |     → Trial 40/100 completed (125 evaluations)
2026-05-31 00:57:04 |     → Trial 50/100 completed (125 evaluations)
2026-05-31 00:57:05 |     → Trial 60/100 completed (125 evaluations)
2026-05-31 00:57:06 |     → Trial 70/100 completed (125 evaluations)
2026-05-31 00:57:06 |     → Trial 80/100 completed (125 evaluations)
2026-05-31 00:57:07 |     → Trial 90/100 completed (125 evaluations)
2026-05-31 00:57:07 |     → Trial 100/100 completed (125 evaluations)
2026-05-31 00:57:07 |  Total edge attributions: 10.334111
2026-05-31 00:57:07 |  Expected (f(x) - f(x')) : 10.334111
2026-05-31 00:57:07 |  Difference: 1.7763568394002505e-15 using 100 samples to calculate f(x) and f(x')
2026-05-31 00:57:07 |  Relative error: 0.0000
2026-05-31 00:57:07 |     → Instance 2/100
2026-05-31 00:57:07 |     → ShapleyFlow (MC Edge Permutation): 124 edges, 100 trials
2026-05-31 00:57:07 |     → ShapleyFlow (MC Permutation): 124 edges, 100 trials = 12,500 model calls
2026-05-31 00:57:07 |     → Trial 1/100 completed (125 evaluations)
2026-05-31 00:57:08 |     → Trial 10/100 completed (125 evaluations)
2026-05-31 00:57:09 |     → Trial 20/100 completed (125 evaluations)
2026-05-31 00:57:09 |     → Trial 30/100 completed (125 evaluations)
2026-05-31 00:57:10 |     → Trial 40/100 completed (125 evaluations)
2026-05-31 00:57:10 |     → Trial 50/100 completed (125 evaluations)
2026-05-31 00:57:11 |     → Trial 60/100 completed (125 evaluations)
2026-05-31 00:57:12 |     → Trial 70/100 completed (125 evaluations)
2026-05-31 00:57:12 |     → Trial 80/100 completed (125 evaluations)
2026-05-31 00:57:13 |     → Trial 90/100 completed (125 evaluations)
2026-05-31 00:57:13 |     → Trial 100/100 completed (125 evaluations)
2026-05-31 00:57:13 |  Total edge attributions: 7.261715
2026-05-31 00:57:13 |  Expected (f(x) - f(x')) : 7.261715
2026-05-31 00:57:13 |  Difference: 1.7763568394002505e-15 using 100 samples to calculate f(x) and f(x')
2026-05-31 00:57:13 |  Relative error: 0.0000
2026-05-31 00:57:13 |     → Instance 3/100
2026-05-31 00:57:13 |     → ShapleyFlow (MC Edge Permutation): 124 edges, 100 trials
2026-05-31 00:57:13 |     → ShapleyFlow (MC Permutation): 124 edges, 100 trials = 12,500 model calls
2026-05-31 00:57:14 |     → Trial 1/100 completed (125 evaluations)
2026-05-31 00:57:14 |     → Trial 10/100 completed (125 evaluations)
2026-05-31 00:57:15 |     → Trial 20/100 completed (125 evaluations)
2026-05-31 00:57:15 |     → Trial 30/100 completed (125 evaluations)
2026-05-31 00:57:16 |     → Trial 40/100 completed (125 evaluations)
2026-05-31 00:57:16 |     → Trial 50/100 completed (125 evaluations)
2026-05-31 00:57:17 |     → Trial 60/100 completed (125 evaluations)
2026-05-31 00:57:18 |     → Trial 70/100 completed (125 evaluations)
2026-05-31 00:57:18 |     → Trial 80/100 completed (125 evaluations)
2026-05-31 00:57:19 |     → Trial 90/100 completed (125 evaluations)
2026-05-31 00:57:19 |     → Trial 100/100 completed (125 evaluations)
2026-05-31 00:57:20 |  Total edge attributions: -1.525133
2026-05-31 00:57:20 |  Expected (f(x) - f(x')) : -1.525133
2026-05-31 00:57:20 |  Difference: 1.3322676295501878e-15 using 100 samples to calculate f(x) and f(x')
2026-05-31 00:57:20 |  Relative error: 0.0000
2026-05-31 00:57:20 |     → Instance 4/100
2026-05-31 00:57:20 |     → ShapleyFlow (MC Edge Permutation): 124 edges, 100 trials
2026-05-31 00:57:20 |     → ShapleyFlow (MC Permutation): 124 edges, 100 trials = 12,500 model calls
2026-05-31 00:57:20 |     → Trial 1/100 completed (125 evaluations)
2026-05-31 00:57:20 |     → Trial 10/100 completed (125 evaluations)
2026-05-31 00:57:21 |     → Trial 20/100 completed (125 evaluations)
2026-05-31 00:57:21 |     → Trial 30/100 completed (125 evaluations)
2026-05-31 00:57:22 |     → Trial 40/100 completed (125 evaluations)
2026-05-31 00:57:23 |     → Trial 50/100 completed (125 evaluations)
2026-05-31 00:57:23 |     → Trial 60/100 completed (125 evaluations)
2026-05-31 00:57:24 |     → Trial 70/100 completed (125 evaluations)
2026-05-31 00:57:24 |     → Trial 80/100 completed (125 evaluations)
2026-05-31 00:57:25 |     → Trial 90/100 completed (125 evaluations)
2026-05-31 00:57:26 |     → Trial 100/100 completed (125 evaluations)
2026-05-31 00:57:26 |  Total edge attributions: -7.441975
2026-05-31 00:57:26 |  Expected (f(x) - f(x')) : -7.441975
2026-05-31 00:57:26 |  Difference: 1.7763568394002505e-15 using 100 samples to calculate f(x) and f(x')
2026-05-31 00:57:26 |  Relative error: 0.0000
2026-05-31 00:57:26 |     → Instance 5/100
2026-05-31 00:57:26 |     → ShapleyFlow (MC Edge Permutation): 124 edges, 100 trials
2026-05-31 00:57:26 |     → ShapleyFlow (MC Permutation): 124 edges, 100 trials = 12,500 model calls
2026-05-31 00:57:26 |     → Trial 1/100 completed (125 evaluations)
2026-05-31 00:57:26 |     → Trial 10/100 completed (125 evaluations)
2026-05-31 00:57:27 |     → Trial 20/100 completed (125 evaluations)
2026-05-31 00:57:27 |     → Trial 30/100 completed (125 evaluations)
2026-05-31 00:57:28 |     → Trial 40/100 completed (125 evaluations)
2026-05-31 00:57:29 |     → Trial 50/100 completed (125 evaluations)
2026-05-31 00:57:29 |     → Trial 60/100 completed (125 evaluations)
2026-05-31 00:57:30 |     → Trial 70/100 completed (125 evaluations)
2026-05-31 00:57:31 |     → Trial 80/100 completed (125 evaluations)
2026-05-31 00:57:31 |     → Trial 90/100 completed (125 evaluations)
2026-05-31 00:57:32 |     → Trial 100/100 completed (125 evaluations)
2026-05-31 00:57:32 |  Total edge attributions: -16.163786
2026-05-31 00:57:32 |  Expected (f(x) - f(x')) : -16.163786
2026-05-31 00:57:32 |  Difference: 0.0 using 100 samples to calculate f(x) and f(x')
2026-05-31 00:57:32 |  Relative error: 0.0000
2026-05-31 00:57:32 |     → Instance 6/100
2026-05-31 00:57:32 |     → ShapleyFlow (MC Edge Permutation): 124 edges, 100 trials
2026-05-31 00:57:32 |     → ShapleyFlow (MC Permutation): 124 edges, 100 trials = 12,500 model calls
2026-05-31 00:57:32 |     → Trial 1/100 completed (125 evaluations)
2026-05-31 00:57:32 |     → Trial 10/100 completed (125 evaluations)
2026-05-31 00:57:33 |     → Trial 20/100 completed (125 evaluations)
2026-05-31 00:57:34 |     → Trial 30/100 completed (125 evaluations)
2026-05-31 00:57:34 |     → Trial 40/100 completed (125 evaluations)
2026-05-31 00:57:35 |     → Trial 50/100 completed (125 evaluations)
2026-05-31 00:57:35 |     → Trial 60/100 completed (125 evaluations)
2026-05-31 00:57:36 |     → Trial 70/100 completed (125 evaluations)
2026-05-31 00:57:37 |     → Trial 80/100 completed (125 evaluations)
2026-05-31 00:57:37 |     → Trial 90/100 completed (125 evaluations)
2026-05-31 00:57:38 |     → Trial 100/100 completed (125 evaluations)
2026-05-31 00:57:38 |  Total edge attributions: 6.862301
2026-05-31 00:57:38 |  Expected (f(x) - f(x')) : 6.862301
2026-05-31 00:57:38 |  Difference: 8.881784197001252e-16 using 100 samples to calculate f(x) and f(x')
2026-05-31 00:57:38 |  Relative error: 0.0000
2026-05-31 00:57:38 |     → Instance 7/100
2026-05-31 00:57:38 |     → ShapleyFlow (MC Edge Permutation): 124 edges, 100 trials
2026-05-31 00:57:38 |     → ShapleyFlow (MC Permutation): 124 edges, 100 trials = 12,500 model calls
2026-05-31 00:57:38 |     → Trial 1/100 completed (125 evaluations)
2026-05-31 00:57:38 |     → Trial 10/100 completed (125 evaluations)
2026-05-31 00:57:39 |     → Trial 20/100 completed (125 evaluations)
2026-05-31 00:57:40 |     → Trial 30/100 completed (125 evaluations)
2026-05-31 00:57:40 |     → Trial 40/100 completed (125 evaluations)
2026-05-31 00:57:41 |     → Trial 50/100 completed (125 evaluations)
2026-05-31 00:57:42 |     → Trial 60/100 completed (125 evaluations)
2026-05-31 00:57:42 |     → Trial 70/100 completed (125 evaluations)
2026-05-31 00:57:43 |     → Trial 80/100 completed (125 evaluations)
2026-05-31 00:57:43 |     → Trial 90/100 completed (125 evaluations)
2026-05-31 00:57:44 |     → Trial 100/100 completed (125 evaluations)
2026-05-31 00:57:44 |  Total edge attributions: 11.864870
2026-05-31 00:57:44 |  Expected (f(x) - f(x')) : 11.864870
2026-05-31 00:57:44 |  Difference: 0.0 using 100 samples to calculate f(x) and f(x')
2026-05-31 00:57:44 |  Relative error: 0.0000
2026-05-31 00:57:44 |     → Instance 8/100
2026-05-31 00:57:44 |     → ShapleyFlow (MC Edge Permutation): 124 edges, 100 trials
2026-05-31 00:57:44 |     → ShapleyFlow (MC Permutation): 124 edges, 100 trials = 12,500 model calls
2026-05-31 00:57:44 |     → Trial 1/100 completed (125 evaluations)
2026-05-31 00:57:45 |     → Trial 10/100 completed (125 evaluations)
2026-05-31 00:57:45 |     → Trial 20/100 completed (125 evaluations)
2026-05-31 00:57:46 |     → Trial 30/100 completed (125 evaluations)
2026-05-31 00:57:46 |     → Trial 40/100 completed (125 evaluations)
2026-05-31 00:57:47 |     → Trial 50/100 completed (125 evaluations)
2026-05-31 00:57:48 |     → Trial 60/100 completed (125 evaluations)
2026-05-31 00:57:48 |     → Trial 70/100 completed (125 evaluations)
2026-05-31 00:57:49 |     → Trial 80/100 completed (125 evaluations)
2026-05-31 00:57:49 |     → Trial 90/100 completed (125 evaluations)
2026-05-31 00:57:50 |     → Trial 100/100 completed (125 evaluations)
2026-05-31 00:57:50 |  Total edge attributions: 2.292227
2026-05-31 00:57:50 |  Expected (f(x) - f(x')) : 2.292227
2026-05-31 00:57:50 |  Difference: 8.881784197001252e-16 using 100 samples to calculate f(x) and f(x')
2026-05-31 00:57:50 |  Relative error: 0.0000
2026-05-31 00:57:50 |     → Instance 9/100
2026-05-31 00:57:50 |     → ShapleyFlow (MC Edge Permutation): 124 edges, 100 trials
2026-05-31 00:57:50 |     → ShapleyFlow (MC Permutation): 124 edges, 100 trials = 12,500 model calls
2026-05-31 00:57:50 |     → Trial 1/100 completed (125 evaluations)
2026-05-31 00:57:51 |     → Trial 10/100 completed (125 evaluations)
2026-05-31 00:57:51 |     → Trial 20/100 completed (125 evaluations)
2026-05-31 00:57:52 |     → Trial 30/100 completed (125 evaluations)
2026-05-31 00:57:53 |     → Trial 40/100 completed (125 evaluations)
2026-05-31 00:57:53 |     → Trial 50/100 completed (125 evaluations)
2026-05-31 00:57:54 |     → Trial 60/100 completed (125 evaluations)
2026-05-31 00:57:54 |     → Trial 70/100 completed (125 evaluations)
2026-05-31 00:57:55 |     → Trial 80/100 completed (125 evaluations)
2026-05-31 00:57:56 |     → Trial 90/100 completed (125 evaluations)
2026-05-31 00:57:56 |     → Trial 100/100 completed (125 evaluations)
2026-05-31 00:57:56 |  Total edge attributions: -1.795663
2026-05-31 00:57:56 |  Expected (f(x) - f(x')) : -1.795663
2026-05-31 00:57:56 |  Difference: 6.661338147750939e-16 using 100 samples to calculate f(x) and f(x')
2026-05-31 00:57:56 |  Relative error: 0.0000
2026-05-31 00:57:56 |     → Instance 10/100
2026-05-31 00:57:56 |     → ShapleyFlow (MC Edge Permutation): 124 edges, 100 trials
2026-05-31 00:57:56 |     → ShapleyFlow (MC Permutation): 124 edges, 100 trials = 12,500 model calls
2026-05-31 00:57:56 |     → Trial 1/100 completed (125 evaluations)
2026-05-31 00:57:57 |     → Trial 10/100 completed (125 evaluations)
2026-05-31 00:57:58 |     → Trial 20/100 completed (125 evaluations)
2026-05-31 00:57:58 |     → Trial 30/100 completed (125 evaluations)
2026-05-31 00:57:59 |     → Trial 40/100 completed (125 evaluations)
2026-05-31 00:57:59 |     → Trial 50/100 completed (125 evaluations)
2026-05-31 00:58:00 |     → Trial 60/100 completed (125 evaluations)
2026-05-31 00:58:01 |     → Trial 70/100 completed (125 evaluations)
2026-05-31 00:58:01 |     → Trial 80/100 completed (125 evaluations)
2026-05-31 00:58:02 |     → Trial 90/100 completed (125 evaluations)
2026-05-31 00:58:02 |     → Trial 100/100 completed (125 evaluations)
2026-05-31 00:58:02 |  Total edge attributions: 11.367548
2026-05-31 00:58:02 |  Expected (f(x) - f(x')) : 11.367548
2026-05-31 00:58:02 |  Difference: 3.552713678800501e-15 using 100 samples to calculate f(x) and f(x')
2026-05-31 00:58:02 |  Relative error: 0.0000
2026-05-31 00:58:02 |     → Instance 11/100
2026-05-31 00:58:02 |     → ShapleyFlow (MC Edge Permutation): 124 edges, 100 trials
2026-05-31 00:58:02 |     → ShapleyFlow (MC Permutation): 124 edges, 100 trials = 12,500 model calls
2026-05-31 00:58:03 |     → Trial 1/100 completed (125 evaluations)
2026-05-31 00:58:03 |     → Trial 10/100 completed (125 evaluations)
2026-05-31 00:58:04 |     → Trial 20/100 completed (125 evaluations)
2026-05-31 00:58:04 |     → Trial 30/100 completed (125 evaluations)
2026-05-31 00:58:05 |     → Trial 40/100 completed (125 evaluations)
2026-05-31 00:58:05 |     → Trial 50/100 completed (125 evaluations)
2026-05-31 00:58:06 |     → Trial 60/100 completed (125 evaluations)
2026-05-31 00:58:07 |     → Trial 70/100 completed (125 evaluations)
2026-05-31 00:58:07 |     → Trial 80/100 completed (125 evaluations)
2026-05-31 00:58:08 |     → Trial 90/100 completed (125 evaluations)
2026-05-31 00:58:09 |     → Trial 100/100 completed (125 evaluations)
2026-05-31 00:58:09 |  Total edge attributions: 7.078836
2026-05-31 00:58:09 |  Expected (f(x) - f(x')) : 7.078836
2026-05-31 00:58:09 |  Difference: 0.0 using 100 samples to calculate f(x) and f(x')
2026-05-31 00:58:09 |  Relative error: 0.0000
2026-05-31 00:58:09 |     → Instance 12/100
2026-05-31 00:58:09 |     → ShapleyFlow (MC Edge Permutation): 124 edges, 100 trials
2026-05-31 00:58:09 |     → ShapleyFlow (MC Permutation): 124 edges, 100 trials = 12,500 model calls
2026-05-31 00:58:09 |     → Trial 1/100 completed (125 evaluations)
2026-05-31 00:58:09 |     → Trial 10/100 completed (125 evaluations)
2026-05-31 00:58:10 |     → Trial 20/100 completed (125 evaluations)
2026-05-31 00:58:10 |     → Trial 30/100 completed (125 evaluations)
2026-05-31 00:58:11 |     → Trial 40/100 completed (125 evaluations)
2026-05-31 00:58:12 |     → Trial 50/100 completed (125 evaluations)
2026-05-31 00:58:12 |     → Trial 60/100 completed (125 evaluations)
2026-05-31 00:58:13 |     → Trial 70/100 completed (125 evaluations)
2026-05-31 00:58:13 |     → Trial 80/100 completed (125 evaluations)
2026-05-31 00:58:14 |     → Trial 90/100 completed (125 evaluations)
2026-05-31 00:58:15 |     → Trial 100/100 completed (125 evaluations)
2026-05-31 00:58:15 |  Total edge attributions: 15.365485
2026-05-31 00:58:15 |  Expected (f(x) - f(x')) : 15.365485
2026-05-31 00:58:15 |  Difference: 1.7763568394002505e-15 using 100 samples to calculate f(x) and f(x')
2026-05-31 00:58:15 |  Relative error: 0.0000
2026-05-31 00:58:15 |     → Instance 13/100
2026-05-31 00:58:15 |     → ShapleyFlow (MC Edge Permutation): 124 edges, 100 trials
2026-05-31 00:58:15 |     → ShapleyFlow (MC Permutation): 124 edges, 100 trials = 12,500 model calls
2026-05-31 00:58:15 |     → Trial 1/100 completed (125 evaluations)
2026-05-31 00:58:15 |     → Trial 10/100 completed (125 evaluations)
2026-05-31 00:58:16 |     → Trial 20/100 completed (125 evaluations)
2026-05-31 00:58:17 |     → Trial 30/100 completed (125 evaluations)
2026-05-31 00:58:17 |     → Trial 40/100 completed (125 evaluations)
2026-05-31 00:58:18 |     → Trial 50/100 completed (125 evaluations)
2026-05-31 00:58:18 |     → Trial 60/100 completed (125 evaluations)
2026-05-31 00:58:19 |     → Trial 70/100 completed (125 evaluations)
2026-05-31 00:58:20 |     → Trial 80/100 completed (125 evaluations)
2026-05-31 00:58:20 |     → Trial 90/100 completed (125 evaluations)
2026-05-31 00:58:21 |     → Trial 100/100 completed (125 evaluations)
2026-05-31 00:58:21 |  Total edge attributions: -3.339389
2026-05-31 00:58:21 |  Expected (f(x) - f(x')) : -3.339389
2026-05-31 00:58:21 |  Difference: 2.220446049250313e-15 using 100 samples to calculate f(x) and f(x')
2026-05-31 00:58:21 |  Relative error: 0.0000
2026-05-31 00:58:21 |     → Instance 14/100
2026-05-31 00:58:21 |     → ShapleyFlow (MC Edge Permutation): 124 edges, 100 trials
2026-05-31 00:58:21 |     → ShapleyFlow (MC Permutation): 124 edges, 100 trials = 12,500 model calls
2026-05-31 00:58:21 |     → Trial 1/100 completed (125 evaluations)
2026-05-31 00:58:21 |     → Trial 10/100 completed (125 evaluations)
2026-05-31 00:58:22 |     → Trial 20/100 completed (125 evaluations)
2026-05-31 00:58:23 |     → Trial 30/100 completed (125 evaluations)
2026-05-31 00:58:23 |     → Trial 40/100 completed (125 evaluations)
2026-05-31 00:58:24 |     → Trial 50/100 completed (125 evaluations)
2026-05-31 00:58:25 |     → Trial 60/100 completed (125 evaluations)
2026-05-31 00:58:25 |     → Trial 70/100 completed (125 evaluations)
2026-05-31 00:58:26 |     → Trial 80/100 completed (125 evaluations)
2026-05-31 00:58:26 |     → Trial 90/100 completed (125 evaluations)
2026-05-31 00:58:27 |     → Trial 100/100 completed (125 evaluations)
2026-05-31 00:58:27 |  Total edge attributions: -2.067771
2026-05-31 00:58:27 |  Expected (f(x) - f(x')) : -2.067771
2026-05-31 00:58:27 |  Difference: 3.1086244689504383e-15 using 100 samples to calculate f(x) and f(x')
2026-05-31 00:58:27 |  Relative error: 0.0000
2026-05-31 00:58:27 |     → Instance 15/100
2026-05-31 00:58:27 |     → ShapleyFlow (MC Edge Permutation): 124 edges, 100 trials
2026-05-31 00:58:27 |     → ShapleyFlow (MC Permutation): 124 edges, 100 trials = 12,500 model calls
2026-05-31 00:58:27 |     → Trial 1/100 completed (125 evaluations)
2026-05-31 00:58:28 |     → Trial 10/100 completed (125 evaluations)
2026-05-31 00:58:28 |     → Trial 20/100 completed (125 evaluations)
2026-05-31 00:58:29 |     → Trial 30/100 completed (125 evaluations)
2026-05-31 00:58:29 |     → Trial 40/100 completed (125 evaluations)
2026-05-31 00:58:30 |     → Trial 50/100 completed (125 evaluations)
2026-05-31 00:58:31 |     → Trial 60/100 completed (125 evaluations)
2026-05-31 00:58:31 |     → Trial 70/100 completed (125 evaluations)
2026-05-31 00:58:32 |     → Trial 80/100 completed (125 evaluations)
2026-05-31 00:58:32 |     → Trial 90/100 completed (125 evaluations)
2026-05-31 00:58:33 |     → Trial 100/100 completed (125 evaluations)
2026-05-31 00:58:33 |  Total edge attributions: -10.900134
2026-05-31 00:58:33 |  Expected (f(x) - f(x')) : -10.900134
2026-05-31 00:58:33 |  Difference: 5.329070518200751e-15 using 100 samples to calculate f(x) and f(x')
2026-05-31 00:58:33 |  Relative error: 0.0000
2026-05-31 00:58:33 |     → Instance 16/100
2026-05-31 00:58:33 |     → ShapleyFlow (MC Edge Permutation): 124 edges, 100 trials
2026-05-31 00:58:33 |     → ShapleyFlow (MC Permutation): 124 edges, 100 trials = 12,500 model calls
2026-05-31 00:58:33 |     → Trial 1/100 completed (125 evaluations)
2026-05-31 00:58:34 |     → Trial 10/100 completed (125 evaluations)
2026-05-31 00:58:34 |     → Trial 20/100 completed (125 evaluations)
2026-05-31 00:58:35 |     → Trial 30/100 completed (125 evaluations)
2026-05-31 00:58:36 |     → Trial 40/100 completed (125 evaluations)
2026-05-31 00:58:36 |     → Trial 50/100 completed (125 evaluations)
2026-05-31 00:58:37 |     → Trial 60/100 completed (125 evaluations)
2026-05-31 00:58:37 |     → Trial 70/100 completed (125 evaluations)
2026-05-31 00:58:38 |     → Trial 80/100 completed (125 evaluations)
2026-05-31 00:58:39 |     → Trial 90/100 completed (125 evaluations)
2026-05-31 00:58:39 |     → Trial 100/100 completed (125 evaluations)
2026-05-31 00:58:39 |  Total edge attributions: -3.274916
2026-05-31 00:58:39 |  Expected (f(x) - f(x')) : -3.274916
2026-05-31 00:58:39 |  Difference: 4.440892098500626e-16 using 100 samples to calculate f(x) and f(x')
2026-05-31 00:58:39 |  Relative error: 0.0000
2026-05-31 00:58:39 |     → Instance 17/100
2026-05-31 00:58:39 |     → ShapleyFlow (MC Edge Permutation): 124 edges, 100 trials
2026-05-31 00:58:39 |     → ShapleyFlow (MC Permutation): 124 edges, 100 trials = 12,500 model calls
2026-05-31 00:58:39 |     → Trial 1/100 completed (125 evaluations)
2026-05-31 00:58:40 |     → Trial 10/100 completed (125 evaluations)
2026-05-31 00:58:41 |     → Trial 20/100 completed (125 evaluations)
2026-05-31 00:58:41 |     → Trial 30/100 completed (125 evaluations)
2026-05-31 00:58:42 |     → Trial 40/100 completed (125 evaluations)
2026-05-31 00:58:42 |     → Trial 50/100 completed (125 evaluations)
2026-05-31 00:58:43 |     → Trial 60/100 completed (125 evaluations)
2026-05-31 00:58:44 |     → Trial 70/100 completed (125 evaluations)
2026-05-31 00:58:44 |     → Trial 80/100 completed (125 evaluations)
2026-05-31 00:58:45 |     → Trial 90/100 completed (125 evaluations)
2026-05-31 00:58:45 |     → Trial 100/100 completed (125 evaluations)
2026-05-31 00:58:46 |  Total edge attributions: 0.492340
2026-05-31 00:58:46 |  Expected (f(x) - f(x')) : 0.492340
2026-05-31 00:58:46 |  Difference: 3.83026943495679e-15 using 100 samples to calculate f(x) and f(x')
2026-05-31 00:58:46 |  Relative error: 0.0000
2026-05-31 00:58:46 |     → Instance 18/100
2026-05-31 00:58:46 |     → ShapleyFlow (MC Edge Permutation): 124 edges, 100 trials
2026-05-31 00:58:46 |     → ShapleyFlow (MC Permutation): 124 edges, 100 trials = 12,500 model calls
2026-05-31 00:58:46 |     → Trial 1/100 completed (125 evaluations)
2026-05-31 00:58:46 |     → Trial 10/100 completed (125 evaluations)
2026-05-31 00:58:47 |     → Trial 20/100 completed (125 evaluations)
2026-05-31 00:58:47 |     → Trial 30/100 completed (125 evaluations)
2026-05-31 00:58:48 |     → Trial 40/100 completed (125 evaluations)
2026-05-31 00:58:49 |     → Trial 50/100 completed (125 evaluations)
2026-05-31 00:58:49 |     → Trial 60/100 completed (125 evaluations)
2026-05-31 00:58:50 |     → Trial 70/100 completed (125 evaluations)
2026-05-31 00:58:50 |     → Trial 80/100 completed (125 evaluations)
2026-05-31 00:58:51 |     → Trial 90/100 completed (125 evaluations)
2026-05-31 00:58:52 |     → Trial 100/100 completed (125 evaluations)
2026-05-31 00:58:52 |  Total edge attributions: 11.818843
2026-05-31 00:58:52 |  Expected (f(x) - f(x')) : 11.818843
2026-05-31 00:58:52 |  Difference: 1.7763568394002505e-15 using 100 samples to calculate f(x) and f(x')
2026-05-31 00:58:52 |  Relative error: 0.0000
2026-05-31 00:58:52 |     → Instance 19/100
2026-05-31 00:58:52 |     → ShapleyFlow (MC Edge Permutation): 124 edges, 100 trials
2026-05-31 00:58:52 |     → ShapleyFlow (MC Permutation): 124 edges, 100 trials = 12,500 model calls
2026-05-31 00:58:52 |     → Trial 1/100 completed (125 evaluations)
2026-05-31 00:58:52 |     → Trial 10/100 completed (125 evaluations)
2026-05-31 00:58:53 |     → Trial 20/100 completed (125 evaluations)
2026-05-31 00:58:53 |     → Trial 30/100 completed (125 evaluations)
2026-05-31 00:58:54 |     → Trial 40/100 completed (125 evaluations)
2026-05-31 00:58:55 |     → Trial 50/100 completed (125 evaluations)
2026-05-31 00:58:55 |     → Trial 60/100 completed (125 evaluations)
2026-05-31 00:58:56 |     → Trial 70/100 completed (125 evaluations)
2026-05-31 00:58:56 |     → Trial 80/100 completed (125 evaluations)
2026-05-31 00:58:57 |     → Trial 90/100 completed (125 evaluations)
2026-05-31 00:58:58 |     → Trial 100/100 completed (125 evaluations)
2026-05-31 00:58:58 |  Total edge attributions: -9.392229
2026-05-31 00:58:58 |  Expected (f(x) - f(x')) : -9.392229
2026-05-31 00:58:58 |  Difference: 1.7763568394002505e-15 using 100 samples to calculate f(x) and f(x')
2026-05-31 00:58:58 |  Relative error: 0.0000
2026-05-31 00:58:58 |     → Instance 20/100
2026-05-31 00:58:58 |     → ShapleyFlow (MC Edge Permutation): 124 edges, 100 trials
2026-05-31 00:58:58 |     → ShapleyFlow (MC Permutation): 124 edges, 100 trials = 12,500 model calls
2026-05-31 00:58:58 |     → Trial 1/100 completed (125 evaluations)
2026-05-31 00:58:58 |     → Trial 10/100 completed (125 evaluations)
2026-05-31 00:58:59 |     → Trial 20/100 completed (125 evaluations)
2026-05-31 00:59:00 |     → Trial 30/100 completed (125 evaluations)
2026-05-31 00:59:00 |     → Trial 40/100 completed (125 evaluations)
2026-05-31 00:59:01 |     → Trial 50/100 completed (125 evaluations)
2026-05-31 00:59:01 |     → Trial 60/100 completed (125 evaluations)
2026-05-31 00:59:02 |     → Trial 70/100 completed (125 evaluations)
2026-05-31 00:59:03 |     → Trial 80/100 completed (125 evaluations)
2026-05-31 00:59:03 |     → Trial 90/100 completed (125 evaluations)
2026-05-31 00:59:04 |     → Trial 100/100 completed (125 evaluations)
2026-05-31 00:59:04 |  Total edge attributions: -14.963663
2026-05-31 00:59:04 |  Expected (f(x) - f(x')) : -14.963663
2026-05-31 00:59:04 |  Difference: 1.7763568394002505e-15 using 100 samples to calculate f(x) and f(x')
2026-05-31 00:59:04 |  Relative error: 0.0000
2026-05-31 00:59:04 |     → Instance 21/100
2026-05-31 00:59:04 |     → ShapleyFlow (MC Edge Permutation): 124 edges, 100 trials
2026-05-31 00:59:04 |     → ShapleyFlow (MC Permutation): 124 edges, 100 trials = 12,500 model calls
2026-05-31 00:59:04 |     → Trial 1/100 completed (125 evaluations)
2026-05-31 00:59:05 |     → Trial 10/100 completed (125 evaluations)
2026-05-31 00:59:05 |     → Trial 20/100 completed (125 evaluations)
2026-05-31 00:59:06 |     → Trial 30/100 completed (125 evaluations)
2026-05-31 00:59:06 |     → Trial 40/100 completed (125 evaluations)
2026-05-31 00:59:07 |     → Trial 50/100 completed (125 evaluations)
2026-05-31 00:59:08 |     → Trial 60/100 completed (125 evaluations)
2026-05-31 00:59:08 |     → Trial 70/100 completed (125 evaluations)
2026-05-31 00:59:09 |     → Trial 80/100 completed (125 evaluations)
2026-05-31 00:59:09 |     → Trial 90/100 completed (125 evaluations)
2026-05-31 00:59:10 |     → Trial 100/100 completed (125 evaluations)
2026-05-31 00:59:10 |  Total edge attributions: 16.674453
2026-05-31 00:59:10 |  Expected (f(x) - f(x')) : 16.674453
2026-05-31 00:59:10 |  Difference: 3.552713678800501e-15 using 100 samples to calculate f(x) and f(x')
2026-05-31 00:59:10 |  Relative error: 0.0000
2026-05-31 00:59:10 |     → Instance 22/100
2026-05-31 00:59:10 |     → ShapleyFlow (MC Edge Permutation): 124 edges, 100 trials
2026-05-31 00:59:10 |     → ShapleyFlow (MC Permutation): 124 edges, 100 trials = 12,500 model calls
2026-05-31 00:59:10 |     → Trial 1/100 completed (125 evaluations)
2026-05-31 00:59:11 |     → Trial 10/100 completed (125 evaluations)
2026-05-31 00:59:11 |     → Trial 20/100 completed (125 evaluations)
2026-05-31 00:59:12 |     → Trial 30/100 completed (125 evaluations)
2026-05-31 00:59:13 |     → Trial 40/100 completed (125 evaluations)
2026-05-31 00:59:13 |     → Trial 50/100 completed (125 evaluations)
2026-05-31 00:59:14 |     → Trial 60/100 completed (125 evaluations)
2026-05-31 00:59:14 |     → Trial 70/100 completed (125 evaluations)
2026-05-31 00:59:15 |     → Trial 80/100 completed (125 evaluations)
2026-05-31 00:59:16 |     → Trial 90/100 completed (125 evaluations)
2026-05-31 00:59:16 |     → Trial 100/100 completed (125 evaluations)
2026-05-31 00:59:16 |  Total edge attributions: 5.124140
2026-05-31 00:59:16 |  Expected (f(x) - f(x')) : 5.124140
2026-05-31 00:59:16 |  Difference: 8.881784197001252e-16 using 100 samples to calculate f(x) and f(x')
2026-05-31 00:59:16 |  Relative error: 0.0000
2026-05-31 00:59:16 |     → Instance 23/100
2026-05-31 00:59:16 |     → ShapleyFlow (MC Edge Permutation): 124 edges, 100 trials
2026-05-31 00:59:16 |     → ShapleyFlow (MC Permutation): 124 edges, 100 trials = 12,500 model calls
2026-05-31 00:59:16 |     → Trial 1/100 completed (125 evaluations)
2026-05-31 00:59:17 |     → Trial 10/100 completed (125 evaluations)
2026-05-31 00:59:17 |     → Trial 20/100 completed (125 evaluations)
2026-05-31 00:59:18 |     → Trial 30/100 completed (125 evaluations)
2026-05-31 00:59:19 |     → Trial 40/100 completed (125 evaluations)
2026-05-31 00:59:19 |     → Trial 50/100 completed (125 evaluations)
2026-05-31 00:59:20 |     → Trial 60/100 completed (125 evaluations)
2026-05-31 00:59:21 |     → Trial 70/100 completed (125 evaluations)
2026-05-31 00:59:21 |     → Trial 80/100 completed (125 evaluations)
2026-05-31 00:59:22 |     → Trial 90/100 completed (125 evaluations)
2026-05-31 00:59:22 |     → Trial 100/100 completed (125 evaluations)
2026-05-31 00:59:22 |  Total edge attributions: -13.109609
2026-05-31 00:59:22 |  Expected (f(x) - f(x')) : -13.109609
2026-05-31 00:59:22 |  Difference: 1.7763568394002505e-15 using 100 samples to calculate f(x) and f(x')
2026-05-31 00:59:22 |  Relative error: 0.0000
2026-05-31 00:59:22 |     → Instance 24/100
2026-05-31 00:59:22 |     → ShapleyFlow (MC Edge Permutation): 124 edges, 100 trials
2026-05-31 00:59:22 |     → ShapleyFlow (MC Permutation): 124 edges, 100 trials = 12,500 model calls
2026-05-31 00:59:22 |     → Trial 1/100 completed (125 evaluations)
2026-05-31 00:59:23 |     → Trial 10/100 completed (125 evaluations)
2026-05-31 00:59:24 |     → Trial 20/100 completed (125 evaluations)
2026-05-31 00:59:24 |     → Trial 30/100 completed (125 evaluations)
2026-05-31 00:59:25 |     → Trial 40/100 completed (125 evaluations)
2026-05-31 00:59:25 |     → Trial 50/100 completed (125 evaluations)
2026-05-31 00:59:26 |     → Trial 60/100 completed (125 evaluations)
2026-05-31 00:59:27 |     → Trial 70/100 completed (125 evaluations)
2026-05-31 00:59:27 |     → Trial 80/100 completed (125 evaluations)
2026-05-31 00:59:28 |     → Trial 90/100 completed (125 evaluations)
2026-05-31 00:59:28 |     → Trial 100/100 completed (125 evaluations)
2026-05-31 00:59:29 |  Total edge attributions: -0.178647
2026-05-31 00:59:29 |  Expected (f(x) - f(x')) : -0.178647
2026-05-31 00:59:29 |  Difference: 4.163336342344337e-16 using 100 samples to calculate f(x) and f(x')
2026-05-31 00:59:29 |  Relative error: 0.0000
2026-05-31 00:59:29 |     → Instance 25/100
2026-05-31 00:59:29 |     → ShapleyFlow (MC Edge Permutation): 124 edges, 100 trials
2026-05-31 00:59:29 |     → ShapleyFlow (MC Permutation): 124 edges, 100 trials = 12,500 model calls
2026-05-31 00:59:29 |     → Trial 1/100 completed (125 evaluations)
2026-05-31 00:59:29 |     → Trial 10/100 completed (125 evaluations)
2026-05-31 00:59:30 |     → Trial 20/100 completed (125 evaluations)
2026-05-31 00:59:30 |     → Trial 30/100 completed (125 evaluations)
2026-05-31 00:59:31 |     → Trial 40/100 completed (125 evaluations)
2026-05-31 00:59:32 |     → Trial 50/100 completed (125 evaluations)
2026-05-31 00:59:32 |     → Trial 60/100 completed (125 evaluations)
2026-05-31 00:59:33 |     → Trial 70/100 completed (125 evaluations)
2026-05-31 00:59:33 |     → Trial 80/100 completed (125 evaluations)
2026-05-31 00:59:34 |     → Trial 90/100 completed (125 evaluations)
2026-05-31 00:59:35 |     → Trial 100/100 completed (125 evaluations)
2026-05-31 00:59:35 |  Total edge attributions: 10.019057
2026-05-31 00:59:35 |  Expected (f(x) - f(x')) : 10.019057
2026-05-31 00:59:35 |  Difference: 0.0 using 100 samples to calculate f(x) and f(x')
2026-05-31 00:59:35 |  Relative error: 0.0000
2026-05-31 00:59:35 |     → Instance 26/100
2026-05-31 00:59:35 |     → ShapleyFlow (MC Edge Permutation): 124 edges, 100 trials
2026-05-31 00:59:35 |     → ShapleyFlow (MC Permutation): 124 edges, 100 trials = 12,500 model calls
2026-05-31 00:59:35 |     → Trial 1/100 completed (125 evaluations)
2026-05-31 00:59:35 |     → Trial 10/100 completed (125 evaluations)
2026-05-31 00:59:36 |     → Trial 20/100 completed (125 evaluations)
2026-05-31 00:59:37 |     → Trial 30/100 completed (125 evaluations)
2026-05-31 00:59:37 |     → Trial 40/100 completed (125 evaluations)
2026-05-31 00:59:38 |     → Trial 50/100 completed (125 evaluations)
2026-05-31 00:59:38 |     → Trial 60/100 completed (125 evaluations)
2026-05-31 00:59:39 |     → Trial 70/100 completed (125 evaluations)
2026-05-31 00:59:40 |     → Trial 80/100 completed (125 evaluations)
2026-05-31 00:59:40 |     → Trial 90/100 completed (125 evaluations)
2026-05-31 00:59:41 |     → Trial 100/100 completed (125 evaluations)
2026-05-31 00:59:41 |  Total edge attributions: 1.805458
2026-05-31 00:59:41 |  Expected (f(x) - f(x')) : 1.805458
2026-05-31 00:59:41 |  Difference: 2.220446049250313e-15 using 100 samples to calculate f(x) and f(x')
2026-05-31 00:59:41 |  Relative error: 0.0000
2026-05-31 00:59:41 |     → Instance 27/100
2026-05-31 00:59:41 |     → ShapleyFlow (MC Edge Permutation): 124 edges, 100 trials
2026-05-31 00:59:41 |     → ShapleyFlow (MC Permutation): 124 edges, 100 trials = 12,500 model calls
2026-05-31 00:59:41 |     → Trial 1/100 completed (125 evaluations)
2026-05-31 00:59:42 |     → Trial 10/100 completed (125 evaluations)
2026-05-31 00:59:42 |     → Trial 20/100 completed (125 evaluations)
2026-05-31 00:59:43 |     → Trial 30/100 completed (125 evaluations)
2026-05-31 00:59:43 |     → Trial 40/100 completed (125 evaluations)
2026-05-31 00:59:44 |     → Trial 50/100 completed (125 evaluations)
2026-05-31 00:59:45 |     → Trial 60/100 completed (125 evaluations)
2026-05-31 00:59:45 |     → Trial 70/100 completed (125 evaluations)
2026-05-31 00:59:46 |     → Trial 80/100 completed (125 evaluations)
2026-05-31 00:59:46 |     → Trial 90/100 completed (125 evaluations)
2026-05-31 00:59:47 |     → Trial 100/100 completed (125 evaluations)
2026-05-31 00:59:47 |  Total edge attributions: 4.636546
2026-05-31 00:59:47 |  Expected (f(x) - f(x')) : 4.636546
2026-05-31 00:59:47 |  Difference: 2.6645352591003757e-15 using 100 samples to calculate f(x) and f(x')
2026-05-31 00:59:47 |  Relative error: 0.0000
2026-05-31 00:59:47 |     → Instance 28/100
2026-05-31 00:59:47 |     → ShapleyFlow (MC Edge Permutation): 124 edges, 100 trials
2026-05-31 00:59:47 |     → ShapleyFlow (MC Permutation): 124 edges, 100 trials = 12,500 model calls
2026-05-31 00:59:47 |     → Trial 1/100 completed (125 evaluations)
2026-05-31 00:59:48 |     → Trial 10/100 completed (125 evaluations)
2026-05-31 00:59:48 |     → Trial 20/100 completed (125 evaluations)
2026-05-31 00:59:49 |     → Trial 30/100 completed (125 evaluations)
2026-05-31 00:59:49 |     → Trial 40/100 completed (125 evaluations)
2026-05-31 00:59:50 |     → Trial 50/100 completed (125 evaluations)
2026-05-31 00:59:51 |     → Trial 60/100 completed (125 evaluations)
2026-05-31 00:59:51 |     → Trial 70/100 completed (125 evaluations)
2026-05-31 00:59:52 |     → Trial 80/100 completed (125 evaluations)
2026-05-31 00:59:53 |     → Trial 90/100 completed (125 evaluations)
2026-05-31 00:59:53 |     → Trial 100/100 completed (125 evaluations)
2026-05-31 00:59:53 |  Total edge attributions: -10.248210
2026-05-31 00:59:53 |  Expected (f(x) - f(x')) : -10.248210
2026-05-31 00:59:53 |  Difference: 5.329070518200751e-15 using 100 samples to calculate f(x) and f(x')
2026-05-31 00:59:53 |  Relative error: 0.0000
2026-05-31 00:59:53 |     → Instance 29/100
2026-05-31 00:59:53 |     → ShapleyFlow (MC Edge Permutation): 124 edges, 100 trials
2026-05-31 00:59:53 |     → ShapleyFlow (MC Permutation): 124 edges, 100 trials = 12,500 model calls
2026-05-31 00:59:53 |     → Trial 1/100 completed (125 evaluations)
2026-05-31 00:59:54 |     → Trial 10/100 completed (125 evaluations)
2026-05-31 00:59:54 |     → Trial 20/100 completed (125 evaluations)
2026-05-31 00:59:55 |     → Trial 30/100 completed (125 evaluations)
2026-05-31 00:59:56 |     → Trial 40/100 completed (125 evaluations)
2026-05-31 00:59:56 |     → Trial 50/100 completed (125 evaluations)
2026-05-31 00:59:57 |     → Trial 60/100 completed (125 evaluations)
2026-05-31 00:59:58 |     → Trial 70/100 completed (125 evaluations)
2026-05-31 00:59:58 |     → Trial 80/100 completed (125 evaluations)
2026-05-31 00:59:59 |     → Trial 90/100 completed (125 evaluations)
2026-05-31 00:59:59 |     → Trial 100/100 completed (125 evaluations)
2026-05-31 00:59:59 |  Total edge attributions: -7.602061
2026-05-31 00:59:59 |  Expected (f(x) - f(x')) : -7.602061
2026-05-31 00:59:59 |  Difference: 8.881784197001252e-16 using 100 samples to calculate f(x) and f(x')
2026-05-31 00:59:59 |  Relative error: 0.0000
2026-05-31 00:59:59 |     → Instance 30/100
2026-05-31 00:59:59 |     → ShapleyFlow (MC Edge Permutation): 124 edges, 100 trials
2026-05-31 00:59:59 |     → ShapleyFlow (MC Permutation): 124 edges, 100 trials = 12,500 model calls
2026-05-31 01:00:00 |     → Trial 1/100 completed (125 evaluations)
2026-05-31 01:00:00 |     → Trial 10/100 completed (125 evaluations)
2026-05-31 01:00:01 |     → Trial 20/100 completed (125 evaluations)
2026-05-31 01:00:01 |     → Trial 30/100 completed (125 evaluations)
2026-05-31 01:00:02 |     → Trial 40/100 completed (125 evaluations)
2026-05-31 01:00:03 |     → Trial 50/100 completed (125 evaluations)
2026-05-31 01:00:03 |     → Trial 60/100 completed (125 evaluations)
2026-05-31 01:00:04 |     → Trial 70/100 completed (125 evaluations)
2026-05-31 01:00:04 |     → Trial 80/100 completed (125 evaluations)
2026-05-31 01:00:05 |     → Trial 90/100 completed (125 evaluations)
2026-05-31 01:00:06 |     → Trial 100/100 completed (125 evaluations)
2026-05-31 01:00:06 |  Total edge attributions: -9.312233
2026-05-31 01:00:06 |  Expected (f(x) - f(x')) : -9.312233
2026-05-31 01:00:06 |  Difference: 1.7763568394002505e-15 using 100 samples to calculate f(x) and f(x')
2026-05-31 01:00:06 |  Relative error: 0.0000
2026-05-31 01:00:06 |     → Instance 31/100
2026-05-31 01:00:06 |     → ShapleyFlow (MC Edge Permutation): 124 edges, 100 trials
2026-05-31 01:00:06 |     → ShapleyFlow (MC Permutation): 124 edges, 100 trials = 12,500 model calls
2026-05-31 01:00:06 |     → Trial 1/100 completed (125 evaluations)
2026-05-31 01:00:06 |     → Trial 10/100 completed (125 evaluations)
2026-05-31 01:00:07 |     → Trial 20/100 completed (125 evaluations)
2026-05-31 01:00:07 |     → Trial 30/100 completed (125 evaluations)
2026-05-31 01:00:08 |     → Trial 40/100 completed (125 evaluations)
2026-05-31 01:00:09 |     → Trial 50/100 completed (125 evaluations)
2026-05-31 01:00:09 |     → Trial 60/100 completed (125 evaluations)
2026-05-31 01:00:10 |     → Trial 70/100 completed (125 evaluations)
2026-05-31 01:00:11 |     → Trial 80/100 completed (125 evaluations)
2026-05-31 01:00:11 |     → Trial 90/100 completed (125 evaluations)
2026-05-31 01:00:12 |     → Trial 100/100 completed (125 evaluations)
2026-05-31 01:00:12 |  Total edge attributions: -10.441514
2026-05-31 01:00:12 |  Expected (f(x) - f(x')) : -10.441514
2026-05-31 01:00:12 |  Difference: 3.552713678800501e-15 using 100 samples to calculate f(x) and f(x')
2026-05-31 01:00:12 |  Relative error: 0.0000
2026-05-31 01:00:12 |     → Instance 32/100
2026-05-31 01:00:12 |     → ShapleyFlow (MC Edge Permutation): 124 edges, 100 trials
2026-05-31 01:00:12 |     → ShapleyFlow (MC Permutation): 124 edges, 100 trials = 12,500 model calls
2026-05-31 01:00:12 |     → Trial 1/100 completed (125 evaluations)
2026-05-31 01:00:12 |     → Trial 10/100 completed (125 evaluations)
2026-05-31 01:00:13 |     → Trial 20/100 completed (125 evaluations)
2026-05-31 01:00:14 |     → Trial 30/100 completed (125 evaluations)
2026-05-31 01:00:14 |     → Trial 40/100 completed (125 evaluations)
2026-05-31 01:00:15 |     → Trial 50/100 completed (125 evaluations)
2026-05-31 01:00:15 |     → Trial 60/100 completed (125 evaluations)
2026-05-31 01:00:16 |     → Trial 70/100 completed (125 evaluations)
2026-05-31 01:00:17 |     → Trial 80/100 completed (125 evaluations)
2026-05-31 01:00:17 |     → Trial 90/100 completed (125 evaluations)
2026-05-31 01:00:18 |     → Trial 100/100 completed (125 evaluations)
2026-05-31 01:00:18 |  Total edge attributions: -10.514515
2026-05-31 01:00:18 |  Expected (f(x) - f(x')) : -10.514515
2026-05-31 01:00:18 |  Difference: 5.329070518200751e-15 using 100 samples to calculate f(x) and f(x')
2026-05-31 01:00:18 |  Relative error: 0.0000
2026-05-31 01:00:18 |     → Instance 33/100
2026-05-31 01:00:18 |     → ShapleyFlow (MC Edge Permutation): 124 edges, 100 trials
2026-05-31 01:00:18 |     → ShapleyFlow (MC Permutation): 124 edges, 100 trials = 12,500 model calls
2026-05-31 01:00:18 |     → Trial 1/100 completed (125 evaluations)
2026-05-31 01:00:19 |     → Trial 10/100 completed (125 evaluations)
2026-05-31 01:00:19 |     → Trial 20/100 completed (125 evaluations)
2026-05-31 01:00:20 |     → Trial 30/100 completed (125 evaluations)
2026-05-31 01:00:20 |     → Trial 40/100 completed (125 evaluations)
2026-05-31 01:00:21 |     → Trial 50/100 completed (125 evaluations)
2026-05-31 01:00:22 |     → Trial 60/100 completed (125 evaluations)
2026-05-31 01:00:22 |     → Trial 70/100 completed (125 evaluations)
2026-05-31 01:00:23 |     → Trial 80/100 completed (125 evaluations)
2026-05-31 01:00:23 |     → Trial 90/100 completed (125 evaluations)
2026-05-31 01:00:24 |     → Trial 100/100 completed (125 evaluations)
2026-05-31 01:00:24 |  Total edge attributions: 19.968927
2026-05-31 01:00:24 |  Expected (f(x) - f(x')) : 19.968927
2026-05-31 01:00:24 |  Difference: 1.4210854715202004e-14 using 100 samples to calculate f(x) and f(x')
2026-05-31 01:00:24 |  Relative error: 0.0000
2026-05-31 01:00:24 |     → Instance 34/100
2026-05-31 01:00:24 |     → ShapleyFlow (MC Edge Permutation): 124 edges, 100 trials
2026-05-31 01:00:24 |     → ShapleyFlow (MC Permutation): 124 edges, 100 trials = 12,500 model calls
2026-05-31 01:00:24 |     → Trial 1/100 completed (125 evaluations)
2026-05-31 01:00:25 |     → Trial 10/100 completed (125 evaluations)
2026-05-31 01:00:25 |     → Trial 20/100 completed (125 evaluations)
2026-05-31 01:00:26 |     → Trial 30/100 completed (125 evaluations)
2026-05-31 01:00:27 |     → Trial 40/100 completed (125 evaluations)
2026-05-31 01:00:27 |     → Trial 50/100 completed (125 evaluations)
2026-05-31 01:00:28 |     → Trial 60/100 completed (125 evaluations)
2026-05-31 01:00:28 |     → Trial 70/100 completed (125 evaluations)
2026-05-31 01:00:29 |     → Trial 80/100 completed (125 evaluations)
2026-05-31 01:00:30 |     → Trial 90/100 completed (125 evaluations)
2026-05-31 01:00:30 |     → Trial 100/100 completed (125 evaluations)
2026-05-31 01:00:30 |  Total edge attributions: -10.677732
2026-05-31 01:00:30 |  Expected (f(x) - f(x')) : -10.677732
2026-05-31 01:00:30 |  Difference: 1.7763568394002505e-15 using 100 samples to calculate f(x) and f(x')
2026-05-31 01:00:30 |  Relative error: 0.0000
2026-05-31 01:00:30 |     → Instance 35/100
2026-05-31 01:00:30 |     → ShapleyFlow (MC Edge Permutation): 124 edges, 100 trials
2026-05-31 01:00:30 |     → ShapleyFlow (MC Permutation): 124 edges, 100 trials = 12,500 model calls
2026-05-31 01:00:30 |     → Trial 1/100 completed (125 evaluations)
2026-05-31 01:00:31 |     → Trial 10/100 completed (125 evaluations)
2026-05-31 01:00:32 |     → Trial 20/100 completed (125 evaluations)
2026-05-31 01:00:32 |     → Trial 30/100 completed (125 evaluations)
2026-05-31 01:00:33 |     → Trial 40/100 completed (125 evaluations)
2026-05-31 01:00:33 |     → Trial 50/100 completed (125 evaluations)
2026-05-31 01:00:34 |     → Trial 60/100 completed (125 evaluations)
2026-05-31 01:00:35 |     → Trial 70/100 completed (125 evaluations)
2026-05-31 01:00:35 |     → Trial 80/100 completed (125 evaluations)
2026-05-31 01:00:36 |     → Trial 90/100 completed (125 evaluations)
2026-05-31 01:00:36 |     → Trial 100/100 completed (125 evaluations)
2026-05-31 01:00:36 |  Total edge attributions: 6.661066
2026-05-31 01:00:36 |  Expected (f(x) - f(x')) : 6.661066
2026-05-31 01:00:36 |  Difference: 8.881784197001252e-16 using 100 samples to calculate f(x) and f(x')
2026-05-31 01:00:36 |  Relative error: 0.0000
2026-05-31 01:00:36 |     → Instance 36/100
2026-05-31 01:00:36 |     → ShapleyFlow (MC Edge Permutation): 124 edges, 100 trials
2026-05-31 01:00:36 |     → ShapleyFlow (MC Permutation): 124 edges, 100 trials = 12,500 model calls
2026-05-31 01:00:37 |     → Trial 1/100 completed (125 evaluations)
2026-05-31 01:00:37 |     → Trial 10/100 completed (125 evaluations)
2026-05-31 01:00:38 |     → Trial 20/100 completed (125 evaluations)
2026-05-31 01:00:38 |     → Trial 30/100 completed (125 evaluations)
2026-05-31 01:00:39 |     → Trial 40/100 completed (125 evaluations)
2026-05-31 01:00:40 |     → Trial 50/100 completed (125 evaluations)
2026-05-31 01:00:40 |     → Trial 60/100 completed (125 evaluations)
2026-05-31 01:00:41 |     → Trial 70/100 completed (125 evaluations)
2026-05-31 01:00:41 |     → Trial 80/100 completed (125 evaluations)
2026-05-31 01:00:42 |     → Trial 90/100 completed (125 evaluations)
2026-05-31 01:00:43 |     → Trial 100/100 completed (125 evaluations)
2026-05-31 01:00:43 |  Total edge attributions: 10.262301
2026-05-31 01:00:43 |  Expected (f(x) - f(x')) : 10.262301
2026-05-31 01:00:43 |  Difference: 1.7763568394002505e-15 using 100 samples to calculate f(x) and f(x')
2026-05-31 01:00:43 |  Relative error: 0.0000
2026-05-31 01:00:43 |     → Instance 37/100
2026-05-31 01:00:43 |     → ShapleyFlow (MC Edge Permutation): 124 edges, 100 trials
2026-05-31 01:00:43 |     → ShapleyFlow (MC Permutation): 124 edges, 100 trials = 12,500 model calls
2026-05-31 01:00:43 |     → Trial 1/100 completed (125 evaluations)
2026-05-31 01:00:43 |     → Trial 10/100 completed (125 evaluations)
2026-05-31 01:00:44 |     → Trial 20/100 completed (125 evaluations)
2026-05-31 01:00:44 |     → Trial 30/100 completed (125 evaluations)
2026-05-31 01:00:45 |     → Trial 40/100 completed (125 evaluations)
2026-05-31 01:00:46 |     → Trial 50/100 completed (125 evaluations)
2026-05-31 01:00:46 |     → Trial 60/100 completed (125 evaluations)
2026-05-31 01:00:47 |     → Trial 70/100 completed (125 evaluations)
2026-05-31 01:00:47 |     → Trial 80/100 completed (125 evaluations)
2026-05-31 01:00:48 |     → Trial 90/100 completed (125 evaluations)
2026-05-31 01:00:49 |     → Trial 100/100 completed (125 evaluations)
2026-05-31 01:00:49 |  Total edge attributions: -2.374815
2026-05-31 01:00:49 |  Expected (f(x) - f(x')) : -2.374815
2026-05-31 01:00:49 |  Difference: 3.9968028886505635e-15 using 100 samples to calculate f(x) and f(x')
2026-05-31 01:00:49 |  Relative error: 0.0000
2026-05-31 01:00:49 |     → Instance 38/100
2026-05-31 01:00:49 |     → ShapleyFlow (MC Edge Permutation): 124 edges, 100 trials
2026-05-31 01:00:49 |     → ShapleyFlow (MC Permutation): 124 edges, 100 trials = 12,500 model calls
2026-05-31 01:00:49 |     → Trial 1/100 completed (125 evaluations)
2026-05-31 01:00:49 |     → Trial 10/100 completed (125 evaluations)
2026-05-31 01:00:50 |     → Trial 20/100 completed (125 evaluations)
2026-05-31 01:00:51 |     → Trial 30/100 completed (125 evaluations)
2026-05-31 01:00:51 |     → Trial 40/100 completed (125 evaluations)
2026-05-31 01:00:52 |     → Trial 50/100 completed (125 evaluations)
2026-05-31 01:00:52 |     → Trial 60/100 completed (125 evaluations)
2026-05-31 01:00:53 |     → Trial 70/100 completed (125 evaluations)
2026-05-31 01:00:54 |     → Trial 80/100 completed (125 evaluations)
2026-05-31 01:00:54 |     → Trial 90/100 completed (125 evaluations)
2026-05-31 01:00:55 |     → Trial 100/100 completed (125 evaluations)
2026-05-31 01:00:55 |  Total edge attributions: -1.254258
2026-05-31 01:00:55 |  Expected (f(x) - f(x')) : -1.254258
2026-05-31 01:00:55 |  Difference: 0.0 using 100 samples to calculate f(x) and f(x')
2026-05-31 01:00:55 |  Relative error: 0.0000
2026-05-31 01:00:55 |     → Instance 39/100
2026-05-31 01:00:55 |     → ShapleyFlow (MC Edge Permutation): 124 edges, 100 trials
2026-05-31 01:00:55 |     → ShapleyFlow (MC Permutation): 124 edges, 100 trials = 12,500 model calls
2026-05-31 01:00:55 |     → Trial 1/100 completed (125 evaluations)
2026-05-31 01:00:56 |     → Trial 10/100 completed (125 evaluations)
2026-05-31 01:00:56 |     → Trial 20/100 completed (125 evaluations)
2026-05-31 01:00:57 |     → Trial 30/100 completed (125 evaluations)
2026-05-31 01:00:57 |     → Trial 40/100 completed (125 evaluations)
2026-05-31 01:00:58 |     → Trial 50/100 completed (125 evaluations)
2026-05-31 01:00:59 |     → Trial 60/100 completed (125 evaluations)
2026-05-31 01:00:59 |     → Trial 70/100 completed (125 evaluations)
2026-05-31 01:01:00 |     → Trial 80/100 completed (125 evaluations)
2026-05-31 01:01:00 |     → Trial 90/100 completed (125 evaluations)
2026-05-31 01:01:01 |     → Trial 100/100 completed (125 evaluations)
2026-05-31 01:01:01 |  Total edge attributions: 3.026211
2026-05-31 01:01:01 |  Expected (f(x) - f(x')) : 3.026211
2026-05-31 01:01:01 |  Difference: 4.440892098500626e-16 using 100 samples to calculate f(x) and f(x')
2026-05-31 01:01:01 |  Relative error: 0.0000
2026-05-31 01:01:01 |     → Instance 40/100
2026-05-31 01:01:01 |     → ShapleyFlow (MC Edge Permutation): 124 edges, 100 trials
2026-05-31 01:01:01 |     → ShapleyFlow (MC Permutation): 124 edges, 100 trials = 12,500 model calls
2026-05-31 01:01:01 |     → Trial 1/100 completed (125 evaluations)
2026-05-31 01:01:02 |     → Trial 10/100 completed (125 evaluations)
2026-05-31 01:01:02 |     → Trial 20/100 completed (125 evaluations)
2026-05-31 01:01:03 |     → Trial 30/100 completed (125 evaluations)
2026-05-31 01:01:04 |     → Trial 40/100 completed (125 evaluations)
2026-05-31 01:01:04 |     → Trial 50/100 completed (125 evaluations)
2026-05-31 01:01:05 |     → Trial 60/100 completed (125 evaluations)
2026-05-31 01:01:05 |     → Trial 70/100 completed (125 evaluations)
2026-05-31 01:01:06 |     → Trial 80/100 completed (125 evaluations)
2026-05-31 01:01:07 |     → Trial 90/100 completed (125 evaluations)
2026-05-31 01:01:07 |     → Trial 100/100 completed (125 evaluations)
2026-05-31 01:01:07 |  Total edge attributions: 25.644655
2026-05-31 01:01:07 |  Expected (f(x) - f(x')) : 25.644655
2026-05-31 01:01:07 |  Difference: 1.4210854715202004e-14 using 100 samples to calculate f(x) and f(x')
2026-05-31 01:01:07 |  Relative error: 0.0000
2026-05-31 01:01:07 |     → Instance 41/100
2026-05-31 01:01:07 |     → ShapleyFlow (MC Edge Permutation): 124 edges, 100 trials
2026-05-31 01:01:07 |     → ShapleyFlow (MC Permutation): 124 edges, 100 trials = 12,500 model calls
2026-05-31 01:01:07 |     → Trial 1/100 completed (125 evaluations)
2026-05-31 01:01:08 |     → Trial 10/100 completed (125 evaluations)
2026-05-31 01:01:09 |     → Trial 20/100 completed (125 evaluations)
2026-05-31 01:01:09 |     → Trial 30/100 completed (125 evaluations)
2026-05-31 01:01:10 |     → Trial 40/100 completed (125 evaluations)
2026-05-31 01:01:10 |     → Trial 50/100 completed (125 evaluations)
2026-05-31 01:01:11 |     → Trial 60/100 completed (125 evaluations)
2026-05-31 01:01:12 |     → Trial 70/100 completed (125 evaluations)
2026-05-31 01:01:12 |     → Trial 80/100 completed (125 evaluations)
2026-05-31 01:01:13 |     → Trial 90/100 completed (125 evaluations)
2026-05-31 01:01:13 |     → Trial 100/100 completed (125 evaluations)
2026-05-31 01:01:14 |  Total edge attributions: 4.465809
2026-05-31 01:01:14 |  Expected (f(x) - f(x')) : 4.465809
2026-05-31 01:01:14 |  Difference: 2.6645352591003757e-15 using 100 samples to calculate f(x) and f(x')
2026-05-31 01:01:14 |  Relative error: 0.0000
2026-05-31 01:01:14 |     → Instance 42/100
2026-05-31 01:01:14 |     → ShapleyFlow (MC Edge Permutation): 124 edges, 100 trials
2026-05-31 01:01:14 |     → ShapleyFlow (MC Permutation): 124 edges, 100 trials = 12,500 model calls
2026-05-31 01:01:14 |     → Trial 1/100 completed (125 evaluations)
2026-05-31 01:01:14 |     → Trial 10/100 completed (125 evaluations)
2026-05-31 01:01:15 |     → Trial 20/100 completed (125 evaluations)
2026-05-31 01:01:15 |     → Trial 30/100 completed (125 evaluations)
2026-05-31 01:01:16 |     → Trial 40/100 completed (125 evaluations)
2026-05-31 01:01:17 |     → Trial 50/100 completed (125 evaluations)
2026-05-31 01:01:17 |     → Trial 60/100 completed (125 evaluations)
2026-05-31 01:01:18 |     → Trial 70/100 completed (125 evaluations)
2026-05-31 01:01:18 |     → Trial 80/100 completed (125 evaluations)
2026-05-31 01:01:19 |     → Trial 90/100 completed (125 evaluations)
2026-05-31 01:01:20 |     → Trial 100/100 completed (125 evaluations)
2026-05-31 01:01:20 |  Total edge attributions: 14.111580
2026-05-31 01:01:20 |  Expected (f(x) - f(x')) : 14.111580
2026-05-31 01:01:20 |  Difference: 5.329070518200751e-15 using 100 samples to calculate f(x) and f(x')
2026-05-31 01:01:20 |  Relative error: 0.0000
2026-05-31 01:01:20 |     → Instance 43/100
2026-05-31 01:01:20 |     → ShapleyFlow (MC Edge Permutation): 124 edges, 100 trials
2026-05-31 01:01:20 |     → ShapleyFlow (MC Permutation): 124 edges, 100 trials = 12,500 model calls
2026-05-31 01:01:20 |     → Trial 1/100 completed (125 evaluations)
2026-05-31 01:01:20 |     → Trial 10/100 completed (125 evaluations)
2026-05-31 01:01:21 |     → Trial 20/100 completed (125 evaluations)
2026-05-31 01:01:22 |     → Trial 30/100 completed (125 evaluations)
2026-05-31 01:01:22 |     → Trial 40/100 completed (125 evaluations)
2026-05-31 01:01:23 |     → Trial 50/100 completed (125 evaluations)
2026-05-31 01:01:23 |     → Trial 60/100 completed (125 evaluations)
2026-05-31 01:01:24 |     → Trial 70/100 completed (125 evaluations)
2026-05-31 01:01:25 |     → Trial 80/100 completed (125 evaluations)
2026-05-31 01:01:25 |     → Trial 90/100 completed (125 evaluations)
2026-05-31 01:01:26 |     → Trial 100/100 completed (125 evaluations)
2026-05-31 01:01:26 |  Total edge attributions: 8.017128
2026-05-31 01:01:26 |  Expected (f(x) - f(x')) : 8.017128
2026-05-31 01:01:26 |  Difference: 5.329070518200751e-15 using 100 samples to calculate f(x) and f(x')
2026-05-31 01:01:26 |  Relative error: 0.0000
2026-05-31 01:01:26 |     → Instance 44/100
2026-05-31 01:01:26 |     → ShapleyFlow (MC Edge Permutation): 124 edges, 100 trials
2026-05-31 01:01:26 |     → ShapleyFlow (MC Permutation): 124 edges, 100 trials = 12,500 model calls
2026-05-31 01:01:26 |     → Trial 1/100 completed (125 evaluations)
2026-05-31 01:01:26 |     → Trial 10/100 completed (125 evaluations)
2026-05-31 01:01:27 |     → Trial 20/100 completed (125 evaluations)
2026-05-31 01:01:28 |     → Trial 30/100 completed (125 evaluations)
2026-05-31 01:01:28 |     → Trial 40/100 completed (125 evaluations)
2026-05-31 01:01:29 |     → Trial 50/100 completed (125 evaluations)
2026-05-31 01:01:29 |     → Trial 60/100 completed (125 evaluations)
2026-05-31 01:01:30 |     → Trial 70/100 completed (125 evaluations)
2026-05-31 01:01:31 |     → Trial 80/100 completed (125 evaluations)
2026-05-31 01:01:31 |     → Trial 90/100 completed (125 evaluations)
2026-05-31 01:01:32 |     → Trial 100/100 completed (125 evaluations)
2026-05-31 01:01:32 |  Total edge attributions: 13.582063
2026-05-31 01:01:32 |  Expected (f(x) - f(x')) : 13.582063
2026-05-31 01:01:32 |  Difference: 1.7763568394002505e-15 using 100 samples to calculate f(x) and f(x')
2026-05-31 01:01:32 |  Relative error: 0.0000
2026-05-31 01:01:32 |     → Instance 45/100
2026-05-31 01:01:32 |     → ShapleyFlow (MC Edge Permutation): 124 edges, 100 trials
2026-05-31 01:01:32 |     → ShapleyFlow (MC Permutation): 124 edges, 100 trials = 12,500 model calls
2026-05-31 01:01:32 |     → Trial 1/100 completed (125 evaluations)
2026-05-31 01:01:33 |     → Trial 10/100 completed (125 evaluations)
2026-05-31 01:01:33 |     → Trial 20/100 completed (125 evaluations)
2026-05-31 01:01:34 |     → Trial 30/100 completed (125 evaluations)
2026-05-31 01:01:34 |     → Trial 40/100 completed (125 evaluations)
2026-05-31 01:01:35 |     → Trial 50/100 completed (125 evaluations)
2026-05-31 01:01:36 |     → Trial 60/100 completed (125 evaluations)
2026-05-31 01:01:36 |     → Trial 70/100 completed (125 evaluations)
2026-05-31 01:01:37 |     → Trial 80/100 completed (125 evaluations)
2026-05-31 01:01:38 |     → Trial 90/100 completed (125 evaluations)
2026-05-31 01:01:38 |     → Trial 100/100 completed (125 evaluations)
2026-05-31 01:01:38 |  Total edge attributions: 9.145117
2026-05-31 01:01:38 |  Expected (f(x) - f(x')) : 9.145117
2026-05-31 01:01:38 |  Difference: 1.7763568394002505e-15 using 100 samples to calculate f(x) and f(x')
2026-05-31 01:01:38 |  Relative error: 0.0000
2026-05-31 01:01:38 |     → Instance 46/100
2026-05-31 01:01:38 |     → ShapleyFlow (MC Edge Permutation): 124 edges, 100 trials
2026-05-31 01:01:38 |     → ShapleyFlow (MC Permutation): 124 edges, 100 trials = 12,500 model calls
2026-05-31 01:01:38 |     → Trial 1/100 completed (125 evaluations)
2026-05-31 01:01:39 |     → Trial 10/100 completed (125 evaluations)
2026-05-31 01:01:39 |     → Trial 20/100 completed (125 evaluations)
2026-05-31 01:01:40 |     → Trial 30/100 completed (125 evaluations)
2026-05-31 01:01:41 |     → Trial 40/100 completed (125 evaluations)
2026-05-31 01:01:41 |     → Trial 50/100 completed (125 evaluations)
2026-05-31 01:01:42 |     → Trial 60/100 completed (125 evaluations)
2026-05-31 01:01:42 |     → Trial 70/100 completed (125 evaluations)
2026-05-31 01:01:43 |     → Trial 80/100 completed (125 evaluations)
2026-05-31 01:01:44 |     → Trial 90/100 completed (125 evaluations)
2026-05-31 01:01:44 |     → Trial 100/100 completed (125 evaluations)
2026-05-31 01:01:44 |  Total edge attributions: 13.965981
2026-05-31 01:01:44 |  Expected (f(x) - f(x')) : 13.965981
2026-05-31 01:01:44 |  Difference: 1.7763568394002505e-15 using 100 samples to calculate f(x) and f(x')
2026-05-31 01:01:44 |  Relative error: 0.0000
2026-05-31 01:01:44 |     → Instance 47/100
2026-05-31 01:01:44 |     → ShapleyFlow (MC Edge Permutation): 124 edges, 100 trials
2026-05-31 01:01:44 |     → ShapleyFlow (MC Permutation): 124 edges, 100 trials = 12,500 model calls
2026-05-31 01:01:44 |     → Trial 1/100 completed (125 evaluations)
2026-05-31 01:01:45 |     → Trial 10/100 completed (125 evaluations)
2026-05-31 01:01:46 |     → Trial 20/100 completed (125 evaluations)
2026-05-31 01:01:46 |     → Trial 30/100 completed (125 evaluations)
2026-05-31 01:01:47 |     → Trial 40/100 completed (125 evaluations)
2026-05-31 01:01:47 |     → Trial 50/100 completed (125 evaluations)
2026-05-31 01:01:48 |     → Trial 60/100 completed (125 evaluations)
2026-05-31 01:01:49 |     → Trial 70/100 completed (125 evaluations)
2026-05-31 01:01:49 |     → Trial 80/100 completed (125 evaluations)
2026-05-31 01:01:50 |     → Trial 90/100 completed (125 evaluations)
2026-05-31 01:01:50 |     → Trial 100/100 completed (125 evaluations)
2026-05-31 01:01:51 |  Total edge attributions: -2.979106
2026-05-31 01:01:51 |  Expected (f(x) - f(x')) : -2.979106
2026-05-31 01:01:51 |  Difference: 3.9968028886505635e-15 using 100 samples to calculate f(x) and f(x')
2026-05-31 01:01:51 |  Relative error: 0.0000
2026-05-31 01:01:51 |     → Instance 48/100
2026-05-31 01:01:51 |     → ShapleyFlow (MC Edge Permutation): 124 edges, 100 trials
2026-05-31 01:01:51 |     → ShapleyFlow (MC Permutation): 124 edges, 100 trials = 12,500 model calls
2026-05-31 01:01:51 |     → Trial 1/100 completed (125 evaluations)
2026-05-31 01:01:51 |     → Trial 10/100 completed (125 evaluations)
2026-05-31 01:01:52 |     → Trial 20/100 completed (125 evaluations)
2026-05-31 01:01:52 |     → Trial 30/100 completed (125 evaluations)
2026-05-31 01:01:53 |     → Trial 40/100 completed (125 evaluations)
2026-05-31 01:01:54 |     → Trial 50/100 completed (125 evaluations)
2026-05-31 01:01:54 |     → Trial 60/100 completed (125 evaluations)
2026-05-31 01:01:55 |     → Trial 70/100 completed (125 evaluations)
2026-05-31 01:01:55 |     → Trial 80/100 completed (125 evaluations)
2026-05-31 01:01:56 |     → Trial 90/100 completed (125 evaluations)
2026-05-31 01:01:57 |     → Trial 100/100 completed (125 evaluations)
2026-05-31 01:01:57 |  Total edge attributions: 1.415006
2026-05-31 01:01:57 |  Expected (f(x) - f(x')) : 1.415006
2026-05-31 01:01:57 |  Difference: 6.661338147750939e-16 using 100 samples to calculate f(x) and f(x')
2026-05-31 01:01:57 |  Relative error: 0.0000
2026-05-31 01:01:57 |     → Instance 49/100
2026-05-31 01:01:57 |     → ShapleyFlow (MC Edge Permutation): 124 edges, 100 trials
2026-05-31 01:01:57 |     → ShapleyFlow (MC Permutation): 124 edges, 100 trials = 12,500 model calls
2026-05-31 01:01:57 |     → Trial 1/100 completed (125 evaluations)
2026-05-31 01:01:57 |     → Trial 10/100 completed (125 evaluations)
2026-05-31 01:01:58 |     → Trial 20/100 completed (125 evaluations)
2026-05-31 01:01:59 |     → Trial 30/100 completed (125 evaluations)
2026-05-31 01:01:59 |     → Trial 40/100 completed (125 evaluations)
2026-05-31 01:02:00 |     → Trial 50/100 completed (125 evaluations)
2026-05-31 01:02:00 |     → Trial 60/100 completed (125 evaluations)
2026-05-31 01:02:01 |     → Trial 70/100 completed (125 evaluations)
2026-05-31 01:02:02 |     → Trial 80/100 completed (125 evaluations)
2026-05-31 01:02:02 |     → Trial 90/100 completed (125 evaluations)
2026-05-31 01:02:03 |     → Trial 100/100 completed (125 evaluations)
2026-05-31 01:02:03 |  Total edge attributions: 10.395994
2026-05-31 01:02:03 |  Expected (f(x) - f(x')) : 10.395994
2026-05-31 01:02:03 |  Difference: 3.552713678800501e-15 using 100 samples to calculate f(x) and f(x')
2026-05-31 01:02:03 |  Relative error: 0.0000
2026-05-31 01:02:03 |     → Instance 50/100
2026-05-31 01:02:03 |     → ShapleyFlow (MC Edge Permutation): 124 edges, 100 trials
2026-05-31 01:02:03 |     → ShapleyFlow (MC Permutation): 124 edges, 100 trials = 12,500 model calls
2026-05-31 01:02:03 |     → Trial 1/100 completed (125 evaluations)
2026-05-31 01:02:04 |     → Trial 10/100 completed (125 evaluations)
2026-05-31 01:02:04 |     → Trial 20/100 completed (125 evaluations)
2026-05-31 01:02:05 |     → Trial 30/100 completed (125 evaluations)
2026-05-31 01:02:05 |     → Trial 40/100 completed (125 evaluations)
2026-05-31 01:02:06 |     → Trial 50/100 completed (125 evaluations)
2026-05-31 01:02:07 |     → Trial 60/100 completed (125 evaluations)
2026-05-31 01:02:07 |     → Trial 70/100 completed (125 evaluations)
2026-05-31 01:02:08 |     → Trial 80/100 completed (125 evaluations)
2026-05-31 01:02:08 |     → Trial 90/100 completed (125 evaluations)
2026-05-31 01:02:09 |     → Trial 100/100 completed (125 evaluations)
2026-05-31 01:02:09 |  Total edge attributions: 7.840008
2026-05-31 01:02:09 |  Expected (f(x) - f(x')) : 7.840008
2026-05-31 01:02:09 |  Difference: 1.7763568394002505e-15 using 100 samples to calculate f(x) and f(x')
2026-05-31 01:02:09 |  Relative error: 0.0000
2026-05-31 01:02:09 |     → Instance 51/100
2026-05-31 01:02:09 |     → ShapleyFlow (MC Edge Permutation): 124 edges, 100 trials
2026-05-31 01:02:09 |     → ShapleyFlow (MC Permutation): 124 edges, 100 trials = 12,500 model calls
2026-05-31 01:02:09 |     → Trial 1/100 completed (125 evaluations)
2026-05-31 01:02:10 |     → Trial 10/100 completed (125 evaluations)
2026-05-31 01:02:10 |     → Trial 20/100 completed (125 evaluations)
2026-05-31 01:02:11 |     → Trial 30/100 completed (125 evaluations)
2026-05-31 01:02:12 |     → Trial 40/100 completed (125 evaluations)
2026-05-31 01:02:12 |     → Trial 50/100 completed (125 evaluations)
2026-05-31 01:02:13 |     → Trial 60/100 completed (125 evaluations)
2026-05-31 01:02:13 |     → Trial 70/100 completed (125 evaluations)
2026-05-31 01:02:14 |     → Trial 80/100 completed (125 evaluations)
2026-05-31 01:02:15 |     → Trial 90/100 completed (125 evaluations)
2026-05-31 01:02:15 |     → Trial 100/100 completed (125 evaluations)
2026-05-31 01:02:15 |  Total edge attributions: 6.487944
2026-05-31 01:02:15 |  Expected (f(x) - f(x')) : 6.487944
2026-05-31 01:02:15 |  Difference: 2.6645352591003757e-15 using 100 samples to calculate f(x) and f(x')
2026-05-31 01:02:15 |  Relative error: 0.0000
2026-05-31 01:02:15 |     → Instance 52/100
2026-05-31 01:02:15 |     → ShapleyFlow (MC Edge Permutation): 124 edges, 100 trials
2026-05-31 01:02:15 |     → ShapleyFlow (MC Permutation): 124 edges, 100 trials = 12,500 model calls
2026-05-31 01:02:15 |     → Trial 1/100 completed (125 evaluations)
2026-05-31 01:02:16 |     → Trial 10/100 completed (125 evaluations)
2026-05-31 01:02:17 |     → Trial 20/100 completed (125 evaluations)
2026-05-31 01:02:17 |     → Trial 30/100 completed (125 evaluations)
2026-05-31 01:02:18 |     → Trial 40/100 completed (125 evaluations)
2026-05-31 01:02:18 |     → Trial 50/100 completed (125 evaluations)
2026-05-31 01:02:19 |     → Trial 60/100 completed (125 evaluations)
2026-05-31 01:02:20 |     → Trial 70/100 completed (125 evaluations)
2026-05-31 01:02:20 |     → Trial 80/100 completed (125 evaluations)
2026-05-31 01:02:21 |     → Trial 90/100 completed (125 evaluations)
2026-05-31 01:02:21 |     → Trial 100/100 completed (125 evaluations)
2026-05-31 01:02:21 |  Total edge attributions: -21.118928
2026-05-31 01:02:21 |  Expected (f(x) - f(x')) : -21.118928
2026-05-31 01:02:21 |  Difference: 7.105427357601002e-15 using 100 samples to calculate f(x) and f(x')
2026-05-31 01:02:21 |  Relative error: 0.0000
2026-05-31 01:02:21 |     → Instance 53/100
2026-05-31 01:02:21 |     → ShapleyFlow (MC Edge Permutation): 124 edges, 100 trials
2026-05-31 01:02:21 |     → ShapleyFlow (MC Permutation): 124 edges, 100 trials = 12,500 model calls
2026-05-31 01:02:22 |     → Trial 1/100 completed (125 evaluations)
2026-05-31 01:02:22 |     → Trial 10/100 completed (125 evaluations)
2026-05-31 01:02:23 |     → Trial 20/100 completed (125 evaluations)
2026-05-31 01:02:23 |     → Trial 30/100 completed (125 evaluations)
2026-05-31 01:02:24 |     → Trial 40/100 completed (125 evaluations)
2026-05-31 01:02:25 |     → Trial 50/100 completed (125 evaluations)
2026-05-31 01:02:25 |     → Trial 60/100 completed (125 evaluations)
2026-05-31 01:02:26 |     → Trial 70/100 completed (125 evaluations)
2026-05-31 01:02:26 |     → Trial 80/100 completed (125 evaluations)
2026-05-31 01:02:27 |     → Trial 90/100 completed (125 evaluations)
2026-05-31 01:02:28 |     → Trial 100/100 completed (125 evaluations)
2026-05-31 01:02:28 |  Total edge attributions: -13.553713
2026-05-31 01:02:28 |  Expected (f(x) - f(x')) : -13.553713
2026-05-31 01:02:28 |  Difference: 7.105427357601002e-15 using 100 samples to calculate f(x) and f(x')
2026-05-31 01:02:28 |  Relative error: 0.0000
2026-05-31 01:02:28 |     → Instance 54/100
2026-05-31 01:02:28 |     → ShapleyFlow (MC Edge Permutation): 124 edges, 100 trials
2026-05-31 01:02:28 |     → ShapleyFlow (MC Permutation): 124 edges, 100 trials = 12,500 model calls
2026-05-31 01:02:28 |     → Trial 1/100 completed (125 evaluations)
2026-05-31 01:02:28 |     → Trial 10/100 completed (125 evaluations)
2026-05-31 01:02:29 |     → Trial 20/100 completed (125 evaluations)
2026-05-31 01:02:29 |     → Trial 30/100 completed (125 evaluations)
2026-05-31 01:02:30 |     → Trial 40/100 completed (125 evaluations)
2026-05-31 01:02:31 |     → Trial 50/100 completed (125 evaluations)
2026-05-31 01:02:31 |     → Trial 60/100 completed (125 evaluations)
2026-05-31 01:02:32 |     → Trial 70/100 completed (125 evaluations)
2026-05-31 01:02:33 |     → Trial 80/100 completed (125 evaluations)
2026-05-31 01:02:33 |     → Trial 90/100 completed (125 evaluations)
2026-05-31 01:02:34 |     → Trial 100/100 completed (125 evaluations)
2026-05-31 01:02:34 |  Total edge attributions: 8.428007
2026-05-31 01:02:34 |  Expected (f(x) - f(x')) : 8.428007
2026-05-31 01:02:34 |  Difference: 0.0 using 100 samples to calculate f(x) and f(x')
2026-05-31 01:02:34 |  Relative error: 0.0000
2026-05-31 01:02:34 |     → Instance 55/100
2026-05-31 01:02:34 |     → ShapleyFlow (MC Edge Permutation): 124 edges, 100 trials
2026-05-31 01:02:34 |     → ShapleyFlow (MC Permutation): 124 edges, 100 trials = 12,500 model calls
2026-05-31 01:02:34 |     → Trial 1/100 completed (125 evaluations)
2026-05-31 01:02:34 |     → Trial 10/100 completed (125 evaluations)
2026-05-31 01:02:35 |     → Trial 20/100 completed (125 evaluations)
2026-05-31 01:02:36 |     → Trial 30/100 completed (125 evaluations)
2026-05-31 01:02:36 |     → Trial 40/100 completed (125 evaluations)
2026-05-31 01:02:37 |     → Trial 50/100 completed (125 evaluations)
2026-05-31 01:02:37 |     → Trial 60/100 completed (125 evaluations)
2026-05-31 01:02:38 |     → Trial 70/100 completed (125 evaluations)
2026-05-31 01:02:39 |     → Trial 80/100 completed (125 evaluations)
2026-05-31 01:02:39 |     → Trial 90/100 completed (125 evaluations)
2026-05-31 01:02:40 |     → Trial 100/100 completed (125 evaluations)
2026-05-31 01:02:40 |  Total edge attributions: -6.241756
2026-05-31 01:02:40 |  Expected (f(x) - f(x')) : -6.241756
2026-05-31 01:02:40 |  Difference: 8.881784197001252e-16 using 100 samples to calculate f(x) and f(x')
2026-05-31 01:02:40 |  Relative error: 0.0000
2026-05-31 01:02:40 |     → Instance 56/100
2026-05-31 01:02:40 |     → ShapleyFlow (MC Edge Permutation): 124 edges, 100 trials
2026-05-31 01:02:40 |     → ShapleyFlow (MC Permutation): 124 edges, 100 trials = 12,500 model calls
2026-05-31 01:02:40 |     → Trial 1/100 completed (125 evaluations)
2026-05-31 01:02:41 |     → Trial 10/100 completed (125 evaluations)
2026-05-31 01:02:41 |     → Trial 20/100 completed (125 evaluations)
2026-05-31 01:02:42 |     → Trial 30/100 completed (125 evaluations)
2026-05-31 01:02:42 |     → Trial 40/100 completed (125 evaluations)
2026-05-31 01:02:43 |     → Trial 50/100 completed (125 evaluations)
2026-05-31 01:02:44 |     → Trial 60/100 completed (125 evaluations)
2026-05-31 01:02:44 |     → Trial 70/100 completed (125 evaluations)
2026-05-31 01:02:45 |     → Trial 80/100 completed (125 evaluations)
2026-05-31 01:02:45 |     → Trial 90/100 completed (125 evaluations)
2026-05-31 01:02:46 |     → Trial 100/100 completed (125 evaluations)
2026-05-31 01:02:46 |  Total edge attributions: 3.009297
2026-05-31 01:02:46 |  Expected (f(x) - f(x')) : 3.009297
2026-05-31 01:02:46 |  Difference: 4.884981308350689e-15 using 100 samples to calculate f(x) and f(x')
2026-05-31 01:02:46 |  Relative error: 0.0000
2026-05-31 01:02:46 |     → Instance 57/100
2026-05-31 01:02:46 |     → ShapleyFlow (MC Edge Permutation): 124 edges, 100 trials
2026-05-31 01:02:46 |     → ShapleyFlow (MC Permutation): 124 edges, 100 trials = 12,500 model calls
2026-05-31 01:02:46 |     → Trial 1/100 completed (125 evaluations)
2026-05-31 01:02:47 |     → Trial 10/100 completed (125 evaluations)
2026-05-31 01:02:47 |     → Trial 20/100 completed (125 evaluations)
2026-05-31 01:02:48 |     → Trial 30/100 completed (125 evaluations)
2026-05-31 01:02:49 |     → Trial 40/100 completed (125 evaluations)
2026-05-31 01:02:49 |     → Trial 50/100 completed (125 evaluations)
2026-05-31 01:02:50 |     → Trial 60/100 completed (125 evaluations)
2026-05-31 01:02:50 |     → Trial 70/100 completed (125 evaluations)
2026-05-31 01:02:51 |     → Trial 80/100 completed (125 evaluations)
2026-05-31 01:02:52 |     → Trial 90/100 completed (125 evaluations)
2026-05-31 01:02:52 |     → Trial 100/100 completed (125 evaluations)
2026-05-31 01:02:52 |  Total edge attributions: 27.665342
2026-05-31 01:02:52 |  Expected (f(x) - f(x')) : 27.665342
2026-05-31 01:02:52 |  Difference: 3.552713678800501e-15 using 100 samples to calculate f(x) and f(x')
2026-05-31 01:02:52 |  Relative error: 0.0000
2026-05-31 01:02:52 |     → Instance 58/100
2026-05-31 01:02:52 |     → ShapleyFlow (MC Edge Permutation): 124 edges, 100 trials
2026-05-31 01:02:52 |     → ShapleyFlow (MC Permutation): 124 edges, 100 trials = 12,500 model calls
2026-05-31 01:02:52 |     → Trial 1/100 completed (125 evaluations)
2026-05-31 01:02:53 |     → Trial 10/100 completed (125 evaluations)
2026-05-31 01:02:54 |     → Trial 20/100 completed (125 evaluations)
2026-05-31 01:02:54 |     → Trial 30/100 completed (125 evaluations)
2026-05-31 01:02:55 |     → Trial 40/100 completed (125 evaluations)
2026-05-31 01:02:55 |     → Trial 50/100 completed (125 evaluations)
2026-05-31 01:02:56 |     → Trial 60/100 completed (125 evaluations)
2026-05-31 01:02:57 |     → Trial 70/100 completed (125 evaluations)
2026-05-31 01:02:57 |     → Trial 80/100 completed (125 evaluations)
2026-05-31 01:02:58 |     → Trial 90/100 completed (125 evaluations)
2026-05-31 01:02:58 |     → Trial 100/100 completed (125 evaluations)
2026-05-31 01:02:59 |  Total edge attributions: -16.485058
2026-05-31 01:02:59 |  Expected (f(x) - f(x')) : -16.485058
2026-05-31 01:02:59 |  Difference: 3.552713678800501e-15 using 100 samples to calculate f(x) and f(x')
2026-05-31 01:02:59 |  Relative error: 0.0000
2026-05-31 01:02:59 |     → Instance 59/100
2026-05-31 01:02:59 |     → ShapleyFlow (MC Edge Permutation): 124 edges, 100 trials
2026-05-31 01:02:59 |     → ShapleyFlow (MC Permutation): 124 edges, 100 trials = 12,500 model calls
2026-05-31 01:02:59 |     → Trial 1/100 completed (125 evaluations)
2026-05-31 01:02:59 |     → Trial 10/100 completed (125 evaluations)
2026-05-31 01:03:00 |     → Trial 20/100 completed (125 evaluations)
2026-05-31 01:03:00 |     → Trial 30/100 completed (125 evaluations)
2026-05-31 01:03:01 |     → Trial 40/100 completed (125 evaluations)
2026-05-31 01:03:02 |     → Trial 50/100 completed (125 evaluations)
2026-05-31 01:03:02 |     → Trial 60/100 completed (125 evaluations)
2026-05-31 01:03:03 |     → Trial 70/100 completed (125 evaluations)
2026-05-31 01:03:03 |     → Trial 80/100 completed (125 evaluations)
2026-05-31 01:03:04 |     → Trial 90/100 completed (125 evaluations)
2026-05-31 01:03:05 |     → Trial 100/100 completed (125 evaluations)
2026-05-31 01:03:05 |  Total edge attributions: -5.232354
2026-05-31 01:03:05 |  Expected (f(x) - f(x')) : -5.232354
2026-05-31 01:03:05 |  Difference: 0.0 using 100 samples to calculate f(x) and f(x')
2026-05-31 01:03:05 |  Relative error: 0.0000
2026-05-31 01:03:05 |     → Instance 60/100
2026-05-31 01:03:05 |     → ShapleyFlow (MC Edge Permutation): 124 edges, 100 trials
2026-05-31 01:03:05 |     → ShapleyFlow (MC Permutation): 124 edges, 100 trials = 12,500 model calls
2026-05-31 01:03:05 |     → Trial 1/100 completed (125 evaluations)
2026-05-31 01:03:05 |     → Trial 10/100 completed (125 evaluations)
2026-05-31 01:03:06 |     → Trial 20/100 completed (125 evaluations)
2026-05-31 01:03:07 |     → Trial 30/100 completed (125 evaluations)
2026-05-31 01:03:07 |     → Trial 40/100 completed (125 evaluations)
2026-05-31 01:03:08 |     → Trial 50/100 completed (125 evaluations)
2026-05-31 01:03:08 |     → Trial 60/100 completed (125 evaluations)
2026-05-31 01:03:09 |     → Trial 70/100 completed (125 evaluations)
2026-05-31 01:03:10 |     → Trial 80/100 completed (125 evaluations)
2026-05-31 01:03:10 |     → Trial 90/100 completed (125 evaluations)
2026-05-31 01:03:11 |     → Trial 100/100 completed (125 evaluations)
2026-05-31 01:03:11 |  Total edge attributions: -10.015603
2026-05-31 01:03:11 |  Expected (f(x) - f(x')) : -10.015603
2026-05-31 01:03:11 |  Difference: 1.7763568394002505e-15 using 100 samples to calculate f(x) and f(x')
2026-05-31 01:03:11 |  Relative error: 0.0000
2026-05-31 01:03:11 |     → Instance 61/100
2026-05-31 01:03:11 |     → ShapleyFlow (MC Edge Permutation): 124 edges, 100 trials
2026-05-31 01:03:11 |     → ShapleyFlow (MC Permutation): 124 edges, 100 trials = 12,500 model calls
2026-05-31 01:03:11 |     → Trial 1/100 completed (125 evaluations)
2026-05-31 01:03:12 |     → Trial 10/100 completed (125 evaluations)
2026-05-31 01:03:12 |     → Trial 20/100 completed (125 evaluations)
2026-05-31 01:03:13 |     → Trial 30/100 completed (125 evaluations)
2026-05-31 01:03:13 |     → Trial 40/100 completed (125 evaluations)
2026-05-31 01:03:14 |     → Trial 50/100 completed (125 evaluations)
2026-05-31 01:03:15 |     → Trial 60/100 completed (125 evaluations)
2026-05-31 01:03:15 |     → Trial 70/100 completed (125 evaluations)
2026-05-31 01:03:16 |     → Trial 80/100 completed (125 evaluations)
2026-05-31 01:03:16 |     → Trial 90/100 completed (125 evaluations)
2026-05-31 01:03:17 |     → Trial 100/100 completed (125 evaluations)
2026-05-31 01:03:17 |  Total edge attributions: -3.288082
2026-05-31 01:03:17 |  Expected (f(x) - f(x')) : -3.288082
2026-05-31 01:03:17 |  Difference: 0.0 using 100 samples to calculate f(x) and f(x')
2026-05-31 01:03:17 |  Relative error: 0.0000
2026-05-31 01:03:17 |     → Instance 62/100
2026-05-31 01:03:17 |     → ShapleyFlow (MC Edge Permutation): 124 edges, 100 trials
2026-05-31 01:03:17 |     → ShapleyFlow (MC Permutation): 124 edges, 100 trials = 12,500 model calls
2026-05-31 01:03:17 |     → Trial 1/100 completed (125 evaluations)
2026-05-31 01:03:18 |     → Trial 10/100 completed (125 evaluations)
2026-05-31 01:03:18 |     → Trial 20/100 completed (125 evaluations)
2026-05-31 01:03:19 |     → Trial 30/100 completed (125 evaluations)
2026-05-31 01:03:20 |     → Trial 40/100 completed (125 evaluations)
2026-05-31 01:03:20 |     → Trial 50/100 completed (125 evaluations)
2026-05-31 01:03:21 |     → Trial 60/100 completed (125 evaluations)
2026-05-31 01:03:21 |     → Trial 70/100 completed (125 evaluations)
2026-05-31 01:03:22 |     → Trial 80/100 completed (125 evaluations)
2026-05-31 01:03:23 |     → Trial 90/100 completed (125 evaluations)
2026-05-31 01:03:23 |     → Trial 100/100 completed (125 evaluations)
2026-05-31 01:03:23 |  Total edge attributions: -21.073710
2026-05-31 01:03:23 |  Expected (f(x) - f(x')) : -21.073710
2026-05-31 01:03:23 |  Difference: 7.105427357601002e-15 using 100 samples to calculate f(x) and f(x')
2026-05-31 01:03:23 |  Relative error: 0.0000
2026-05-31 01:03:23 |     → Instance 63/100
2026-05-31 01:03:23 |     → ShapleyFlow (MC Edge Permutation): 124 edges, 100 trials
2026-05-31 01:03:23 |     → ShapleyFlow (MC Permutation): 124 edges, 100 trials = 12,500 model calls
2026-05-31 01:03:23 |     → Trial 1/100 completed (125 evaluations)
2026-05-31 01:03:24 |     → Trial 10/100 completed (125 evaluations)
2026-05-31 01:03:25 |     → Trial 20/100 completed (125 evaluations)
2026-05-31 01:03:25 |     → Trial 30/100 completed (125 evaluations)
2026-05-31 01:03:26 |     → Trial 40/100 completed (125 evaluations)
2026-05-31 01:03:26 |     → Trial 50/100 completed (125 evaluations)
2026-05-31 01:03:27 |     → Trial 60/100 completed (125 evaluations)
2026-05-31 01:03:28 |     → Trial 70/100 completed (125 evaluations)
2026-05-31 01:03:28 |     → Trial 80/100 completed (125 evaluations)
2026-05-31 01:03:29 |     → Trial 90/100 completed (125 evaluations)
2026-05-31 01:03:29 |     → Trial 100/100 completed (125 evaluations)
2026-05-31 01:03:29 |  Total edge attributions: 11.690652
2026-05-31 01:03:29 |  Expected (f(x) - f(x')) : 11.690652
2026-05-31 01:03:29 |  Difference: 1.7763568394002505e-15 using 100 samples to calculate f(x) and f(x')
2026-05-31 01:03:29 |  Relative error: 0.0000
2026-05-31 01:03:29 |     → Instance 64/100
2026-05-31 01:03:29 |     → ShapleyFlow (MC Edge Permutation): 124 edges, 100 trials
2026-05-31 01:03:29 |     → ShapleyFlow (MC Permutation): 124 edges, 100 trials = 12,500 model calls
2026-05-31 01:03:30 |     → Trial 1/100 completed (125 evaluations)
2026-05-31 01:03:30 |     → Trial 10/100 completed (125 evaluations)
2026-05-31 01:03:31 |     → Trial 20/100 completed (125 evaluations)
2026-05-31 01:03:31 |     → Trial 30/100 completed (125 evaluations)
2026-05-31 01:03:32 |     → Trial 40/100 completed (125 evaluations)
2026-05-31 01:03:33 |     → Trial 50/100 completed (125 evaluations)
2026-05-31 01:03:33 |     → Trial 60/100 completed (125 evaluations)
2026-05-31 01:03:34 |     → Trial 70/100 completed (125 evaluations)
2026-05-31 01:03:34 |     → Trial 80/100 completed (125 evaluations)
2026-05-31 01:03:35 |     → Trial 90/100 completed (125 evaluations)
2026-05-31 01:03:36 |     → Trial 100/100 completed (125 evaluations)
2026-05-31 01:03:36 |  Total edge attributions: 1.856061
2026-05-31 01:03:36 |  Expected (f(x) - f(x')) : 1.856061
2026-05-31 01:03:36 |  Difference: 3.1086244689504383e-15 using 100 samples to calculate f(x) and f(x')
2026-05-31 01:03:36 |  Relative error: 0.0000
2026-05-31 01:03:36 |     → Instance 65/100
2026-05-31 01:03:36 |     → ShapleyFlow (MC Edge Permutation): 124 edges, 100 trials
2026-05-31 01:03:36 |     → ShapleyFlow (MC Permutation): 124 edges, 100 trials = 12,500 model calls
2026-05-31 01:03:36 |     → Trial 1/100 completed (125 evaluations)
2026-05-31 01:03:36 |     → Trial 10/100 completed (125 evaluations)
2026-05-31 01:03:37 |     → Trial 20/100 completed (125 evaluations)
2026-05-31 01:03:37 |     → Trial 30/100 completed (125 evaluations)
2026-05-31 01:03:38 |     → Trial 40/100 completed (125 evaluations)
2026-05-31 01:03:39 |     → Trial 50/100 completed (125 evaluations)
2026-05-31 01:03:39 |     → Trial 60/100 completed (125 evaluations)
2026-05-31 01:03:40 |     → Trial 70/100 completed (125 evaluations)
2026-05-31 01:03:41 |     → Trial 80/100 completed (125 evaluations)
2026-05-31 01:03:41 |     → Trial 90/100 completed (125 evaluations)
2026-05-31 01:03:42 |     → Trial 100/100 completed (125 evaluations)
2026-05-31 01:03:42 |  Total edge attributions: 18.398663
2026-05-31 01:03:42 |  Expected (f(x) - f(x')) : 18.398663
2026-05-31 01:03:42 |  Difference: 1.0658141036401503e-14 using 100 samples to calculate f(x) and f(x')
2026-05-31 01:03:42 |  Relative error: 0.0000
2026-05-31 01:03:42 |     → Instance 66/100
2026-05-31 01:03:42 |     → ShapleyFlow (MC Edge Permutation): 124 edges, 100 trials
2026-05-31 01:03:42 |     → ShapleyFlow (MC Permutation): 124 edges, 100 trials = 12,500 model calls
2026-05-31 01:03:42 |     → Trial 1/100 completed (125 evaluations)
2026-05-31 01:03:42 |     → Trial 10/100 completed (125 evaluations)
2026-05-31 01:03:43 |     → Trial 20/100 completed (125 evaluations)
2026-05-31 01:03:44 |     → Trial 30/100 completed (125 evaluations)
2026-05-31 01:03:44 |     → Trial 40/100 completed (125 evaluations)
2026-05-31 01:03:45 |     → Trial 50/100 completed (125 evaluations)
2026-05-31 01:03:45 |     → Trial 60/100 completed (125 evaluations)
2026-05-31 01:03:46 |     → Trial 70/100 completed (125 evaluations)
2026-05-31 01:03:47 |     → Trial 80/100 completed (125 evaluations)
2026-05-31 01:03:47 |     → Trial 90/100 completed (125 evaluations)
2026-05-31 01:03:48 |     → Trial 100/100 completed (125 evaluations)
2026-05-31 01:03:48 |  Total edge attributions: -6.341895
2026-05-31 01:03:48 |  Expected (f(x) - f(x')) : -6.341895
2026-05-31 01:03:48 |  Difference: 0.0 using 100 samples to calculate f(x) and f(x')
2026-05-31 01:03:48 |  Relative error: 0.0000
2026-05-31 01:03:48 |     → Instance 67/100
2026-05-31 01:03:48 |     → ShapleyFlow (MC Edge Permutation): 124 edges, 100 trials
2026-05-31 01:03:48 |     → ShapleyFlow (MC Permutation): 124 edges, 100 trials = 12,500 model calls
2026-05-31 01:03:48 |     → Trial 1/100 completed (125 evaluations)
2026-05-31 01:03:49 |     → Trial 10/100 completed (125 evaluations)
2026-05-31 01:03:49 |     → Trial 20/100 completed (125 evaluations)
2026-05-31 01:03:50 |     → Trial 30/100 completed (125 evaluations)
2026-05-31 01:03:50 |     → Trial 40/100 completed (125 evaluations)
2026-05-31 01:03:51 |     → Trial 50/100 completed (125 evaluations)
2026-05-31 01:03:52 |     → Trial 60/100 completed (125 evaluations)
2026-05-31 01:03:52 |     → Trial 70/100 completed (125 evaluations)
2026-05-31 01:03:53 |     → Trial 80/100 completed (125 evaluations)
2026-05-31 01:03:53 |     → Trial 90/100 completed (125 evaluations)
2026-05-31 01:03:54 |     → Trial 100/100 completed (125 evaluations)
2026-05-31 01:03:54 |  Total edge attributions: -0.386909
2026-05-31 01:03:54 |  Expected (f(x) - f(x')) : -0.386909
2026-05-31 01:03:54 |  Difference: 7.216449660063518e-16 using 100 samples to calculate f(x) and f(x')
2026-05-31 01:03:54 |  Relative error: 0.0000
2026-05-31 01:03:54 |     → Instance 68/100
2026-05-31 01:03:54 |     → ShapleyFlow (MC Edge Permutation): 124 edges, 100 trials
2026-05-31 01:03:54 |     → ShapleyFlow (MC Permutation): 124 edges, 100 trials = 12,500 model calls
2026-05-31 01:03:54 |     → Trial 1/100 completed (125 evaluations)
2026-05-31 01:03:55 |     → Trial 10/100 completed (125 evaluations)
2026-05-31 01:03:55 |     → Trial 20/100 completed (125 evaluations)
2026-05-31 01:03:56 |     → Trial 30/100 completed (125 evaluations)
2026-05-31 01:03:57 |     → Trial 40/100 completed (125 evaluations)
2026-05-31 01:03:57 |     → Trial 50/100 completed (125 evaluations)
2026-05-31 01:03:58 |     → Trial 60/100 completed (125 evaluations)
2026-05-31 01:03:58 |     → Trial 70/100 completed (125 evaluations)
2026-05-31 01:03:59 |     → Trial 80/100 completed (125 evaluations)
2026-05-31 01:04:00 |     → Trial 90/100 completed (125 evaluations)
2026-05-31 01:04:00 |     → Trial 100/100 completed (125 evaluations)
2026-05-31 01:04:00 |  Total edge attributions: 16.329389
2026-05-31 01:04:00 |  Expected (f(x) - f(x')) : 16.329389
2026-05-31 01:04:00 |  Difference: 1.0658141036401503e-14 using 100 samples to calculate f(x) and f(x')
2026-05-31 01:04:00 |  Relative error: 0.0000
2026-05-31 01:04:00 |     → Instance 69/100
2026-05-31 01:04:00 |     → ShapleyFlow (MC Edge Permutation): 124 edges, 100 trials
2026-05-31 01:04:00 |     → ShapleyFlow (MC Permutation): 124 edges, 100 trials = 12,500 model calls
2026-05-31 01:04:00 |     → Trial 1/100 completed (125 evaluations)
2026-05-31 01:04:01 |     → Trial 10/100 completed (125 evaluations)
2026-05-31 01:04:02 |     → Trial 20/100 completed (125 evaluations)
2026-05-31 01:04:02 |     → Trial 30/100 completed (125 evaluations)
2026-05-31 01:04:03 |     → Trial 40/100 completed (125 evaluations)
2026-05-31 01:04:03 |     → Trial 50/100 completed (125 evaluations)
2026-05-31 01:04:04 |     → Trial 60/100 completed (125 evaluations)
2026-05-31 01:04:05 |     → Trial 70/100 completed (125 evaluations)
2026-05-31 01:04:05 |     → Trial 80/100 completed (125 evaluations)
2026-05-31 01:04:06 |     → Trial 90/100 completed (125 evaluations)
2026-05-31 01:04:06 |     → Trial 100/100 completed (125 evaluations)
2026-05-31 01:04:07 |  Total edge attributions: -6.759813
2026-05-31 01:04:07 |  Expected (f(x) - f(x')) : -6.759813
2026-05-31 01:04:07 |  Difference: 3.552713678800501e-15 using 100 samples to calculate f(x) and f(x')
2026-05-31 01:04:07 |  Relative error: 0.0000
2026-05-31 01:04:07 |     → Instance 70/100
2026-05-31 01:04:07 |     → ShapleyFlow (MC Edge Permutation): 124 edges, 100 trials
2026-05-31 01:04:07 |     → ShapleyFlow (MC Permutation): 124 edges, 100 trials = 12,500 model calls
2026-05-31 01:04:07 |     → Trial 1/100 completed (125 evaluations)
2026-05-31 01:04:07 |     → Trial 10/100 completed (125 evaluations)
2026-05-31 01:04:08 |     → Trial 20/100 completed (125 evaluations)
2026-05-31 01:04:08 |     → Trial 30/100 completed (125 evaluations)
2026-05-31 01:04:09 |     → Trial 40/100 completed (125 evaluations)
2026-05-31 01:04:10 |     → Trial 50/100 completed (125 evaluations)
2026-05-31 01:04:10 |     → Trial 60/100 completed (125 evaluations)
2026-05-31 01:04:11 |     → Trial 70/100 completed (125 evaluations)
2026-05-31 01:04:11 |     → Trial 80/100 completed (125 evaluations)
2026-05-31 01:04:12 |     → Trial 90/100 completed (125 evaluations)
2026-05-31 01:04:13 |     → Trial 100/100 completed (125 evaluations)
2026-05-31 01:04:13 |  Total edge attributions: -23.279637
2026-05-31 01:04:13 |  Expected (f(x) - f(x')) : -23.279637
2026-05-31 01:04:13 |  Difference: 3.552713678800501e-15 using 100 samples to calculate f(x) and f(x')
2026-05-31 01:04:13 |  Relative error: 0.0000
2026-05-31 01:04:13 |     → Instance 71/100
2026-05-31 01:04:13 |     → ShapleyFlow (MC Edge Permutation): 124 edges, 100 trials
2026-05-31 01:04:13 |     → ShapleyFlow (MC Permutation): 124 edges, 100 trials = 12,500 model calls
2026-05-31 01:04:13 |     → Trial 1/100 completed (125 evaluations)
2026-05-31 01:04:13 |     → Trial 10/100 completed (125 evaluations)
2026-05-31 01:04:14 |     → Trial 20/100 completed (125 evaluations)
2026-05-31 01:04:15 |     → Trial 30/100 completed (125 evaluations)
2026-05-31 01:04:15 |     → Trial 40/100 completed (125 evaluations)
2026-05-31 01:04:16 |     → Trial 50/100 completed (125 evaluations)
2026-05-31 01:04:16 |     → Trial 60/100 completed (125 evaluations)
2026-05-31 01:04:17 |     → Trial 70/100 completed (125 evaluations)
2026-05-31 01:04:18 |     → Trial 80/100 completed (125 evaluations)
2026-05-31 01:04:18 |     → Trial 90/100 completed (125 evaluations)
2026-05-31 01:04:19 |     → Trial 100/100 completed (125 evaluations)
2026-05-31 01:04:19 |  Total edge attributions: 8.478834
2026-05-31 01:04:19 |  Expected (f(x) - f(x')) : 8.478834
2026-05-31 01:04:19 |  Difference: 0.0 using 100 samples to calculate f(x) and f(x')
2026-05-31 01:04:19 |  Relative error: 0.0000
2026-05-31 01:04:19 |     → Instance 72/100
2026-05-31 01:04:19 |     → ShapleyFlow (MC Edge Permutation): 124 edges, 100 trials
2026-05-31 01:04:19 |     → ShapleyFlow (MC Permutation): 124 edges, 100 trials = 12,500 model calls
2026-05-31 01:04:19 |     → Trial 1/100 completed (125 evaluations)
2026-05-31 01:04:20 |     → Trial 10/100 completed (125 evaluations)
2026-05-31 01:04:20 |     → Trial 20/100 completed (125 evaluations)
2026-05-31 01:04:21 |     → Trial 30/100 completed (125 evaluations)
2026-05-31 01:04:21 |     → Trial 40/100 completed (125 evaluations)
2026-05-31 01:04:22 |     → Trial 50/100 completed (125 evaluations)
2026-05-31 01:04:23 |     → Trial 60/100 completed (125 evaluations)
2026-05-31 01:04:23 |     → Trial 70/100 completed (125 evaluations)
2026-05-31 01:04:24 |     → Trial 80/100 completed (125 evaluations)
2026-05-31 01:04:24 |     → Trial 90/100 completed (125 evaluations)
2026-05-31 01:04:25 |     → Trial 100/100 completed (125 evaluations)
2026-05-31 01:04:25 |  Total edge attributions: -12.435042
2026-05-31 01:04:25 |  Expected (f(x) - f(x')) : -12.435042
2026-05-31 01:04:25 |  Difference: 0.0 using 100 samples to calculate f(x) and f(x')
2026-05-31 01:04:25 |  Relative error: 0.0000
2026-05-31 01:04:25 |     → Instance 73/100
2026-05-31 01:04:25 |     → ShapleyFlow (MC Edge Permutation): 124 edges, 100 trials
2026-05-31 01:04:25 |     → ShapleyFlow (MC Permutation): 124 edges, 100 trials = 12,500 model calls
2026-05-31 01:04:25 |     → Trial 1/100 completed (125 evaluations)
2026-05-31 01:04:26 |     → Trial 10/100 completed (125 evaluations)
2026-05-31 01:04:26 |     → Trial 20/100 completed (125 evaluations)
2026-05-31 01:04:27 |     → Trial 30/100 completed (125 evaluations)
2026-05-31 01:04:28 |     → Trial 40/100 completed (125 evaluations)
2026-05-31 01:04:28 |     → Trial 50/100 completed (125 evaluations)
2026-05-31 01:04:29 |     → Trial 60/100 completed (125 evaluations)
2026-05-31 01:04:29 |     → Trial 70/100 completed (125 evaluations)
2026-05-31 01:04:30 |     → Trial 80/100 completed (125 evaluations)
2026-05-31 01:04:31 |     → Trial 90/100 completed (125 evaluations)
2026-05-31 01:04:31 |     → Trial 100/100 completed (125 evaluations)
2026-05-31 01:04:31 |  Total edge attributions: -11.406291
2026-05-31 01:04:31 |  Expected (f(x) - f(x')) : -11.406291
2026-05-31 01:04:31 |  Difference: 5.329070518200751e-15 using 100 samples to calculate f(x) and f(x')
2026-05-31 01:04:31 |  Relative error: 0.0000
2026-05-31 01:04:31 |     → Instance 74/100
2026-05-31 01:04:31 |     → ShapleyFlow (MC Edge Permutation): 124 edges, 100 trials
2026-05-31 01:04:31 |     → ShapleyFlow (MC Permutation): 124 edges, 100 trials = 12,500 model calls
2026-05-31 01:04:31 |     → Trial 1/100 completed (125 evaluations)
2026-05-31 01:04:32 |     → Trial 10/100 completed (125 evaluations)
2026-05-31 01:04:33 |     → Trial 20/100 completed (125 evaluations)
2026-05-31 01:04:33 |     → Trial 30/100 completed (125 evaluations)
2026-05-31 01:04:34 |     → Trial 40/100 completed (125 evaluations)
2026-05-31 01:04:34 |     → Trial 50/100 completed (125 evaluations)
2026-05-31 01:04:35 |     → Trial 60/100 completed (125 evaluations)
2026-05-31 01:04:36 |     → Trial 70/100 completed (125 evaluations)
2026-05-31 01:04:36 |     → Trial 80/100 completed (125 evaluations)
2026-05-31 01:04:37 |     → Trial 90/100 completed (125 evaluations)
2026-05-31 01:04:37 |     → Trial 100/100 completed (125 evaluations)
2026-05-31 01:04:38 |  Total edge attributions: 0.711661
2026-05-31 01:04:38 |  Expected (f(x) - f(x')) : 0.711661
2026-05-31 01:04:38 |  Difference: 1.6653345369377348e-15 using 100 samples to calculate f(x) and f(x')
2026-05-31 01:04:38 |  Relative error: 0.0000
2026-05-31 01:04:38 |     → Instance 75/100
2026-05-31 01:04:38 |     → ShapleyFlow (MC Edge Permutation): 124 edges, 100 trials
2026-05-31 01:04:38 |     → ShapleyFlow (MC Permutation): 124 edges, 100 trials = 12,500 model calls
2026-05-31 01:04:38 |     → Trial 1/100 completed (125 evaluations)
2026-05-31 01:04:38 |     → Trial 10/100 completed (125 evaluations)
2026-05-31 01:04:39 |     → Trial 20/100 completed (125 evaluations)
2026-05-31 01:04:39 |     → Trial 30/100 completed (125 evaluations)
2026-05-31 01:04:40 |     → Trial 40/100 completed (125 evaluations)
2026-05-31 01:04:41 |     → Trial 50/100 completed (125 evaluations)
2026-05-31 01:04:41 |     → Trial 60/100 completed (125 evaluations)
2026-05-31 01:04:42 |     → Trial 70/100 completed (125 evaluations)
2026-05-31 01:04:42 |     → Trial 80/100 completed (125 evaluations)
2026-05-31 01:04:43 |     → Trial 90/100 completed (125 evaluations)
2026-05-31 01:04:44 |     → Trial 100/100 completed (125 evaluations)
2026-05-31 01:04:44 |  Total edge attributions: 6.867691
2026-05-31 01:04:44 |  Expected (f(x) - f(x')) : 6.867691
2026-05-31 01:04:44 |  Difference: 2.6645352591003757e-15 using 100 samples to calculate f(x) and f(x')
2026-05-31 01:04:44 |  Relative error: 0.0000
2026-05-31 01:04:44 |     → Instance 76/100
2026-05-31 01:04:44 |     → ShapleyFlow (MC Edge Permutation): 124 edges, 100 trials
2026-05-31 01:04:44 |     → ShapleyFlow (MC Permutation): 124 edges, 100 trials = 12,500 model calls
2026-05-31 01:04:44 |     → Trial 1/100 completed (125 evaluations)
2026-05-31 01:04:44 |     → Trial 10/100 completed (125 evaluations)
2026-05-31 01:04:45 |     → Trial 20/100 completed (125 evaluations)
2026-05-31 01:04:46 |     → Trial 30/100 completed (125 evaluations)
2026-05-31 01:04:46 |     → Trial 40/100 completed (125 evaluations)
2026-05-31 01:04:47 |     → Trial 50/100 completed (125 evaluations)
2026-05-31 01:04:47 |     → Trial 60/100 completed (125 evaluations)
2026-05-31 01:04:48 |     → Trial 70/100 completed (125 evaluations)
2026-05-31 01:04:49 |     → Trial 80/100 completed (125 evaluations)
2026-05-31 01:04:49 |     → Trial 90/100 completed (125 evaluations)
2026-05-31 01:04:50 |     → Trial 100/100 completed (125 evaluations)
2026-05-31 01:04:50 |  Total edge attributions: 4.332687
2026-05-31 01:04:50 |  Expected (f(x) - f(x')) : 4.332687
2026-05-31 01:04:50 |  Difference: 3.552713678800501e-15 using 100 samples to calculate f(x) and f(x')
2026-05-31 01:04:50 |  Relative error: 0.0000
2026-05-31 01:04:50 |     → Instance 77/100
2026-05-31 01:04:50 |     → ShapleyFlow (MC Edge Permutation): 124 edges, 100 trials
2026-05-31 01:04:50 |     → ShapleyFlow (MC Permutation): 124 edges, 100 trials = 12,500 model calls
2026-05-31 01:04:50 |     → Trial 1/100 completed (125 evaluations)
2026-05-31 01:04:51 |     → Trial 10/100 completed (125 evaluations)
2026-05-31 01:04:51 |     → Trial 20/100 completed (125 evaluations)
2026-05-31 01:04:52 |     → Trial 30/100 completed (125 evaluations)
2026-05-31 01:04:52 |     → Trial 40/100 completed (125 evaluations)
2026-05-31 01:04:53 |     → Trial 50/100 completed (125 evaluations)
2026-05-31 01:04:54 |     → Trial 60/100 completed (125 evaluations)
2026-05-31 01:04:54 |     → Trial 70/100 completed (125 evaluations)
2026-05-31 01:04:55 |     → Trial 80/100 completed (125 evaluations)
2026-05-31 01:04:55 |     → Trial 90/100 completed (125 evaluations)
2026-05-31 01:04:56 |     → Trial 100/100 completed (125 evaluations)
2026-05-31 01:04:56 |  Total edge attributions: 6.293100
2026-05-31 01:04:56 |  Expected (f(x) - f(x')) : 6.293100
2026-05-31 01:04:56 |  Difference: 4.440892098500626e-15 using 100 samples to calculate f(x) and f(x')
2026-05-31 01:04:56 |  Relative error: 0.0000
2026-05-31 01:04:56 |     → Instance 78/100
2026-05-31 01:04:56 |     → ShapleyFlow (MC Edge Permutation): 124 edges, 100 trials
2026-05-31 01:04:56 |     → ShapleyFlow (MC Permutation): 124 edges, 100 trials = 12,500 model calls
2026-05-31 01:04:56 |     → Trial 1/100 completed (125 evaluations)
2026-05-31 01:04:57 |     → Trial 10/100 completed (125 evaluations)
2026-05-31 01:04:57 |     → Trial 20/100 completed (125 evaluations)
2026-05-31 01:04:58 |     → Trial 30/100 completed (125 evaluations)
2026-05-31 01:04:59 |     → Trial 40/100 completed (125 evaluations)
2026-05-31 01:04:59 |     → Trial 50/100 completed (125 evaluations)
2026-05-31 01:05:00 |     → Trial 60/100 completed (125 evaluations)
2026-05-31 01:05:00 |     → Trial 70/100 completed (125 evaluations)
2026-05-31 01:05:01 |     → Trial 80/100 completed (125 evaluations)
2026-05-31 01:05:02 |     → Trial 90/100 completed (125 evaluations)
2026-05-31 01:05:02 |     → Trial 100/100 completed (125 evaluations)
2026-05-31 01:05:02 |  Total edge attributions: 8.666343
2026-05-31 01:05:02 |  Expected (f(x) - f(x')) : 8.666343
2026-05-31 01:05:02 |  Difference: 3.552713678800501e-15 using 100 samples to calculate f(x) and f(x')
2026-05-31 01:05:02 |  Relative error: 0.0000
2026-05-31 01:05:02 |     → Instance 79/100
2026-05-31 01:05:02 |     → ShapleyFlow (MC Edge Permutation): 124 edges, 100 trials
2026-05-31 01:05:02 |     → ShapleyFlow (MC Permutation): 124 edges, 100 trials = 12,500 model calls
2026-05-31 01:05:02 |     → Trial 1/100 completed (125 evaluations)
2026-05-31 01:05:03 |     → Trial 10/100 completed (125 evaluations)
2026-05-31 01:05:04 |     → Trial 20/100 completed (125 evaluations)
2026-05-31 01:05:04 |     → Trial 30/100 completed (125 evaluations)
2026-05-31 01:05:05 |     → Trial 40/100 completed (125 evaluations)
2026-05-31 01:05:05 |     → Trial 50/100 completed (125 evaluations)
2026-05-31 01:05:06 |     → Trial 60/100 completed (125 evaluations)
2026-05-31 01:05:07 |     → Trial 70/100 completed (125 evaluations)
2026-05-31 01:05:07 |     → Trial 80/100 completed (125 evaluations)
2026-05-31 01:05:08 |     → Trial 90/100 completed (125 evaluations)
2026-05-31 01:05:08 |     → Trial 100/100 completed (125 evaluations)
2026-05-31 01:05:09 |  Total edge attributions: 6.521534
2026-05-31 01:05:09 |  Expected (f(x) - f(x')) : 6.521534
2026-05-31 01:05:09 |  Difference: 0.0 using 100 samples to calculate f(x) and f(x')
2026-05-31 01:05:09 |  Relative error: 0.0000
2026-05-31 01:05:09 |     → Instance 80/100
2026-05-31 01:05:09 |     → ShapleyFlow (MC Edge Permutation): 124 edges, 100 trials
2026-05-31 01:05:09 |     → ShapleyFlow (MC Permutation): 124 edges, 100 trials = 12,500 model calls
2026-05-31 01:05:09 |     → Trial 1/100 completed (125 evaluations)
2026-05-31 01:05:09 |     → Trial 10/100 completed (125 evaluations)
2026-05-31 01:05:10 |     → Trial 20/100 completed (125 evaluations)
2026-05-31 01:05:10 |     → Trial 30/100 completed (125 evaluations)
2026-05-31 01:05:11 |     → Trial 40/100 completed (125 evaluations)
2026-05-31 01:05:12 |     → Trial 50/100 completed (125 evaluations)
2026-05-31 01:05:12 |     → Trial 60/100 completed (125 evaluations)
2026-05-31 01:05:13 |     → Trial 70/100 completed (125 evaluations)
2026-05-31 01:05:13 |     → Trial 80/100 completed (125 evaluations)
2026-05-31 01:05:14 |     → Trial 90/100 completed (125 evaluations)
2026-05-31 01:05:15 |     → Trial 100/100 completed (125 evaluations)
2026-05-31 01:05:15 |  Total edge attributions: 13.716796
2026-05-31 01:05:15 |  Expected (f(x) - f(x')) : 13.716796
2026-05-31 01:05:15 |  Difference: 5.329070518200751e-15 using 100 samples to calculate f(x) and f(x')
2026-05-31 01:05:15 |  Relative error: 0.0000
2026-05-31 01:05:15 |     → Instance 81/100
2026-05-31 01:05:15 |     → ShapleyFlow (MC Edge Permutation): 124 edges, 100 trials
2026-05-31 01:05:15 |     → ShapleyFlow (MC Permutation): 124 edges, 100 trials = 12,500 model calls
2026-05-31 01:05:15 |     → Trial 1/100 completed (125 evaluations)
2026-05-31 01:05:15 |     → Trial 10/100 completed (125 evaluations)
2026-05-31 01:05:16 |     → Trial 20/100 completed (125 evaluations)
2026-05-31 01:05:17 |     → Trial 30/100 completed (125 evaluations)
2026-05-31 01:05:17 |     → Trial 40/100 completed (125 evaluations)
2026-05-31 01:05:18 |     → Trial 50/100 completed (125 evaluations)
2026-05-31 01:05:18 |     → Trial 60/100 completed (125 evaluations)
2026-05-31 01:05:19 |     → Trial 70/100 completed (125 evaluations)
2026-05-31 01:05:20 |     → Trial 80/100 completed (125 evaluations)
2026-05-31 01:05:20 |     → Trial 90/100 completed (125 evaluations)
2026-05-31 01:05:21 |     → Trial 100/100 completed (125 evaluations)
2026-05-31 01:05:21 |  Total edge attributions: 7.687225
2026-05-31 01:05:21 |  Expected (f(x) - f(x')) : 7.687225
2026-05-31 01:05:21 |  Difference: 4.440892098500626e-15 using 100 samples to calculate f(x) and f(x')
2026-05-31 01:05:21 |  Relative error: 0.0000
2026-05-31 01:05:21 |     → Instance 82/100
2026-05-31 01:05:21 |     → ShapleyFlow (MC Edge Permutation): 124 edges, 100 trials
2026-05-31 01:05:21 |     → ShapleyFlow (MC Permutation): 124 edges, 100 trials = 12,500 model calls
2026-05-31 01:05:21 |     → Trial 1/100 completed (125 evaluations)
2026-05-31 01:05:21 |     → Trial 10/100 completed (125 evaluations)
2026-05-31 01:05:22 |     → Trial 20/100 completed (125 evaluations)
2026-05-31 01:05:23 |     → Trial 30/100 completed (125 evaluations)
2026-05-31 01:05:23 |     → Trial 40/100 completed (125 evaluations)
2026-05-31 01:05:24 |     → Trial 50/100 completed (125 evaluations)
2026-05-31 01:05:25 |     → Trial 60/100 completed (125 evaluations)
2026-05-31 01:05:25 |     → Trial 70/100 completed (125 evaluations)
2026-05-31 01:05:26 |     → Trial 80/100 completed (125 evaluations)
2026-05-31 01:05:26 |     → Trial 90/100 completed (125 evaluations)
2026-05-31 01:05:27 |     → Trial 100/100 completed (125 evaluations)
2026-05-31 01:05:27 |  Total edge attributions: -6.297359
2026-05-31 01:05:27 |  Expected (f(x) - f(x')) : -6.297359
2026-05-31 01:05:27 |  Difference: 2.6645352591003757e-15 using 100 samples to calculate f(x) and f(x')
2026-05-31 01:05:27 |  Relative error: 0.0000
2026-05-31 01:05:27 |     → Instance 83/100
2026-05-31 01:05:27 |     → ShapleyFlow (MC Edge Permutation): 124 edges, 100 trials
2026-05-31 01:05:27 |     → ShapleyFlow (MC Permutation): 124 edges, 100 trials = 12,500 model calls
2026-05-31 01:05:27 |     → Trial 1/100 completed (125 evaluations)
2026-05-31 01:05:28 |     → Trial 10/100 completed (125 evaluations)
2026-05-31 01:05:28 |     → Trial 20/100 completed (125 evaluations)
2026-05-31 01:05:29 |     → Trial 30/100 completed (125 evaluations)
2026-05-31 01:05:29 |     → Trial 40/100 completed (125 evaluations)
2026-05-31 01:05:30 |     → Trial 50/100 completed (125 evaluations)
2026-05-31 01:05:31 |     → Trial 60/100 completed (125 evaluations)
2026-05-31 01:05:31 |     → Trial 70/100 completed (125 evaluations)
2026-05-31 01:05:32 |     → Trial 80/100 completed (125 evaluations)
2026-05-31 01:05:33 |     → Trial 90/100 completed (125 evaluations)
2026-05-31 01:05:33 |     → Trial 100/100 completed (125 evaluations)
2026-05-31 01:05:33 |  Total edge attributions: 6.438317
2026-05-31 01:05:33 |  Expected (f(x) - f(x')) : 6.438317
2026-05-31 01:05:33 |  Difference: 6.217248937900877e-15 using 100 samples to calculate f(x) and f(x')
2026-05-31 01:05:33 |  Relative error: 0.0000
2026-05-31 01:05:33 |     → Instance 84/100
2026-05-31 01:05:33 |     → ShapleyFlow (MC Edge Permutation): 124 edges, 100 trials
2026-05-31 01:05:33 |     → ShapleyFlow (MC Permutation): 124 edges, 100 trials = 12,500 model calls
2026-05-31 01:05:33 |     → Trial 1/100 completed (125 evaluations)
2026-05-31 01:05:34 |     → Trial 10/100 completed (125 evaluations)
2026-05-31 01:05:34 |     → Trial 20/100 completed (125 evaluations)
2026-05-31 01:05:35 |     → Trial 30/100 completed (125 evaluations)
2026-05-31 01:05:36 |     → Trial 40/100 completed (125 evaluations)
2026-05-31 01:05:36 |     → Trial 50/100 completed (125 evaluations)
2026-05-31 01:05:37 |     → Trial 60/100 completed (125 evaluations)
2026-05-31 01:05:37 |     → Trial 70/100 completed (125 evaluations)
2026-05-31 01:05:38 |     → Trial 80/100 completed (125 evaluations)
2026-05-31 01:05:39 |     → Trial 90/100 completed (125 evaluations)
2026-05-31 01:05:39 |     → Trial 100/100 completed (125 evaluations)
2026-05-31 01:05:39 |  Total edge attributions: 0.992972
2026-05-31 01:05:39 |  Expected (f(x) - f(x')) : 0.992972
2026-05-31 01:05:39 |  Difference: 7.771561172376096e-16 using 100 samples to calculate f(x) and f(x')
2026-05-31 01:05:39 |  Relative error: 0.0000
2026-05-31 01:05:39 |     → Instance 85/100
2026-05-31 01:05:39 |     → ShapleyFlow (MC Edge Permutation): 124 edges, 100 trials
2026-05-31 01:05:39 |     → ShapleyFlow (MC Permutation): 124 edges, 100 trials = 12,500 model calls
2026-05-31 01:05:39 |     → Trial 1/100 completed (125 evaluations)
2026-05-31 01:05:40 |     → Trial 10/100 completed (125 evaluations)
2026-05-31 01:05:41 |     → Trial 20/100 completed (125 evaluations)
2026-05-31 01:05:41 |     → Trial 30/100 completed (125 evaluations)
2026-05-31 01:05:42 |     → Trial 40/100 completed (125 evaluations)
2026-05-31 01:05:42 |     → Trial 50/100 completed (125 evaluations)
2026-05-31 01:05:43 |     → Trial 60/100 completed (125 evaluations)
2026-05-31 01:05:44 |     → Trial 70/100 completed (125 evaluations)
2026-05-31 01:05:44 |     → Trial 80/100 completed (125 evaluations)
2026-05-31 01:05:45 |     → Trial 90/100 completed (125 evaluations)
2026-05-31 01:05:45 |     → Trial 100/100 completed (125 evaluations)
2026-05-31 01:05:46 |  Total edge attributions: 11.014480
2026-05-31 01:05:46 |  Expected (f(x) - f(x')) : 11.014480
2026-05-31 01:05:46 |  Difference: 5.329070518200751e-15 using 100 samples to calculate f(x) and f(x')
2026-05-31 01:05:46 |  Relative error: 0.0000
2026-05-31 01:05:46 |     → Instance 86/100
2026-05-31 01:05:46 |     → ShapleyFlow (MC Edge Permutation): 124 edges, 100 trials
2026-05-31 01:05:46 |     → ShapleyFlow (MC Permutation): 124 edges, 100 trials = 12,500 model calls
2026-05-31 01:05:46 |     → Trial 1/100 completed (125 evaluations)
2026-05-31 01:05:46 |     → Trial 10/100 completed (125 evaluations)
2026-05-31 01:05:47 |     → Trial 20/100 completed (125 evaluations)
2026-05-31 01:05:47 |     → Trial 30/100 completed (125 evaluations)
2026-05-31 01:05:48 |     → Trial 40/100 completed (125 evaluations)
2026-05-31 01:05:49 |     → Trial 50/100 completed (125 evaluations)
2026-05-31 01:05:49 |     → Trial 60/100 completed (125 evaluations)
2026-05-31 01:05:50 |     → Trial 70/100 completed (125 evaluations)
2026-05-31 01:05:50 |     → Trial 80/100 completed (125 evaluations)
2026-05-31 01:05:51 |     → Trial 90/100 completed (125 evaluations)
2026-05-31 01:05:52 |     → Trial 100/100 completed (125 evaluations)
2026-05-31 01:05:52 |  Total edge attributions: -2.685200
2026-05-31 01:05:52 |  Expected (f(x) - f(x')) : -2.685200
2026-05-31 01:05:52 |  Difference: 4.884981308350689e-15 using 100 samples to calculate f(x) and f(x')
2026-05-31 01:05:52 |  Relative error: 0.0000
2026-05-31 01:05:52 |     → Instance 87/100
2026-05-31 01:05:52 |     → ShapleyFlow (MC Edge Permutation): 124 edges, 100 trials
2026-05-31 01:05:52 |     → ShapleyFlow (MC Permutation): 124 edges, 100 trials = 12,500 model calls
2026-05-31 01:05:52 |     → Trial 1/100 completed (125 evaluations)
2026-05-31 01:05:52 |     → Trial 10/100 completed (125 evaluations)
2026-05-31 01:05:53 |     → Trial 20/100 completed (125 evaluations)
2026-05-31 01:05:54 |     → Trial 30/100 completed (125 evaluations)
2026-05-31 01:05:54 |     → Trial 40/100 completed (125 evaluations)
2026-05-31 01:05:55 |     → Trial 50/100 completed (125 evaluations)
2026-05-31 01:05:55 |     → Trial 60/100 completed (125 evaluations)
2026-05-31 01:05:56 |     → Trial 70/100 completed (125 evaluations)
2026-05-31 01:05:57 |     → Trial 80/100 completed (125 evaluations)
2026-05-31 01:05:57 |     → Trial 90/100 completed (125 evaluations)
2026-05-31 01:05:58 |     → Trial 100/100 completed (125 evaluations)
2026-05-31 01:05:58 |  Total edge attributions: -1.099212
2026-05-31 01:05:58 |  Expected (f(x) - f(x')) : -1.099212
2026-05-31 01:05:58 |  Difference: 4.440892098500626e-16 using 100 samples to calculate f(x) and f(x')
2026-05-31 01:05:58 |  Relative error: 0.0000
2026-05-31 01:05:58 |     → Instance 88/100
2026-05-31 01:05:58 |     → ShapleyFlow (MC Edge Permutation): 124 edges, 100 trials
2026-05-31 01:05:58 |     → ShapleyFlow (MC Permutation): 124 edges, 100 trials = 12,500 model calls
2026-05-31 01:05:58 |     → Trial 1/100 completed (125 evaluations)
2026-05-31 01:05:59 |     → Trial 10/100 completed (125 evaluations)
2026-05-31 01:05:59 |     → Trial 20/100 completed (125 evaluations)
2026-05-31 01:06:00 |     → Trial 30/100 completed (125 evaluations)
2026-05-31 01:06:00 |     → Trial 40/100 completed (125 evaluations)
2026-05-31 01:06:01 |     → Trial 50/100 completed (125 evaluations)
2026-05-31 01:06:02 |     → Trial 60/100 completed (125 evaluations)
2026-05-31 01:06:02 |     → Trial 70/100 completed (125 evaluations)
2026-05-31 01:06:03 |     → Trial 80/100 completed (125 evaluations)
2026-05-31 01:06:03 |     → Trial 90/100 completed (125 evaluations)
2026-05-31 01:06:04 |     → Trial 100/100 completed (125 evaluations)
2026-05-31 01:06:04 |  Total edge attributions: 17.747920
2026-05-31 01:06:04 |  Expected (f(x) - f(x')) : 17.747920
2026-05-31 01:06:04 |  Difference: 3.552713678800501e-15 using 100 samples to calculate f(x) and f(x')
2026-05-31 01:06:04 |  Relative error: 0.0000
2026-05-31 01:06:04 |     → Instance 89/100
2026-05-31 01:06:04 |     → ShapleyFlow (MC Edge Permutation): 124 edges, 100 trials
2026-05-31 01:06:04 |     → ShapleyFlow (MC Permutation): 124 edges, 100 trials = 12,500 model calls
2026-05-31 01:06:04 |     → Trial 1/100 completed (125 evaluations)
2026-05-31 01:06:05 |     → Trial 10/100 completed (125 evaluations)
2026-05-31 01:06:05 |     → Trial 20/100 completed (125 evaluations)
2026-05-31 01:06:06 |     → Trial 30/100 completed (125 evaluations)
2026-05-31 01:06:07 |     → Trial 40/100 completed (125 evaluations)
2026-05-31 01:06:07 |     → Trial 50/100 completed (125 evaluations)
2026-05-31 01:06:08 |     → Trial 60/100 completed (125 evaluations)
2026-05-31 01:06:08 |     → Trial 70/100 completed (125 evaluations)
2026-05-31 01:06:09 |     → Trial 80/100 completed (125 evaluations)
2026-05-31 01:06:10 |     → Trial 90/100 completed (125 evaluations)
2026-05-31 01:06:10 |     → Trial 100/100 completed (125 evaluations)
2026-05-31 01:06:10 |  Total edge attributions: 3.221726
2026-05-31 01:06:10 |  Expected (f(x) - f(x')) : 3.221726
2026-05-31 01:06:10 |  Difference: 0.0 using 100 samples to calculate f(x) and f(x')
2026-05-31 01:06:10 |  Relative error: 0.0000
2026-05-31 01:06:10 |     → Instance 90/100
2026-05-31 01:06:10 |     → ShapleyFlow (MC Edge Permutation): 124 edges, 100 trials
2026-05-31 01:06:10 |     → ShapleyFlow (MC Permutation): 124 edges, 100 trials = 12,500 model calls
2026-05-31 01:06:10 |     → Trial 1/100 completed (125 evaluations)
2026-05-31 01:06:11 |     → Trial 10/100 completed (125 evaluations)
2026-05-31 01:06:12 |     → Trial 20/100 completed (125 evaluations)
2026-05-31 01:06:12 |     → Trial 30/100 completed (125 evaluations)
2026-05-31 01:06:13 |     → Trial 40/100 completed (125 evaluations)
2026-05-31 01:06:13 |     → Trial 50/100 completed (125 evaluations)
2026-05-31 01:06:14 |     → Trial 60/100 completed (125 evaluations)
2026-05-31 01:06:15 |     → Trial 70/100 completed (125 evaluations)
2026-05-31 01:06:15 |     → Trial 80/100 completed (125 evaluations)
2026-05-31 01:06:16 |     → Trial 90/100 completed (125 evaluations)
2026-05-31 01:06:17 |     → Trial 100/100 completed (125 evaluations)
2026-05-31 01:06:17 |  Total edge attributions: 4.993531
2026-05-31 01:06:17 |  Expected (f(x) - f(x')) : 4.993531
2026-05-31 01:06:17 |  Difference: 1.7763568394002505e-15 using 100 samples to calculate f(x) and f(x')
2026-05-31 01:06:17 |  Relative error: 0.0000
2026-05-31 01:06:17 |     → Instance 91/100
2026-05-31 01:06:17 |     → ShapleyFlow (MC Edge Permutation): 124 edges, 100 trials
2026-05-31 01:06:17 |     → ShapleyFlow (MC Permutation): 124 edges, 100 trials = 12,500 model calls
2026-05-31 01:06:17 |     → Trial 1/100 completed (125 evaluations)
2026-05-31 01:06:17 |     → Trial 10/100 completed (125 evaluations)
2026-05-31 01:06:18 |     → Trial 20/100 completed (125 evaluations)
2026-05-31 01:06:19 |     → Trial 30/100 completed (125 evaluations)
2026-05-31 01:06:19 |     → Trial 40/100 completed (125 evaluations)
2026-05-31 01:06:20 |     → Trial 50/100 completed (125 evaluations)
2026-05-31 01:06:20 |     → Trial 60/100 completed (125 evaluations)
2026-05-31 01:06:21 |     → Trial 70/100 completed (125 evaluations)
2026-05-31 01:06:22 |     → Trial 80/100 completed (125 evaluations)
2026-05-31 01:06:22 |     → Trial 90/100 completed (125 evaluations)
2026-05-31 01:06:23 |     → Trial 100/100 completed (125 evaluations)
2026-05-31 01:06:23 |  Total edge attributions: 2.745008
2026-05-31 01:06:23 |  Expected (f(x) - f(x')) : 2.745008
2026-05-31 01:06:23 |  Difference: 3.9968028886505635e-15 using 100 samples to calculate f(x) and f(x')
2026-05-31 01:06:23 |  Relative error: 0.0000
2026-05-31 01:06:23 |     → Instance 92/100
2026-05-31 01:06:23 |     → ShapleyFlow (MC Edge Permutation): 124 edges, 100 trials
2026-05-31 01:06:23 |     → ShapleyFlow (MC Permutation): 124 edges, 100 trials = 12,500 model calls
2026-05-31 01:06:23 |     → Trial 1/100 completed (125 evaluations)
2026-05-31 01:06:24 |     → Trial 10/100 completed (125 evaluations)
2026-05-31 01:06:24 |     → Trial 20/100 completed (125 evaluations)
2026-05-31 01:06:25 |     → Trial 30/100 completed (125 evaluations)
2026-05-31 01:06:25 |     → Trial 40/100 completed (125 evaluations)
2026-05-31 01:06:26 |     → Trial 50/100 completed (125 evaluations)
2026-05-31 01:06:27 |     → Trial 60/100 completed (125 evaluations)
2026-05-31 01:06:27 |     → Trial 70/100 completed (125 evaluations)
2026-05-31 01:06:28 |     → Trial 80/100 completed (125 evaluations)
2026-05-31 01:06:28 |     → Trial 90/100 completed (125 evaluations)
2026-05-31 01:06:29 |     → Trial 100/100 completed (125 evaluations)
2026-05-31 01:06:29 |  Total edge attributions: -10.592443
2026-05-31 01:06:29 |  Expected (f(x) - f(x')) : -10.592443
2026-05-31 01:06:29 |  Difference: 1.7763568394002505e-15 using 100 samples to calculate f(x) and f(x')
2026-05-31 01:06:29 |  Relative error: 0.0000
2026-05-31 01:06:29 |     → Instance 93/100
2026-05-31 01:06:29 |     → ShapleyFlow (MC Edge Permutation): 124 edges, 100 trials
2026-05-31 01:06:29 |     → ShapleyFlow (MC Permutation): 124 edges, 100 trials = 12,500 model calls
2026-05-31 01:06:29 |     → Trial 1/100 completed (125 evaluations)
2026-05-31 01:06:30 |     → Trial 10/100 completed (125 evaluations)
2026-05-31 01:06:30 |     → Trial 20/100 completed (125 evaluations)
2026-05-31 01:06:31 |     → Trial 30/100 completed (125 evaluations)
2026-05-31 01:06:32 |     → Trial 40/100 completed (125 evaluations)
2026-05-31 01:06:32 |     → Trial 50/100 completed (125 evaluations)
2026-05-31 01:06:33 |     → Trial 60/100 completed (125 evaluations)
2026-05-31 01:06:33 |     → Trial 70/100 completed (125 evaluations)
2026-05-31 01:06:34 |     → Trial 80/100 completed (125 evaluations)
2026-05-31 01:06:35 |     → Trial 90/100 completed (125 evaluations)
2026-05-31 01:06:35 |     → Trial 100/100 completed (125 evaluations)
2026-05-31 01:06:35 |  Total edge attributions: -6.709046
2026-05-31 01:06:35 |  Expected (f(x) - f(x')) : -6.709046
2026-05-31 01:06:35 |  Difference: 1.7763568394002505e-15 using 100 samples to calculate f(x) and f(x')
2026-05-31 01:06:35 |  Relative error: 0.0000
2026-05-31 01:06:35 |     → Instance 94/100
2026-05-31 01:06:35 |     → ShapleyFlow (MC Edge Permutation): 124 edges, 100 trials
2026-05-31 01:06:35 |     → ShapleyFlow (MC Permutation): 124 edges, 100 trials = 12,500 model calls
2026-05-31 01:06:35 |     → Trial 1/100 completed (125 evaluations)
2026-05-31 01:06:36 |     → Trial 10/100 completed (125 evaluations)
2026-05-31 01:06:37 |     → Trial 20/100 completed (125 evaluations)
2026-05-31 01:06:37 |     → Trial 30/100 completed (125 evaluations)
2026-05-31 01:06:38 |     → Trial 40/100 completed (125 evaluations)
2026-05-31 01:06:38 |     → Trial 50/100 completed (125 evaluations)
2026-05-31 01:06:39 |     → Trial 60/100 completed (125 evaluations)
2026-05-31 01:06:40 |     → Trial 70/100 completed (125 evaluations)
2026-05-31 01:06:40 |     → Trial 80/100 completed (125 evaluations)
2026-05-31 01:06:41 |     → Trial 90/100 completed (125 evaluations)
2026-05-31 01:06:41 |     → Trial 100/100 completed (125 evaluations)
2026-05-31 01:06:42 |  Total edge attributions: 2.115554
2026-05-31 01:06:42 |  Expected (f(x) - f(x')) : 2.115554
2026-05-31 01:06:42 |  Difference: 1.7763568394002505e-15 using 100 samples to calculate f(x) and f(x')
2026-05-31 01:06:42 |  Relative error: 0.0000
2026-05-31 01:06:42 |     → Instance 95/100
2026-05-31 01:06:42 |     → ShapleyFlow (MC Edge Permutation): 124 edges, 100 trials
2026-05-31 01:06:42 |     → ShapleyFlow (MC Permutation): 124 edges, 100 trials = 12,500 model calls
2026-05-31 01:06:42 |     → Trial 1/100 completed (125 evaluations)
2026-05-31 01:06:42 |     → Trial 10/100 completed (125 evaluations)
2026-05-31 01:06:43 |     → Trial 20/100 completed (125 evaluations)
2026-05-31 01:06:43 |     → Trial 30/100 completed (125 evaluations)
2026-05-31 01:06:44 |     → Trial 40/100 completed (125 evaluations)
2026-05-31 01:06:45 |     → Trial 50/100 completed (125 evaluations)
2026-05-31 01:06:45 |     → Trial 60/100 completed (125 evaluations)
2026-05-31 01:06:46 |     → Trial 70/100 completed (125 evaluations)
2026-05-31 01:06:46 |     → Trial 80/100 completed (125 evaluations)
2026-05-31 01:06:47 |     → Trial 90/100 completed (125 evaluations)
2026-05-31 01:06:48 |     → Trial 100/100 completed (125 evaluations)
2026-05-31 01:06:48 |  Total edge attributions: 1.600364
2026-05-31 01:06:48 |  Expected (f(x) - f(x')) : 1.600364
2026-05-31 01:06:48 |  Difference: 8.881784197001252e-16 using 100 samples to calculate f(x) and f(x')
2026-05-31 01:06:48 |  Relative error: 0.0000
2026-05-31 01:06:48 |     → Instance 96/100
2026-05-31 01:06:48 |     → ShapleyFlow (MC Edge Permutation): 124 edges, 100 trials
2026-05-31 01:06:48 |     → ShapleyFlow (MC Permutation): 124 edges, 100 trials = 12,500 model calls
2026-05-31 01:06:48 |     → Trial 1/100 completed (125 evaluations)
2026-05-31 01:06:48 |     → Trial 10/100 completed (125 evaluations)
2026-05-31 01:06:49 |     → Trial 20/100 completed (125 evaluations)
2026-05-31 01:06:50 |     → Trial 30/100 completed (125 evaluations)
2026-05-31 01:06:50 |     → Trial 40/100 completed (125 evaluations)
2026-05-31 01:06:51 |     → Trial 50/100 completed (125 evaluations)
2026-05-31 01:06:51 |     → Trial 60/100 completed (125 evaluations)
2026-05-31 01:06:52 |     → Trial 70/100 completed (125 evaluations)
2026-05-31 01:06:53 |     → Trial 80/100 completed (125 evaluations)
2026-05-31 01:06:53 |     → Trial 90/100 completed (125 evaluations)
2026-05-31 01:06:54 |     → Trial 100/100 completed (125 evaluations)
2026-05-31 01:06:54 |  Total edge attributions: 7.330759
2026-05-31 01:06:54 |  Expected (f(x) - f(x')) : 7.330759
2026-05-31 01:06:54 |  Difference: 1.7763568394002505e-15 using 100 samples to calculate f(x) and f(x')
2026-05-31 01:06:54 |  Relative error: 0.0000
2026-05-31 01:06:54 |     → Instance 97/100
2026-05-31 01:06:54 |     → ShapleyFlow (MC Edge Permutation): 124 edges, 100 trials
2026-05-31 01:06:54 |     → ShapleyFlow (MC Permutation): 124 edges, 100 trials = 12,500 model calls
2026-05-31 01:06:54 |     → Trial 1/100 completed (125 evaluations)
2026-05-31 01:06:55 |     → Trial 10/100 completed (125 evaluations)
2026-05-31 01:06:55 |     → Trial 20/100 completed (125 evaluations)
2026-05-31 01:06:56 |     → Trial 30/100 completed (125 evaluations)
2026-05-31 01:06:56 |     → Trial 40/100 completed (125 evaluations)
2026-05-31 01:06:57 |     → Trial 50/100 completed (125 evaluations)
2026-05-31 01:06:58 |     → Trial 60/100 completed (125 evaluations)
2026-05-31 01:06:58 |     → Trial 70/100 completed (125 evaluations)
2026-05-31 01:06:59 |     → Trial 80/100 completed (125 evaluations)
2026-05-31 01:06:59 |     → Trial 90/100 completed (125 evaluations)
2026-05-31 01:07:00 |     → Trial 100/100 completed (125 evaluations)
2026-05-31 01:07:00 |  Total edge attributions: -5.008942
2026-05-31 01:07:00 |  Expected (f(x) - f(x')) : -5.008942
2026-05-31 01:07:00 |  Difference: 7.105427357601002e-15 using 100 samples to calculate f(x) and f(x')
2026-05-31 01:07:00 |  Relative error: 0.0000
2026-05-31 01:07:00 |     → Instance 98/100
2026-05-31 01:07:00 |     → ShapleyFlow (MC Edge Permutation): 124 edges, 100 trials
2026-05-31 01:07:00 |     → ShapleyFlow (MC Permutation): 124 edges, 100 trials = 12,500 model calls
2026-05-31 01:07:00 |     → Trial 1/100 completed (125 evaluations)
2026-05-31 01:07:01 |     → Trial 10/100 completed (125 evaluations)
2026-05-31 01:07:01 |     → Trial 20/100 completed (125 evaluations)
2026-05-31 01:07:02 |     → Trial 30/100 completed (125 evaluations)
2026-05-31 01:07:03 |     → Trial 40/100 completed (125 evaluations)
2026-05-31 01:07:03 |     → Trial 50/100 completed (125 evaluations)
2026-05-31 01:07:04 |     → Trial 60/100 completed (125 evaluations)
2026-05-31 01:07:04 |     → Trial 70/100 completed (125 evaluations)
2026-05-31 01:07:05 |     → Trial 80/100 completed (125 evaluations)
2026-05-31 01:07:06 |     → Trial 90/100 completed (125 evaluations)
2026-05-31 01:07:06 |     → Trial 100/100 completed (125 evaluations)
2026-05-31 01:07:06 |  Total edge attributions: 9.694413
2026-05-31 01:07:06 |  Expected (f(x) - f(x')) : 9.694413
2026-05-31 01:07:06 |  Difference: 5.329070518200751e-15 using 100 samples to calculate f(x) and f(x')
2026-05-31 01:07:06 |  Relative error: 0.0000
2026-05-31 01:07:06 |     → Instance 99/100
2026-05-31 01:07:06 |     → ShapleyFlow (MC Edge Permutation): 124 edges, 100 trials
2026-05-31 01:07:06 |     → ShapleyFlow (MC Permutation): 124 edges, 100 trials = 12,500 model calls
2026-05-31 01:07:06 |     → Trial 1/100 completed (125 evaluations)
2026-05-31 01:07:07 |     → Trial 10/100 completed (125 evaluations)
2026-05-31 01:07:08 |     → Trial 20/100 completed (125 evaluations)
2026-05-31 01:07:08 |     → Trial 30/100 completed (125 evaluations)
2026-05-31 01:07:09 |     → Trial 40/100 completed (125 evaluations)
2026-05-31 01:07:09 |     → Trial 50/100 completed (125 evaluations)
2026-05-31 01:07:10 |     → Trial 60/100 completed (125 evaluations)
2026-05-31 01:07:11 |     → Trial 70/100 completed (125 evaluations)
2026-05-31 01:07:11 |     → Trial 80/100 completed (125 evaluations)
2026-05-31 01:07:12 |     → Trial 90/100 completed (125 evaluations)
2026-05-31 01:07:12 |     → Trial 100/100 completed (125 evaluations)
2026-05-31 01:07:12 |  Total edge attributions: -10.570618
2026-05-31 01:07:12 |  Expected (f(x) - f(x')) : -10.570618
2026-05-31 01:07:12 |  Difference: 5.329070518200751e-15 using 100 samples to calculate f(x) and f(x')
2026-05-31 01:07:12 |  Relative error: 0.0000
2026-05-31 01:07:12 |     → Instance 100/100
2026-05-31 01:07:12 |     → ShapleyFlow (MC Edge Permutation): 124 edges, 100 trials
2026-05-31 01:07:12 |     → ShapleyFlow (MC Permutation): 124 edges, 100 trials = 12,500 model calls
2026-05-31 01:07:13 |     → Trial 1/100 completed (125 evaluations)
2026-05-31 01:07:13 |     → Trial 10/100 completed (125 evaluations)
2026-05-31 01:07:14 |     → Trial 20/100 completed (125 evaluations)
2026-05-31 01:07:14 |     → Trial 30/100 completed (125 evaluations)
2026-05-31 01:07:15 |     → Trial 40/100 completed (125 evaluations)
2026-05-31 01:07:16 |     → Trial 50/100 completed (125 evaluations)
2026-05-31 01:07:16 |     → Trial 60/100 completed (125 evaluations)
2026-05-31 01:07:17 |     → Trial 70/100 completed (125 evaluations)
2026-05-31 01:07:17 |     → Trial 80/100 completed (125 evaluations)
2026-05-31 01:07:18 |     → Trial 90/100 completed (125 evaluations)
2026-05-31 01:07:19 |     → Trial 100/100 completed (125 evaluations)
2026-05-31 01:07:19 |  Total edge attributions: -1.305472
2026-05-31 01:07:19 |  Expected (f(x) - f(x')) : -1.305472
2026-05-31 01:07:19 |  Difference: 5.995204332975845e-15 using 100 samples to calculate f(x) and f(x')
2026-05-31 01:07:19 |  Relative error: 0.0000
2026-05-31 01:07:19 |     → All instances completed
2026-05-31 01:07:19 |   [Progress: 5/10] LGBM + LINGAM - AsymmetricShapley
2026-05-31 01:07:19 |  Calculating asymmetric SHAP values
2026-05-31 01:07:19 | Starting Asymmetric Shapley (topo-ordering) computation for 100 instances
2026-05-31 01:07:19 | Using 100 samples per instance
2026-05-31 01:07:19 |     Sample 10/100 completed
2026-05-31 01:07:20 |     Sample 20/100 completed
2026-05-31 01:07:20 |     Sample 30/100 completed
2026-05-31 01:07:20 |     Sample 40/100 completed
2026-05-31 01:07:21 |     Sample 50/100 completed
2026-05-31 01:07:21 |     Sample 60/100 completed
2026-05-31 01:07:22 |     Sample 70/100 completed
2026-05-31 01:07:22 |     Sample 80/100 completed
2026-05-31 01:07:23 |     Sample 90/100 completed
2026-05-31 01:07:23 |     Sample 100/100 completed
2026-05-31 01:07:23 |     Sample 10/100 completed
2026-05-31 01:07:24 |     Sample 20/100 completed
2026-05-31 01:07:24 |     Sample 30/100 completed
2026-05-31 01:07:25 |     Sample 40/100 completed
2026-05-31 01:07:25 |     Sample 50/100 completed
2026-05-31 01:07:26 |     Sample 60/100 completed
2026-05-31 01:07:26 |     Sample 70/100 completed
2026-05-31 01:07:27 |     Sample 80/100 completed
2026-05-31 01:07:27 |     Sample 90/100 completed
2026-05-31 01:07:27 |     Sample 100/100 completed
2026-05-31 01:07:28 |     Sample 10/100 completed
2026-05-31 01:07:28 |     Sample 20/100 completed
2026-05-31 01:07:29 |     Sample 30/100 completed
2026-05-31 01:07:29 |     Sample 40/100 completed
2026-05-31 01:07:30 |     Sample 50/100 completed
2026-05-31 01:07:30 |     Sample 60/100 completed
2026-05-31 01:07:30 |     Sample 70/100 completed
2026-05-31 01:07:31 |     Sample 80/100 completed
2026-05-31 01:07:31 |     Sample 90/100 completed
2026-05-31 01:07:32 |     Sample 100/100 completed
2026-05-31 01:07:32 |     Sample 10/100 completed
2026-05-31 01:07:33 |     Sample 20/100 completed
2026-05-31 01:07:33 |     Sample 30/100 completed
2026-05-31 01:07:34 |     Sample 40/100 completed
2026-05-31 01:07:34 |     Sample 50/100 completed
2026-05-31 01:07:34 |     Sample 60/100 completed
2026-05-31 01:07:35 |     Sample 70/100 completed
2026-05-31 01:07:35 |     Sample 80/100 completed
2026-05-31 01:07:36 |     Sample 90/100 completed
2026-05-31 01:07:36 |     Sample 100/100 completed
2026-05-31 01:07:37 |     Sample 10/100 completed
2026-05-31 01:07:37 |     Sample 20/100 completed
2026-05-31 01:07:37 |     Sample 30/100 completed
2026-05-31 01:07:38 |     Sample 40/100 completed
2026-05-31 01:07:38 |     Sample 50/100 completed
2026-05-31 01:07:39 |     Sample 60/100 completed
2026-05-31 01:07:39 |     Sample 70/100 completed
2026-05-31 01:07:40 |     Sample 80/100 completed
2026-05-31 01:07:40 |     Sample 90/100 completed
2026-05-31 01:07:41 |     Sample 100/100 completed
2026-05-31 01:07:41 |     Sample 10/100 completed
2026-05-31 01:07:41 |     Sample 20/100 completed
2026-05-31 01:07:42 |     Sample 30/100 completed
2026-05-31 01:07:42 |     Sample 40/100 completed
2026-05-31 01:07:43 |     Sample 50/100 completed
2026-05-31 01:07:43 |     Sample 60/100 completed
2026-05-31 01:07:44 |     Sample 70/100 completed
2026-05-31 01:07:44 |     Sample 80/100 completed
2026-05-31 01:07:45 |     Sample 90/100 completed
2026-05-31 01:07:45 |     Sample 100/100 completed
2026-05-31 01:07:45 |     Sample 10/100 completed
2026-05-31 01:07:46 |     Sample 20/100 completed
2026-05-31 01:07:46 |     Sample 30/100 completed
2026-05-31 01:07:47 |     Sample 40/100 completed
2026-05-31 01:07:47 |     Sample 50/100 completed
2026-05-31 01:07:47 |     Sample 60/100 completed
2026-05-31 01:07:48 |     Sample 70/100 completed
2026-05-31 01:07:48 |     Sample 80/100 completed
2026-05-31 01:07:49 |     Sample 90/100 completed
2026-05-31 01:07:49 |     Sample 100/100 completed
2026-05-31 01:07:50 |     Sample 10/100 completed
2026-05-31 01:07:50 |     Sample 20/100 completed
2026-05-31 01:07:50 |     Sample 30/100 completed
2026-05-31 01:07:51 |     Sample 40/100 completed
2026-05-31 01:07:51 |     Sample 50/100 completed
2026-05-31 01:07:52 |     Sample 60/100 completed
2026-05-31 01:07:52 |     Sample 70/100 completed
2026-05-31 01:07:53 |     Sample 80/100 completed
2026-05-31 01:07:53 |     Sample 90/100 completed
2026-05-31 01:07:53 |     Sample 100/100 completed
2026-05-31 01:07:54 |     Sample 10/100 completed
2026-05-31 01:07:54 |     Sample 20/100 completed
2026-05-31 01:07:55 |     Sample 30/100 completed
2026-05-31 01:07:55 |     Sample 40/100 completed
2026-05-31 01:07:56 |     Sample 50/100 completed
2026-05-31 01:07:56 |     Sample 60/100 completed
2026-05-31 01:07:57 |     Sample 70/100 completed
2026-05-31 01:07:57 |     Sample 80/100 completed
2026-05-31 01:07:57 |     Sample 90/100 completed
2026-05-31 01:07:58 |     Sample 100/100 completed
2026-05-31 01:07:58 |     Sample 10/100 completed
2026-05-31 01:07:59 |     Sample 20/100 completed
2026-05-31 01:07:59 |     Sample 30/100 completed
2026-05-31 01:08:00 |     Sample 40/100 completed
2026-05-31 01:08:00 |     Sample 50/100 completed
2026-05-31 01:08:00 |     Sample 60/100 completed
2026-05-31 01:08:01 |     Sample 70/100 completed
2026-05-31 01:08:01 |     Sample 80/100 completed
2026-05-31 01:08:02 |     Sample 90/100 completed
2026-05-31 01:08:02 |     Sample 100/100 completed
2026-05-31 01:08:02 |     Sample 10/100 completed
2026-05-31 01:08:03 |     Sample 20/100 completed
2026-05-31 01:08:03 |     Sample 30/100 completed
2026-05-31 01:08:04 |     Sample 40/100 completed
2026-05-31 01:08:04 |     Sample 50/100 completed
2026-05-31 01:08:05 |     Sample 60/100 completed
2026-05-31 01:08:05 |     Sample 70/100 completed
2026-05-31 01:08:06 |     Sample 80/100 completed
2026-05-31 01:08:06 |     Sample 90/100 completed
2026-05-31 01:08:06 |     Sample 100/100 completed
2026-05-31 01:08:07 |     Sample 10/100 completed
2026-05-31 01:08:07 |     Sample 20/100 completed
2026-05-31 01:08:08 |     Sample 30/100 completed
2026-05-31 01:08:08 |     Sample 40/100 completed
2026-05-31 01:08:09 |     Sample 50/100 completed
2026-05-31 01:08:09 |     Sample 60/100 completed
2026-05-31 01:08:09 |     Sample 70/100 completed
2026-05-31 01:08:10 |     Sample 80/100 completed
2026-05-31 01:08:10 |     Sample 90/100 completed
2026-05-31 01:08:11 |     Sample 100/100 completed
2026-05-31 01:08:11 |     Sample 10/100 completed
2026-05-31 01:08:12 |     Sample 20/100 completed
2026-05-31 01:08:12 |     Sample 30/100 completed
2026-05-31 01:08:13 |     Sample 40/100 completed
2026-05-31 01:08:13 |     Sample 50/100 completed
2026-05-31 01:08:13 |     Sample 60/100 completed
2026-05-31 01:08:14 |     Sample 70/100 completed
2026-05-31 01:08:14 |     Sample 80/100 completed
2026-05-31 01:08:15 |     Sample 90/100 completed
2026-05-31 01:08:15 |     Sample 100/100 completed
2026-05-31 01:08:16 |     Sample 10/100 completed
2026-05-31 01:08:16 |     Sample 20/100 completed
2026-05-31 01:08:17 |     Sample 30/100 completed
2026-05-31 01:08:17 |     Sample 40/100 completed
2026-05-31 01:08:17 |     Sample 50/100 completed
2026-05-31 01:08:18 |     Sample 60/100 completed
2026-05-31 01:08:18 |     Sample 70/100 completed
2026-05-31 01:08:19 |     Sample 80/100 completed
2026-05-31 01:08:19 |     Sample 90/100 completed
2026-05-31 01:08:20 |     Sample 100/100 completed
2026-05-31 01:08:20 |     Sample 10/100 completed
2026-05-31 01:08:20 |     Sample 20/100 completed
2026-05-31 01:08:21 |     Sample 30/100 completed
2026-05-31 01:08:21 |     Sample 40/100 completed
2026-05-31 01:08:22 |     Sample 50/100 completed
2026-05-31 01:08:22 |     Sample 60/100 completed
2026-05-31 01:08:23 |     Sample 70/100 completed
2026-05-31 01:08:23 |     Sample 80/100 completed
2026-05-31 01:08:23 |     Sample 90/100 completed
2026-05-31 01:08:24 |     Sample 100/100 completed
2026-05-31 01:08:24 |     Sample 10/100 completed
2026-05-31 01:08:25 |     Sample 20/100 completed
2026-05-31 01:08:25 |     Sample 30/100 completed
2026-05-31 01:08:26 |     Sample 40/100 completed
2026-05-31 01:08:26 |     Sample 50/100 completed
2026-05-31 01:08:27 |     Sample 60/100 completed
2026-05-31 01:08:27 |     Sample 70/100 completed
2026-05-31 01:08:27 |     Sample 80/100 completed
2026-05-31 01:08:28 |     Sample 90/100 completed
2026-05-31 01:08:28 |     Sample 100/100 completed
2026-05-31 01:08:29 |     Sample 10/100 completed
2026-05-31 01:08:29 |     Sample 20/100 completed
2026-05-31 01:08:30 |     Sample 30/100 completed
2026-05-31 01:08:30 |     Sample 40/100 completed
2026-05-31 01:08:30 |     Sample 50/100 completed
2026-05-31 01:08:31 |     Sample 60/100 completed
2026-05-31 01:08:31 |     Sample 70/100 completed
2026-05-31 01:08:32 |     Sample 80/100 completed
2026-05-31 01:08:32 |     Sample 90/100 completed
2026-05-31 01:08:33 |     Sample 100/100 completed
2026-05-31 01:08:33 |     Sample 10/100 completed
2026-05-31 01:08:33 |     Sample 20/100 completed
2026-05-31 01:08:34 |     Sample 30/100 completed
2026-05-31 01:08:34 |     Sample 40/100 completed
2026-05-31 01:08:35 |     Sample 50/100 completed
2026-05-31 01:08:35 |     Sample 60/100 completed
2026-05-31 01:08:36 |     Sample 70/100 completed
2026-05-31 01:08:36 |     Sample 80/100 completed
2026-05-31 01:08:37 |     Sample 90/100 completed
2026-05-31 01:08:37 |     Sample 100/100 completed
2026-05-31 01:08:37 |     Sample 10/100 completed
2026-05-31 01:08:38 |     Sample 20/100 completed
2026-05-31 01:08:38 |     Sample 30/100 completed
2026-05-31 01:08:39 |     Sample 40/100 completed
2026-05-31 01:08:39 |     Sample 50/100 completed
2026-05-31 01:08:40 |     Sample 60/100 completed
2026-05-31 01:08:40 |     Sample 70/100 completed
2026-05-31 01:08:41 |     Sample 80/100 completed
2026-05-31 01:08:41 |     Sample 90/100 completed
2026-05-31 01:08:42 |     Sample 100/100 completed
2026-05-31 01:08:42 |     Sample 10/100 completed
2026-05-31 01:08:42 |     Sample 20/100 completed
2026-05-31 01:08:43 |     Sample 30/100 completed
2026-05-31 01:08:43 |     Sample 40/100 completed
2026-05-31 01:08:44 |     Sample 50/100 completed
2026-05-31 01:08:44 |     Sample 60/100 completed
2026-05-31 01:08:45 |     Sample 70/100 completed
2026-05-31 01:08:45 |     Sample 80/100 completed
2026-05-31 01:08:45 |     Sample 90/100 completed
2026-05-31 01:08:46 |     Sample 100/100 completed
2026-05-31 01:08:46 |     Sample 10/100 completed
2026-05-31 01:08:47 |     Sample 20/100 completed
2026-05-31 01:08:47 |     Sample 30/100 completed
2026-05-31 01:08:48 |     Sample 40/100 completed
2026-05-31 01:08:48 |     Sample 50/100 completed
2026-05-31 01:08:49 |     Sample 60/100 completed
2026-05-31 01:08:49 |     Sample 70/100 completed
2026-05-31 01:08:49 |     Sample 80/100 completed
2026-05-31 01:08:50 |     Sample 90/100 completed
2026-05-31 01:08:50 |     Sample 100/100 completed
2026-05-31 01:08:51 |     Sample 10/100 completed
2026-05-31 01:08:51 |     Sample 20/100 completed
2026-05-31 01:08:52 |     Sample 30/100 completed
2026-05-31 01:08:52 |     Sample 40/100 completed
2026-05-31 01:08:53 |     Sample 50/100 completed
2026-05-31 01:08:53 |     Sample 60/100 completed
2026-05-31 01:08:53 |     Sample 70/100 completed
2026-05-31 01:08:54 |     Sample 80/100 completed
2026-05-31 01:08:54 |     Sample 90/100 completed
2026-05-31 01:08:55 |     Sample 100/100 completed
2026-05-31 01:08:55 |     Sample 10/100 completed
2026-05-31 01:08:56 |     Sample 20/100 completed
2026-05-31 01:08:56 |     Sample 30/100 completed
2026-05-31 01:08:57 |     Sample 40/100 completed
2026-05-31 01:08:57 |     Sample 50/100 completed
2026-05-31 01:08:57 |     Sample 60/100 completed
2026-05-31 01:08:58 |     Sample 70/100 completed
2026-05-31 01:08:58 |     Sample 80/100 completed
2026-05-31 01:08:59 |     Sample 90/100 completed
2026-05-31 01:08:59 |     Sample 100/100 completed
2026-05-31 01:09:00 |     Sample 10/100 completed
2026-05-31 01:09:00 |     Sample 20/100 completed
2026-05-31 01:09:00 |     Sample 30/100 completed
2026-05-31 01:09:01 |     Sample 40/100 completed
2026-05-31 01:09:01 |     Sample 50/100 completed
2026-05-31 01:09:02 |     Sample 60/100 completed
2026-05-31 01:09:02 |     Sample 70/100 completed
2026-05-31 01:09:03 |     Sample 80/100 completed
2026-05-31 01:09:03 |     Sample 90/100 completed
2026-05-31 01:09:04 |     Sample 100/100 completed
2026-05-31 01:09:04 |     Sample 10/100 completed
2026-05-31 01:09:04 |     Sample 20/100 completed
2026-05-31 01:09:05 |     Sample 30/100 completed
2026-05-31 01:09:05 |     Sample 40/100 completed
2026-05-31 01:09:06 |     Sample 50/100 completed
2026-05-31 01:09:06 |     Sample 60/100 completed
2026-05-31 01:09:07 |     Sample 70/100 completed
2026-05-31 01:09:07 |     Sample 80/100 completed
2026-05-31 01:09:07 |     Sample 90/100 completed
2026-05-31 01:09:08 |     Sample 100/100 completed
2026-05-31 01:09:08 |     Sample 10/100 completed
2026-05-31 01:09:09 |     Sample 20/100 completed
2026-05-31 01:09:09 |     Sample 30/100 completed
2026-05-31 01:09:10 |     Sample 40/100 completed
2026-05-31 01:09:10 |     Sample 50/100 completed
2026-05-31 01:09:10 |     Sample 60/100 completed
2026-05-31 01:09:11 |     Sample 70/100 completed
2026-05-31 01:09:11 |     Sample 80/100 completed
2026-05-31 01:09:12 |     Sample 90/100 completed
2026-05-31 01:09:12 |     Sample 100/100 completed
2026-05-31 01:09:13 |     Sample 10/100 completed
2026-05-31 01:09:13 |     Sample 20/100 completed
2026-05-31 01:09:13 |     Sample 30/100 completed
2026-05-31 01:09:14 |     Sample 40/100 completed
2026-05-31 01:09:14 |     Sample 50/100 completed
2026-05-31 01:09:15 |     Sample 60/100 completed
2026-05-31 01:09:15 |     Sample 70/100 completed
2026-05-31 01:09:16 |     Sample 80/100 completed
2026-05-31 01:09:16 |     Sample 90/100 completed
2026-05-31 01:09:17 |     Sample 100/100 completed
2026-05-31 01:09:17 |     Sample 10/100 completed
2026-05-31 01:09:17 |     Sample 20/100 completed
2026-05-31 01:09:18 |     Sample 30/100 completed
2026-05-31 01:09:18 |     Sample 40/100 completed
2026-05-31 01:09:19 |     Sample 50/100 completed
2026-05-31 01:09:19 |     Sample 60/100 completed
2026-05-31 01:09:20 |     Sample 70/100 completed
2026-05-31 01:09:20 |     Sample 80/100 completed
2026-05-31 01:09:21 |     Sample 90/100 completed
2026-05-31 01:09:21 |     Sample 100/100 completed
2026-05-31 01:09:21 |     Sample 10/100 completed
2026-05-31 01:09:22 |     Sample 20/100 completed
2026-05-31 01:09:22 |     Sample 30/100 completed
2026-05-31 01:09:23 |     Sample 40/100 completed
2026-05-31 01:09:23 |     Sample 50/100 completed
2026-05-31 01:09:24 |     Sample 60/100 completed
2026-05-31 01:09:24 |     Sample 70/100 completed
2026-05-31 01:09:25 |     Sample 80/100 completed
2026-05-31 01:09:25 |     Sample 90/100 completed
2026-05-31 01:09:25 |     Sample 100/100 completed
2026-05-31 01:09:26 |     Sample 10/100 completed
2026-05-31 01:09:26 |     Sample 20/100 completed
2026-05-31 01:09:27 |     Sample 30/100 completed
2026-05-31 01:09:27 |     Sample 40/100 completed
2026-05-31 01:09:28 |     Sample 50/100 completed
2026-05-31 01:09:28 |     Sample 60/100 completed
2026-05-31 01:09:28 |     Sample 70/100 completed
2026-05-31 01:09:29 |     Sample 80/100 completed
2026-05-31 01:09:29 |     Sample 90/100 completed
2026-05-31 01:09:30 |     Sample 100/100 completed
2026-05-31 01:09:30 |     Sample 10/100 completed
2026-05-31 01:09:31 |     Sample 20/100 completed
2026-05-31 01:09:31 |     Sample 30/100 completed
2026-05-31 01:09:32 |     Sample 40/100 completed
2026-05-31 01:09:32 |     Sample 50/100 completed
2026-05-31 01:09:33 |     Sample 60/100 completed
2026-05-31 01:09:33 |     Sample 70/100 completed
2026-05-31 01:09:33 |     Sample 80/100 completed
2026-05-31 01:09:34 |     Sample 90/100 completed
2026-05-31 01:09:34 |     Sample 100/100 completed
2026-05-31 01:09:35 |     Sample 10/100 completed
2026-05-31 01:09:35 |     Sample 20/100 completed
2026-05-31 01:09:36 |     Sample 30/100 completed
2026-05-31 01:09:36 |     Sample 40/100 completed
2026-05-31 01:09:37 |     Sample 50/100 completed
2026-05-31 01:09:37 |     Sample 60/100 completed
2026-05-31 01:09:37 |     Sample 70/100 completed
2026-05-31 01:09:38 |     Sample 80/100 completed
2026-05-31 01:09:38 |     Sample 90/100 completed
2026-05-31 01:09:39 |     Sample 100/100 completed
2026-05-31 01:09:39 |     Sample 10/100 completed
2026-05-31 01:09:40 |     Sample 20/100 completed
2026-05-31 01:09:40 |     Sample 30/100 completed
2026-05-31 01:09:41 |     Sample 40/100 completed
2026-05-31 01:09:41 |     Sample 50/100 completed
2026-05-31 01:09:41 |     Sample 60/100 completed
2026-05-31 01:09:42 |     Sample 70/100 completed
2026-05-31 01:09:42 |     Sample 80/100 completed
2026-05-31 01:09:43 |     Sample 90/100 completed
2026-05-31 01:09:43 |     Sample 100/100 completed
2026-05-31 01:09:44 |     Sample 10/100 completed
2026-05-31 01:09:44 |     Sample 20/100 completed
2026-05-31 01:09:44 |     Sample 30/100 completed
2026-05-31 01:09:45 |     Sample 40/100 completed
2026-05-31 01:09:45 |     Sample 50/100 completed
2026-05-31 01:09:46 |     Sample 60/100 completed
2026-05-31 01:09:46 |     Sample 70/100 completed
2026-05-31 01:09:47 |     Sample 80/100 completed
2026-05-31 01:09:47 |     Sample 90/100 completed
2026-05-31 01:09:47 |     Sample 100/100 completed
2026-05-31 01:09:48 |     Sample 10/100 completed
2026-05-31 01:09:48 |     Sample 20/100 completed
2026-05-31 01:09:49 |     Sample 30/100 completed
2026-05-31 01:09:49 |     Sample 40/100 completed
2026-05-31 01:09:50 |     Sample 50/100 completed
2026-05-31 01:09:50 |     Sample 60/100 completed
2026-05-31 01:09:51 |     Sample 70/100 completed
2026-05-31 01:09:51 |     Sample 80/100 completed
2026-05-31 01:09:51 |     Sample 90/100 completed
2026-05-31 01:09:52 |     Sample 100/100 completed
2026-05-31 01:09:52 |     Sample 10/100 completed
2026-05-31 01:09:53 |     Sample 20/100 completed
2026-05-31 01:09:53 |     Sample 30/100 completed
2026-05-31 01:09:54 |     Sample 40/100 completed
2026-05-31 01:09:54 |     Sample 50/100 completed
2026-05-31 01:09:55 |     Sample 60/100 completed
2026-05-31 01:09:55 |     Sample 70/100 completed
2026-05-31 01:09:55 |     Sample 80/100 completed
2026-05-31 01:09:56 |     Sample 90/100 completed
2026-05-31 01:09:56 |     Sample 100/100 completed
2026-05-31 01:09:57 |     Sample 10/100 completed
2026-05-31 01:09:57 |     Sample 20/100 completed
2026-05-31 01:09:58 |     Sample 30/100 completed
2026-05-31 01:09:58 |     Sample 40/100 completed
2026-05-31 01:09:58 |     Sample 50/100 completed
2026-05-31 01:09:59 |     Sample 60/100 completed
2026-05-31 01:09:59 |     Sample 70/100 completed
2026-05-31 01:10:00 |     Sample 80/100 completed
2026-05-31 01:10:00 |     Sample 90/100 completed
2026-05-31 01:10:01 |     Sample 100/100 completed
2026-05-31 01:10:01 |     Sample 10/100 completed
2026-05-31 01:10:02 |     Sample 20/100 completed
2026-05-31 01:10:02 |     Sample 30/100 completed
2026-05-31 01:10:02 |     Sample 40/100 completed
2026-05-31 01:10:03 |     Sample 50/100 completed
2026-05-31 01:10:03 |     Sample 60/100 completed
2026-05-31 01:10:04 |     Sample 70/100 completed
2026-05-31 01:10:04 |     Sample 80/100 completed
2026-05-31 01:10:05 |     Sample 90/100 completed
2026-05-31 01:10:05 |     Sample 100/100 completed
2026-05-31 01:10:05 |     Sample 10/100 completed
2026-05-31 01:10:06 |     Sample 20/100 completed
2026-05-31 01:10:06 |     Sample 30/100 completed
2026-05-31 01:10:07 |     Sample 40/100 completed
2026-05-31 01:10:07 |     Sample 50/100 completed
2026-05-31 01:10:08 |     Sample 60/100 completed
2026-05-31 01:10:08 |     Sample 70/100 completed
2026-05-31 01:10:09 |     Sample 80/100 completed
2026-05-31 01:10:09 |     Sample 90/100 completed
2026-05-31 01:10:10 |     Sample 100/100 completed
2026-05-31 01:10:10 |     Sample 10/100 completed
2026-05-31 01:10:10 |     Sample 20/100 completed
2026-05-31 01:10:11 |     Sample 30/100 completed
2026-05-31 01:10:11 |     Sample 40/100 completed
2026-05-31 01:10:12 |     Sample 50/100 completed
2026-05-31 01:10:12 |     Sample 60/100 completed
2026-05-31 01:10:12 |     Sample 70/100 completed
2026-05-31 01:10:13 |     Sample 80/100 completed
2026-05-31 01:10:13 |     Sample 90/100 completed
2026-05-31 01:10:14 |     Sample 100/100 completed
2026-05-31 01:10:14 |     Sample 10/100 completed
2026-05-31 01:10:15 |     Sample 20/100 completed
2026-05-31 01:10:15 |     Sample 30/100 completed
2026-05-31 01:10:15 |     Sample 40/100 completed
2026-05-31 01:10:16 |     Sample 50/100 completed
2026-05-31 01:10:16 |     Sample 60/100 completed
2026-05-31 01:10:17 |     Sample 70/100 completed
2026-05-31 01:10:17 |     Sample 80/100 completed
2026-05-31 01:10:18 |     Sample 90/100 completed
2026-05-31 01:10:18 |     Sample 100/100 completed
2026-05-31 01:10:19 |     Sample 10/100 completed
2026-05-31 01:10:19 |     Sample 20/100 completed
2026-05-31 01:10:19 |     Sample 30/100 completed
2026-05-31 01:10:20 |     Sample 40/100 completed
2026-05-31 01:10:20 |     Sample 50/100 completed
2026-05-31 01:10:21 |     Sample 60/100 completed
2026-05-31 01:10:21 |     Sample 70/100 completed
2026-05-31 01:10:21 |     Sample 80/100 completed
2026-05-31 01:10:22 |     Sample 90/100 completed
2026-05-31 01:10:22 |     Sample 100/100 completed
2026-05-31 01:10:23 |     Sample 10/100 completed
2026-05-31 01:10:23 |     Sample 20/100 completed
2026-05-31 01:10:24 |     Sample 30/100 completed
2026-05-31 01:10:24 |     Sample 40/100 completed
2026-05-31 01:10:24 |     Sample 50/100 completed
2026-05-31 01:10:25 |     Sample 60/100 completed
2026-05-31 01:10:25 |     Sample 70/100 completed
2026-05-31 01:10:26 |     Sample 80/100 completed
2026-05-31 01:10:26 |     Sample 90/100 completed
2026-05-31 01:10:27 |     Sample 100/100 completed
2026-05-31 01:10:27 |     Sample 10/100 completed
2026-05-31 01:10:27 |     Sample 20/100 completed
2026-05-31 01:10:28 |     Sample 30/100 completed
2026-05-31 01:10:28 |     Sample 40/100 completed
2026-05-31 01:10:29 |     Sample 50/100 completed
2026-05-31 01:10:29 |     Sample 60/100 completed
2026-05-31 01:10:30 |     Sample 70/100 completed
2026-05-31 01:10:30 |     Sample 80/100 completed
2026-05-31 01:10:30 |     Sample 90/100 completed
2026-05-31 01:10:31 |     Sample 100/100 completed
2026-05-31 01:10:31 |     Sample 10/100 completed
2026-05-31 01:10:32 |     Sample 20/100 completed
2026-05-31 01:10:32 |     Sample 30/100 completed
2026-05-31 01:10:33 |     Sample 40/100 completed
2026-05-31 01:10:33 |     Sample 50/100 completed
2026-05-31 01:10:33 |     Sample 60/100 completed
2026-05-31 01:10:34 |     Sample 70/100 completed
2026-05-31 01:10:34 |     Sample 80/100 completed
2026-05-31 01:10:35 |     Sample 90/100 completed
2026-05-31 01:10:35 |     Sample 100/100 completed
2026-05-31 01:10:36 |     Sample 10/100 completed
2026-05-31 01:10:36 |     Sample 20/100 completed
2026-05-31 01:10:36 |     Sample 30/100 completed
2026-05-31 01:10:37 |     Sample 40/100 completed
2026-05-31 01:10:37 |     Sample 50/100 completed
2026-05-31 01:10:38 |     Sample 60/100 completed
2026-05-31 01:10:38 |     Sample 70/100 completed
2026-05-31 01:10:39 |     Sample 80/100 completed
2026-05-31 01:10:39 |     Sample 90/100 completed
2026-05-31 01:10:39 |     Sample 100/100 completed
2026-05-31 01:10:40 |     Sample 10/100 completed
2026-05-31 01:10:40 |     Sample 20/100 completed
2026-05-31 01:10:41 |     Sample 30/100 completed
2026-05-31 01:10:41 |     Sample 40/100 completed
2026-05-31 01:10:42 |     Sample 50/100 completed
2026-05-31 01:10:42 |     Sample 60/100 completed
2026-05-31 01:10:43 |     Sample 70/100 completed
2026-05-31 01:10:43 |     Sample 80/100 completed
2026-05-31 01:10:43 |     Sample 90/100 completed
2026-05-31 01:10:44 |     Sample 100/100 completed
2026-05-31 01:10:44 |     Sample 10/100 completed
2026-05-31 01:10:45 |     Sample 20/100 completed
2026-05-31 01:10:45 |     Sample 30/100 completed
2026-05-31 01:10:46 |     Sample 40/100 completed
2026-05-31 01:10:46 |     Sample 50/100 completed
2026-05-31 01:10:47 |     Sample 60/100 completed
2026-05-31 01:10:47 |     Sample 70/100 completed
2026-05-31 01:10:47 |     Sample 80/100 completed
2026-05-31 01:10:48 |     Sample 90/100 completed
2026-05-31 01:10:48 |     Sample 100/100 completed
2026-05-31 01:10:49 |     Sample 10/100 completed
2026-05-31 01:10:49 |     Sample 20/100 completed
2026-05-31 01:10:50 |     Sample 30/100 completed
2026-05-31 01:10:50 |     Sample 40/100 completed
2026-05-31 01:10:51 |     Sample 50/100 completed
2026-05-31 01:10:51 |     Sample 60/100 completed
2026-05-31 01:10:51 |     Sample 70/100 completed
2026-05-31 01:10:52 |     Sample 80/100 completed
2026-05-31 01:10:52 |     Sample 90/100 completed
2026-05-31 01:10:53 |     Sample 100/100 completed
2026-05-31 01:10:53 |     Sample 10/100 completed
2026-05-31 01:10:54 |     Sample 20/100 completed
2026-05-31 01:10:54 |     Sample 30/100 completed
2026-05-31 01:10:55 |     Sample 40/100 completed
2026-05-31 01:10:55 |     Sample 50/100 completed
2026-05-31 01:10:55 |     Sample 60/100 completed
2026-05-31 01:10:56 |     Sample 70/100 completed
2026-05-31 01:10:56 |     Sample 80/100 completed
2026-05-31 01:10:57 |     Sample 90/100 completed
2026-05-31 01:10:57 |     Sample 100/100 completed
2026-05-31 01:10:58 |     Sample 10/100 completed
2026-05-31 01:10:58 |     Sample 20/100 completed
2026-05-31 01:10:58 |     Sample 30/100 completed
2026-05-31 01:10:59 |     Sample 40/100 completed
2026-05-31 01:10:59 |     Sample 50/100 completed
2026-05-31 01:11:00 |     Sample 60/100 completed
2026-05-31 01:11:00 |     Sample 70/100 completed
2026-05-31 01:11:01 |     Sample 80/100 completed
2026-05-31 01:11:01 |     Sample 90/100 completed
2026-05-31 01:11:01 |     Sample 100/100 completed
2026-05-31 01:11:02 |     Sample 10/100 completed
2026-05-31 01:11:02 |     Sample 20/100 completed
2026-05-31 01:11:03 |     Sample 30/100 completed
2026-05-31 01:11:03 |     Sample 40/100 completed
2026-05-31 01:11:04 |     Sample 50/100 completed
2026-05-31 01:11:04 |     Sample 60/100 completed
2026-05-31 01:11:05 |     Sample 70/100 completed
2026-05-31 01:11:05 |     Sample 80/100 completed
2026-05-31 01:11:05 |     Sample 90/100 completed
2026-05-31 01:11:06 |     Sample 100/100 completed
2026-05-31 01:11:06 |     Sample 10/100 completed
2026-05-31 01:11:07 |     Sample 20/100 completed
2026-05-31 01:11:07 |     Sample 30/100 completed
2026-05-31 01:11:08 |     Sample 40/100 completed
2026-05-31 01:11:08 |     Sample 50/100 completed
2026-05-31 01:11:08 |     Sample 60/100 completed
2026-05-31 01:11:09 |     Sample 70/100 completed
2026-05-31 01:11:09 |     Sample 80/100 completed
2026-05-31 01:11:10 |     Sample 90/100 completed
2026-05-31 01:11:10 |     Sample 100/100 completed
2026-05-31 01:11:11 |     Sample 10/100 completed
2026-05-31 01:11:11 |     Sample 20/100 completed
2026-05-31 01:11:11 |     Sample 30/100 completed
2026-05-31 01:11:12 |     Sample 40/100 completed
2026-05-31 01:11:12 |     Sample 50/100 completed
2026-05-31 01:11:13 |     Sample 60/100 completed
2026-05-31 01:11:13 |     Sample 70/100 completed
2026-05-31 01:11:14 |     Sample 80/100 completed
2026-05-31 01:11:14 |     Sample 90/100 completed
2026-05-31 01:11:14 |     Sample 100/100 completed
2026-05-31 01:11:15 |     Sample 10/100 completed
2026-05-31 01:11:15 |     Sample 20/100 completed
2026-05-31 01:11:16 |     Sample 30/100 completed
2026-05-31 01:11:16 |     Sample 40/100 completed
2026-05-31 01:11:17 |     Sample 50/100 completed
2026-05-31 01:11:17 |     Sample 60/100 completed
2026-05-31 01:11:17 |     Sample 70/100 completed
2026-05-31 01:11:18 |     Sample 80/100 completed
2026-05-31 01:11:18 |     Sample 90/100 completed
2026-05-31 01:11:19 |     Sample 100/100 completed
2026-05-31 01:11:19 |     Sample 10/100 completed
2026-05-31 01:11:20 |     Sample 20/100 completed
2026-05-31 01:11:20 |     Sample 30/100 completed
2026-05-31 01:11:20 |     Sample 40/100 completed
2026-05-31 01:11:21 |     Sample 50/100 completed
2026-05-31 01:11:21 |     Sample 60/100 completed
2026-05-31 01:11:22 |     Sample 70/100 completed
2026-05-31 01:11:22 |     Sample 80/100 completed
2026-05-31 01:11:23 |     Sample 90/100 completed
2026-05-31 01:11:23 |     Sample 100/100 completed
2026-05-31 01:11:23 |     Sample 10/100 completed
2026-05-31 01:11:24 |     Sample 20/100 completed
2026-05-31 01:11:24 |     Sample 30/100 completed
2026-05-31 01:11:25 |     Sample 40/100 completed
2026-05-31 01:11:25 |     Sample 50/100 completed
2026-05-31 01:11:26 |     Sample 60/100 completed
2026-05-31 01:11:26 |     Sample 70/100 completed
2026-05-31 01:11:26 |     Sample 80/100 completed
2026-05-31 01:11:27 |     Sample 90/100 completed
2026-05-31 01:11:27 |     Sample 100/100 completed
2026-05-31 01:11:28 |     Sample 10/100 completed
2026-05-31 01:11:28 |     Sample 20/100 completed
2026-05-31 01:11:29 |     Sample 30/100 completed
2026-05-31 01:11:29 |     Sample 40/100 completed
2026-05-31 01:11:30 |     Sample 50/100 completed
2026-05-31 01:11:30 |     Sample 60/100 completed
2026-05-31 01:11:30 |     Sample 70/100 completed
2026-05-31 01:11:31 |     Sample 80/100 completed
2026-05-31 01:11:31 |     Sample 90/100 completed
2026-05-31 01:11:32 |     Sample 100/100 completed
2026-05-31 01:11:32 |     Sample 10/100 completed
2026-05-31 01:11:33 |     Sample 20/100 completed
2026-05-31 01:11:33 |     Sample 30/100 completed
2026-05-31 01:11:33 |     Sample 40/100 completed
2026-05-31 01:11:34 |     Sample 50/100 completed
2026-05-31 01:11:34 |     Sample 60/100 completed
2026-05-31 01:11:35 |     Sample 70/100 completed
2026-05-31 01:11:35 |     Sample 80/100 completed
2026-05-31 01:11:36 |     Sample 90/100 completed
2026-05-31 01:11:36 |     Sample 100/100 completed
2026-05-31 01:11:36 |     Sample 10/100 completed
2026-05-31 01:11:37 |     Sample 20/100 completed
2026-05-31 01:11:37 |     Sample 30/100 completed
2026-05-31 01:11:38 |     Sample 40/100 completed
2026-05-31 01:11:38 |     Sample 50/100 completed
2026-05-31 01:11:39 |     Sample 60/100 completed
2026-05-31 01:11:39 |     Sample 70/100 completed
2026-05-31 01:11:39 |     Sample 80/100 completed
2026-05-31 01:11:40 |     Sample 90/100 completed
2026-05-31 01:11:40 |     Sample 100/100 completed
2026-05-31 01:11:41 |     Sample 10/100 completed
2026-05-31 01:11:41 |     Sample 20/100 completed
2026-05-31 01:11:42 |     Sample 30/100 completed
2026-05-31 01:11:42 |     Sample 40/100 completed
2026-05-31 01:11:43 |     Sample 50/100 completed
2026-05-31 01:11:43 |     Sample 60/100 completed
2026-05-31 01:11:43 |     Sample 70/100 completed
2026-05-31 01:11:44 |     Sample 80/100 completed
2026-05-31 01:11:44 |     Sample 90/100 completed
2026-05-31 01:11:45 |     Sample 100/100 completed
2026-05-31 01:11:45 |     Sample 10/100 completed
2026-05-31 01:11:46 |     Sample 20/100 completed
2026-05-31 01:11:46 |     Sample 30/100 completed
2026-05-31 01:11:46 |     Sample 40/100 completed
2026-05-31 01:11:47 |     Sample 50/100 completed
2026-05-31 01:11:47 |     Sample 60/100 completed
2026-05-31 01:11:48 |     Sample 70/100 completed
2026-05-31 01:11:48 |     Sample 80/100 completed
2026-05-31 01:11:49 |     Sample 90/100 completed
2026-05-31 01:11:49 |     Sample 100/100 completed
2026-05-31 01:11:49 |     Sample 10/100 completed
2026-05-31 01:11:50 |     Sample 20/100 completed
2026-05-31 01:11:50 |     Sample 30/100 completed
2026-05-31 01:11:51 |     Sample 40/100 completed
2026-05-31 01:11:51 |     Sample 50/100 completed
2026-05-31 01:11:52 |     Sample 60/100 completed
2026-05-31 01:11:52 |     Sample 70/100 completed
2026-05-31 01:11:53 |     Sample 80/100 completed
2026-05-31 01:11:53 |     Sample 90/100 completed
2026-05-31 01:11:53 |     Sample 100/100 completed
2026-05-31 01:11:54 |     Sample 10/100 completed
2026-05-31 01:11:54 |     Sample 20/100 completed
2026-05-31 01:11:55 |     Sample 30/100 completed
2026-05-31 01:11:55 |     Sample 40/100 completed
2026-05-31 01:11:56 |     Sample 50/100 completed
2026-05-31 01:11:56 |     Sample 60/100 completed
2026-05-31 01:11:56 |     Sample 70/100 completed
2026-05-31 01:11:57 |     Sample 80/100 completed
2026-05-31 01:11:57 |     Sample 90/100 completed
2026-05-31 01:11:58 |     Sample 100/100 completed
2026-05-31 01:11:58 |     Sample 10/100 completed
2026-05-31 01:11:58 |     Sample 20/100 completed
2026-05-31 01:11:59 |     Sample 30/100 completed
2026-05-31 01:11:59 |     Sample 40/100 completed
2026-05-31 01:12:00 |     Sample 50/100 completed
2026-05-31 01:12:00 |     Sample 60/100 completed
2026-05-31 01:12:01 |     Sample 70/100 completed
2026-05-31 01:12:01 |     Sample 80/100 completed
2026-05-31 01:12:01 |     Sample 90/100 completed
2026-05-31 01:12:02 |     Sample 100/100 completed
2026-05-31 01:12:02 |     Sample 10/100 completed
2026-05-31 01:12:03 |     Sample 20/100 completed
2026-05-31 01:12:03 |     Sample 30/100 completed
2026-05-31 01:12:04 |     Sample 40/100 completed
2026-05-31 01:12:04 |     Sample 50/100 completed
2026-05-31 01:12:04 |     Sample 60/100 completed
2026-05-31 01:12:05 |     Sample 70/100 completed
2026-05-31 01:12:05 |     Sample 80/100 completed
2026-05-31 01:12:06 |     Sample 90/100 completed
2026-05-31 01:12:06 |     Sample 100/100 completed
2026-05-31 01:12:07 |     Sample 10/100 completed
2026-05-31 01:12:07 |     Sample 20/100 completed
2026-05-31 01:12:07 |     Sample 30/100 completed
2026-05-31 01:12:08 |     Sample 40/100 completed
2026-05-31 01:12:08 |     Sample 50/100 completed
2026-05-31 01:12:09 |     Sample 60/100 completed
2026-05-31 01:12:09 |     Sample 70/100 completed
2026-05-31 01:12:10 |     Sample 80/100 completed
2026-05-31 01:12:10 |     Sample 90/100 completed
2026-05-31 01:12:11 |     Sample 100/100 completed
2026-05-31 01:12:11 |     Sample 10/100 completed
2026-05-31 01:12:11 |     Sample 20/100 completed
2026-05-31 01:12:12 |     Sample 30/100 completed
2026-05-31 01:12:12 |     Sample 40/100 completed
2026-05-31 01:12:13 |     Sample 50/100 completed
2026-05-31 01:12:13 |     Sample 60/100 completed
2026-05-31 01:12:13 |     Sample 70/100 completed
2026-05-31 01:12:14 |     Sample 80/100 completed
2026-05-31 01:12:14 |     Sample 90/100 completed
2026-05-31 01:12:15 |     Sample 100/100 completed
2026-05-31 01:12:15 |     Sample 10/100 completed
2026-05-31 01:12:16 |     Sample 20/100 completed
2026-05-31 01:12:16 |     Sample 30/100 completed
2026-05-31 01:12:16 |     Sample 40/100 completed
2026-05-31 01:12:17 |     Sample 50/100 completed
2026-05-31 01:12:17 |     Sample 60/100 completed
2026-05-31 01:12:18 |     Sample 70/100 completed
2026-05-31 01:12:18 |     Sample 80/100 completed
2026-05-31 01:12:19 |     Sample 90/100 completed
2026-05-31 01:12:19 |     Sample 100/100 completed
2026-05-31 01:12:19 |     Sample 10/100 completed
2026-05-31 01:12:20 |     Sample 20/100 completed
2026-05-31 01:12:20 |     Sample 30/100 completed
2026-05-31 01:12:21 |     Sample 40/100 completed
2026-05-31 01:12:21 |     Sample 50/100 completed
2026-05-31 01:12:22 |     Sample 60/100 completed
2026-05-31 01:12:22 |     Sample 70/100 completed
2026-05-31 01:12:23 |     Sample 80/100 completed
2026-05-31 01:12:23 |     Sample 90/100 completed
2026-05-31 01:12:23 |     Sample 100/100 completed
2026-05-31 01:12:24 |     Sample 10/100 completed
2026-05-31 01:12:24 |     Sample 20/100 completed
2026-05-31 01:12:25 |     Sample 30/100 completed
2026-05-31 01:12:25 |     Sample 40/100 completed
2026-05-31 01:12:26 |     Sample 50/100 completed
2026-05-31 01:12:26 |     Sample 60/100 completed
2026-05-31 01:12:26 |     Sample 70/100 completed
2026-05-31 01:12:27 |     Sample 80/100 completed
2026-05-31 01:12:27 |     Sample 90/100 completed
2026-05-31 01:12:28 |     Sample 100/100 completed
2026-05-31 01:12:28 |     Sample 10/100 completed
2026-05-31 01:12:29 |     Sample 20/100 completed
2026-05-31 01:12:29 |     Sample 30/100 completed
2026-05-31 01:12:29 |     Sample 40/100 completed
2026-05-31 01:12:30 |     Sample 50/100 completed
2026-05-31 01:12:30 |     Sample 60/100 completed
2026-05-31 01:12:31 |     Sample 70/100 completed
2026-05-31 01:12:31 |     Sample 80/100 completed
2026-05-31 01:12:32 |     Sample 90/100 completed
2026-05-31 01:12:32 |     Sample 100/100 completed
2026-05-31 01:12:33 |     Sample 10/100 completed
2026-05-31 01:12:33 |     Sample 20/100 completed
2026-05-31 01:12:33 |     Sample 30/100 completed
2026-05-31 01:12:34 |     Sample 40/100 completed
2026-05-31 01:12:34 |     Sample 50/100 completed
2026-05-31 01:12:35 |     Sample 60/100 completed
2026-05-31 01:12:35 |     Sample 70/100 completed
2026-05-31 01:12:36 |     Sample 80/100 completed
2026-05-31 01:12:36 |     Sample 90/100 completed
2026-05-31 01:12:36 |     Sample 100/100 completed
2026-05-31 01:12:37 |     Sample 10/100 completed
2026-05-31 01:12:37 |     Sample 20/100 completed
2026-05-31 01:12:38 |     Sample 30/100 completed
2026-05-31 01:12:38 |     Sample 40/100 completed
2026-05-31 01:12:39 |     Sample 50/100 completed
2026-05-31 01:12:39 |     Sample 60/100 completed
2026-05-31 01:12:39 |     Sample 70/100 completed
2026-05-31 01:12:40 |     Sample 80/100 completed
2026-05-31 01:12:40 |     Sample 90/100 completed
2026-05-31 01:12:41 |     Sample 100/100 completed
2026-05-31 01:12:41 |     Sample 10/100 completed
2026-05-31 01:12:42 |     Sample 20/100 completed
2026-05-31 01:12:42 |     Sample 30/100 completed
2026-05-31 01:12:43 |     Sample 40/100 completed
2026-05-31 01:12:43 |     Sample 50/100 completed
2026-05-31 01:12:43 |     Sample 60/100 completed
2026-05-31 01:12:44 |     Sample 70/100 completed
2026-05-31 01:12:44 |     Sample 80/100 completed
2026-05-31 01:12:45 |     Sample 90/100 completed
2026-05-31 01:12:45 |     Sample 100/100 completed
2026-05-31 01:12:46 |     Sample 10/100 completed
2026-05-31 01:12:46 |     Sample 20/100 completed
2026-05-31 01:12:46 |     Sample 30/100 completed
2026-05-31 01:12:47 |     Sample 40/100 completed
2026-05-31 01:12:47 |     Sample 50/100 completed
2026-05-31 01:12:48 |     Sample 60/100 completed
2026-05-31 01:12:48 |     Sample 70/100 completed
2026-05-31 01:12:49 |     Sample 80/100 completed
2026-05-31 01:12:49 |     Sample 90/100 completed
2026-05-31 01:12:50 |     Sample 100/100 completed
2026-05-31 01:12:50 |     Sample 10/100 completed
2026-05-31 01:12:50 |     Sample 20/100 completed
2026-05-31 01:12:51 |     Sample 30/100 completed
2026-05-31 01:12:51 |     Sample 40/100 completed
2026-05-31 01:12:52 |     Sample 50/100 completed
2026-05-31 01:12:52 |     Sample 60/100 completed
2026-05-31 01:12:53 |     Sample 70/100 completed
2026-05-31 01:12:53 |     Sample 80/100 completed
2026-05-31 01:12:54 |     Sample 90/100 completed
2026-05-31 01:12:54 |     Sample 100/100 completed
2026-05-31 01:12:54 |     Sample 10/100 completed
2026-05-31 01:12:55 |     Sample 20/100 completed
2026-05-31 01:12:55 |     Sample 30/100 completed
2026-05-31 01:12:56 |     Sample 40/100 completed
2026-05-31 01:12:56 |     Sample 50/100 completed
2026-05-31 01:12:56 |     Sample 60/100 completed
2026-05-31 01:12:57 |     Sample 70/100 completed
2026-05-31 01:12:57 |     Sample 80/100 completed
2026-05-31 01:12:58 |     Sample 90/100 completed
2026-05-31 01:12:58 |     Sample 100/100 completed
2026-05-31 01:12:59 |     Sample 10/100 completed
2026-05-31 01:12:59 |     Sample 20/100 completed
2026-05-31 01:12:59 |     Sample 30/100 completed
2026-05-31 01:13:00 |     Sample 40/100 completed
2026-05-31 01:13:00 |     Sample 50/100 completed
2026-05-31 01:13:01 |     Sample 60/100 completed
2026-05-31 01:13:01 |     Sample 70/100 completed
2026-05-31 01:13:02 |     Sample 80/100 completed
2026-05-31 01:13:02 |     Sample 90/100 completed
2026-05-31 01:13:03 |     Sample 100/100 completed
2026-05-31 01:13:03 |     Sample 10/100 completed
2026-05-31 01:13:03 |     Sample 20/100 completed
2026-05-31 01:13:04 |     Sample 30/100 completed
2026-05-31 01:13:04 |     Sample 40/100 completed
2026-05-31 01:13:05 |     Sample 50/100 completed
2026-05-31 01:13:05 |     Sample 60/100 completed
2026-05-31 01:13:05 |     Sample 70/100 completed
2026-05-31 01:13:06 |     Sample 80/100 completed
2026-05-31 01:13:06 |     Sample 90/100 completed
2026-05-31 01:13:07 |     Sample 100/100 completed
2026-05-31 01:13:07 |     Sample 10/100 completed
2026-05-31 01:13:08 |     Sample 20/100 completed
2026-05-31 01:13:08 |     Sample 30/100 completed
2026-05-31 01:13:08 |     Sample 40/100 completed
2026-05-31 01:13:09 |     Sample 50/100 completed
2026-05-31 01:13:09 |     Sample 60/100 completed
2026-05-31 01:13:10 |     Sample 70/100 completed
2026-05-31 01:13:10 |     Sample 80/100 completed
2026-05-31 01:13:11 |     Sample 90/100 completed
2026-05-31 01:13:11 |     Sample 100/100 completed
2026-05-31 01:13:11 |     Sample 10/100 completed
2026-05-31 01:13:12 |     Sample 20/100 completed
2026-05-31 01:13:12 |     Sample 30/100 completed
2026-05-31 01:13:13 |     Sample 40/100 completed
2026-05-31 01:13:13 |     Sample 50/100 completed
2026-05-31 01:13:14 |     Sample 60/100 completed
2026-05-31 01:13:14 |     Sample 70/100 completed
2026-05-31 01:13:15 |     Sample 80/100 completed
2026-05-31 01:13:15 |     Sample 90/100 completed
2026-05-31 01:13:16 |     Sample 100/100 completed
2026-05-31 01:13:16 |     Sample 10/100 completed
2026-05-31 01:13:16 |     Sample 20/100 completed
2026-05-31 01:13:17 |     Sample 30/100 completed
2026-05-31 01:13:17 |     Sample 40/100 completed
2026-05-31 01:13:18 |     Sample 50/100 completed
2026-05-31 01:13:18 |     Sample 60/100 completed
2026-05-31 01:13:18 |     Sample 70/100 completed
2026-05-31 01:13:19 |     Sample 80/100 completed
2026-05-31 01:13:19 |     Sample 90/100 completed
2026-05-31 01:13:20 |     Sample 100/100 completed
2026-05-31 01:13:20 |     Sample 10/100 completed
2026-05-31 01:13:21 |     Sample 20/100 completed
2026-05-31 01:13:21 |     Sample 30/100 completed
2026-05-31 01:13:22 |     Sample 40/100 completed
2026-05-31 01:13:22 |     Sample 50/100 completed
2026-05-31 01:13:22 |     Sample 60/100 completed
2026-05-31 01:13:23 |     Sample 70/100 completed
2026-05-31 01:13:23 |     Sample 80/100 completed
2026-05-31 01:13:24 |     Sample 90/100 completed
2026-05-31 01:13:24 |     Sample 100/100 completed
2026-05-31 01:13:25 |     Sample 10/100 completed
2026-05-31 01:13:25 |     Sample 20/100 completed
2026-05-31 01:13:26 |     Sample 30/100 completed
2026-05-31 01:13:26 |     Sample 40/100 completed
2026-05-31 01:13:26 |     Sample 50/100 completed
2026-05-31 01:13:27 |     Sample 60/100 completed
2026-05-31 01:13:27 |     Sample 70/100 completed
2026-05-31 01:13:28 |     Sample 80/100 completed
2026-05-31 01:13:28 |     Sample 90/100 completed
2026-05-31 01:13:29 |     Sample 100/100 completed
2026-05-31 01:13:29 |     Sample 10/100 completed
2026-05-31 01:13:30 |     Sample 20/100 completed
2026-05-31 01:13:30 |     Sample 30/100 completed
2026-05-31 01:13:30 |     Sample 40/100 completed
2026-05-31 01:13:31 |     Sample 50/100 completed
2026-05-31 01:13:31 |     Sample 60/100 completed
2026-05-31 01:13:32 |     Sample 70/100 completed
2026-05-31 01:13:32 |     Sample 80/100 completed
2026-05-31 01:13:33 |     Sample 90/100 completed
2026-05-31 01:13:33 |     Sample 100/100 completed
2026-05-31 01:13:34 |     Sample 10/100 completed
2026-05-31 01:13:34 |     Sample 20/100 completed
2026-05-31 01:13:34 |     Sample 30/100 completed
2026-05-31 01:13:35 |     Sample 40/100 completed
2026-05-31 01:13:35 |     Sample 50/100 completed
2026-05-31 01:13:36 |     Sample 60/100 completed
2026-05-31 01:13:36 |     Sample 70/100 completed
2026-05-31 01:13:37 |     Sample 80/100 completed
2026-05-31 01:13:37 |     Sample 90/100 completed
2026-05-31 01:13:38 |     Sample 100/100 completed
2026-05-31 01:13:38 |     Sample 10/100 completed
2026-05-31 01:13:38 |     Sample 20/100 completed
2026-05-31 01:13:39 |     Sample 30/100 completed
2026-05-31 01:13:39 |     Sample 40/100 completed
2026-05-31 01:13:40 |     Sample 50/100 completed
2026-05-31 01:13:40 |     Sample 60/100 completed
2026-05-31 01:13:41 |     Sample 70/100 completed
2026-05-31 01:13:41 |     Sample 80/100 completed
2026-05-31 01:13:41 |     Sample 90/100 completed
2026-05-31 01:13:42 |     Sample 100/100 completed
2026-05-31 01:13:42 |     Sample 10/100 completed
2026-05-31 01:13:43 |     Sample 20/100 completed
2026-05-31 01:13:43 |     Sample 30/100 completed
2026-05-31 01:13:44 |     Sample 40/100 completed
2026-05-31 01:13:44 |     Sample 50/100 completed
2026-05-31 01:13:44 |     Sample 60/100 completed
2026-05-31 01:13:45 |     Sample 70/100 completed
2026-05-31 01:13:45 |     Sample 80/100 completed
2026-05-31 01:13:46 |     Sample 90/100 completed
2026-05-31 01:13:46 |     Sample 100/100 completed
2026-05-31 01:13:47 |     Sample 10/100 completed
2026-05-31 01:13:47 |     Sample 20/100 completed
2026-05-31 01:13:48 |     Sample 30/100 completed
2026-05-31 01:13:48 |     Sample 40/100 completed
2026-05-31 01:13:48 |     Sample 50/100 completed
2026-05-31 01:13:49 |     Sample 60/100 completed
2026-05-31 01:13:49 |     Sample 70/100 completed
2026-05-31 01:13:50 |     Sample 80/100 completed
2026-05-31 01:13:50 |     Sample 90/100 completed
2026-05-31 01:13:51 |     Sample 100/100 completed
2026-05-31 01:13:51 |     Sample 10/100 completed
2026-05-31 01:13:52 |     Sample 20/100 completed
2026-05-31 01:13:52 |     Sample 30/100 completed
2026-05-31 01:13:52 |     Sample 40/100 completed
2026-05-31 01:13:53 |     Sample 50/100 completed
2026-05-31 01:13:53 |     Sample 60/100 completed
2026-05-31 01:13:54 |     Sample 70/100 completed
2026-05-31 01:13:54 |     Sample 80/100 completed
2026-05-31 01:13:55 |     Sample 90/100 completed
2026-05-31 01:13:55 |     Sample 100/100 completed
2026-05-31 01:13:56 |     Sample 10/100 completed
2026-05-31 01:13:56 |     Sample 20/100 completed
2026-05-31 01:13:56 |     Sample 30/100 completed
2026-05-31 01:13:57 |     Sample 40/100 completed
2026-05-31 01:13:57 |     Sample 50/100 completed
2026-05-31 01:13:58 |     Sample 60/100 completed
2026-05-31 01:13:58 |     Sample 70/100 completed
2026-05-31 01:13:59 |     Sample 80/100 completed
2026-05-31 01:13:59 |     Sample 90/100 completed
2026-05-31 01:14:00 |     Sample 100/100 completed
2026-05-31 01:14:00 |     Sample 10/100 completed
2026-05-31 01:14:00 |     Sample 20/100 completed
2026-05-31 01:14:01 |     Sample 30/100 completed
2026-05-31 01:14:01 |     Sample 40/100 completed
2026-05-31 01:14:02 |     Sample 50/100 completed
2026-05-31 01:14:02 |     Sample 60/100 completed
2026-05-31 01:14:03 |     Sample 70/100 completed
2026-05-31 01:14:03 |     Sample 80/100 completed
2026-05-31 01:14:04 |     Sample 90/100 completed
2026-05-31 01:14:04 |     Sample 100/100 completed
2026-05-31 01:14:04 |     Sample 10/100 completed
2026-05-31 01:14:05 |     Sample 20/100 completed
2026-05-31 01:14:05 |     Sample 30/100 completed
2026-05-31 01:14:06 |     Sample 40/100 completed
2026-05-31 01:14:06 |     Sample 50/100 completed
2026-05-31 01:14:07 |     Sample 60/100 completed
2026-05-31 01:14:07 |     Sample 70/100 completed
2026-05-31 01:14:08 |     Sample 80/100 completed
2026-05-31 01:14:08 |     Sample 90/100 completed
2026-05-31 01:14:08 |     Sample 100/100 completed
2026-05-31 01:14:09 |     Sample 10/100 completed
2026-05-31 01:14:09 |     Sample 20/100 completed
2026-05-31 01:14:10 |     Sample 30/100 completed
2026-05-31 01:14:10 |     Sample 40/100 completed
2026-05-31 01:14:11 |     Sample 50/100 completed
2026-05-31 01:14:11 |     Sample 60/100 completed
2026-05-31 01:14:12 |     Sample 70/100 completed
2026-05-31 01:14:12 |     Sample 80/100 completed
2026-05-31 01:14:12 |     Sample 90/100 completed
2026-05-31 01:14:13 |     Sample 100/100 completed
2026-05-31 01:14:13 |     Sample 10/100 completed
2026-05-31 01:14:14 |     Sample 20/100 completed
2026-05-31 01:14:14 |     Sample 30/100 completed
2026-05-31 01:14:15 |     Sample 40/100 completed
2026-05-31 01:14:15 |     Sample 50/100 completed
2026-05-31 01:14:15 |     Sample 60/100 completed
2026-05-31 01:14:16 |     Sample 70/100 completed
2026-05-31 01:14:16 |     Sample 80/100 completed
2026-05-31 01:14:17 |     Sample 90/100 completed
2026-05-31 01:14:17 |     Sample 100/100 completed
2026-05-31 01:14:18 |     Sample 10/100 completed
2026-05-31 01:14:18 |     Sample 20/100 completed
2026-05-31 01:14:18 |     Sample 30/100 completed
2026-05-31 01:14:19 |     Sample 40/100 completed
2026-05-31 01:14:19 |     Sample 50/100 completed
2026-05-31 01:14:20 |     Sample 60/100 completed
2026-05-31 01:14:20 |     Sample 70/100 completed
2026-05-31 01:14:20 |     Sample 80/100 completed
2026-05-31 01:14:21 |     Sample 90/100 completed
2026-05-31 01:14:21 |     Sample 100/100 completed
2026-05-31 01:14:22 |     Sample 10/100 completed
2026-05-31 01:14:22 |     Sample 20/100 completed
2026-05-31 01:14:23 |     Sample 30/100 completed
2026-05-31 01:14:23 |     Sample 40/100 completed
2026-05-31 01:14:23 |     Sample 50/100 completed
2026-05-31 01:14:24 |     Sample 60/100 completed
2026-05-31 01:14:24 |     Sample 70/100 completed
2026-05-31 01:14:25 |     Sample 80/100 completed
2026-05-31 01:14:25 |     Sample 90/100 completed
2026-05-31 01:14:26 |     Sample 100/100 completed
2026-05-31 01:14:26 |     Sample 10/100 completed
2026-05-31 01:14:27 |     Sample 20/100 completed
2026-05-31 01:14:27 |     Sample 30/100 completed
2026-05-31 01:14:27 |     Sample 40/100 completed
2026-05-31 01:14:28 |     Sample 50/100 completed
2026-05-31 01:14:28 |     Sample 60/100 completed
2026-05-31 01:14:29 |     Sample 70/100 completed
2026-05-31 01:14:29 |     Sample 80/100 completed
2026-05-31 01:14:29 |     Sample 90/100 completed
2026-05-31 01:14:30 |     Sample 100/100 completed
2026-05-31 01:14:30 |     Sample 10/100 completed
2026-05-31 01:14:31 |     Sample 20/100 completed
2026-05-31 01:14:31 |     Sample 30/100 completed
2026-05-31 01:14:32 |     Sample 40/100 completed
2026-05-31 01:14:32 |     Sample 50/100 completed
2026-05-31 01:14:33 |     Sample 60/100 completed
2026-05-31 01:14:33 |     Sample 70/100 completed
2026-05-31 01:14:33 |     Sample 80/100 completed
2026-05-31 01:14:34 |     Sample 90/100 completed
2026-05-31 01:14:34 |     Sample 100/100 completed
2026-05-31 01:14:34 | Completed all 100 instances
2026-05-31 01:14:34 |   [Progress: 6/10] LGBM + LINGAM - CausalShapley (SLOW - uses 10 inner samples)
2026-05-31 02:20:07 |   [Progress: 7/10] LGBM + LINGAM - ShapleyFlow
2026-05-31 02:20:07 |     → ShapleyFlowWrapper: 51 features, 315 edges, 5 sources
2026-05-31 02:20:07 |     → Computing Shapley Flow for 100 instances...
2026-05-31 02:20:07 |     → Instance 1/100
2026-05-31 02:20:07 |     → ShapleyFlow (MC Edge Permutation): 315 edges, 100 trials
2026-05-31 02:20:07 |     → ShapleyFlow (MC Permutation): 315 edges, 100 trials = 31,600 model calls
2026-05-31 02:20:07 |     → Trial 1/100 completed (316 evaluations)
2026-05-31 02:20:08 |     → Trial 10/100 completed (316 evaluations)
2026-05-31 02:20:10 |     → Trial 20/100 completed (316 evaluations)
2026-05-31 02:20:11 |     → Trial 30/100 completed (316 evaluations)
2026-05-31 02:20:13 |     → Trial 40/100 completed (316 evaluations)
2026-05-31 02:20:15 |     → Trial 50/100 completed (316 evaluations)
2026-05-31 02:20:16 |     → Trial 60/100 completed (316 evaluations)
2026-05-31 02:20:18 |     → Trial 70/100 completed (316 evaluations)
2026-05-31 02:20:19 |     → Trial 80/100 completed (316 evaluations)
2026-05-31 02:20:21 |     → Trial 90/100 completed (316 evaluations)
2026-05-31 02:20:22 |     → Trial 100/100 completed (316 evaluations)
2026-05-31 02:20:22 |  Total edge attributions: 10.334111
2026-05-31 02:20:22 |  Expected (f(x) - f(x')) : 10.334111
2026-05-31 02:20:22 |  Difference: 5.329070518200751e-15 using 100 samples to calculate f(x) and f(x')
2026-05-31 02:20:22 |  Relative error: 0.0000
2026-05-31 02:20:22 |     → Instance 2/100
2026-05-31 02:20:22 |     → ShapleyFlow (MC Edge Permutation): 315 edges, 100 trials
2026-05-31 02:20:22 |     → ShapleyFlow (MC Permutation): 315 edges, 100 trials = 31,600 model calls
2026-05-31 02:20:23 |     → Trial 1/100 completed (316 evaluations)
2026-05-31 02:20:24 |     → Trial 10/100 completed (316 evaluations)
2026-05-31 02:20:26 |     → Trial 20/100 completed (316 evaluations)
2026-05-31 02:20:27 |     → Trial 30/100 completed (316 evaluations)
2026-05-31 02:20:29 |     → Trial 40/100 completed (316 evaluations)
2026-05-31 02:20:30 |     → Trial 50/100 completed (316 evaluations)
2026-05-31 02:20:32 |     → Trial 60/100 completed (316 evaluations)
2026-05-31 02:20:33 |     → Trial 70/100 completed (316 evaluations)
2026-05-31 02:20:35 |     → Trial 80/100 completed (316 evaluations)
2026-05-31 02:20:37 |     → Trial 90/100 completed (316 evaluations)
2026-05-31 02:20:38 |     → Trial 100/100 completed (316 evaluations)
2026-05-31 02:20:38 |  Total edge attributions: 7.261715
2026-05-31 02:20:38 |  Expected (f(x) - f(x')) : 7.261715
2026-05-31 02:20:38 |  Difference: 4.440892098500626e-15 using 100 samples to calculate f(x) and f(x')
2026-05-31 02:20:38 |  Relative error: 0.0000
2026-05-31 02:20:38 |     → Instance 3/100
2026-05-31 02:20:38 |     → ShapleyFlow (MC Edge Permutation): 315 edges, 100 trials
2026-05-31 02:20:38 |     → ShapleyFlow (MC Permutation): 315 edges, 100 trials = 31,600 model calls
2026-05-31 02:20:38 |     → Trial 1/100 completed (316 evaluations)
2026-05-31 02:20:40 |     → Trial 10/100 completed (316 evaluations)
2026-05-31 02:20:41 |     → Trial 20/100 completed (316 evaluations)
2026-05-31 02:20:43 |     → Trial 30/100 completed (316 evaluations)
2026-05-31 02:20:44 |     → Trial 40/100 completed (316 evaluations)
2026-05-31 02:20:46 |     → Trial 50/100 completed (316 evaluations)
2026-05-31 02:20:48 |     → Trial 60/100 completed (316 evaluations)
2026-05-31 02:20:49 |     → Trial 70/100 completed (316 evaluations)
2026-05-31 02:20:51 |     → Trial 80/100 completed (316 evaluations)
2026-05-31 02:20:52 |     → Trial 90/100 completed (316 evaluations)
2026-05-31 02:20:54 |     → Trial 100/100 completed (316 evaluations)
2026-05-31 02:20:54 |  Total edge attributions: -1.525133
2026-05-31 02:20:54 |  Expected (f(x) - f(x')) : -1.525133
2026-05-31 02:20:54 |  Difference: 6.661338147750939e-16 using 100 samples to calculate f(x) and f(x')
2026-05-31 02:20:54 |  Relative error: 0.0000
2026-05-31 02:20:54 |     → Instance 4/100
2026-05-31 02:20:54 |     → ShapleyFlow (MC Edge Permutation): 315 edges, 100 trials
2026-05-31 02:20:54 |     → ShapleyFlow (MC Permutation): 315 edges, 100 trials = 31,600 model calls
2026-05-31 02:20:54 |     → Trial 1/100 completed (316 evaluations)
2026-05-31 02:20:56 |     → Trial 10/100 completed (316 evaluations)
2026-05-31 02:20:57 |     → Trial 20/100 completed (316 evaluations)
2026-05-31 02:20:59 |     → Trial 30/100 completed (316 evaluations)
2026-05-31 02:21:00 |     → Trial 40/100 completed (316 evaluations)
2026-05-31 02:21:02 |     → Trial 50/100 completed (316 evaluations)
2026-05-31 02:21:03 |     → Trial 60/100 completed (316 evaluations)
2026-05-31 02:21:05 |     → Trial 70/100 completed (316 evaluations)
2026-05-31 02:21:07 |     → Trial 80/100 completed (316 evaluations)
2026-05-31 02:21:08 |     → Trial 90/100 completed (316 evaluations)
2026-05-31 02:21:10 |     → Trial 100/100 completed (316 evaluations)
2026-05-31 02:21:10 |  Total edge attributions: -7.441975
2026-05-31 02:21:10 |  Expected (f(x) - f(x')) : -7.441975
2026-05-31 02:21:10 |  Difference: 8.881784197001252e-16 using 100 samples to calculate f(x) and f(x')
2026-05-31 02:21:10 |  Relative error: 0.0000
2026-05-31 02:21:10 |     → Instance 5/100
2026-05-31 02:21:10 |     → ShapleyFlow (MC Edge Permutation): 315 edges, 100 trials
2026-05-31 02:21:10 |     → ShapleyFlow (MC Permutation): 315 edges, 100 trials = 31,600 model calls
2026-05-31 02:21:10 |     → Trial 1/100 completed (316 evaluations)
2026-05-31 02:21:11 |     → Trial 10/100 completed (316 evaluations)
2026-05-31 02:21:13 |     → Trial 20/100 completed (316 evaluations)
2026-05-31 02:21:14 |     → Trial 30/100 completed (316 evaluations)
2026-05-31 02:21:16 |     → Trial 40/100 completed (316 evaluations)
2026-05-31 02:21:18 |     → Trial 50/100 completed (316 evaluations)
2026-05-31 02:21:19 |     → Trial 60/100 completed (316 evaluations)
2026-05-31 02:21:21 |     → Trial 70/100 completed (316 evaluations)
2026-05-31 02:21:22 |     → Trial 80/100 completed (316 evaluations)
2026-05-31 02:21:24 |     → Trial 90/100 completed (316 evaluations)
2026-05-31 02:21:26 |     → Trial 100/100 completed (316 evaluations)
2026-05-31 02:21:26 |  Total edge attributions: -16.163786
2026-05-31 02:21:26 |  Expected (f(x) - f(x')) : -16.163786
2026-05-31 02:21:26 |  Difference: 3.552713678800501e-15 using 100 samples to calculate f(x) and f(x')
2026-05-31 02:21:26 |  Relative error: 0.0000
2026-05-31 02:21:26 |     → Instance 6/100
2026-05-31 02:21:26 |     → ShapleyFlow (MC Edge Permutation): 315 edges, 100 trials
2026-05-31 02:21:26 |     → ShapleyFlow (MC Permutation): 315 edges, 100 trials = 31,600 model calls
2026-05-31 02:21:26 |     → Trial 1/100 completed (316 evaluations)
2026-05-31 02:21:27 |     → Trial 10/100 completed (316 evaluations)
2026-05-31 02:21:29 |     → Trial 20/100 completed (316 evaluations)
2026-05-31 02:21:30 |     → Trial 30/100 completed (316 evaluations)
2026-05-31 02:21:32 |     → Trial 40/100 completed (316 evaluations)
2026-05-31 02:21:33 |     → Trial 50/100 completed (316 evaluations)
2026-05-31 02:21:35 |     → Trial 60/100 completed (316 evaluations)
2026-05-31 02:21:37 |     → Trial 70/100 completed (316 evaluations)
2026-05-31 02:21:38 |     → Trial 80/100 completed (316 evaluations)
2026-05-31 02:21:40 |     → Trial 90/100 completed (316 evaluations)
2026-05-31 02:21:41 |     → Trial 100/100 completed (316 evaluations)
2026-05-31 02:21:41 |  Total edge attributions: 6.862301
2026-05-31 02:21:41 |  Expected (f(x) - f(x')) : 6.862301
2026-05-31 02:21:41 |  Difference: 3.552713678800501e-15 using 100 samples to calculate f(x) and f(x')
2026-05-31 02:21:41 |  Relative error: 0.0000
2026-05-31 02:21:41 |     → Instance 7/100
2026-05-31 02:21:41 |     → ShapleyFlow (MC Edge Permutation): 315 edges, 100 trials
2026-05-31 02:21:41 |     → ShapleyFlow (MC Permutation): 315 edges, 100 trials = 31,600 model calls
2026-05-31 02:21:42 |     → Trial 1/100 completed (316 evaluations)
2026-05-31 02:21:43 |     → Trial 10/100 completed (316 evaluations)
2026-05-31 02:21:45 |     → Trial 20/100 completed (316 evaluations)
2026-05-31 02:21:46 |     → Trial 30/100 completed (316 evaluations)
2026-05-31 02:21:48 |     → Trial 40/100 completed (316 evaluations)
2026-05-31 02:21:49 |     → Trial 50/100 completed (316 evaluations)
2026-05-31 02:21:51 |     → Trial 60/100 completed (316 evaluations)
2026-05-31 02:21:52 |     → Trial 70/100 completed (316 evaluations)
2026-05-31 02:21:54 |     → Trial 80/100 completed (316 evaluations)
2026-05-31 02:21:55 |     → Trial 90/100 completed (316 evaluations)
2026-05-31 02:21:57 |     → Trial 100/100 completed (316 evaluations)
2026-05-31 02:21:57 |  Total edge attributions: 11.864870
2026-05-31 02:21:57 |  Expected (f(x) - f(x')) : 11.864870
2026-05-31 02:21:57 |  Difference: 1.7763568394002505e-15 using 100 samples to calculate f(x) and f(x')
2026-05-31 02:21:57 |  Relative error: 0.0000
2026-05-31 02:21:57 |     → Instance 8/100
2026-05-31 02:21:57 |     → ShapleyFlow (MC Edge Permutation): 315 edges, 100 trials
2026-05-31 02:21:57 |     → ShapleyFlow (MC Permutation): 315 edges, 100 trials = 31,600 model calls
2026-05-31 02:21:57 |     → Trial 1/100 completed (316 evaluations)
2026-05-31 02:21:59 |     → Trial 10/100 completed (316 evaluations)
2026-05-31 02:22:00 |     → Trial 20/100 completed (316 evaluations)
2026-05-31 02:22:02 |     → Trial 30/100 completed (316 evaluations)
2026-05-31 02:22:03 |     → Trial 40/100 completed (316 evaluations)
2026-05-31 02:22:05 |     → Trial 50/100 completed (316 evaluations)
2026-05-31 02:22:07 |     → Trial 60/100 completed (316 evaluations)
2026-05-31 02:22:08 |     → Trial 70/100 completed (316 evaluations)
2026-05-31 02:22:10 |     → Trial 80/100 completed (316 evaluations)
2026-05-31 02:22:11 |     → Trial 90/100 completed (316 evaluations)
2026-05-31 02:22:13 |     → Trial 100/100 completed (316 evaluations)
2026-05-31 02:22:13 |  Total edge attributions: 2.292227
2026-05-31 02:22:13 |  Expected (f(x) - f(x')) : 2.292227
2026-05-31 02:22:13 |  Difference: 4.440892098500626e-16 using 100 samples to calculate f(x) and f(x')
2026-05-31 02:22:13 |  Relative error: 0.0000
2026-05-31 02:22:13 |     → Instance 9/100
2026-05-31 02:22:13 |     → ShapleyFlow (MC Edge Permutation): 315 edges, 100 trials
2026-05-31 02:22:13 |     → ShapleyFlow (MC Permutation): 315 edges, 100 trials = 31,600 model calls
2026-05-31 02:22:13 |     → Trial 1/100 completed (316 evaluations)
2026-05-31 02:22:14 |     → Trial 10/100 completed (316 evaluations)
2026-05-31 02:22:16 |     → Trial 20/100 completed (316 evaluations)
2026-05-31 02:22:18 |     → Trial 30/100 completed (316 evaluations)
2026-05-31 02:22:19 |     → Trial 40/100 completed (316 evaluations)
2026-05-31 02:22:21 |     → Trial 50/100 completed (316 evaluations)
2026-05-31 02:22:22 |     → Trial 60/100 completed (316 evaluations)
2026-05-31 02:22:24 |     → Trial 70/100 completed (316 evaluations)
2026-05-31 02:22:25 |     → Trial 80/100 completed (316 evaluations)
2026-05-31 02:22:27 |     → Trial 90/100 completed (316 evaluations)
2026-05-31 02:22:29 |     → Trial 100/100 completed (316 evaluations)
2026-05-31 02:22:29 |  Total edge attributions: -1.795663
2026-05-31 02:22:29 |  Expected (f(x) - f(x')) : -1.795663
2026-05-31 02:22:29 |  Difference: 2.220446049250313e-16 using 100 samples to calculate f(x) and f(x')
2026-05-31 02:22:29 |  Relative error: 0.0000
2026-05-31 02:22:29 |     → Instance 10/100
2026-05-31 02:22:29 |     → ShapleyFlow (MC Edge Permutation): 315 edges, 100 trials
2026-05-31 02:22:29 |     → ShapleyFlow (MC Permutation): 315 edges, 100 trials = 31,600 model calls
2026-05-31 02:22:29 |     → Trial 1/100 completed (316 evaluations)
2026-05-31 02:22:30 |     → Trial 10/100 completed (316 evaluations)
2026-05-31 02:22:32 |     → Trial 20/100 completed (316 evaluations)
2026-05-31 02:22:33 |     → Trial 30/100 completed (316 evaluations)
2026-05-31 02:22:35 |     → Trial 40/100 completed (316 evaluations)
2026-05-31 02:22:36 |     → Trial 50/100 completed (316 evaluations)
2026-05-31 02:22:38 |     → Trial 60/100 completed (316 evaluations)
2026-05-31 02:22:40 |     → Trial 70/100 completed (316 evaluations)
2026-05-31 02:22:41 |     → Trial 80/100 completed (316 evaluations)
2026-05-31 02:22:43 |     → Trial 90/100 completed (316 evaluations)
2026-05-31 02:22:44 |     → Trial 100/100 completed (316 evaluations)
2026-05-31 02:22:44 |  Total edge attributions: 11.367548
2026-05-31 02:22:44 |  Expected (f(x) - f(x')) : 11.367548
2026-05-31 02:22:44 |  Difference: 0.0 using 100 samples to calculate f(x) and f(x')
2026-05-31 02:22:44 |  Relative error: 0.0000
2026-05-31 02:22:44 |     → Instance 11/100
2026-05-31 02:22:44 |     → ShapleyFlow (MC Edge Permutation): 315 edges, 100 trials
2026-05-31 02:22:44 |     → ShapleyFlow (MC Permutation): 315 edges, 100 trials = 31,600 model calls
2026-05-31 02:22:45 |     → Trial 1/100 completed (316 evaluations)
2026-05-31 02:22:46 |     → Trial 10/100 completed (316 evaluations)
2026-05-31 02:22:47 |     → Trial 20/100 completed (316 evaluations)
2026-05-31 02:22:49 |     → Trial 30/100 completed (316 evaluations)
2026-05-31 02:22:51 |     → Trial 40/100 completed (316 evaluations)
2026-05-31 02:22:52 |     → Trial 50/100 completed (316 evaluations)
2026-05-31 02:22:54 |     → Trial 60/100 completed (316 evaluations)
2026-05-31 02:22:55 |     → Trial 70/100 completed (316 evaluations)
2026-05-31 02:22:57 |     → Trial 80/100 completed (316 evaluations)
2026-05-31 02:22:58 |     → Trial 90/100 completed (316 evaluations)
2026-05-31 02:23:00 |     → Trial 100/100 completed (316 evaluations)
2026-05-31 02:23:00 |  Total edge attributions: 7.078836
2026-05-31 02:23:00 |  Expected (f(x) - f(x')) : 7.078836
2026-05-31 02:23:00 |  Difference: 1.7763568394002505e-15 using 100 samples to calculate f(x) and f(x')
2026-05-31 02:23:00 |  Relative error: 0.0000
2026-05-31 02:23:00 |     → Instance 12/100
2026-05-31 02:23:00 |     → ShapleyFlow (MC Edge Permutation): 315 edges, 100 trials
2026-05-31 02:23:00 |     → ShapleyFlow (MC Permutation): 315 edges, 100 trials = 31,600 model calls
2026-05-31 02:23:00 |     → Trial 1/100 completed (316 evaluations)
2026-05-31 02:23:02 |     → Trial 10/100 completed (316 evaluations)
2026-05-31 02:23:03 |     → Trial 20/100 completed (316 evaluations)
2026-05-31 02:23:05 |     → Trial 30/100 completed (316 evaluations)
2026-05-31 02:23:06 |     → Trial 40/100 completed (316 evaluations)
2026-05-31 02:23:08 |     → Trial 50/100 completed (316 evaluations)
2026-05-31 02:23:09 |     → Trial 60/100 completed (316 evaluations)
2026-05-31 02:23:11 |     → Trial 70/100 completed (316 evaluations)
2026-05-31 02:23:13 |     → Trial 80/100 completed (316 evaluations)
2026-05-31 02:23:14 |     → Trial 90/100 completed (316 evaluations)
2026-05-31 02:23:16 |     → Trial 100/100 completed (316 evaluations)
2026-05-31 02:23:16 |  Total edge attributions: 15.365485
2026-05-31 02:23:16 |  Expected (f(x) - f(x')) : 15.365485
2026-05-31 02:23:16 |  Difference: 7.105427357601002e-15 using 100 samples to calculate f(x) and f(x')
2026-05-31 02:23:16 |  Relative error: 0.0000
2026-05-31 02:23:16 |     → Instance 13/100
2026-05-31 02:23:16 |     → ShapleyFlow (MC Edge Permutation): 315 edges, 100 trials
2026-05-31 02:23:16 |     → ShapleyFlow (MC Permutation): 315 edges, 100 trials = 31,600 model calls
2026-05-31 02:23:16 |     → Trial 1/100 completed (316 evaluations)
2026-05-31 02:23:17 |     → Trial 10/100 completed (316 evaluations)
2026-05-31 02:23:19 |     → Trial 20/100 completed (316 evaluations)
2026-05-31 02:23:21 |     → Trial 30/100 completed (316 evaluations)
2026-05-31 02:23:22 |     → Trial 40/100 completed (316 evaluations)
2026-05-31 02:23:24 |     → Trial 50/100 completed (316 evaluations)
2026-05-31 02:23:25 |     → Trial 60/100 completed (316 evaluations)
2026-05-31 02:23:27 |     → Trial 70/100 completed (316 evaluations)
2026-05-31 02:23:28 |     → Trial 80/100 completed (316 evaluations)
2026-05-31 02:23:30 |     → Trial 90/100 completed (316 evaluations)
2026-05-31 02:23:31 |     → Trial 100/100 completed (316 evaluations)
2026-05-31 02:23:32 |  Total edge attributions: -3.339389
2026-05-31 02:23:32 |  Expected (f(x) - f(x')) : -3.339389
2026-05-31 02:23:32 |  Difference: 7.993605777301127e-15 using 100 samples to calculate f(x) and f(x')
2026-05-31 02:23:32 |  Relative error: 0.0000
2026-05-31 02:23:32 |     → Instance 14/100
2026-05-31 02:23:32 |     → ShapleyFlow (MC Edge Permutation): 315 edges, 100 trials
2026-05-31 02:23:32 |     → ShapleyFlow (MC Permutation): 315 edges, 100 trials = 31,600 model calls
2026-05-31 02:23:32 |     → Trial 1/100 completed (316 evaluations)
2026-05-31 02:23:33 |     → Trial 10/100 completed (316 evaluations)
2026-05-31 02:23:35 |     → Trial 20/100 completed (316 evaluations)
2026-05-31 02:23:36 |     → Trial 30/100 completed (316 evaluations)
2026-05-31 02:23:38 |     → Trial 40/100 completed (316 evaluations)
2026-05-31 02:23:39 |     → Trial 50/100 completed (316 evaluations)
2026-05-31 02:23:41 |     → Trial 60/100 completed (316 evaluations)
2026-05-31 02:23:42 |     → Trial 70/100 completed (316 evaluations)
2026-05-31 02:23:44 |     → Trial 80/100 completed (316 evaluations)
2026-05-31 02:23:46 |     → Trial 90/100 completed (316 evaluations)
2026-05-31 02:23:47 |     → Trial 100/100 completed (316 evaluations)
2026-05-31 02:23:47 |  Total edge attributions: -2.067771
2026-05-31 02:23:47 |  Expected (f(x) - f(x')) : -2.067771
2026-05-31 02:23:47 |  Difference: 3.1086244689504383e-15 using 100 samples to calculate f(x) and f(x')
2026-05-31 02:23:47 |  Relative error: 0.0000
2026-05-31 02:23:47 |     → Instance 15/100
2026-05-31 02:23:47 |     → ShapleyFlow (MC Edge Permutation): 315 edges, 100 trials
2026-05-31 02:23:47 |     → ShapleyFlow (MC Permutation): 315 edges, 100 trials = 31,600 model calls
2026-05-31 02:23:47 |     → Trial 1/100 completed (316 evaluations)
2026-05-31 02:23:49 |     → Trial 10/100 completed (316 evaluations)
2026-05-31 02:23:50 |     → Trial 20/100 completed (316 evaluations)
2026-05-31 02:23:52 |     → Trial 30/100 completed (316 evaluations)
2026-05-31 02:23:54 |     → Trial 40/100 completed (316 evaluations)
2026-05-31 02:23:55 |     → Trial 50/100 completed (316 evaluations)
2026-05-31 02:23:57 |     → Trial 60/100 completed (316 evaluations)
2026-05-31 02:23:58 |     → Trial 70/100 completed (316 evaluations)
2026-05-31 02:24:00 |     → Trial 80/100 completed (316 evaluations)
2026-05-31 02:24:01 |     → Trial 90/100 completed (316 evaluations)
2026-05-31 02:24:03 |     → Trial 100/100 completed (316 evaluations)
2026-05-31 02:24:03 |  Total edge attributions: -10.900134
2026-05-31 02:24:03 |  Expected (f(x) - f(x')) : -10.900134
2026-05-31 02:24:03 |  Difference: 1.0658141036401503e-14 using 100 samples to calculate f(x) and f(x')
2026-05-31 02:24:03 |  Relative error: 0.0000
2026-05-31 02:24:03 |     → Instance 16/100
2026-05-31 02:24:03 |     → ShapleyFlow (MC Edge Permutation): 315 edges, 100 trials
2026-05-31 02:24:03 |     → ShapleyFlow (MC Permutation): 315 edges, 100 trials = 31,600 model calls
2026-05-31 02:24:03 |     → Trial 1/100 completed (316 evaluations)
2026-05-31 02:24:05 |     → Trial 10/100 completed (316 evaluations)
2026-05-31 02:24:06 |     → Trial 20/100 completed (316 evaluations)
2026-05-31 02:24:08 |     → Trial 30/100 completed (316 evaluations)
2026-05-31 02:24:09 |     → Trial 40/100 completed (316 evaluations)
2026-05-31 02:24:11 |     → Trial 50/100 completed (316 evaluations)
2026-05-31 02:24:12 |     → Trial 60/100 completed (316 evaluations)
2026-05-31 02:24:14 |     → Trial 70/100 completed (316 evaluations)
2026-05-31 02:24:15 |     → Trial 80/100 completed (316 evaluations)
2026-05-31 02:24:17 |     → Trial 90/100 completed (316 evaluations)
2026-05-31 02:24:19 |     → Trial 100/100 completed (316 evaluations)
2026-05-31 02:24:19 |  Total edge attributions: -3.274916
2026-05-31 02:24:19 |  Expected (f(x) - f(x')) : -3.274916
2026-05-31 02:24:19 |  Difference: 1.3322676295501878e-15 using 100 samples to calculate f(x) and f(x')
2026-05-31 02:24:19 |  Relative error: 0.0000
2026-05-31 02:24:19 |     → Instance 17/100
2026-05-31 02:24:19 |     → ShapleyFlow (MC Edge Permutation): 315 edges, 100 trials
2026-05-31 02:24:19 |     → ShapleyFlow (MC Permutation): 315 edges, 100 trials = 31,600 model calls
2026-05-31 02:24:19 |     → Trial 1/100 completed (316 evaluations)
2026-05-31 02:24:20 |     → Trial 10/100 completed (316 evaluations)
2026-05-31 02:24:22 |     → Trial 20/100 completed (316 evaluations)
2026-05-31 02:24:23 |     → Trial 30/100 completed (316 evaluations)
2026-05-31 02:24:25 |     → Trial 40/100 completed (316 evaluations)
2026-05-31 02:24:26 |     → Trial 50/100 completed (316 evaluations)
2026-05-31 02:24:28 |     → Trial 60/100 completed (316 evaluations)
2026-05-31 02:24:30 |     → Trial 70/100 completed (316 evaluations)
2026-05-31 02:24:31 |     → Trial 80/100 completed (316 evaluations)
2026-05-31 02:24:33 |     → Trial 90/100 completed (316 evaluations)
2026-05-31 02:24:34 |     → Trial 100/100 completed (316 evaluations)
2026-05-31 02:24:34 |  Total edge attributions: 0.492340
2026-05-31 02:24:34 |  Expected (f(x) - f(x')) : 0.492340
2026-05-31 02:24:34 |  Difference: 3.497202527569243e-15 using 100 samples to calculate f(x) and f(x')
2026-05-31 02:24:34 |  Relative error: 0.0000
2026-05-31 02:24:34 |     → Instance 18/100
2026-05-31 02:24:34 |     → ShapleyFlow (MC Edge Permutation): 315 edges, 100 trials
2026-05-31 02:24:34 |     → ShapleyFlow (MC Permutation): 315 edges, 100 trials = 31,600 model calls
2026-05-31 02:24:35 |     → Trial 1/100 completed (316 evaluations)
2026-05-31 02:24:36 |     → Trial 10/100 completed (316 evaluations)
2026-05-31 02:24:37 |     → Trial 20/100 completed (316 evaluations)
2026-05-31 02:24:39 |     → Trial 30/100 completed (316 evaluations)
2026-05-31 02:24:41 |     → Trial 40/100 completed (316 evaluations)
2026-05-31 02:24:42 |     → Trial 50/100 completed (316 evaluations)
2026-05-31 02:24:44 |     → Trial 60/100 completed (316 evaluations)
2026-05-31 02:24:45 |     → Trial 70/100 completed (316 evaluations)
2026-05-31 02:24:47 |     → Trial 80/100 completed (316 evaluations)
2026-05-31 02:24:48 |     → Trial 90/100 completed (316 evaluations)
2026-05-31 02:24:50 |     → Trial 100/100 completed (316 evaluations)
2026-05-31 02:24:50 |  Total edge attributions: 11.818843
2026-05-31 02:24:50 |  Expected (f(x) - f(x')) : 11.818843
2026-05-31 02:24:50 |  Difference: 0.0 using 100 samples to calculate f(x) and f(x')
2026-05-31 02:24:50 |  Relative error: 0.0000
2026-05-31 02:24:50 |     → Instance 19/100
2026-05-31 02:24:50 |     → ShapleyFlow (MC Edge Permutation): 315 edges, 100 trials
2026-05-31 02:24:50 |     → ShapleyFlow (MC Permutation): 315 edges, 100 trials = 31,600 model calls
2026-05-31 02:24:50 |     → Trial 1/100 completed (316 evaluations)
2026-05-31 02:24:52 |     → Trial 10/100 completed (316 evaluations)
2026-05-31 02:24:53 |     → Trial 20/100 completed (316 evaluations)
2026-05-31 02:24:55 |     → Trial 30/100 completed (316 evaluations)
2026-05-31 02:24:56 |     → Trial 40/100 completed (316 evaluations)
2026-05-31 02:24:58 |     → Trial 50/100 completed (316 evaluations)
2026-05-31 02:24:59 |     → Trial 60/100 completed (316 evaluations)
2026-05-31 02:25:01 |     → Trial 70/100 completed (316 evaluations)
2026-05-31 02:25:03 |     → Trial 80/100 completed (316 evaluations)
2026-05-31 02:25:04 |     → Trial 90/100 completed (316 evaluations)
2026-05-31 02:25:06 |     → Trial 100/100 completed (316 evaluations)
2026-05-31 02:25:06 |  Total edge attributions: -9.392229
2026-05-31 02:25:06 |  Expected (f(x) - f(x')) : -9.392229
2026-05-31 02:25:06 |  Difference: 0.0 using 100 samples to calculate f(x) and f(x')
2026-05-31 02:25:06 |  Relative error: 0.0000
2026-05-31 02:25:06 |     → Instance 20/100
2026-05-31 02:25:06 |     → ShapleyFlow (MC Edge Permutation): 315 edges, 100 trials
2026-05-31 02:25:06 |     → ShapleyFlow (MC Permutation): 315 edges, 100 trials = 31,600 model calls
2026-05-31 02:25:06 |     → Trial 1/100 completed (316 evaluations)
2026-05-31 02:25:07 |     → Trial 10/100 completed (316 evaluations)
2026-05-31 02:25:09 |     → Trial 20/100 completed (316 evaluations)
2026-05-31 02:25:11 |     → Trial 30/100 completed (316 evaluations)
2026-05-31 02:25:12 |     → Trial 40/100 completed (316 evaluations)
2026-05-31 02:25:14 |     → Trial 50/100 completed (316 evaluations)
2026-05-31 02:25:15 |     → Trial 60/100 completed (316 evaluations)
2026-05-31 02:25:17 |     → Trial 70/100 completed (316 evaluations)
2026-05-31 02:25:18 |     → Trial 80/100 completed (316 evaluations)
2026-05-31 02:25:20 |     → Trial 90/100 completed (316 evaluations)
2026-05-31 02:25:21 |     → Trial 100/100 completed (316 evaluations)
2026-05-31 02:25:22 |  Total edge attributions: -14.963663
2026-05-31 02:25:22 |  Expected (f(x) - f(x')) : -14.963663
2026-05-31 02:25:22 |  Difference: 1.7763568394002505e-15 using 100 samples to calculate f(x) and f(x')
2026-05-31 02:25:22 |  Relative error: 0.0000
2026-05-31 02:25:22 |     → Instance 21/100
2026-05-31 02:25:22 |     → ShapleyFlow (MC Edge Permutation): 315 edges, 100 trials
2026-05-31 02:25:22 |     → ShapleyFlow (MC Permutation): 315 edges, 100 trials = 31,600 model calls
2026-05-31 02:25:22 |     → Trial 1/100 completed (316 evaluations)
2026-05-31 02:25:23 |     → Trial 10/100 completed (316 evaluations)
2026-05-31 02:25:25 |     → Trial 20/100 completed (316 evaluations)
2026-05-31 02:25:26 |     → Trial 30/100 completed (316 evaluations)
2026-05-31 02:25:28 |     → Trial 40/100 completed (316 evaluations)
2026-05-31 02:25:29 |     → Trial 50/100 completed (316 evaluations)
2026-05-31 02:25:31 |     → Trial 60/100 completed (316 evaluations)
2026-05-31 02:25:32 |     → Trial 70/100 completed (316 evaluations)
2026-05-31 02:25:34 |     → Trial 80/100 completed (316 evaluations)
2026-05-31 02:25:36 |     → Trial 90/100 completed (316 evaluations)
2026-05-31 02:25:37 |     → Trial 100/100 completed (316 evaluations)
2026-05-31 02:25:37 |  Total edge attributions: 16.674453
2026-05-31 02:25:37 |  Expected (f(x) - f(x')) : 16.674453
2026-05-31 02:25:37 |  Difference: 3.552713678800501e-15 using 100 samples to calculate f(x) and f(x')
2026-05-31 02:25:37 |  Relative error: 0.0000
2026-05-31 02:25:37 |     → Instance 22/100
2026-05-31 02:25:37 |     → ShapleyFlow (MC Edge Permutation): 315 edges, 100 trials
2026-05-31 02:25:37 |     → ShapleyFlow (MC Permutation): 315 edges, 100 trials = 31,600 model calls
2026-05-31 02:25:37 |     → Trial 1/100 completed (316 evaluations)
2026-05-31 02:25:39 |     → Trial 10/100 completed (316 evaluations)
2026-05-31 02:25:40 |     → Trial 20/100 completed (316 evaluations)
2026-05-31 02:25:42 |     → Trial 30/100 completed (316 evaluations)
2026-05-31 02:25:44 |     → Trial 40/100 completed (316 evaluations)
2026-05-31 02:25:45 |     → Trial 50/100 completed (316 evaluations)
2026-05-31 02:25:47 |     → Trial 60/100 completed (316 evaluations)
2026-05-31 02:25:48 |     → Trial 70/100 completed (316 evaluations)
2026-05-31 02:25:50 |     → Trial 80/100 completed (316 evaluations)
2026-05-31 02:25:51 |     → Trial 90/100 completed (316 evaluations)
2026-05-31 02:25:53 |     → Trial 100/100 completed (316 evaluations)
2026-05-31 02:25:53 |  Total edge attributions: 5.124140
2026-05-31 02:25:53 |  Expected (f(x) - f(x')) : 5.124140
2026-05-31 02:25:53 |  Difference: 8.881784197001252e-16 using 100 samples to calculate f(x) and f(x')
2026-05-31 02:25:53 |  Relative error: 0.0000
2026-05-31 02:25:53 |     → Instance 23/100
2026-05-31 02:25:53 |     → ShapleyFlow (MC Edge Permutation): 315 edges, 100 trials
2026-05-31 02:25:53 |     → ShapleyFlow (MC Permutation): 315 edges, 100 trials = 31,600 model calls
2026-05-31 02:25:53 |     → Trial 1/100 completed (316 evaluations)
2026-05-31 02:25:55 |     → Trial 10/100 completed (316 evaluations)
2026-05-31 02:25:56 |     → Trial 20/100 completed (316 evaluations)
2026-05-31 02:25:58 |     → Trial 30/100 completed (316 evaluations)
2026-05-31 02:25:59 |     → Trial 40/100 completed (316 evaluations)
2026-05-31 02:26:01 |     → Trial 50/100 completed (316 evaluations)
2026-05-31 02:26:02 |     → Trial 60/100 completed (316 evaluations)
2026-05-31 02:26:04 |     → Trial 70/100 completed (316 evaluations)
2026-05-31 02:26:05 |     → Trial 80/100 completed (316 evaluations)
2026-05-31 02:26:07 |     → Trial 90/100 completed (316 evaluations)
2026-05-31 02:26:09 |     → Trial 100/100 completed (316 evaluations)
2026-05-31 02:26:09 |  Total edge attributions: -13.109609
2026-05-31 02:26:09 |  Expected (f(x) - f(x')) : -13.109609
2026-05-31 02:26:09 |  Difference: 8.881784197001252e-15 using 100 samples to calculate f(x) and f(x')
2026-05-31 02:26:09 |  Relative error: 0.0000
2026-05-31 02:26:09 |     → Instance 24/100
2026-05-31 02:26:09 |     → ShapleyFlow (MC Edge Permutation): 315 edges, 100 trials
2026-05-31 02:26:09 |     → ShapleyFlow (MC Permutation): 315 edges, 100 trials = 31,600 model calls
2026-05-31 02:26:09 |     → Trial 1/100 completed (316 evaluations)
2026-05-31 02:26:10 |     → Trial 10/100 completed (316 evaluations)
2026-05-31 02:26:12 |     → Trial 20/100 completed (316 evaluations)
2026-05-31 02:26:13 |     → Trial 30/100 completed (316 evaluations)
2026-05-31 02:26:15 |     → Trial 40/100 completed (316 evaluations)
2026-05-31 02:26:17 |     → Trial 50/100 completed (316 evaluations)
2026-05-31 02:26:18 |     → Trial 60/100 completed (316 evaluations)
2026-05-31 02:26:20 |     → Trial 70/100 completed (316 evaluations)
2026-05-31 02:26:21 |     → Trial 80/100 completed (316 evaluations)
2026-05-31 02:26:23 |     → Trial 90/100 completed (316 evaluations)
2026-05-31 02:26:24 |     → Trial 100/100 completed (316 evaluations)
2026-05-31 02:26:24 |  Total edge attributions: -0.178647
2026-05-31 02:26:24 |  Expected (f(x) - f(x')) : -0.178647
2026-05-31 02:26:24 |  Difference: 2.498001805406602e-16 using 100 samples to calculate f(x) and f(x')
2026-05-31 02:26:24 |  Relative error: 0.0000
2026-05-31 02:26:24 |     → Instance 25/100
2026-05-31 02:26:24 |     → ShapleyFlow (MC Edge Permutation): 315 edges, 100 trials
2026-05-31 02:26:24 |     → ShapleyFlow (MC Permutation): 315 edges, 100 trials = 31,600 model calls
2026-05-31 02:26:25 |     → Trial 1/100 completed (316 evaluations)
2026-05-31 02:26:26 |     → Trial 10/100 completed (316 evaluations)
2026-05-31 02:26:28 |     → Trial 20/100 completed (316 evaluations)
2026-05-31 02:26:29 |     → Trial 30/100 completed (316 evaluations)
2026-05-31 02:26:31 |     → Trial 40/100 completed (316 evaluations)
2026-05-31 02:26:32 |     → Trial 50/100 completed (316 evaluations)
2026-05-31 02:26:34 |     → Trial 60/100 completed (316 evaluations)
2026-05-31 02:26:35 |     → Trial 70/100 completed (316 evaluations)
2026-05-31 02:26:37 |     → Trial 80/100 completed (316 evaluations)
2026-05-31 02:26:38 |     → Trial 90/100 completed (316 evaluations)
2026-05-31 02:26:40 |     → Trial 100/100 completed (316 evaluations)
2026-05-31 02:26:40 |  Total edge attributions: 10.019057
2026-05-31 02:26:40 |  Expected (f(x) - f(x')) : 10.019057
2026-05-31 02:26:40 |  Difference: 3.552713678800501e-15 using 100 samples to calculate f(x) and f(x')
2026-05-31 02:26:40 |  Relative error: 0.0000
2026-05-31 02:26:40 |     → Instance 26/100
2026-05-31 02:26:40 |     → ShapleyFlow (MC Edge Permutation): 315 edges, 100 trials
2026-05-31 02:26:40 |     → ShapleyFlow (MC Permutation): 315 edges, 100 trials = 31,600 model calls
2026-05-31 02:26:40 |     → Trial 1/100 completed (316 evaluations)
2026-05-31 02:26:42 |     → Trial 10/100 completed (316 evaluations)
2026-05-31 02:26:43 |     → Trial 20/100 completed (316 evaluations)
2026-05-31 02:26:45 |     → Trial 30/100 completed (316 evaluations)
2026-05-31 02:26:46 |     → Trial 40/100 completed (316 evaluations)
2026-05-31 02:26:48 |     → Trial 50/100 completed (316 evaluations)
2026-05-31 02:26:50 |     → Trial 60/100 completed (316 evaluations)
2026-05-31 02:26:51 |     → Trial 70/100 completed (316 evaluations)
2026-05-31 02:26:53 |     → Trial 80/100 completed (316 evaluations)
2026-05-31 02:26:54 |     → Trial 90/100 completed (316 evaluations)
2026-05-31 02:26:56 |     → Trial 100/100 completed (316 evaluations)
2026-05-31 02:26:56 |  Total edge attributions: 1.805458
2026-05-31 02:26:56 |  Expected (f(x) - f(x')) : 1.805458
2026-05-31 02:26:56 |  Difference: 0.0 using 100 samples to calculate f(x) and f(x')
2026-05-31 02:26:56 |  Relative error: 0.0000
2026-05-31 02:26:56 |     → Instance 27/100
2026-05-31 02:26:56 |     → ShapleyFlow (MC Edge Permutation): 315 edges, 100 trials
2026-05-31 02:26:56 |     → ShapleyFlow (MC Permutation): 315 edges, 100 trials = 31,600 model calls
2026-05-31 02:26:56 |     → Trial 1/100 completed (316 evaluations)
2026-05-31 02:26:57 |     → Trial 10/100 completed (316 evaluations)
2026-05-31 02:26:59 |     → Trial 20/100 completed (316 evaluations)
2026-05-31 02:27:01 |     → Trial 30/100 completed (316 evaluations)
2026-05-31 02:27:02 |     → Trial 40/100 completed (316 evaluations)
2026-05-31 02:27:04 |     → Trial 50/100 completed (316 evaluations)
2026-05-31 02:27:05 |     → Trial 60/100 completed (316 evaluations)
2026-05-31 02:27:07 |     → Trial 70/100 completed (316 evaluations)
2026-05-31 02:27:08 |     → Trial 80/100 completed (316 evaluations)
2026-05-31 02:27:10 |     → Trial 90/100 completed (316 evaluations)
2026-05-31 02:27:11 |     → Trial 100/100 completed (316 evaluations)
2026-05-31 02:27:12 |  Total edge attributions: 4.636546
2026-05-31 02:27:12 |  Expected (f(x) - f(x')) : 4.636546
2026-05-31 02:27:12 |  Difference: 8.881784197001252e-16 using 100 samples to calculate f(x) and f(x')
2026-05-31 02:27:12 |  Relative error: 0.0000
2026-05-31 02:27:12 |     → Instance 28/100
2026-05-31 02:27:12 |     → ShapleyFlow (MC Edge Permutation): 315 edges, 100 trials
2026-05-31 02:27:12 |     → ShapleyFlow (MC Permutation): 315 edges, 100 trials = 31,600 model calls
2026-05-31 02:27:12 |     → Trial 1/100 completed (316 evaluations)
2026-05-31 02:27:13 |     → Trial 10/100 completed (316 evaluations)
2026-05-31 02:27:15 |     → Trial 20/100 completed (316 evaluations)
2026-05-31 02:27:16 |     → Trial 30/100 completed (316 evaluations)
2026-05-31 02:27:18 |     → Trial 40/100 completed (316 evaluations)
2026-05-31 02:27:19 |     → Trial 50/100 completed (316 evaluations)
2026-05-31 02:27:21 |     → Trial 60/100 completed (316 evaluations)
2026-05-31 02:27:22 |     → Trial 70/100 completed (316 evaluations)
2026-05-31 02:27:24 |     → Trial 80/100 completed (316 evaluations)
2026-05-31 02:27:26 |     → Trial 90/100 completed (316 evaluations)
2026-05-31 02:27:27 |     → Trial 100/100 completed (316 evaluations)
2026-05-31 02:27:27 |  Total edge attributions: -10.248210
2026-05-31 02:27:27 |  Expected (f(x) - f(x')) : -10.248210
2026-05-31 02:27:27 |  Difference: 8.881784197001252e-15 using 100 samples to calculate f(x) and f(x')
2026-05-31 02:27:27 |  Relative error: 0.0000
2026-05-31 02:27:27 |     → Instance 29/100
2026-05-31 02:27:27 |     → ShapleyFlow (MC Edge Permutation): 315 edges, 100 trials
2026-05-31 02:27:27 |     → ShapleyFlow (MC Permutation): 315 edges, 100 trials = 31,600 model calls
2026-05-31 02:27:27 |     → Trial 1/100 completed (316 evaluations)
2026-05-31 02:27:29 |     → Trial 10/100 completed (316 evaluations)
2026-05-31 02:27:30 |     → Trial 20/100 completed (316 evaluations)
2026-05-31 02:27:32 |     → Trial 30/100 completed (316 evaluations)
2026-05-31 02:27:33 |     → Trial 40/100 completed (316 evaluations)
2026-05-31 02:27:35 |     → Trial 50/100 completed (316 evaluations)
2026-05-31 02:27:37 |     → Trial 60/100 completed (316 evaluations)
2026-05-31 02:27:38 |     → Trial 70/100 completed (316 evaluations)
2026-05-31 02:27:40 |     → Trial 80/100 completed (316 evaluations)
2026-05-31 02:27:41 |     → Trial 90/100 completed (316 evaluations)
2026-05-31 02:27:43 |     → Trial 100/100 completed (316 evaluations)
2026-05-31 02:27:43 |  Total edge attributions: -7.602061
2026-05-31 02:27:43 |  Expected (f(x) - f(x')) : -7.602061
2026-05-31 02:27:43 |  Difference: 1.7763568394002505e-15 using 100 samples to calculate f(x) and f(x')
2026-05-31 02:27:43 |  Relative error: 0.0000
2026-05-31 02:27:43 |     → Instance 30/100
2026-05-31 02:27:43 |     → ShapleyFlow (MC Edge Permutation): 315 edges, 100 trials
2026-05-31 02:27:43 |     → ShapleyFlow (MC Permutation): 315 edges, 100 trials = 31,600 model calls
2026-05-31 02:27:43 |     → Trial 1/100 completed (316 evaluations)
2026-05-31 02:27:45 |     → Trial 10/100 completed (316 evaluations)
2026-05-31 02:27:46 |     → Trial 20/100 completed (316 evaluations)
2026-05-31 02:27:48 |     → Trial 30/100 completed (316 evaluations)
2026-05-31 02:27:49 |     → Trial 40/100 completed (316 evaluations)
2026-05-31 02:27:51 |     → Trial 50/100 completed (316 evaluations)
2026-05-31 02:27:52 |     → Trial 60/100 completed (316 evaluations)
2026-05-31 02:27:54 |     → Trial 70/100 completed (316 evaluations)
2026-05-31 02:27:55 |     → Trial 80/100 completed (316 evaluations)
2026-05-31 02:27:57 |     → Trial 90/100 completed (316 evaluations)
2026-05-31 02:27:59 |     → Trial 100/100 completed (316 evaluations)
2026-05-31 02:27:59 |  Total edge attributions: -9.312233
2026-05-31 02:27:59 |  Expected (f(x) - f(x')) : -9.312233
2026-05-31 02:27:59 |  Difference: 3.552713678800501e-15 using 100 samples to calculate f(x) and f(x')
2026-05-31 02:27:59 |  Relative error: 0.0000
2026-05-31 02:27:59 |     → Instance 31/100
2026-05-31 02:27:59 |     → ShapleyFlow (MC Edge Permutation): 315 edges, 100 trials
2026-05-31 02:27:59 |     → ShapleyFlow (MC Permutation): 315 edges, 100 trials = 31,600 model calls
2026-05-31 02:27:59 |     → Trial 1/100 completed (316 evaluations)
2026-05-31 02:28:00 |     → Trial 10/100 completed (316 evaluations)
2026-05-31 02:28:02 |     → Trial 20/100 completed (316 evaluations)
2026-05-31 02:28:03 |     → Trial 30/100 completed (316 evaluations)
2026-05-31 02:28:05 |     → Trial 40/100 completed (316 evaluations)
2026-05-31 02:28:06 |     → Trial 50/100 completed (316 evaluations)
2026-05-31 02:28:08 |     → Trial 60/100 completed (316 evaluations)
2026-05-31 02:28:10 |     → Trial 70/100 completed (316 evaluations)
2026-05-31 02:28:11 |     → Trial 80/100 completed (316 evaluations)
2026-05-31 02:28:13 |     → Trial 90/100 completed (316 evaluations)
2026-05-31 02:28:14 |     → Trial 100/100 completed (316 evaluations)
2026-05-31 02:28:14 |  Total edge attributions: -10.441514
2026-05-31 02:28:14 |  Expected (f(x) - f(x')) : -10.441514
2026-05-31 02:28:14 |  Difference: 0.0 using 100 samples to calculate f(x) and f(x')
2026-05-31 02:28:14 |  Relative error: 0.0000
2026-05-31 02:28:14 |     → Instance 32/100
2026-05-31 02:28:14 |     → ShapleyFlow (MC Edge Permutation): 315 edges, 100 trials
2026-05-31 02:28:14 |     → ShapleyFlow (MC Permutation): 315 edges, 100 trials = 31,600 model calls
2026-05-31 02:28:15 |     → Trial 1/100 completed (316 evaluations)
2026-05-31 02:28:16 |     → Trial 10/100 completed (316 evaluations)
2026-05-31 02:28:17 |     → Trial 20/100 completed (316 evaluations)
2026-05-31 02:28:19 |     → Trial 30/100 completed (316 evaluations)
2026-05-31 02:28:21 |     → Trial 40/100 completed (316 evaluations)
2026-05-31 02:28:22 |     → Trial 50/100 completed (316 evaluations)
2026-05-31 02:28:24 |     → Trial 60/100 completed (316 evaluations)
2026-05-31 02:28:25 |     → Trial 70/100 completed (316 evaluations)
2026-05-31 02:28:27 |     → Trial 80/100 completed (316 evaluations)
2026-05-31 02:28:28 |     → Trial 90/100 completed (316 evaluations)
2026-05-31 02:28:30 |     → Trial 100/100 completed (316 evaluations)
2026-05-31 02:28:30 |  Total edge attributions: -10.514515
2026-05-31 02:28:30 |  Expected (f(x) - f(x')) : -10.514515
2026-05-31 02:28:30 |  Difference: 1.7763568394002505e-15 using 100 samples to calculate f(x) and f(x')
2026-05-31 02:28:30 |  Relative error: 0.0000
2026-05-31 02:28:30 |     → Instance 33/100
2026-05-31 02:28:30 |     → ShapleyFlow (MC Edge Permutation): 315 edges, 100 trials
2026-05-31 02:28:30 |     → ShapleyFlow (MC Permutation): 315 edges, 100 trials = 31,600 model calls
2026-05-31 02:28:30 |     → Trial 1/100 completed (316 evaluations)
2026-05-31 02:28:32 |     → Trial 10/100 completed (316 evaluations)
2026-05-31 02:28:33 |     → Trial 20/100 completed (316 evaluations)
2026-05-31 02:28:35 |     → Trial 30/100 completed (316 evaluations)
2026-05-31 02:28:36 |     → Trial 40/100 completed (316 evaluations)
2026-05-31 02:28:38 |     → Trial 50/100 completed (316 evaluations)
2026-05-31 02:28:39 |     → Trial 60/100 completed (316 evaluations)
2026-05-31 02:28:41 |     → Trial 70/100 completed (316 evaluations)
2026-05-31 02:28:42 |     → Trial 80/100 completed (316 evaluations)
2026-05-31 02:28:44 |     → Trial 90/100 completed (316 evaluations)
2026-05-31 02:28:46 |     → Trial 100/100 completed (316 evaluations)
2026-05-31 02:28:46 |  Total edge attributions: 19.968927
2026-05-31 02:28:46 |  Expected (f(x) - f(x')) : 19.968927
2026-05-31 02:28:46 |  Difference: 3.552713678800501e-15 using 100 samples to calculate f(x) and f(x')
2026-05-31 02:28:46 |  Relative error: 0.0000
2026-05-31 02:28:46 |     → Instance 34/100
2026-05-31 02:28:46 |     → ShapleyFlow (MC Edge Permutation): 315 edges, 100 trials
2026-05-31 02:28:46 |     → ShapleyFlow (MC Permutation): 315 edges, 100 trials = 31,600 model calls
2026-05-31 02:28:46 |     → Trial 1/100 completed (316 evaluations)
2026-05-31 02:28:47 |     → Trial 10/100 completed (316 evaluations)
2026-05-31 02:28:49 |     → Trial 20/100 completed (316 evaluations)
2026-05-31 02:28:50 |     → Trial 30/100 completed (316 evaluations)
2026-05-31 02:28:52 |     → Trial 40/100 completed (316 evaluations)
2026-05-31 02:28:53 |     → Trial 50/100 completed (316 evaluations)
2026-05-31 02:28:55 |     → Trial 60/100 completed (316 evaluations)
2026-05-31 02:28:57 |     → Trial 70/100 completed (316 evaluations)
2026-05-31 02:28:58 |     → Trial 80/100 completed (316 evaluations)
2026-05-31 02:29:00 |     → Trial 90/100 completed (316 evaluations)
2026-05-31 02:29:01 |     → Trial 100/100 completed (316 evaluations)
2026-05-31 02:29:01 |  Total edge attributions: -10.677732
2026-05-31 02:29:01 |  Expected (f(x) - f(x')) : -10.677732
2026-05-31 02:29:01 |  Difference: 1.0658141036401503e-14 using 100 samples to calculate f(x) and f(x')
2026-05-31 02:29:01 |  Relative error: 0.0000
2026-05-31 02:29:01 |     → Instance 35/100
2026-05-31 02:29:01 |     → ShapleyFlow (MC Edge Permutation): 315 edges, 100 trials
2026-05-31 02:29:01 |     → ShapleyFlow (MC Permutation): 315 edges, 100 trials = 31,600 model calls
2026-05-31 02:29:01 |     → Trial 1/100 completed (316 evaluations)
2026-05-31 02:29:03 |     → Trial 10/100 completed (316 evaluations)
2026-05-31 02:29:04 |     → Trial 20/100 completed (316 evaluations)
2026-05-31 02:29:06 |     → Trial 30/100 completed (316 evaluations)
2026-05-31 02:29:08 |     → Trial 40/100 completed (316 evaluations)
2026-05-31 02:29:09 |     → Trial 50/100 completed (316 evaluations)
2026-05-31 02:29:11 |     → Trial 60/100 completed (316 evaluations)
2026-05-31 02:29:12 |     → Trial 70/100 completed (316 evaluations)
2026-05-31 02:29:14 |     → Trial 80/100 completed (316 evaluations)
2026-05-31 02:29:15 |     → Trial 90/100 completed (316 evaluations)
2026-05-31 02:29:17 |     → Trial 100/100 completed (316 evaluations)
2026-05-31 02:29:17 |  Total edge attributions: 6.661066
2026-05-31 02:29:17 |  Expected (f(x) - f(x')) : 6.661066
2026-05-31 02:29:17 |  Difference: 2.6645352591003757e-15 using 100 samples to calculate f(x) and f(x')
2026-05-31 02:29:17 |  Relative error: 0.0000
2026-05-31 02:29:17 |     → Instance 36/100
2026-05-31 02:29:17 |     → ShapleyFlow (MC Edge Permutation): 315 edges, 100 trials
2026-05-31 02:29:17 |     → ShapleyFlow (MC Permutation): 315 edges, 100 trials = 31,600 model calls
2026-05-31 02:29:17 |     → Trial 1/100 completed (316 evaluations)
2026-05-31 02:29:19 |     → Trial 10/100 completed (316 evaluations)
2026-05-31 02:29:20 |     → Trial 20/100 completed (316 evaluations)
2026-05-31 02:29:22 |     → Trial 30/100 completed (316 evaluations)
2026-05-31 02:29:23 |     → Trial 40/100 completed (316 evaluations)
2026-05-31 02:29:25 |     → Trial 50/100 completed (316 evaluations)
2026-05-31 02:29:26 |     → Trial 60/100 completed (316 evaluations)
2026-05-31 02:29:28 |     → Trial 70/100 completed (316 evaluations)
2026-05-31 02:29:29 |     → Trial 80/100 completed (316 evaluations)
2026-05-31 02:29:31 |     → Trial 90/100 completed (316 evaluations)
2026-05-31 02:29:33 |     → Trial 100/100 completed (316 evaluations)
2026-05-31 02:29:33 |  Total edge attributions: 10.262301
2026-05-31 02:29:33 |  Expected (f(x) - f(x')) : 10.262301
2026-05-31 02:29:33 |  Difference: 8.881784197001252e-15 using 100 samples to calculate f(x) and f(x')
2026-05-31 02:29:33 |  Relative error: 0.0000
2026-05-31 02:29:33 |     → Instance 37/100
2026-05-31 02:29:33 |     → ShapleyFlow (MC Edge Permutation): 315 edges, 100 trials
2026-05-31 02:29:33 |     → ShapleyFlow (MC Permutation): 315 edges, 100 trials = 31,600 model calls
2026-05-31 02:29:33 |     → Trial 1/100 completed (316 evaluations)
2026-05-31 02:29:34 |     → Trial 10/100 completed (316 evaluations)
2026-05-31 02:29:36 |     → Trial 20/100 completed (316 evaluations)
2026-05-31 02:29:37 |     → Trial 30/100 completed (316 evaluations)
2026-05-31 02:29:39 |     → Trial 40/100 completed (316 evaluations)
2026-05-31 02:29:40 |     → Trial 50/100 completed (316 evaluations)
2026-05-31 02:29:42 |     → Trial 60/100 completed (316 evaluations)
2026-05-31 02:29:44 |     → Trial 70/100 completed (316 evaluations)
2026-05-31 02:29:45 |     → Trial 80/100 completed (316 evaluations)
2026-05-31 02:29:47 |     → Trial 90/100 completed (316 evaluations)
2026-05-31 02:29:48 |     → Trial 100/100 completed (316 evaluations)
2026-05-31 02:29:48 |  Total edge attributions: -2.374815
2026-05-31 02:29:48 |  Expected (f(x) - f(x')) : -2.374815
2026-05-31 02:29:48 |  Difference: 2.220446049250313e-15 using 100 samples to calculate f(x) and f(x')
2026-05-31 02:29:48 |  Relative error: 0.0000
2026-05-31 02:29:48 |     → Instance 38/100
2026-05-31 02:29:48 |     → ShapleyFlow (MC Edge Permutation): 315 edges, 100 trials
2026-05-31 02:29:48 |     → ShapleyFlow (MC Permutation): 315 edges, 100 trials = 31,600 model calls
2026-05-31 02:29:49 |     → Trial 1/100 completed (316 evaluations)
2026-05-31 02:29:50 |     → Trial 10/100 completed (316 evaluations)
2026-05-31 02:29:51 |     → Trial 20/100 completed (316 evaluations)
2026-05-31 02:29:53 |     → Trial 30/100 completed (316 evaluations)
2026-05-31 02:29:55 |     → Trial 40/100 completed (316 evaluations)
2026-05-31 02:29:56 |     → Trial 50/100 completed (316 evaluations)
2026-05-31 02:29:58 |     → Trial 60/100 completed (316 evaluations)
2026-05-31 02:29:59 |     → Trial 70/100 completed (316 evaluations)
2026-05-31 02:30:01 |     → Trial 80/100 completed (316 evaluations)
2026-05-31 02:30:02 |     → Trial 90/100 completed (316 evaluations)
2026-05-31 02:30:04 |     → Trial 100/100 completed (316 evaluations)
2026-05-31 02:30:04 |  Total edge attributions: -1.254258
2026-05-31 02:30:04 |  Expected (f(x) - f(x')) : -1.254258
2026-05-31 02:30:04 |  Difference: 3.1086244689504383e-15 using 100 samples to calculate f(x) and f(x')
2026-05-31 02:30:04 |  Relative error: 0.0000
2026-05-31 02:30:04 |     → Instance 39/100
2026-05-31 02:30:04 |     → ShapleyFlow (MC Edge Permutation): 315 edges, 100 trials
2026-05-31 02:30:04 |     → ShapleyFlow (MC Permutation): 315 edges, 100 trials = 31,600 model calls
2026-05-31 02:30:04 |     → Trial 1/100 completed (316 evaluations)
2026-05-31 02:30:06 |     → Trial 10/100 completed (316 evaluations)
2026-05-31 02:30:07 |     → Trial 20/100 completed (316 evaluations)
2026-05-31 02:30:09 |     → Trial 30/100 completed (316 evaluations)
2026-05-31 02:30:10 |     → Trial 40/100 completed (316 evaluations)
2026-05-31 02:30:12 |     → Trial 50/100 completed (316 evaluations)
2026-05-31 02:30:13 |     → Trial 60/100 completed (316 evaluations)
2026-05-31 02:30:15 |     → Trial 70/100 completed (316 evaluations)
2026-05-31 02:30:17 |     → Trial 80/100 completed (316 evaluations)
2026-05-31 02:30:18 |     → Trial 90/100 completed (316 evaluations)
2026-05-31 02:30:20 |     → Trial 100/100 completed (316 evaluations)
2026-05-31 02:30:20 |  Total edge attributions: 3.026211
2026-05-31 02:30:20 |  Expected (f(x) - f(x')) : 3.026211
2026-05-31 02:30:20 |  Difference: 8.881784197001252e-16 using 100 samples to calculate f(x) and f(x')
2026-05-31 02:30:20 |  Relative error: 0.0000
2026-05-31 02:30:20 |     → Instance 40/100
2026-05-31 02:30:20 |     → ShapleyFlow (MC Edge Permutation): 315 edges, 100 trials
2026-05-31 02:30:20 |     → ShapleyFlow (MC Permutation): 315 edges, 100 trials = 31,600 model calls
2026-05-31 02:30:20 |     → Trial 1/100 completed (316 evaluations)
2026-05-31 02:30:21 |     → Trial 10/100 completed (316 evaluations)
2026-05-31 02:30:23 |     → Trial 20/100 completed (316 evaluations)
2026-05-31 02:30:25 |     → Trial 30/100 completed (316 evaluations)
2026-05-31 02:30:26 |     → Trial 40/100 completed (316 evaluations)
2026-05-31 02:30:28 |     → Trial 50/100 completed (316 evaluations)
2026-05-31 02:30:29 |     → Trial 60/100 completed (316 evaluations)
2026-05-31 02:30:31 |     → Trial 70/100 completed (316 evaluations)
2026-05-31 02:30:32 |     → Trial 80/100 completed (316 evaluations)
2026-05-31 02:30:34 |     → Trial 90/100 completed (316 evaluations)
2026-05-31 02:30:35 |     → Trial 100/100 completed (316 evaluations)
2026-05-31 02:30:36 |  Total edge attributions: 25.644655
2026-05-31 02:30:36 |  Expected (f(x) - f(x')) : 25.644655
2026-05-31 02:30:36 |  Difference: 1.0658141036401503e-14 using 100 samples to calculate f(x) and f(x')
2026-05-31 02:30:36 |  Relative error: 0.0000
2026-05-31 02:30:36 |     → Instance 41/100
2026-05-31 02:30:36 |     → ShapleyFlow (MC Edge Permutation): 315 edges, 100 trials
2026-05-31 02:30:36 |     → ShapleyFlow (MC Permutation): 315 edges, 100 trials = 31,600 model calls
2026-05-31 02:30:36 |     → Trial 1/100 completed (316 evaluations)
2026-05-31 02:30:37 |     → Trial 10/100 completed (316 evaluations)
2026-05-31 02:30:39 |     → Trial 20/100 completed (316 evaluations)
2026-05-31 02:30:40 |     → Trial 30/100 completed (316 evaluations)
2026-05-31 02:30:42 |     → Trial 40/100 completed (316 evaluations)
2026-05-31 02:30:43 |     → Trial 50/100 completed (316 evaluations)
2026-05-31 02:30:45 |     → Trial 60/100 completed (316 evaluations)
2026-05-31 02:30:46 |     → Trial 70/100 completed (316 evaluations)
2026-05-31 02:30:48 |     → Trial 80/100 completed (316 evaluations)
2026-05-31 02:30:50 |     → Trial 90/100 completed (316 evaluations)
2026-05-31 02:30:51 |     → Trial 100/100 completed (316 evaluations)
2026-05-31 02:30:51 |  Total edge attributions: 4.465809
2026-05-31 02:30:51 |  Expected (f(x) - f(x')) : 4.465809
2026-05-31 02:30:51 |  Difference: 8.881784197001252e-16 using 100 samples to calculate f(x) and f(x')
2026-05-31 02:30:51 |  Relative error: 0.0000
2026-05-31 02:30:51 |     → Instance 42/100
2026-05-31 02:30:51 |     → ShapleyFlow (MC Edge Permutation): 315 edges, 100 trials
2026-05-31 02:30:51 |     → ShapleyFlow (MC Permutation): 315 edges, 100 trials = 31,600 model calls
2026-05-31 02:30:51 |     → Trial 1/100 completed (316 evaluations)
2026-05-31 02:30:53 |     → Trial 10/100 completed (316 evaluations)
2026-05-31 02:30:54 |     → Trial 20/100 completed (316 evaluations)
2026-05-31 02:30:56 |     → Trial 30/100 completed (316 evaluations)
2026-05-31 02:30:58 |     → Trial 40/100 completed (316 evaluations)
2026-05-31 02:30:59 |     → Trial 50/100 completed (316 evaluations)
2026-05-31 02:31:01 |     → Trial 60/100 completed (316 evaluations)
2026-05-31 02:31:02 |     → Trial 70/100 completed (316 evaluations)
2026-05-31 02:31:04 |     → Trial 80/100 completed (316 evaluations)
2026-05-31 02:31:05 |     → Trial 90/100 completed (316 evaluations)
2026-05-31 02:31:07 |     → Trial 100/100 completed (316 evaluations)
2026-05-31 02:31:07 |  Total edge attributions: 14.111580
2026-05-31 02:31:07 |  Expected (f(x) - f(x')) : 14.111580
2026-05-31 02:31:07 |  Difference: 0.0 using 100 samples to calculate f(x) and f(x')
2026-05-31 02:31:07 |  Relative error: 0.0000
2026-05-31 02:31:07 |     → Instance 43/100
2026-05-31 02:31:07 |     → ShapleyFlow (MC Edge Permutation): 315 edges, 100 trials
2026-05-31 02:31:07 |     → ShapleyFlow (MC Permutation): 315 edges, 100 trials = 31,600 model calls
2026-05-31 02:31:07 |     → Trial 1/100 completed (316 evaluations)
2026-05-31 02:31:09 |     → Trial 10/100 completed (316 evaluations)
2026-05-31 02:31:10 |     → Trial 20/100 completed (316 evaluations)
2026-05-31 02:31:12 |     → Trial 30/100 completed (316 evaluations)
2026-05-31 02:31:13 |     → Trial 40/100 completed (316 evaluations)
2026-05-31 02:31:15 |     → Trial 50/100 completed (316 evaluations)
2026-05-31 02:31:16 |     → Trial 60/100 completed (316 evaluations)
2026-05-31 02:31:18 |     → Trial 70/100 completed (316 evaluations)
2026-05-31 02:31:20 |     → Trial 80/100 completed (316 evaluations)
2026-05-31 02:31:21 |     → Trial 90/100 completed (316 evaluations)
2026-05-31 02:31:23 |     → Trial 100/100 completed (316 evaluations)
2026-05-31 02:31:23 |  Total edge attributions: 8.017128
2026-05-31 02:31:23 |  Expected (f(x) - f(x')) : 8.017128
2026-05-31 02:31:23 |  Difference: 3.552713678800501e-15 using 100 samples to calculate f(x) and f(x')
2026-05-31 02:31:23 |  Relative error: 0.0000
2026-05-31 02:31:23 |     → Instance 44/100
2026-05-31 02:31:23 |     → ShapleyFlow (MC Edge Permutation): 315 edges, 100 trials
2026-05-31 02:31:23 |     → ShapleyFlow (MC Permutation): 315 edges, 100 trials = 31,600 model calls
2026-05-31 02:31:23 |     → Trial 1/100 completed (316 evaluations)
2026-05-31 02:31:24 |     → Trial 10/100 completed (316 evaluations)
2026-05-31 02:31:26 |     → Trial 20/100 completed (316 evaluations)
2026-05-31 02:31:27 |     → Trial 30/100 completed (316 evaluations)
2026-05-31 02:31:29 |     → Trial 40/100 completed (316 evaluations)
2026-05-31 02:31:31 |     → Trial 50/100 completed (316 evaluations)
2026-05-31 02:31:32 |     → Trial 60/100 completed (316 evaluations)
2026-05-31 02:31:34 |     → Trial 70/100 completed (316 evaluations)
2026-05-31 02:31:35 |     → Trial 80/100 completed (316 evaluations)
2026-05-31 02:31:37 |     → Trial 90/100 completed (316 evaluations)
2026-05-31 02:31:38 |     → Trial 100/100 completed (316 evaluations)
2026-05-31 02:31:38 |  Total edge attributions: 13.582063
2026-05-31 02:31:38 |  Expected (f(x) - f(x')) : 13.582063
2026-05-31 02:31:38 |  Difference: 0.0 using 100 samples to calculate f(x) and f(x')
2026-05-31 02:31:38 |  Relative error: 0.0000
2026-05-31 02:31:38 |     → Instance 45/100
2026-05-31 02:31:38 |     → ShapleyFlow (MC Edge Permutation): 315 edges, 100 trials
2026-05-31 02:31:38 |     → ShapleyFlow (MC Permutation): 315 edges, 100 trials = 31,600 model calls
2026-05-31 02:31:39 |     → Trial 1/100 completed (316 evaluations)
2026-05-31 02:31:40 |     → Trial 10/100 completed (316 evaluations)
2026-05-31 02:31:42 |     → Trial 20/100 completed (316 evaluations)
2026-05-31 02:31:43 |     → Trial 30/100 completed (316 evaluations)
2026-05-31 02:31:45 |     → Trial 40/100 completed (316 evaluations)
2026-05-31 02:31:46 |     → Trial 50/100 completed (316 evaluations)
2026-05-31 02:31:48 |     → Trial 60/100 completed (316 evaluations)
2026-05-31 02:31:49 |     → Trial 70/100 completed (316 evaluations)
2026-05-31 02:31:51 |     → Trial 80/100 completed (316 evaluations)
2026-05-31 02:31:53 |     → Trial 90/100 completed (316 evaluations)
2026-05-31 02:31:54 |     → Trial 100/100 completed (316 evaluations)
2026-05-31 02:31:54 |  Total edge attributions: 9.145117
2026-05-31 02:31:54 |  Expected (f(x) - f(x')) : 9.145117
2026-05-31 02:31:54 |  Difference: 1.7763568394002505e-15 using 100 samples to calculate f(x) and f(x')
2026-05-31 02:31:54 |  Relative error: 0.0000
2026-05-31 02:31:54 |     → Instance 46/100
2026-05-31 02:31:54 |     → ShapleyFlow (MC Edge Permutation): 315 edges, 100 trials
2026-05-31 02:31:54 |     → ShapleyFlow (MC Permutation): 315 edges, 100 trials = 31,600 model calls
2026-05-31 02:31:54 |     → Trial 1/100 completed (316 evaluations)
2026-05-31 02:31:56 |     → Trial 10/100 completed (316 evaluations)
2026-05-31 02:31:57 |     → Trial 20/100 completed (316 evaluations)
2026-05-31 02:31:59 |     → Trial 30/100 completed (316 evaluations)
2026-05-31 02:32:00 |     → Trial 40/100 completed (316 evaluations)
2026-05-31 02:32:02 |     → Trial 50/100 completed (316 evaluations)
2026-05-31 02:32:04 |     → Trial 60/100 completed (316 evaluations)
2026-05-31 02:32:05 |     → Trial 70/100 completed (316 evaluations)
2026-05-31 02:32:07 |     → Trial 80/100 completed (316 evaluations)
2026-05-31 02:32:08 |     → Trial 90/100 completed (316 evaluations)
2026-05-31 02:32:10 |     → Trial 100/100 completed (316 evaluations)
2026-05-31 02:32:10 |  Total edge attributions: 13.965981
2026-05-31 02:32:10 |  Expected (f(x) - f(x')) : 13.965981
2026-05-31 02:32:10 |  Difference: 0.0 using 100 samples to calculate f(x) and f(x')
2026-05-31 02:32:10 |  Relative error: 0.0000
2026-05-31 02:32:10 |     → Instance 47/100
2026-05-31 02:32:10 |     → ShapleyFlow (MC Edge Permutation): 315 edges, 100 trials
2026-05-31 02:32:10 |     → ShapleyFlow (MC Permutation): 315 edges, 100 trials = 31,600 model calls
2026-05-31 02:32:10 |     → Trial 1/100 completed (316 evaluations)
2026-05-31 02:32:11 |     → Trial 10/100 completed (316 evaluations)
2026-05-31 02:32:13 |     → Trial 20/100 completed (316 evaluations)
2026-05-31 02:32:15 |     → Trial 30/100 completed (316 evaluations)
2026-05-31 02:32:16 |     → Trial 40/100 completed (316 evaluations)
2026-05-31 02:32:18 |     → Trial 50/100 completed (316 evaluations)
2026-05-31 02:32:19 |     → Trial 60/100 completed (316 evaluations)
2026-05-31 02:32:21 |     → Trial 70/100 completed (316 evaluations)
2026-05-31 02:32:22 |     → Trial 80/100 completed (316 evaluations)
2026-05-31 02:32:24 |     → Trial 90/100 completed (316 evaluations)
2026-05-31 02:32:26 |     → Trial 100/100 completed (316 evaluations)
2026-05-31 02:32:26 |  Total edge attributions: -2.979106
2026-05-31 02:32:26 |  Expected (f(x) - f(x')) : -2.979106
2026-05-31 02:32:26 |  Difference: 1.7763568394002505e-15 using 100 samples to calculate f(x) and f(x')
2026-05-31 02:32:26 |  Relative error: 0.0000
2026-05-31 02:32:26 |     → Instance 48/100
2026-05-31 02:32:26 |     → ShapleyFlow (MC Edge Permutation): 315 edges, 100 trials
2026-05-31 02:32:26 |     → ShapleyFlow (MC Permutation): 315 edges, 100 trials = 31,600 model calls
2026-05-31 02:32:26 |     → Trial 1/100 completed (316 evaluations)
2026-05-31 02:32:27 |     → Trial 10/100 completed (316 evaluations)
2026-05-31 02:32:29 |     → Trial 20/100 completed (316 evaluations)
2026-05-31 02:32:30 |     → Trial 30/100 completed (316 evaluations)
2026-05-31 02:32:32 |     → Trial 40/100 completed (316 evaluations)
2026-05-31 02:32:33 |     → Trial 50/100 completed (316 evaluations)
2026-05-31 02:32:35 |     → Trial 60/100 completed (316 evaluations)
2026-05-31 02:32:37 |     → Trial 70/100 completed (316 evaluations)
2026-05-31 02:32:38 |     → Trial 80/100 completed (316 evaluations)
2026-05-31 02:32:40 |     → Trial 90/100 completed (316 evaluations)
2026-05-31 02:32:41 |     → Trial 100/100 completed (316 evaluations)
2026-05-31 02:32:41 |  Total edge attributions: 1.415006
2026-05-31 02:32:41 |  Expected (f(x) - f(x')) : 1.415006
2026-05-31 02:32:41 |  Difference: 0.0 using 100 samples to calculate f(x) and f(x')
2026-05-31 02:32:41 |  Relative error: 0.0000
2026-05-31 02:32:41 |     → Instance 49/100
2026-05-31 02:32:41 |     → ShapleyFlow (MC Edge Permutation): 315 edges, 100 trials
2026-05-31 02:32:41 |     → ShapleyFlow (MC Permutation): 315 edges, 100 trials = 31,600 model calls
2026-05-31 02:32:42 |     → Trial 1/100 completed (316 evaluations)
2026-05-31 02:32:43 |     → Trial 10/100 completed (316 evaluations)
2026-05-31 02:32:44 |     → Trial 20/100 completed (316 evaluations)
2026-05-31 02:32:46 |     → Trial 30/100 completed (316 evaluations)
2026-05-31 02:32:48 |     → Trial 40/100 completed (316 evaluations)
2026-05-31 02:32:49 |     → Trial 50/100 completed (316 evaluations)
2026-05-31 02:32:51 |     → Trial 60/100 completed (316 evaluations)
2026-05-31 02:32:52 |     → Trial 70/100 completed (316 evaluations)
2026-05-31 02:32:54 |     → Trial 80/100 completed (316 evaluations)
2026-05-31 02:32:55 |     → Trial 90/100 completed (316 evaluations)
2026-05-31 02:32:57 |     → Trial 100/100 completed (316 evaluations)
2026-05-31 02:32:57 |  Total edge attributions: 10.395994
2026-05-31 02:32:57 |  Expected (f(x) - f(x')) : 10.395994
2026-05-31 02:32:57 |  Difference: 1.7763568394002505e-15 using 100 samples to calculate f(x) and f(x')
2026-05-31 02:32:57 |  Relative error: 0.0000
2026-05-31 02:32:57 |     → Instance 50/100
2026-05-31 02:32:57 |     → ShapleyFlow (MC Edge Permutation): 315 edges, 100 trials
2026-05-31 02:32:57 |     → ShapleyFlow (MC Permutation): 315 edges, 100 trials = 31,600 model calls
2026-05-31 02:32:57 |     → Trial 1/100 completed (316 evaluations)
2026-05-31 02:32:59 |     → Trial 10/100 completed (316 evaluations)
2026-05-31 02:33:00 |     → Trial 20/100 completed (316 evaluations)
2026-05-31 02:33:02 |     → Trial 30/100 completed (316 evaluations)
2026-05-31 02:33:03 |     → Trial 40/100 completed (316 evaluations)
2026-05-31 02:33:05 |     → Trial 50/100 completed (316 evaluations)
2026-05-31 02:33:06 |     → Trial 60/100 completed (316 evaluations)
2026-05-31 02:33:08 |     → Trial 70/100 completed (316 evaluations)
2026-05-31 02:33:10 |     → Trial 80/100 completed (316 evaluations)
2026-05-31 02:33:11 |     → Trial 90/100 completed (316 evaluations)
2026-05-31 02:33:13 |     → Trial 100/100 completed (316 evaluations)
2026-05-31 02:33:13 |  Total edge attributions: 7.840008
2026-05-31 02:33:13 |  Expected (f(x) - f(x')) : 7.840008
2026-05-31 02:33:13 |  Difference: 4.440892098500626e-15 using 100 samples to calculate f(x) and f(x')
2026-05-31 02:33:13 |  Relative error: 0.0000
2026-05-31 02:33:13 |     → Instance 51/100
2026-05-31 02:33:13 |     → ShapleyFlow (MC Edge Permutation): 315 edges, 100 trials
2026-05-31 02:33:13 |     → ShapleyFlow (MC Permutation): 315 edges, 100 trials = 31,600 model calls
2026-05-31 02:33:13 |     → Trial 1/100 completed (316 evaluations)
2026-05-31 02:33:14 |     → Trial 10/100 completed (316 evaluations)
2026-05-31 02:33:16 |     → Trial 20/100 completed (316 evaluations)
2026-05-31 02:33:17 |     → Trial 30/100 completed (316 evaluations)
2026-05-31 02:33:19 |     → Trial 40/100 completed (316 evaluations)
2026-05-31 02:33:21 |     → Trial 50/100 completed (316 evaluations)
2026-05-31 02:33:22 |     → Trial 60/100 completed (316 evaluations)
2026-05-31 02:33:24 |     → Trial 70/100 completed (316 evaluations)
2026-05-31 02:33:25 |     → Trial 80/100 completed (316 evaluations)
2026-05-31 02:33:27 |     → Trial 90/100 completed (316 evaluations)
2026-05-31 02:33:28 |     → Trial 100/100 completed (316 evaluations)
2026-05-31 02:33:28 |  Total edge attributions: 6.487944
2026-05-31 02:33:28 |  Expected (f(x) - f(x')) : 6.487944
2026-05-31 02:33:28 |  Difference: 2.6645352591003757e-15 using 100 samples to calculate f(x) and f(x')
2026-05-31 02:33:28 |  Relative error: 0.0000
2026-05-31 02:33:28 |     → Instance 52/100
2026-05-31 02:33:28 |     → ShapleyFlow (MC Edge Permutation): 315 edges, 100 trials
2026-05-31 02:33:28 |     → ShapleyFlow (MC Permutation): 315 edges, 100 trials = 31,600 model calls
2026-05-31 02:33:29 |     → Trial 1/100 completed (316 evaluations)
2026-05-31 02:33:30 |     → Trial 10/100 completed (316 evaluations)
2026-05-31 02:33:32 |     → Trial 20/100 completed (316 evaluations)
2026-05-31 02:33:33 |     → Trial 30/100 completed (316 evaluations)
2026-05-31 02:33:35 |     → Trial 40/100 completed (316 evaluations)
2026-05-31 02:33:36 |     → Trial 50/100 completed (316 evaluations)
2026-05-31 02:33:38 |     → Trial 60/100 completed (316 evaluations)
2026-05-31 02:33:39 |     → Trial 70/100 completed (316 evaluations)
2026-05-31 02:33:41 |     → Trial 80/100 completed (316 evaluations)
2026-05-31 02:33:43 |     → Trial 90/100 completed (316 evaluations)
2026-05-31 02:33:44 |     → Trial 100/100 completed (316 evaluations)
2026-05-31 02:33:44 |  Total edge attributions: -21.118928
2026-05-31 02:33:44 |  Expected (f(x) - f(x')) : -21.118928
2026-05-31 02:33:44 |  Difference: 7.105427357601002e-15 using 100 samples to calculate f(x) and f(x')
2026-05-31 02:33:44 |  Relative error: 0.0000
2026-05-31 02:33:44 |     → Instance 53/100
2026-05-31 02:33:44 |     → ShapleyFlow (MC Edge Permutation): 315 edges, 100 trials
2026-05-31 02:33:44 |     → ShapleyFlow (MC Permutation): 315 edges, 100 trials = 31,600 model calls
2026-05-31 02:33:44 |     → Trial 1/100 completed (316 evaluations)
2026-05-31 02:33:46 |     → Trial 10/100 completed (316 evaluations)
2026-05-31 02:33:47 |     → Trial 20/100 completed (316 evaluations)
2026-05-31 02:33:49 |     → Trial 30/100 completed (316 evaluations)
2026-05-31 02:33:50 |     → Trial 40/100 completed (316 evaluations)
2026-05-31 02:33:52 |     → Trial 50/100 completed (316 evaluations)
2026-05-31 02:33:54 |     → Trial 60/100 completed (316 evaluations)
2026-05-31 02:33:55 |     → Trial 70/100 completed (316 evaluations)
2026-05-31 02:33:57 |     → Trial 80/100 completed (316 evaluations)
2026-05-31 02:33:58 |     → Trial 90/100 completed (316 evaluations)
2026-05-31 02:34:00 |     → Trial 100/100 completed (316 evaluations)
2026-05-31 02:34:00 |  Total edge attributions: -13.553713
2026-05-31 02:34:00 |  Expected (f(x) - f(x')) : -13.553713
2026-05-31 02:34:00 |  Difference: 3.552713678800501e-15 using 100 samples to calculate f(x) and f(x')
2026-05-31 02:34:00 |  Relative error: 0.0000
2026-05-31 02:34:00 |     → Instance 54/100
2026-05-31 02:34:00 |     → ShapleyFlow (MC Edge Permutation): 315 edges, 100 trials
2026-05-31 02:34:00 |     → ShapleyFlow (MC Permutation): 315 edges, 100 trials = 31,600 model calls
2026-05-31 02:34:00 |     → Trial 1/100 completed (316 evaluations)
2026-05-31 02:34:01 |     → Trial 10/100 completed (316 evaluations)
2026-05-31 02:34:03 |     → Trial 20/100 completed (316 evaluations)
2026-05-31 02:34:05 |     → Trial 30/100 completed (316 evaluations)
2026-05-31 02:34:06 |     → Trial 40/100 completed (316 evaluations)
2026-05-31 02:34:08 |     → Trial 50/100 completed (316 evaluations)
2026-05-31 02:34:09 |     → Trial 60/100 completed (316 evaluations)
2026-05-31 02:34:11 |     → Trial 70/100 completed (316 evaluations)
2026-05-31 02:34:12 |     → Trial 80/100 completed (316 evaluations)
2026-05-31 02:34:14 |     → Trial 90/100 completed (316 evaluations)
2026-05-31 02:34:16 |     → Trial 100/100 completed (316 evaluations)
2026-05-31 02:34:16 |  Total edge attributions: 8.428007
2026-05-31 02:34:16 |  Expected (f(x) - f(x')) : 8.428007
2026-05-31 02:34:16 |  Difference: 1.7763568394002505e-15 using 100 samples to calculate f(x) and f(x')
2026-05-31 02:34:16 |  Relative error: 0.0000
2026-05-31 02:34:16 |     → Instance 55/100
2026-05-31 02:34:16 |     → ShapleyFlow (MC Edge Permutation): 315 edges, 100 trials
2026-05-31 02:34:16 |     → ShapleyFlow (MC Permutation): 315 edges, 100 trials = 31,600 model calls
2026-05-31 02:34:16 |     → Trial 1/100 completed (316 evaluations)
2026-05-31 02:34:17 |     → Trial 10/100 completed (316 evaluations)
2026-05-31 02:34:19 |     → Trial 20/100 completed (316 evaluations)
2026-05-31 02:34:20 |     → Trial 30/100 completed (316 evaluations)
2026-05-31 02:34:22 |     → Trial 40/100 completed (316 evaluations)
2026-05-31 02:34:23 |     → Trial 50/100 completed (316 evaluations)
2026-05-31 02:34:25 |     → Trial 60/100 completed (316 evaluations)
2026-05-31 02:34:27 |     → Trial 70/100 completed (316 evaluations)
2026-05-31 02:34:28 |     → Trial 80/100 completed (316 evaluations)
2026-05-31 02:34:30 |     → Trial 90/100 completed (316 evaluations)
2026-05-31 02:34:31 |     → Trial 100/100 completed (316 evaluations)
2026-05-31 02:34:31 |  Total edge attributions: -6.241756
2026-05-31 02:34:31 |  Expected (f(x) - f(x')) : -6.241756
2026-05-31 02:34:31 |  Difference: 2.6645352591003757e-15 using 100 samples to calculate f(x) and f(x')
2026-05-31 02:34:31 |  Relative error: 0.0000
2026-05-31 02:34:31 |     → Instance 56/100
2026-05-31 02:34:31 |     → ShapleyFlow (MC Edge Permutation): 315 edges, 100 trials
2026-05-31 02:34:31 |     → ShapleyFlow (MC Permutation): 315 edges, 100 trials = 31,600 model calls
2026-05-31 02:34:31 |     → Trial 1/100 completed (316 evaluations)
2026-05-31 02:34:33 |     → Trial 10/100 completed (316 evaluations)
2026-05-31 02:34:34 |     → Trial 20/100 completed (316 evaluations)
2026-05-31 02:34:36 |     → Trial 30/100 completed (316 evaluations)
2026-05-31 02:34:38 |     → Trial 40/100 completed (316 evaluations)
2026-05-31 02:34:39 |     → Trial 50/100 completed (316 evaluations)
2026-05-31 02:34:41 |     → Trial 60/100 completed (316 evaluations)
2026-05-31 02:34:42 |     → Trial 70/100 completed (316 evaluations)
2026-05-31 02:34:44 |     → Trial 80/100 completed (316 evaluations)
2026-05-31 02:34:45 |     → Trial 90/100 completed (316 evaluations)
2026-05-31 02:34:47 |     → Trial 100/100 completed (316 evaluations)
2026-05-31 02:34:47 |  Total edge attributions: 3.009297
2026-05-31 02:34:47 |  Expected (f(x) - f(x')) : 3.009297
2026-05-31 02:34:47 |  Difference: 3.552713678800501e-15 using 100 samples to calculate f(x) and f(x')
2026-05-31 02:34:47 |  Relative error: 0.0000
2026-05-31 02:34:47 |     → Instance 57/100
2026-05-31 02:34:47 |     → ShapleyFlow (MC Edge Permutation): 315 edges, 100 trials
2026-05-31 02:34:47 |     → ShapleyFlow (MC Permutation): 315 edges, 100 trials = 31,600 model calls
2026-05-31 02:34:47 |     → Trial 1/100 completed (316 evaluations)
2026-05-31 02:34:49 |     → Trial 10/100 completed (316 evaluations)
2026-05-31 02:34:50 |     → Trial 20/100 completed (316 evaluations)
2026-05-31 02:34:52 |     → Trial 30/100 completed (316 evaluations)
2026-05-31 02:34:53 |     → Trial 40/100 completed (316 evaluations)
2026-05-31 02:34:55 |     → Trial 50/100 completed (316 evaluations)
2026-05-31 02:34:56 |     → Trial 60/100 completed (316 evaluations)
2026-05-31 02:34:58 |     → Trial 70/100 completed (316 evaluations)
2026-05-31 02:35:00 |     → Trial 80/100 completed (316 evaluations)
2026-05-31 02:35:01 |     → Trial 90/100 completed (316 evaluations)
2026-05-31 02:35:03 |     → Trial 100/100 completed (316 evaluations)
2026-05-31 02:35:03 |  Total edge attributions: 27.665342
2026-05-31 02:35:03 |  Expected (f(x) - f(x')) : 27.665342
2026-05-31 02:35:03 |  Difference: 3.552713678800501e-15 using 100 samples to calculate f(x) and f(x')
2026-05-31 02:35:03 |  Relative error: 0.0000
2026-05-31 02:35:03 |     → Instance 58/100
2026-05-31 02:35:03 |     → ShapleyFlow (MC Edge Permutation): 315 edges, 100 trials
2026-05-31 02:35:03 |     → ShapleyFlow (MC Permutation): 315 edges, 100 trials = 31,600 model calls
2026-05-31 02:35:03 |     → Trial 1/100 completed (316 evaluations)
2026-05-31 02:35:04 |     → Trial 10/100 completed (316 evaluations)
2026-05-31 02:35:06 |     → Trial 20/100 completed (316 evaluations)
2026-05-31 02:35:07 |     → Trial 30/100 completed (316 evaluations)
2026-05-31 02:35:09 |     → Trial 40/100 completed (316 evaluations)
2026-05-31 02:35:11 |     → Trial 50/100 completed (316 evaluations)
2026-05-31 02:35:12 |     → Trial 60/100 completed (316 evaluations)
2026-05-31 02:35:14 |     → Trial 70/100 completed (316 evaluations)
2026-05-31 02:35:15 |     → Trial 80/100 completed (316 evaluations)
2026-05-31 02:35:17 |     → Trial 90/100 completed (316 evaluations)
2026-05-31 02:35:18 |     → Trial 100/100 completed (316 evaluations)
2026-05-31 02:35:18 |  Total edge attributions: -16.485058
2026-05-31 02:35:18 |  Expected (f(x) - f(x')) : -16.485058
2026-05-31 02:35:18 |  Difference: 7.105427357601002e-15 using 100 samples to calculate f(x) and f(x')
2026-05-31 02:35:18 |  Relative error: 0.0000
2026-05-31 02:35:18 |     → Instance 59/100
2026-05-31 02:35:18 |     → ShapleyFlow (MC Edge Permutation): 315 edges, 100 trials
2026-05-31 02:35:18 |     → ShapleyFlow (MC Permutation): 315 edges, 100 trials = 31,600 model calls
2026-05-31 02:35:19 |     → Trial 1/100 completed (316 evaluations)
2026-05-31 02:35:20 |     → Trial 10/100 completed (316 evaluations)
2026-05-31 02:35:22 |     → Trial 20/100 completed (316 evaluations)
2026-05-31 02:35:23 |     → Trial 30/100 completed (316 evaluations)
2026-05-31 02:35:25 |     → Trial 40/100 completed (316 evaluations)
2026-05-31 02:35:26 |     → Trial 50/100 completed (316 evaluations)
2026-05-31 02:35:28 |     → Trial 60/100 completed (316 evaluations)
2026-05-31 02:35:29 |     → Trial 70/100 completed (316 evaluations)
2026-05-31 02:35:31 |     → Trial 80/100 completed (316 evaluations)
2026-05-31 02:35:33 |     → Trial 90/100 completed (316 evaluations)
2026-05-31 02:35:34 |     → Trial 100/100 completed (316 evaluations)
2026-05-31 02:35:34 |  Total edge attributions: -5.232354
2026-05-31 02:35:34 |  Expected (f(x) - f(x')) : -5.232354
2026-05-31 02:35:34 |  Difference: 4.440892098500626e-15 using 100 samples to calculate f(x) and f(x')
2026-05-31 02:35:34 |  Relative error: 0.0000
2026-05-31 02:35:34 |     → Instance 60/100
2026-05-31 02:35:34 |     → ShapleyFlow (MC Edge Permutation): 315 edges, 100 trials
2026-05-31 02:35:34 |     → ShapleyFlow (MC Permutation): 315 edges, 100 trials = 31,600 model calls
2026-05-31 02:35:34 |     → Trial 1/100 completed (316 evaluations)
2026-05-31 02:35:36 |     → Trial 10/100 completed (316 evaluations)
2026-05-31 02:35:37 |     → Trial 20/100 completed (316 evaluations)
2026-05-31 02:35:39 |     → Trial 30/100 completed (316 evaluations)
2026-05-31 02:35:40 |     → Trial 40/100 completed (316 evaluations)
2026-05-31 02:35:42 |     → Trial 50/100 completed (316 evaluations)
2026-05-31 02:35:44 |     → Trial 60/100 completed (316 evaluations)
2026-05-31 02:35:45 |     → Trial 70/100 completed (316 evaluations)
2026-05-31 02:35:47 |     → Trial 80/100 completed (316 evaluations)
2026-05-31 02:35:48 |     → Trial 90/100 completed (316 evaluations)
2026-05-31 02:35:50 |     → Trial 100/100 completed (316 evaluations)
2026-05-31 02:35:50 |  Total edge attributions: -10.015603
2026-05-31 02:35:50 |  Expected (f(x) - f(x')) : -10.015603
2026-05-31 02:35:50 |  Difference: 0.0 using 100 samples to calculate f(x) and f(x')
2026-05-31 02:35:50 |  Relative error: 0.0000
2026-05-31 02:35:50 |     → Instance 61/100
2026-05-31 02:35:50 |     → ShapleyFlow (MC Edge Permutation): 315 edges, 100 trials
2026-05-31 02:35:50 |     → ShapleyFlow (MC Permutation): 315 edges, 100 trials = 31,600 model calls
2026-05-31 02:35:50 |     → Trial 1/100 completed (316 evaluations)
2026-05-31 02:35:51 |     → Trial 10/100 completed (316 evaluations)
2026-05-31 02:35:53 |     → Trial 20/100 completed (316 evaluations)
2026-05-31 02:35:55 |     → Trial 30/100 completed (316 evaluations)
2026-05-31 02:35:56 |     → Trial 40/100 completed (316 evaluations)
2026-05-31 02:35:58 |     → Trial 50/100 completed (316 evaluations)
2026-05-31 02:35:59 |     → Trial 60/100 completed (316 evaluations)
2026-05-31 02:36:01 |     → Trial 70/100 completed (316 evaluations)
2026-05-31 02:36:02 |     → Trial 80/100 completed (316 evaluations)
2026-05-31 02:36:04 |     → Trial 90/100 completed (316 evaluations)
2026-05-31 02:36:06 |     → Trial 100/100 completed (316 evaluations)
2026-05-31 02:36:06 |  Total edge attributions: -3.288082
2026-05-31 02:36:06 |  Expected (f(x) - f(x')) : -3.288082
2026-05-31 02:36:06 |  Difference: 3.9968028886505635e-15 using 100 samples to calculate f(x) and f(x')
2026-05-31 02:36:06 |  Relative error: 0.0000
2026-05-31 02:36:06 |     → Instance 62/100
2026-05-31 02:36:06 |     → ShapleyFlow (MC Edge Permutation): 315 edges, 100 trials
2026-05-31 02:36:06 |     → ShapleyFlow (MC Permutation): 315 edges, 100 trials = 31,600 model calls
2026-05-31 02:36:06 |     → Trial 1/100 completed (316 evaluations)
2026-05-31 02:36:07 |     → Trial 10/100 completed (316 evaluations)
2026-05-31 02:36:09 |     → Trial 20/100 completed (316 evaluations)
2026-05-31 02:36:10 |     → Trial 30/100 completed (316 evaluations)
2026-05-31 02:36:12 |     → Trial 40/100 completed (316 evaluations)
2026-05-31 02:36:14 |     → Trial 50/100 completed (316 evaluations)
2026-05-31 02:36:15 |     → Trial 60/100 completed (316 evaluations)
2026-05-31 02:36:17 |     → Trial 70/100 completed (316 evaluations)
2026-05-31 02:36:18 |     → Trial 80/100 completed (316 evaluations)
2026-05-31 02:36:20 |     → Trial 90/100 completed (316 evaluations)
2026-05-31 02:36:21 |     → Trial 100/100 completed (316 evaluations)
2026-05-31 02:36:22 |  Total edge attributions: -21.073710
2026-05-31 02:36:22 |  Expected (f(x) - f(x')) : -21.073710
2026-05-31 02:36:22 |  Difference: 1.0658141036401503e-14 using 100 samples to calculate f(x) and f(x')
2026-05-31 02:36:22 |  Relative error: 0.0000
2026-05-31 02:36:22 |     → Instance 63/100
2026-05-31 02:36:22 |     → ShapleyFlow (MC Edge Permutation): 315 edges, 100 trials
2026-05-31 02:36:22 |     → ShapleyFlow (MC Permutation): 315 edges, 100 trials = 31,600 model calls
2026-05-31 02:36:22 |     → Trial 1/100 completed (316 evaluations)
2026-05-31 02:36:23 |     → Trial 10/100 completed (316 evaluations)
2026-05-31 02:36:25 |     → Trial 20/100 completed (316 evaluations)
2026-05-31 02:36:26 |     → Trial 30/100 completed (316 evaluations)
2026-05-31 02:36:28 |     → Trial 40/100 completed (316 evaluations)
2026-05-31 02:36:29 |     → Trial 50/100 completed (316 evaluations)
2026-05-31 02:36:31 |     → Trial 60/100 completed (316 evaluations)
2026-05-31 02:36:32 |     → Trial 70/100 completed (316 evaluations)
2026-05-31 02:36:34 |     → Trial 80/100 completed (316 evaluations)
2026-05-31 02:36:36 |     → Trial 90/100 completed (316 evaluations)
2026-05-31 02:36:37 |     → Trial 100/100 completed (316 evaluations)
2026-05-31 02:36:37 |  Total edge attributions: 11.690652
2026-05-31 02:36:37 |  Expected (f(x) - f(x')) : 11.690652
2026-05-31 02:36:37 |  Difference: 1.7763568394002505e-15 using 100 samples to calculate f(x) and f(x')
2026-05-31 02:36:37 |  Relative error: 0.0000
2026-05-31 02:36:37 |     → Instance 64/100
2026-05-31 02:36:37 |     → ShapleyFlow (MC Edge Permutation): 315 edges, 100 trials
2026-05-31 02:36:37 |     → ShapleyFlow (MC Permutation): 315 edges, 100 trials = 31,600 model calls
2026-05-31 02:36:37 |     → Trial 1/100 completed (316 evaluations)
2026-05-31 02:36:39 |     → Trial 10/100 completed (316 evaluations)
2026-05-31 02:36:40 |     → Trial 20/100 completed (316 evaluations)
2026-05-31 02:36:42 |     → Trial 30/100 completed (316 evaluations)
2026-05-31 02:36:44 |     → Trial 40/100 completed (316 evaluations)
2026-05-31 02:36:45 |     → Trial 50/100 completed (316 evaluations)
2026-05-31 02:36:47 |     → Trial 60/100 completed (316 evaluations)
2026-05-31 02:36:48 |     → Trial 70/100 completed (316 evaluations)
2026-05-31 02:36:50 |     → Trial 80/100 completed (316 evaluations)
2026-05-31 02:36:51 |     → Trial 90/100 completed (316 evaluations)
2026-05-31 02:36:53 |     → Trial 100/100 completed (316 evaluations)
2026-05-31 02:36:53 |  Total edge attributions: 1.856061
2026-05-31 02:36:53 |  Expected (f(x) - f(x')) : 1.856061
2026-05-31 02:36:53 |  Difference: 8.881784197001252e-16 using 100 samples to calculate f(x) and f(x')
2026-05-31 02:36:53 |  Relative error: 0.0000
2026-05-31 02:36:53 |     → Instance 65/100
2026-05-31 02:36:53 |     → ShapleyFlow (MC Edge Permutation): 315 edges, 100 trials
2026-05-31 02:36:53 |     → ShapleyFlow (MC Permutation): 315 edges, 100 trials = 31,600 model calls
2026-05-31 02:36:53 |     → Trial 1/100 completed (316 evaluations)
2026-05-31 02:36:55 |     → Trial 10/100 completed (316 evaluations)
2026-05-31 02:36:56 |     → Trial 20/100 completed (316 evaluations)
2026-05-31 02:36:58 |     → Trial 30/100 completed (316 evaluations)
2026-05-31 02:36:59 |     → Trial 40/100 completed (316 evaluations)
2026-05-31 02:37:01 |     → Trial 50/100 completed (316 evaluations)
2026-05-31 02:37:02 |     → Trial 60/100 completed (316 evaluations)
2026-05-31 02:37:04 |     → Trial 70/100 completed (316 evaluations)
2026-05-31 02:37:06 |     → Trial 80/100 completed (316 evaluations)
2026-05-31 02:37:07 |     → Trial 90/100 completed (316 evaluations)
2026-05-31 02:37:09 |     → Trial 100/100 completed (316 evaluations)
2026-05-31 02:37:09 |  Total edge attributions: 18.398663
2026-05-31 02:37:09 |  Expected (f(x) - f(x')) : 18.398663
2026-05-31 02:37:09 |  Difference: 7.105427357601002e-15 using 100 samples to calculate f(x) and f(x')
2026-05-31 02:37:09 |  Relative error: 0.0000
2026-05-31 02:37:09 |     → Instance 66/100
2026-05-31 02:37:09 |     → ShapleyFlow (MC Edge Permutation): 315 edges, 100 trials
2026-05-31 02:37:09 |     → ShapleyFlow (MC Permutation): 315 edges, 100 trials = 31,600 model calls
2026-05-31 02:37:09 |     → Trial 1/100 completed (316 evaluations)
2026-05-31 02:37:10 |     → Trial 10/100 completed (316 evaluations)
2026-05-31 02:37:12 |     → Trial 20/100 completed (316 evaluations)
2026-05-31 02:37:14 |     → Trial 30/100 completed (316 evaluations)
2026-05-31 02:37:15 |     → Trial 40/100 completed (316 evaluations)
2026-05-31 02:37:17 |     → Trial 50/100 completed (316 evaluations)
2026-05-31 02:37:18 |     → Trial 60/100 completed (316 evaluations)
2026-05-31 02:37:20 |     → Trial 70/100 completed (316 evaluations)
2026-05-31 02:37:21 |     → Trial 80/100 completed (316 evaluations)
2026-05-31 02:37:23 |     → Trial 90/100 completed (316 evaluations)
2026-05-31 02:37:24 |     → Trial 100/100 completed (316 evaluations)
2026-05-31 02:37:25 |  Total edge attributions: -6.341895
2026-05-31 02:37:25 |  Expected (f(x) - f(x')) : -6.341895
2026-05-31 02:37:25 |  Difference: 8.881784197001252e-16 using 100 samples to calculate f(x) and f(x')
2026-05-31 02:37:25 |  Relative error: 0.0000
2026-05-31 02:37:25 |     → Instance 67/100
2026-05-31 02:37:25 |     → ShapleyFlow (MC Edge Permutation): 315 edges, 100 trials
2026-05-31 02:37:25 |     → ShapleyFlow (MC Permutation): 315 edges, 100 trials = 31,600 model calls
2026-05-31 02:37:25 |     → Trial 1/100 completed (316 evaluations)
2026-05-31 02:37:26 |     → Trial 10/100 completed (316 evaluations)
2026-05-31 02:37:28 |     → Trial 20/100 completed (316 evaluations)
2026-05-31 02:37:29 |     → Trial 30/100 completed (316 evaluations)
2026-05-31 02:37:31 |     → Trial 40/100 completed (316 evaluations)
2026-05-31 02:37:32 |     → Trial 50/100 completed (316 evaluations)
2026-05-31 02:37:34 |     → Trial 60/100 completed (316 evaluations)
2026-05-31 02:37:35 |     → Trial 70/100 completed (316 evaluations)
2026-05-31 02:37:37 |     → Trial 80/100 completed (316 evaluations)
2026-05-31 02:37:39 |     → Trial 90/100 completed (316 evaluations)
2026-05-31 02:37:40 |     → Trial 100/100 completed (316 evaluations)
2026-05-31 02:37:40 |  Total edge attributions: -0.386909
2026-05-31 02:37:40 |  Expected (f(x) - f(x')) : -0.386909
2026-05-31 02:37:40 |  Difference: 7.771561172376096e-16 using 100 samples to calculate f(x) and f(x')
2026-05-31 02:37:40 |  Relative error: 0.0000
2026-05-31 02:37:40 |     → Instance 68/100
2026-05-31 02:37:40 |     → ShapleyFlow (MC Edge Permutation): 315 edges, 100 trials
2026-05-31 02:37:40 |     → ShapleyFlow (MC Permutation): 315 edges, 100 trials = 31,600 model calls
2026-05-31 02:37:40 |     → Trial 1/100 completed (316 evaluations)
2026-05-31 02:37:42 |     → Trial 10/100 completed (316 evaluations)
2026-05-31 02:37:43 |     → Trial 20/100 completed (316 evaluations)
2026-05-31 02:37:45 |     → Trial 30/100 completed (316 evaluations)
2026-05-31 02:37:47 |     → Trial 40/100 completed (316 evaluations)
2026-05-31 02:37:48 |     → Trial 50/100 completed (316 evaluations)
2026-05-31 02:37:50 |     → Trial 60/100 completed (316 evaluations)
2026-05-31 02:37:51 |     → Trial 70/100 completed (316 evaluations)
2026-05-31 02:37:53 |     → Trial 80/100 completed (316 evaluations)
2026-05-31 02:37:54 |     → Trial 90/100 completed (316 evaluations)
2026-05-31 02:37:56 |     → Trial 100/100 completed (316 evaluations)
2026-05-31 02:37:56 |  Total edge attributions: 16.329389
2026-05-31 02:37:56 |  Expected (f(x) - f(x')) : 16.329389
2026-05-31 02:37:56 |  Difference: 3.552713678800501e-15 using 100 samples to calculate f(x) and f(x')
2026-05-31 02:37:56 |  Relative error: 0.0000
2026-05-31 02:37:56 |     → Instance 69/100
2026-05-31 02:37:56 |     → ShapleyFlow (MC Edge Permutation): 315 edges, 100 trials
2026-05-31 02:37:56 |     → ShapleyFlow (MC Permutation): 315 edges, 100 trials = 31,600 model calls
2026-05-31 02:37:56 |     → Trial 1/100 completed (316 evaluations)
2026-05-31 02:37:58 |     → Trial 10/100 completed (316 evaluations)
2026-05-31 02:37:59 |     → Trial 20/100 completed (316 evaluations)
2026-05-31 02:38:01 |     → Trial 30/100 completed (316 evaluations)
2026-05-31 02:38:02 |     → Trial 40/100 completed (316 evaluations)
2026-05-31 02:38:04 |     → Trial 50/100 completed (316 evaluations)
2026-05-31 02:38:05 |     → Trial 60/100 completed (316 evaluations)
2026-05-31 02:38:07 |     → Trial 70/100 completed (316 evaluations)
2026-05-31 02:38:08 |     → Trial 80/100 completed (316 evaluations)
2026-05-31 02:38:10 |     → Trial 90/100 completed (316 evaluations)
2026-05-31 02:38:12 |     → Trial 100/100 completed (316 evaluations)
2026-05-31 02:38:12 |  Total edge attributions: -6.759813
2026-05-31 02:38:12 |  Expected (f(x) - f(x')) : -6.759813
2026-05-31 02:38:12 |  Difference: 6.217248937900877e-15 using 100 samples to calculate f(x) and f(x')
2026-05-31 02:38:12 |  Relative error: 0.0000
2026-05-31 02:38:12 |     → Instance 70/100
2026-05-31 02:38:12 |     → ShapleyFlow (MC Edge Permutation): 315 edges, 100 trials
2026-05-31 02:38:12 |     → ShapleyFlow (MC Permutation): 315 edges, 100 trials = 31,600 model calls
2026-05-31 02:38:12 |     → Trial 1/100 completed (316 evaluations)
2026-05-31 02:38:13 |     → Trial 10/100 completed (316 evaluations)
2026-05-31 02:38:15 |     → Trial 20/100 completed (316 evaluations)
2026-05-31 02:38:16 |     → Trial 30/100 completed (316 evaluations)
2026-05-31 02:38:18 |     → Trial 40/100 completed (316 evaluations)
2026-05-31 02:38:20 |     → Trial 50/100 completed (316 evaluations)
2026-05-31 02:38:21 |     → Trial 60/100 completed (316 evaluations)
2026-05-31 02:38:23 |     → Trial 70/100 completed (316 evaluations)
2026-05-31 02:38:24 |     → Trial 80/100 completed (316 evaluations)
2026-05-31 02:38:26 |     → Trial 90/100 completed (316 evaluations)
2026-05-31 02:38:27 |     → Trial 100/100 completed (316 evaluations)
2026-05-31 02:38:27 |  Total edge attributions: -23.279637
2026-05-31 02:38:27 |  Expected (f(x) - f(x')) : -23.279637
2026-05-31 02:38:27 |  Difference: 3.552713678800501e-15 using 100 samples to calculate f(x) and f(x')
2026-05-31 02:38:27 |  Relative error: 0.0000
2026-05-31 02:38:27 |     → Instance 71/100
2026-05-31 02:38:27 |     → ShapleyFlow (MC Edge Permutation): 315 edges, 100 trials
2026-05-31 02:38:27 |     → ShapleyFlow (MC Permutation): 315 edges, 100 trials = 31,600 model calls
2026-05-31 02:38:28 |     → Trial 1/100 completed (316 evaluations)
2026-05-31 02:38:29 |     → Trial 10/100 completed (316 evaluations)
2026-05-31 02:38:31 |     → Trial 20/100 completed (316 evaluations)
2026-05-31 02:38:32 |     → Trial 30/100 completed (316 evaluations)
2026-05-31 02:38:34 |     → Trial 40/100 completed (316 evaluations)
2026-05-31 02:38:35 |     → Trial 50/100 completed (316 evaluations)
2026-05-31 02:38:37 |     → Trial 60/100 completed (316 evaluations)
2026-05-31 02:38:38 |     → Trial 70/100 completed (316 evaluations)
2026-05-31 02:38:40 |     → Trial 80/100 completed (316 evaluations)
2026-05-31 02:38:42 |     → Trial 90/100 completed (316 evaluations)
2026-05-31 02:38:43 |     → Trial 100/100 completed (316 evaluations)
2026-05-31 02:38:43 |  Total edge attributions: 8.478834
2026-05-31 02:38:43 |  Expected (f(x) - f(x')) : 8.478834
2026-05-31 02:38:43 |  Difference: 1.0658141036401503e-14 using 100 samples to calculate f(x) and f(x')
2026-05-31 02:38:43 |  Relative error: 0.0000
2026-05-31 02:38:43 |     → Instance 72/100
2026-05-31 02:38:43 |     → ShapleyFlow (MC Edge Permutation): 315 edges, 100 trials
2026-05-31 02:38:43 |     → ShapleyFlow (MC Permutation): 315 edges, 100 trials = 31,600 model calls
2026-05-31 02:38:43 |     → Trial 1/100 completed (316 evaluations)
2026-05-31 02:38:45 |     → Trial 10/100 completed (316 evaluations)
2026-05-31 02:38:46 |     → Trial 20/100 completed (316 evaluations)
2026-05-31 02:38:48 |     → Trial 30/100 completed (316 evaluations)
2026-05-31 02:38:49 |     → Trial 40/100 completed (316 evaluations)
2026-05-31 02:38:51 |     → Trial 50/100 completed (316 evaluations)
2026-05-31 02:38:53 |     → Trial 60/100 completed (316 evaluations)
2026-05-31 02:38:54 |     → Trial 70/100 completed (316 evaluations)
2026-05-31 02:38:56 |     → Trial 80/100 completed (316 evaluations)
2026-05-31 02:38:57 |     → Trial 90/100 completed (316 evaluations)
2026-05-31 02:38:59 |     → Trial 100/100 completed (316 evaluations)
2026-05-31 02:38:59 |  Total edge attributions: -12.435042
2026-05-31 02:38:59 |  Expected (f(x) - f(x')) : -12.435042
2026-05-31 02:38:59 |  Difference: 5.329070518200751e-15 using 100 samples to calculate f(x) and f(x')
2026-05-31 02:38:59 |  Relative error: 0.0000
2026-05-31 02:38:59 |     → Instance 73/100
2026-05-31 02:38:59 |     → ShapleyFlow (MC Edge Permutation): 315 edges, 100 trials
2026-05-31 02:38:59 |     → ShapleyFlow (MC Permutation): 315 edges, 100 trials = 31,600 model calls
2026-05-31 02:38:59 |     → Trial 1/100 completed (316 evaluations)
2026-05-31 02:39:00 |     → Trial 10/100 completed (316 evaluations)
2026-05-31 02:39:02 |     → Trial 20/100 completed (316 evaluations)
2026-05-31 02:39:04 |     → Trial 30/100 completed (316 evaluations)
2026-05-31 02:39:05 |     → Trial 40/100 completed (316 evaluations)
2026-05-31 02:39:07 |     → Trial 50/100 completed (316 evaluations)
2026-05-31 02:39:08 |     → Trial 60/100 completed (316 evaluations)
2026-05-31 02:39:10 |     → Trial 70/100 completed (316 evaluations)
2026-05-31 02:39:11 |     → Trial 80/100 completed (316 evaluations)
2026-05-31 02:39:13 |     → Trial 90/100 completed (316 evaluations)
2026-05-31 02:39:15 |     → Trial 100/100 completed (316 evaluations)
2026-05-31 02:39:15 |  Total edge attributions: -11.406291
2026-05-31 02:39:15 |  Expected (f(x) - f(x')) : -11.406291
2026-05-31 02:39:15 |  Difference: 3.552713678800501e-15 using 100 samples to calculate f(x) and f(x')
2026-05-31 02:39:15 |  Relative error: 0.0000
2026-05-31 02:39:15 |     → Instance 74/100
2026-05-31 02:39:15 |     → ShapleyFlow (MC Edge Permutation): 315 edges, 100 trials
2026-05-31 02:39:15 |     → ShapleyFlow (MC Permutation): 315 edges, 100 trials = 31,600 model calls
2026-05-31 02:39:15 |     → Trial 1/100 completed (316 evaluations)
2026-05-31 02:39:16 |     → Trial 10/100 completed (316 evaluations)
2026-05-31 02:39:18 |     → Trial 20/100 completed (316 evaluations)
2026-05-31 02:39:19 |     → Trial 30/100 completed (316 evaluations)
2026-05-31 02:39:21 |     → Trial 40/100 completed (316 evaluations)
2026-05-31 02:39:22 |     → Trial 50/100 completed (316 evaluations)
2026-05-31 02:39:24 |     → Trial 60/100 completed (316 evaluations)
2026-05-31 02:39:26 |     → Trial 70/100 completed (316 evaluations)
2026-05-31 02:39:27 |     → Trial 80/100 completed (316 evaluations)
2026-05-31 02:39:29 |     → Trial 90/100 completed (316 evaluations)
2026-05-31 02:39:30 |     → Trial 100/100 completed (316 evaluations)
2026-05-31 02:39:30 |  Total edge attributions: 0.711661
2026-05-31 02:39:30 |  Expected (f(x) - f(x')) : 0.711661
2026-05-31 02:39:30 |  Difference: 1.2212453270876722e-15 using 100 samples to calculate f(x) and f(x')
2026-05-31 02:39:30 |  Relative error: 0.0000
2026-05-31 02:39:30 |     → Instance 75/100
2026-05-31 02:39:30 |     → ShapleyFlow (MC Edge Permutation): 315 edges, 100 trials
2026-05-31 02:39:30 |     → ShapleyFlow (MC Permutation): 315 edges, 100 trials = 31,600 model calls
2026-05-31 02:39:30 |     → Trial 1/100 completed (316 evaluations)
2026-05-31 02:39:32 |     → Trial 10/100 completed (316 evaluations)
2026-05-31 02:39:33 |     → Trial 20/100 completed (316 evaluations)
2026-05-31 02:39:35 |     → Trial 30/100 completed (316 evaluations)
2026-05-31 02:39:37 |     → Trial 40/100 completed (316 evaluations)
2026-05-31 02:39:38 |     → Trial 50/100 completed (316 evaluations)
2026-05-31 02:39:40 |     → Trial 60/100 completed (316 evaluations)
2026-05-31 02:39:41 |     → Trial 70/100 completed (316 evaluations)
2026-05-31 02:39:43 |     → Trial 80/100 completed (316 evaluations)
2026-05-31 02:39:44 |     → Trial 90/100 completed (316 evaluations)
2026-05-31 02:39:46 |     → Trial 100/100 completed (316 evaluations)
2026-05-31 02:39:46 |  Total edge attributions: 6.867691
2026-05-31 02:39:46 |  Expected (f(x) - f(x')) : 6.867691
2026-05-31 02:39:46 |  Difference: 8.881784197001252e-16 using 100 samples to calculate f(x) and f(x')
2026-05-31 02:39:46 |  Relative error: 0.0000
2026-05-31 02:39:46 |     → Instance 76/100
2026-05-31 02:39:46 |     → ShapleyFlow (MC Edge Permutation): 315 edges, 100 trials
2026-05-31 02:39:46 |     → ShapleyFlow (MC Permutation): 315 edges, 100 trials = 31,600 model calls
2026-05-31 02:39:46 |     → Trial 1/100 completed (316 evaluations)
2026-05-31 02:39:48 |     → Trial 10/100 completed (316 evaluations)
2026-05-31 02:39:49 |     → Trial 20/100 completed (316 evaluations)
2026-05-31 02:39:51 |     → Trial 30/100 completed (316 evaluations)
2026-05-31 02:39:52 |     → Trial 40/100 completed (316 evaluations)
2026-05-31 02:39:54 |     → Trial 50/100 completed (316 evaluations)
2026-05-31 02:39:55 |     → Trial 60/100 completed (316 evaluations)
2026-05-31 02:39:57 |     → Trial 70/100 completed (316 evaluations)
2026-05-31 02:39:59 |     → Trial 80/100 completed (316 evaluations)
2026-05-31 02:40:00 |     → Trial 90/100 completed (316 evaluations)
2026-05-31 02:40:02 |     → Trial 100/100 completed (316 evaluations)
2026-05-31 02:40:02 |  Total edge attributions: 4.332687
2026-05-31 02:40:02 |  Expected (f(x) - f(x')) : 4.332687
2026-05-31 02:40:02 |  Difference: 2.6645352591003757e-15 using 100 samples to calculate f(x) and f(x')
2026-05-31 02:40:02 |  Relative error: 0.0000
2026-05-31 02:40:02 |     → Instance 77/100
2026-05-31 02:40:02 |     → ShapleyFlow (MC Edge Permutation): 315 edges, 100 trials
2026-05-31 02:40:02 |     → ShapleyFlow (MC Permutation): 315 edges, 100 trials = 31,600 model calls
2026-05-31 02:40:02 |     → Trial 1/100 completed (316 evaluations)
2026-05-31 02:40:03 |     → Trial 10/100 completed (316 evaluations)
2026-05-31 02:40:05 |     → Trial 20/100 completed (316 evaluations)
2026-05-31 02:40:06 |     → Trial 30/100 completed (316 evaluations)
2026-05-31 02:40:08 |     → Trial 40/100 completed (316 evaluations)
2026-05-31 02:40:10 |     → Trial 50/100 completed (316 evaluations)
2026-05-31 02:40:11 |     → Trial 60/100 completed (316 evaluations)
2026-05-31 02:40:13 |     → Trial 70/100 completed (316 evaluations)
2026-05-31 02:40:14 |     → Trial 80/100 completed (316 evaluations)
2026-05-31 02:40:16 |     → Trial 90/100 completed (316 evaluations)
2026-05-31 02:40:17 |     → Trial 100/100 completed (316 evaluations)
2026-05-31 02:40:17 |  Total edge attributions: 6.293100
2026-05-31 02:40:17 |  Expected (f(x) - f(x')) : 6.293100
2026-05-31 02:40:17 |  Difference: 2.6645352591003757e-15 using 100 samples to calculate f(x) and f(x')
2026-05-31 02:40:17 |  Relative error: 0.0000
2026-05-31 02:40:17 |     → Instance 78/100
2026-05-31 02:40:17 |     → ShapleyFlow (MC Edge Permutation): 315 edges, 100 trials
2026-05-31 02:40:17 |     → ShapleyFlow (MC Permutation): 315 edges, 100 trials = 31,600 model calls
2026-05-31 02:40:18 |     → Trial 1/100 completed (316 evaluations)
2026-05-31 02:40:19 |     → Trial 10/100 completed (316 evaluations)
2026-05-31 02:40:21 |     → Trial 20/100 completed (316 evaluations)
2026-05-31 02:40:22 |     → Trial 30/100 completed (316 evaluations)
2026-05-31 02:40:24 |     → Trial 40/100 completed (316 evaluations)
2026-05-31 02:40:25 |     → Trial 50/100 completed (316 evaluations)
2026-05-31 02:40:27 |     → Trial 60/100 completed (316 evaluations)
2026-05-31 02:40:28 |     → Trial 70/100 completed (316 evaluations)
2026-05-31 02:40:30 |     → Trial 80/100 completed (316 evaluations)
2026-05-31 02:40:32 |     → Trial 90/100 completed (316 evaluations)
2026-05-31 02:40:33 |     → Trial 100/100 completed (316 evaluations)
2026-05-31 02:40:33 |  Total edge attributions: 8.666343
2026-05-31 02:40:33 |  Expected (f(x) - f(x')) : 8.666343
2026-05-31 02:40:33 |  Difference: 5.329070518200751e-15 using 100 samples to calculate f(x) and f(x')
2026-05-31 02:40:33 |  Relative error: 0.0000
2026-05-31 02:40:33 |     → Instance 79/100
2026-05-31 02:40:33 |     → ShapleyFlow (MC Edge Permutation): 315 edges, 100 trials
2026-05-31 02:40:33 |     → ShapleyFlow (MC Permutation): 315 edges, 100 trials = 31,600 model calls
2026-05-31 02:40:33 |     → Trial 1/100 completed (316 evaluations)
2026-05-31 02:40:35 |     → Trial 10/100 completed (316 evaluations)
2026-05-31 02:40:36 |     → Trial 20/100 completed (316 evaluations)
2026-05-31 02:40:38 |     → Trial 30/100 completed (316 evaluations)
2026-05-31 02:40:39 |     → Trial 40/100 completed (316 evaluations)
2026-05-31 02:40:41 |     → Trial 50/100 completed (316 evaluations)
2026-05-31 02:40:43 |     → Trial 60/100 completed (316 evaluations)
2026-05-31 02:40:44 |     → Trial 70/100 completed (316 evaluations)
2026-05-31 02:40:46 |     → Trial 80/100 completed (316 evaluations)
2026-05-31 02:40:47 |     → Trial 90/100 completed (316 evaluations)
2026-05-31 02:40:49 |     → Trial 100/100 completed (316 evaluations)
2026-05-31 02:40:49 |  Total edge attributions: 6.521534
2026-05-31 02:40:49 |  Expected (f(x) - f(x')) : 6.521534
2026-05-31 02:40:49 |  Difference: 8.881784197001252e-16 using 100 samples to calculate f(x) and f(x')
2026-05-31 02:40:49 |  Relative error: 0.0000
2026-05-31 02:40:49 |     → Instance 80/100
2026-05-31 02:40:49 |     → ShapleyFlow (MC Edge Permutation): 315 edges, 100 trials
2026-05-31 02:40:49 |     → ShapleyFlow (MC Permutation): 315 edges, 100 trials = 31,600 model calls
2026-05-31 02:40:49 |     → Trial 1/100 completed (316 evaluations)
2026-05-31 02:40:51 |     → Trial 10/100 completed (316 evaluations)
2026-05-31 02:40:52 |     → Trial 20/100 completed (316 evaluations)
2026-05-31 02:40:54 |     → Trial 30/100 completed (316 evaluations)
2026-05-31 02:40:55 |     → Trial 40/100 completed (316 evaluations)
2026-05-31 02:40:57 |     → Trial 50/100 completed (316 evaluations)
2026-05-31 02:40:58 |     → Trial 60/100 completed (316 evaluations)
2026-05-31 02:41:00 |     → Trial 70/100 completed (316 evaluations)
2026-05-31 02:41:01 |     → Trial 80/100 completed (316 evaluations)
2026-05-31 02:41:03 |     → Trial 90/100 completed (316 evaluations)
2026-05-31 02:41:05 |     → Trial 100/100 completed (316 evaluations)
2026-05-31 02:41:05 |  Total edge attributions: 13.716796
2026-05-31 02:41:05 |  Expected (f(x) - f(x')) : 13.716796
2026-05-31 02:41:05 |  Difference: 0.0 using 100 samples to calculate f(x) and f(x')
2026-05-31 02:41:05 |  Relative error: 0.0000
2026-05-31 02:41:05 |     → Instance 81/100
2026-05-31 02:41:05 |     → ShapleyFlow (MC Edge Permutation): 315 edges, 100 trials
2026-05-31 02:41:05 |     → ShapleyFlow (MC Permutation): 315 edges, 100 trials = 31,600 model calls
2026-05-31 02:41:05 |     → Trial 1/100 completed (316 evaluations)
2026-05-31 02:41:06 |     → Trial 10/100 completed (316 evaluations)
2026-05-31 02:41:08 |     → Trial 20/100 completed (316 evaluations)
2026-05-31 02:41:09 |     → Trial 30/100 completed (316 evaluations)
2026-05-31 02:41:11 |     → Trial 40/100 completed (316 evaluations)
2026-05-31 02:41:13 |     → Trial 50/100 completed (316 evaluations)
2026-05-31 02:41:14 |     → Trial 60/100 completed (316 evaluations)
2026-05-31 02:41:16 |     → Trial 70/100 completed (316 evaluations)
2026-05-31 02:41:17 |     → Trial 80/100 completed (316 evaluations)
2026-05-31 02:41:19 |     → Trial 90/100 completed (316 evaluations)
2026-05-31 02:41:20 |     → Trial 100/100 completed (316 evaluations)
2026-05-31 02:41:20 |  Total edge attributions: 7.687225
2026-05-31 02:41:20 |  Expected (f(x) - f(x')) : 7.687225
2026-05-31 02:41:20 |  Difference: 3.552713678800501e-15 using 100 samples to calculate f(x) and f(x')
2026-05-31 02:41:20 |  Relative error: 0.0000
2026-05-31 02:41:20 |     → Instance 82/100
2026-05-31 02:41:20 |     → ShapleyFlow (MC Edge Permutation): 315 edges, 100 trials
2026-05-31 02:41:20 |     → ShapleyFlow (MC Permutation): 315 edges, 100 trials = 31,600 model calls
2026-05-31 02:41:21 |     → Trial 1/100 completed (316 evaluations)
2026-05-31 02:41:22 |     → Trial 10/100 completed (316 evaluations)
2026-05-31 02:41:24 |     → Trial 20/100 completed (316 evaluations)
2026-05-31 02:41:25 |     → Trial 30/100 completed (316 evaluations)
2026-05-31 02:41:27 |     → Trial 40/100 completed (316 evaluations)
2026-05-31 02:41:28 |     → Trial 50/100 completed (316 evaluations)
2026-05-31 02:41:30 |     → Trial 60/100 completed (316 evaluations)
2026-05-31 02:41:31 |     → Trial 70/100 completed (316 evaluations)
2026-05-31 02:41:33 |     → Trial 80/100 completed (316 evaluations)
2026-05-31 02:41:35 |     → Trial 90/100 completed (316 evaluations)
2026-05-31 02:41:36 |     → Trial 100/100 completed (316 evaluations)
2026-05-31 02:41:36 |  Total edge attributions: -6.297359
2026-05-31 02:41:36 |  Expected (f(x) - f(x')) : -6.297359
2026-05-31 02:41:36 |  Difference: 1.7763568394002505e-15 using 100 samples to calculate f(x) and f(x')
2026-05-31 02:41:36 |  Relative error: 0.0000
2026-05-31 02:41:36 |     → Instance 83/100
2026-05-31 02:41:36 |     → ShapleyFlow (MC Edge Permutation): 315 edges, 100 trials
2026-05-31 02:41:36 |     → ShapleyFlow (MC Permutation): 315 edges, 100 trials = 31,600 model calls
2026-05-31 02:41:36 |     → Trial 1/100 completed (316 evaluations)
2026-05-31 02:41:38 |     → Trial 10/100 completed (316 evaluations)
2026-05-31 02:41:39 |     → Trial 20/100 completed (316 evaluations)
2026-05-31 02:41:41 |     → Trial 30/100 completed (316 evaluations)
2026-05-31 02:41:42 |     → Trial 40/100 completed (316 evaluations)
2026-05-31 02:41:44 |     → Trial 50/100 completed (316 evaluations)
2026-05-31 02:41:46 |     → Trial 60/100 completed (316 evaluations)
2026-05-31 02:41:47 |     → Trial 70/100 completed (316 evaluations)
2026-05-31 02:41:49 |     → Trial 80/100 completed (316 evaluations)
2026-05-31 02:41:50 |     → Trial 90/100 completed (316 evaluations)
2026-05-31 02:41:52 |     → Trial 100/100 completed (316 evaluations)
2026-05-31 02:41:52 |  Total edge attributions: 6.438317
2026-05-31 02:41:52 |  Expected (f(x) - f(x')) : 6.438317
2026-05-31 02:41:52 |  Difference: 2.6645352591003757e-15 using 100 samples to calculate f(x) and f(x')
2026-05-31 02:41:52 |  Relative error: 0.0000
2026-05-31 02:41:52 |     → Instance 84/100
2026-05-31 02:41:52 |     → ShapleyFlow (MC Edge Permutation): 315 edges, 100 trials
2026-05-31 02:41:52 |     → ShapleyFlow (MC Permutation): 315 edges, 100 trials = 31,600 model calls
2026-05-31 02:41:52 |     → Trial 1/100 completed (316 evaluations)
2026-05-31 02:41:53 |     → Trial 10/100 completed (316 evaluations)
2026-05-31 02:41:55 |     → Trial 20/100 completed (316 evaluations)
2026-05-31 02:41:57 |     → Trial 30/100 completed (316 evaluations)
2026-05-31 02:41:58 |     → Trial 40/100 completed (316 evaluations)
2026-05-31 02:42:00 |     → Trial 50/100 completed (316 evaluations)
2026-05-31 02:42:01 |     → Trial 60/100 completed (316 evaluations)
2026-05-31 02:42:03 |     → Trial 70/100 completed (316 evaluations)
2026-05-31 02:42:04 |     → Trial 80/100 completed (316 evaluations)
2026-05-31 02:42:06 |     → Trial 90/100 completed (316 evaluations)
2026-05-31 02:42:08 |     → Trial 100/100 completed (316 evaluations)
2026-05-31 02:42:08 |  Total edge attributions: 0.992972
2026-05-31 02:42:08 |  Expected (f(x) - f(x')) : 0.992972
2026-05-31 02:42:08 |  Difference: 1.3322676295501878e-15 using 100 samples to calculate f(x) and f(x')
2026-05-31 02:42:08 |  Relative error: 0.0000
2026-05-31 02:42:08 |     → Instance 85/100
2026-05-31 02:42:08 |     → ShapleyFlow (MC Edge Permutation): 315 edges, 100 trials
2026-05-31 02:42:08 |     → ShapleyFlow (MC Permutation): 315 edges, 100 trials = 31,600 model calls
2026-05-31 02:42:08 |     → Trial 1/100 completed (316 evaluations)
2026-05-31 02:42:09 |     → Trial 10/100 completed (316 evaluations)
2026-05-31 02:42:11 |     → Trial 20/100 completed (316 evaluations)
2026-05-31 02:42:12 |     → Trial 30/100 completed (316 evaluations)
2026-05-31 02:42:14 |     → Trial 40/100 completed (316 evaluations)
2026-05-31 02:42:15 |     → Trial 50/100 completed (316 evaluations)
2026-05-31 02:42:17 |     → Trial 60/100 completed (316 evaluations)
2026-05-31 02:42:19 |     → Trial 70/100 completed (316 evaluations)
2026-05-31 02:42:20 |     → Trial 80/100 completed (316 evaluations)
2026-05-31 02:42:22 |     → Trial 90/100 completed (316 evaluations)
2026-05-31 02:42:23 |     → Trial 100/100 completed (316 evaluations)
2026-05-31 02:42:23 |  Total edge attributions: 11.014480
2026-05-31 02:42:23 |  Expected (f(x) - f(x')) : 11.014480
2026-05-31 02:42:23 |  Difference: 5.329070518200751e-15 using 100 samples to calculate f(x) and f(x')
2026-05-31 02:42:23 |  Relative error: 0.0000
2026-05-31 02:42:23 |     → Instance 86/100
2026-05-31 02:42:23 |     → ShapleyFlow (MC Edge Permutation): 315 edges, 100 trials
2026-05-31 02:42:23 |     → ShapleyFlow (MC Permutation): 315 edges, 100 trials = 31,600 model calls
2026-05-31 02:42:24 |     → Trial 1/100 completed (316 evaluations)
2026-05-31 02:42:25 |     → Trial 10/100 completed (316 evaluations)
2026-05-31 02:42:27 |     → Trial 20/100 completed (316 evaluations)
2026-05-31 02:42:28 |     → Trial 30/100 completed (316 evaluations)
2026-05-31 02:42:30 |     → Trial 40/100 completed (316 evaluations)
2026-05-31 02:42:31 |     → Trial 50/100 completed (316 evaluations)
2026-05-31 02:42:33 |     → Trial 60/100 completed (316 evaluations)
2026-05-31 02:42:34 |     → Trial 70/100 completed (316 evaluations)
2026-05-31 02:42:36 |     → Trial 80/100 completed (316 evaluations)
2026-05-31 02:42:37 |     → Trial 90/100 completed (316 evaluations)
2026-05-31 02:42:39 |     → Trial 100/100 completed (316 evaluations)
2026-05-31 02:42:39 |  Total edge attributions: -2.685200
2026-05-31 02:42:39 |  Expected (f(x) - f(x')) : -2.685200
2026-05-31 02:42:39 |  Difference: 9.325873406851315e-15 using 100 samples to calculate f(x) and f(x')
2026-05-31 02:42:39 |  Relative error: 0.0000
2026-05-31 02:42:39 |     → Instance 87/100
2026-05-31 02:42:39 |     → ShapleyFlow (MC Edge Permutation): 315 edges, 100 trials
2026-05-31 02:42:39 |     → ShapleyFlow (MC Permutation): 315 edges, 100 trials = 31,600 model calls
2026-05-31 02:42:39 |     → Trial 1/100 completed (316 evaluations)
2026-05-31 02:42:41 |     → Trial 10/100 completed (316 evaluations)
2026-05-31 02:42:42 |     → Trial 20/100 completed (316 evaluations)
2026-05-31 02:42:44 |     → Trial 30/100 completed (316 evaluations)
2026-05-31 02:42:45 |     → Trial 40/100 completed (316 evaluations)
2026-05-31 02:42:47 |     → Trial 50/100 completed (316 evaluations)
2026-05-31 02:42:48 |     → Trial 60/100 completed (316 evaluations)
2026-05-31 02:42:50 |     → Trial 70/100 completed (316 evaluations)
2026-05-31 02:42:52 |     → Trial 80/100 completed (316 evaluations)
2026-05-31 02:42:53 |     → Trial 90/100 completed (316 evaluations)
2026-05-31 02:42:55 |     → Trial 100/100 completed (316 evaluations)
2026-05-31 02:42:55 |  Total edge attributions: -1.099212
2026-05-31 02:42:55 |  Expected (f(x) - f(x')) : -1.099212
2026-05-31 02:42:55 |  Difference: 1.1102230246251565e-15 using 100 samples to calculate f(x) and f(x')
2026-05-31 02:42:55 |  Relative error: 0.0000
2026-05-31 02:42:55 |     → Instance 88/100
2026-05-31 02:42:55 |     → ShapleyFlow (MC Edge Permutation): 315 edges, 100 trials
2026-05-31 02:42:55 |     → ShapleyFlow (MC Permutation): 315 edges, 100 trials = 31,600 model calls
2026-05-31 02:42:55 |     → Trial 1/100 completed (316 evaluations)
2026-05-31 02:42:56 |     → Trial 10/100 completed (316 evaluations)
2026-05-31 02:42:58 |     → Trial 20/100 completed (316 evaluations)
2026-05-31 02:42:59 |     → Trial 30/100 completed (316 evaluations)
2026-05-31 02:43:01 |     → Trial 40/100 completed (316 evaluations)
2026-05-31 02:43:03 |     → Trial 50/100 completed (316 evaluations)
2026-05-31 02:43:04 |     → Trial 60/100 completed (316 evaluations)
2026-05-31 02:43:06 |     → Trial 70/100 completed (316 evaluations)
2026-05-31 02:43:07 |     → Trial 80/100 completed (316 evaluations)
2026-05-31 02:43:09 |     → Trial 90/100 completed (316 evaluations)
2026-05-31 02:43:10 |     → Trial 100/100 completed (316 evaluations)
2026-05-31 02:43:10 |  Total edge attributions: 17.747920
2026-05-31 02:43:10 |  Expected (f(x) - f(x')) : 17.747920
2026-05-31 02:43:10 |  Difference: 1.0658141036401503e-14 using 100 samples to calculate f(x) and f(x')
2026-05-31 02:43:10 |  Relative error: 0.0000
2026-05-31 02:43:10 |     → Instance 89/100
2026-05-31 02:43:10 |     → ShapleyFlow (MC Edge Permutation): 315 edges, 100 trials
2026-05-31 02:43:10 |     → ShapleyFlow (MC Permutation): 315 edges, 100 trials = 31,600 model calls
2026-05-31 02:43:11 |     → Trial 1/100 completed (316 evaluations)
2026-05-31 02:43:12 |     → Trial 10/100 completed (316 evaluations)
2026-05-31 02:43:14 |     → Trial 20/100 completed (316 evaluations)
2026-05-31 02:43:15 |     → Trial 30/100 completed (316 evaluations)
2026-05-31 02:43:17 |     → Trial 40/100 completed (316 evaluations)
2026-05-31 02:43:18 |     → Trial 50/100 completed (316 evaluations)
2026-05-31 02:43:20 |     → Trial 60/100 completed (316 evaluations)
2026-05-31 02:43:21 |     → Trial 70/100 completed (316 evaluations)
2026-05-31 02:43:23 |     → Trial 80/100 completed (316 evaluations)
2026-05-31 02:43:25 |     → Trial 90/100 completed (316 evaluations)
2026-05-31 02:43:26 |     → Trial 100/100 completed (316 evaluations)
2026-05-31 02:43:26 |  Total edge attributions: 3.221726
2026-05-31 02:43:26 |  Expected (f(x) - f(x')) : 3.221726
2026-05-31 02:43:26 |  Difference: 4.440892098500626e-16 using 100 samples to calculate f(x) and f(x')
2026-05-31 02:43:26 |  Relative error: 0.0000
2026-05-31 02:43:26 |     → Instance 90/100
2026-05-31 02:43:26 |     → ShapleyFlow (MC Edge Permutation): 315 edges, 100 trials
2026-05-31 02:43:26 |     → ShapleyFlow (MC Permutation): 315 edges, 100 trials = 31,600 model calls
2026-05-31 02:43:26 |     → Trial 1/100 completed (316 evaluations)
2026-05-31 02:43:28 |     → Trial 10/100 completed (316 evaluations)
2026-05-31 02:43:29 |     → Trial 20/100 completed (316 evaluations)
2026-05-31 02:43:31 |     → Trial 30/100 completed (316 evaluations)
2026-05-31 02:43:32 |     → Trial 40/100 completed (316 evaluations)
2026-05-31 02:43:34 |     → Trial 50/100 completed (316 evaluations)
2026-05-31 02:43:36 |     → Trial 60/100 completed (316 evaluations)
2026-05-31 02:43:37 |     → Trial 70/100 completed (316 evaluations)
2026-05-31 02:43:39 |     → Trial 80/100 completed (316 evaluations)
2026-05-31 02:43:40 |     → Trial 90/100 completed (316 evaluations)
2026-05-31 02:43:42 |     → Trial 100/100 completed (316 evaluations)
2026-05-31 02:43:42 |  Total edge attributions: 4.993531
2026-05-31 02:43:42 |  Expected (f(x) - f(x')) : 4.993531
2026-05-31 02:43:42 |  Difference: 8.881784197001252e-16 using 100 samples to calculate f(x) and f(x')
2026-05-31 02:43:42 |  Relative error: 0.0000
2026-05-31 02:43:42 |     → Instance 91/100
2026-05-31 02:43:42 |     → ShapleyFlow (MC Edge Permutation): 315 edges, 100 trials
2026-05-31 02:43:42 |     → ShapleyFlow (MC Permutation): 315 edges, 100 trials = 31,600 model calls
2026-05-31 02:43:42 |     → Trial 1/100 completed (316 evaluations)
2026-05-31 02:43:43 |     → Trial 10/100 completed (316 evaluations)
2026-05-31 02:43:45 |     → Trial 20/100 completed (316 evaluations)
2026-05-31 02:43:47 |     → Trial 30/100 completed (316 evaluations)
2026-05-31 02:43:48 |     → Trial 40/100 completed (316 evaluations)
2026-05-31 02:43:50 |     → Trial 50/100 completed (316 evaluations)
2026-05-31 02:43:51 |     → Trial 60/100 completed (316 evaluations)
2026-05-31 02:43:53 |     → Trial 70/100 completed (316 evaluations)
2026-05-31 02:43:54 |     → Trial 80/100 completed (316 evaluations)
2026-05-31 02:43:56 |     → Trial 90/100 completed (316 evaluations)
2026-05-31 02:43:57 |     → Trial 100/100 completed (316 evaluations)
2026-05-31 02:43:58 |  Total edge attributions: 2.745008
2026-05-31 02:43:58 |  Expected (f(x) - f(x')) : 2.745008
2026-05-31 02:43:58 |  Difference: 2.220446049250313e-15 using 100 samples to calculate f(x) and f(x')
2026-05-31 02:43:58 |  Relative error: 0.0000
2026-05-31 02:43:58 |     → Instance 92/100
2026-05-31 02:43:58 |     → ShapleyFlow (MC Edge Permutation): 315 edges, 100 trials
2026-05-31 02:43:58 |     → ShapleyFlow (MC Permutation): 315 edges, 100 trials = 31,600 model calls
2026-05-31 02:43:58 |     → Trial 1/100 completed (316 evaluations)
2026-05-31 02:43:59 |     → Trial 10/100 completed (316 evaluations)
2026-05-31 02:44:01 |     → Trial 20/100 completed (316 evaluations)
2026-05-31 02:44:02 |     → Trial 30/100 completed (316 evaluations)
2026-05-31 02:44:04 |     → Trial 40/100 completed (316 evaluations)
2026-05-31 02:44:05 |     → Trial 50/100 completed (316 evaluations)
2026-05-31 02:44:07 |     → Trial 60/100 completed (316 evaluations)
2026-05-31 02:44:08 |     → Trial 70/100 completed (316 evaluations)
2026-05-31 02:44:10 |     → Trial 80/100 completed (316 evaluations)
2026-05-31 02:44:12 |     → Trial 90/100 completed (316 evaluations)
2026-05-31 02:44:13 |     → Trial 100/100 completed (316 evaluations)
2026-05-31 02:44:13 |  Total edge attributions: -10.592443
2026-05-31 02:44:13 |  Expected (f(x) - f(x')) : -10.592443
2026-05-31 02:44:13 |  Difference: 3.552713678800501e-15 using 100 samples to calculate f(x) and f(x')
2026-05-31 02:44:13 |  Relative error: 0.0000
2026-05-31 02:44:13 |     → Instance 93/100
2026-05-31 02:44:13 |     → ShapleyFlow (MC Edge Permutation): 315 edges, 100 trials
2026-05-31 02:44:13 |     → ShapleyFlow (MC Permutation): 315 edges, 100 trials = 31,600 model calls
2026-05-31 02:44:13 |     → Trial 1/100 completed (316 evaluations)
2026-05-31 02:44:15 |     → Trial 10/100 completed (316 evaluations)
2026-05-31 02:44:16 |     → Trial 20/100 completed (316 evaluations)
2026-05-31 02:44:18 |     → Trial 30/100 completed (316 evaluations)
2026-05-31 02:44:19 |     → Trial 40/100 completed (316 evaluations)
2026-05-31 02:44:21 |     → Trial 50/100 completed (316 evaluations)
2026-05-31 02:44:23 |     → Trial 60/100 completed (316 evaluations)
2026-05-31 02:44:24 |     → Trial 70/100 completed (316 evaluations)
2026-05-31 02:44:26 |     → Trial 80/100 completed (316 evaluations)
2026-05-31 02:44:27 |     → Trial 90/100 completed (316 evaluations)
2026-05-31 02:44:29 |     → Trial 100/100 completed (316 evaluations)
2026-05-31 02:44:29 |  Total edge attributions: -6.709046
2026-05-31 02:44:29 |  Expected (f(x) - f(x')) : -6.709046
2026-05-31 02:44:29 |  Difference: 3.552713678800501e-15 using 100 samples to calculate f(x) and f(x')
2026-05-31 02:44:29 |  Relative error: 0.0000
2026-05-31 02:44:29 |     → Instance 94/100
2026-05-31 02:44:29 |     → ShapleyFlow (MC Edge Permutation): 315 edges, 100 trials
2026-05-31 02:44:29 |     → ShapleyFlow (MC Permutation): 315 edges, 100 trials = 31,600 model calls
2026-05-31 02:44:29 |     → Trial 1/100 completed (316 evaluations)
2026-05-31 02:44:30 |     → Trial 10/100 completed (316 evaluations)
2026-05-31 02:44:32 |     → Trial 20/100 completed (316 evaluations)
2026-05-31 02:44:34 |     → Trial 30/100 completed (316 evaluations)
2026-05-31 02:44:35 |     → Trial 40/100 completed (316 evaluations)
2026-05-31 02:44:37 |     → Trial 50/100 completed (316 evaluations)
2026-05-31 02:44:38 |     → Trial 60/100 completed (316 evaluations)
2026-05-31 02:44:40 |     → Trial 70/100 completed (316 evaluations)
2026-05-31 02:44:41 |     → Trial 80/100 completed (316 evaluations)
2026-05-31 02:44:43 |     → Trial 90/100 completed (316 evaluations)
2026-05-31 02:44:45 |     → Trial 100/100 completed (316 evaluations)
2026-05-31 02:44:45 |  Total edge attributions: 2.115554
2026-05-31 02:44:45 |  Expected (f(x) - f(x')) : 2.115554
2026-05-31 02:44:45 |  Difference: 1.7763568394002505e-15 using 100 samples to calculate f(x) and f(x')
2026-05-31 02:44:45 |  Relative error: 0.0000
2026-05-31 02:44:45 |     → Instance 95/100
2026-05-31 02:44:45 |     → ShapleyFlow (MC Edge Permutation): 315 edges, 100 trials
2026-05-31 02:44:45 |     → ShapleyFlow (MC Permutation): 315 edges, 100 trials = 31,600 model calls
2026-05-31 02:44:45 |     → Trial 1/100 completed (316 evaluations)
2026-05-31 02:44:46 |     → Trial 10/100 completed (316 evaluations)
2026-05-31 02:44:48 |     → Trial 20/100 completed (316 evaluations)
2026-05-31 02:44:49 |     → Trial 30/100 completed (316 evaluations)
2026-05-31 02:44:51 |     → Trial 40/100 completed (316 evaluations)
2026-05-31 02:44:52 |     → Trial 50/100 completed (316 evaluations)
2026-05-31 02:44:54 |     → Trial 60/100 completed (316 evaluations)
2026-05-31 02:44:56 |     → Trial 70/100 completed (316 evaluations)
2026-05-31 02:44:57 |     → Trial 80/100 completed (316 evaluations)
2026-05-31 02:44:59 |     → Trial 90/100 completed (316 evaluations)
2026-05-31 02:45:00 |     → Trial 100/100 completed (316 evaluations)
2026-05-31 02:45:00 |  Total edge attributions: 1.600364
2026-05-31 02:45:00 |  Expected (f(x) - f(x')) : 1.600364
2026-05-31 02:45:00 |  Difference: 1.3322676295501878e-15 using 100 samples to calculate f(x) and f(x')
2026-05-31 02:45:00 |  Relative error: 0.0000
2026-05-31 02:45:00 |     → Instance 96/100
2026-05-31 02:45:00 |     → ShapleyFlow (MC Edge Permutation): 315 edges, 100 trials
2026-05-31 02:45:00 |     → ShapleyFlow (MC Permutation): 315 edges, 100 trials = 31,600 model calls
2026-05-31 02:45:01 |     → Trial 1/100 completed (316 evaluations)
2026-05-31 02:45:02 |     → Trial 10/100 completed (316 evaluations)
2026-05-31 02:45:04 |     → Trial 20/100 completed (316 evaluations)
2026-05-31 02:45:05 |     → Trial 30/100 completed (316 evaluations)
2026-05-31 02:45:07 |     → Trial 40/100 completed (316 evaluations)
2026-05-31 02:45:08 |     → Trial 50/100 completed (316 evaluations)
2026-05-31 02:45:10 |     → Trial 60/100 completed (316 evaluations)
2026-05-31 02:45:11 |     → Trial 70/100 completed (316 evaluations)
2026-05-31 02:45:13 |     → Trial 80/100 completed (316 evaluations)
2026-05-31 02:45:15 |     → Trial 90/100 completed (316 evaluations)
2026-05-31 02:45:16 |     → Trial 100/100 completed (316 evaluations)
2026-05-31 02:45:16 |  Total edge attributions: 7.330759
2026-05-31 02:45:16 |  Expected (f(x) - f(x')) : 7.330759
2026-05-31 02:45:16 |  Difference: 8.881784197001252e-16 using 100 samples to calculate f(x) and f(x')
2026-05-31 02:45:16 |  Relative error: 0.0000
2026-05-31 02:45:16 |     → Instance 97/100
2026-05-31 02:45:16 |     → ShapleyFlow (MC Edge Permutation): 315 edges, 100 trials
2026-05-31 02:45:16 |     → ShapleyFlow (MC Permutation): 315 edges, 100 trials = 31,600 model calls
2026-05-31 02:45:16 |     → Trial 1/100 completed (316 evaluations)
2026-05-31 02:45:18 |     → Trial 10/100 completed (316 evaluations)
2026-05-31 02:45:19 |     → Trial 20/100 completed (316 evaluations)
2026-05-31 02:45:21 |     → Trial 30/100 completed (316 evaluations)
2026-05-31 02:45:22 |     → Trial 40/100 completed (316 evaluations)
2026-05-31 02:45:24 |     → Trial 50/100 completed (316 evaluations)
2026-05-31 02:45:26 |     → Trial 60/100 completed (316 evaluations)
2026-05-31 02:45:27 |     → Trial 70/100 completed (316 evaluations)
2026-05-31 02:45:29 |     → Trial 80/100 completed (316 evaluations)
2026-05-31 02:45:30 |     → Trial 90/100 completed (316 evaluations)
2026-05-31 02:45:32 |     → Trial 100/100 completed (316 evaluations)
2026-05-31 02:45:32 |  Total edge attributions: -5.008942
2026-05-31 02:45:32 |  Expected (f(x) - f(x')) : -5.008942
2026-05-31 02:45:32 |  Difference: 8.881784197001252e-16 using 100 samples to calculate f(x) and f(x')
2026-05-31 02:45:32 |  Relative error: 0.0000
2026-05-31 02:45:32 |     → Instance 98/100
2026-05-31 02:45:32 |     → ShapleyFlow (MC Edge Permutation): 315 edges, 100 trials
2026-05-31 02:45:32 |     → ShapleyFlow (MC Permutation): 315 edges, 100 trials = 31,600 model calls
2026-05-31 02:45:32 |     → Trial 1/100 completed (316 evaluations)
2026-05-31 02:45:33 |     → Trial 10/100 completed (316 evaluations)
2026-05-31 02:45:35 |     → Trial 20/100 completed (316 evaluations)
2026-05-31 02:45:37 |     → Trial 30/100 completed (316 evaluations)
2026-05-31 02:45:38 |     → Trial 40/100 completed (316 evaluations)
2026-05-31 02:45:40 |     → Trial 50/100 completed (316 evaluations)
2026-05-31 02:45:41 |     → Trial 60/100 completed (316 evaluations)
2026-05-31 02:45:43 |     → Trial 70/100 completed (316 evaluations)
2026-05-31 02:45:44 |     → Trial 80/100 completed (316 evaluations)
2026-05-31 02:45:46 |     → Trial 90/100 completed (316 evaluations)
2026-05-31 02:45:48 |     → Trial 100/100 completed (316 evaluations)
2026-05-31 02:45:48 |  Total edge attributions: 9.694413
2026-05-31 02:45:48 |  Expected (f(x) - f(x')) : 9.694413
2026-05-31 02:45:48 |  Difference: 5.329070518200751e-15 using 100 samples to calculate f(x) and f(x')
2026-05-31 02:45:48 |  Relative error: 0.0000
2026-05-31 02:45:48 |     → Instance 99/100
2026-05-31 02:45:48 |     → ShapleyFlow (MC Edge Permutation): 315 edges, 100 trials
2026-05-31 02:45:48 |     → ShapleyFlow (MC Permutation): 315 edges, 100 trials = 31,600 model calls
2026-05-31 02:45:48 |     → Trial 1/100 completed (316 evaluations)
2026-05-31 02:45:49 |     → Trial 10/100 completed (316 evaluations)
2026-05-31 02:45:51 |     → Trial 20/100 completed (316 evaluations)
2026-05-31 02:45:52 |     → Trial 30/100 completed (316 evaluations)
2026-05-31 02:45:54 |     → Trial 40/100 completed (316 evaluations)
2026-05-31 02:45:55 |     → Trial 50/100 completed (316 evaluations)
2026-05-31 02:45:57 |     → Trial 60/100 completed (316 evaluations)
2026-05-31 02:45:59 |     → Trial 70/100 completed (316 evaluations)
2026-05-31 02:46:00 |     → Trial 80/100 completed (316 evaluations)
2026-05-31 02:46:02 |     → Trial 90/100 completed (316 evaluations)
2026-05-31 02:46:03 |     → Trial 100/100 completed (316 evaluations)
2026-05-31 02:46:03 |  Total edge attributions: -10.570618
2026-05-31 02:46:03 |  Expected (f(x) - f(x')) : -10.570618
2026-05-31 02:46:03 |  Difference: 5.329070518200751e-15 using 100 samples to calculate f(x) and f(x')
2026-05-31 02:46:03 |  Relative error: 0.0000
2026-05-31 02:46:03 |     → Instance 100/100
2026-05-31 02:46:03 |     → ShapleyFlow (MC Edge Permutation): 315 edges, 100 trials
2026-05-31 02:46:03 |     → ShapleyFlow (MC Permutation): 315 edges, 100 trials = 31,600 model calls
2026-05-31 02:46:04 |     → Trial 1/100 completed (316 evaluations)
2026-05-31 02:46:05 |     → Trial 10/100 completed (316 evaluations)
2026-05-31 02:46:06 |     → Trial 20/100 completed (316 evaluations)
2026-05-31 02:46:08 |     → Trial 30/100 completed (316 evaluations)
2026-05-31 02:46:10 |     → Trial 40/100 completed (316 evaluations)
2026-05-31 02:46:11 |     → Trial 50/100 completed (316 evaluations)
2026-05-31 02:46:13 |     → Trial 60/100 completed (316 evaluations)
2026-05-31 02:46:14 |     → Trial 70/100 completed (316 evaluations)
2026-05-31 02:46:16 |     → Trial 80/100 completed (316 evaluations)
2026-05-31 02:46:17 |     → Trial 90/100 completed (316 evaluations)
2026-05-31 02:46:19 |     → Trial 100/100 completed (316 evaluations)
2026-05-31 02:46:19 |  Total edge attributions: -1.305472
2026-05-31 02:46:19 |  Expected (f(x) - f(x')) : -1.305472
2026-05-31 02:46:19 |  Difference: 4.6629367034256575e-15 using 100 samples to calculate f(x) and f(x')
2026-05-31 02:46:19 |  Relative error: 0.0000
2026-05-31 02:46:19 |     → All instances completed
2026-05-31 02:46:19 | 
  ─── True DAG (ground-truth causal structure) ───
2026-05-31 02:46:19 |   True DAG loaded: 266 X→X edges + 50 X→Y edges
2026-05-31 02:46:19 |   [Progress: 8/10] LGBM + TRUE - AsymmetricShapley
2026-05-31 02:46:19 | Starting Asymmetric Shapley (topo-ordering) computation for 100 instances
2026-05-31 02:46:19 | Using 100 samples per instance
2026-05-31 02:46:20 |     Sample 10/100 completed
2026-05-31 02:46:20 |     Sample 20/100 completed
2026-05-31 02:46:20 |     Sample 30/100 completed
2026-05-31 02:46:21 |     Sample 40/100 completed
2026-05-31 02:46:21 |     Sample 50/100 completed
2026-05-31 02:46:22 |     Sample 60/100 completed
2026-05-31 02:46:22 |     Sample 70/100 completed
2026-05-31 02:46:22 |     Sample 80/100 completed
2026-05-31 02:46:23 |     Sample 90/100 completed
2026-05-31 02:46:23 |     Sample 100/100 completed
2026-05-31 02:46:24 |     Sample 10/100 completed
2026-05-31 02:46:24 |     Sample 20/100 completed
2026-05-31 02:46:25 |     Sample 30/100 completed
2026-05-31 02:46:25 |     Sample 40/100 completed
2026-05-31 02:46:26 |     Sample 50/100 completed
2026-05-31 02:46:26 |     Sample 60/100 completed
2026-05-31 02:46:26 |     Sample 70/100 completed
2026-05-31 02:46:27 |     Sample 80/100 completed
2026-05-31 02:46:27 |     Sample 90/100 completed
2026-05-31 02:46:28 |     Sample 100/100 completed
2026-05-31 02:46:28 |     Sample 10/100 completed
2026-05-31 02:46:29 |     Sample 20/100 completed
2026-05-31 02:46:29 |     Sample 30/100 completed
2026-05-31 02:46:29 |     Sample 40/100 completed
2026-05-31 02:46:30 |     Sample 50/100 completed
2026-05-31 02:46:30 |     Sample 60/100 completed
2026-05-31 02:46:31 |     Sample 70/100 completed
2026-05-31 02:46:31 |     Sample 80/100 completed
2026-05-31 02:46:32 |     Sample 90/100 completed
2026-05-31 02:46:32 |     Sample 100/100 completed
2026-05-31 02:46:32 |     Sample 10/100 completed
2026-05-31 02:46:33 |     Sample 20/100 completed
2026-05-31 02:46:33 |     Sample 30/100 completed
2026-05-31 02:46:34 |     Sample 40/100 completed
2026-05-31 02:46:34 |     Sample 50/100 completed
2026-05-31 02:46:35 |     Sample 60/100 completed
2026-05-31 02:46:35 |     Sample 70/100 completed
2026-05-31 02:46:36 |     Sample 80/100 completed
2026-05-31 02:46:36 |     Sample 90/100 completed
2026-05-31 02:46:36 |     Sample 100/100 completed
2026-05-31 02:46:37 |     Sample 10/100 completed
2026-05-31 02:46:37 |     Sample 20/100 completed
2026-05-31 02:46:38 |     Sample 30/100 completed
2026-05-31 02:46:38 |     Sample 40/100 completed
2026-05-31 02:46:39 |     Sample 50/100 completed
2026-05-31 02:46:39 |     Sample 60/100 completed
2026-05-31 02:46:40 |     Sample 70/100 completed
2026-05-31 02:46:40 |     Sample 80/100 completed
2026-05-31 02:46:41 |     Sample 90/100 completed
2026-05-31 02:46:41 |     Sample 100/100 completed
2026-05-31 02:46:41 |     Sample 10/100 completed
2026-05-31 02:46:42 |     Sample 20/100 completed
2026-05-31 02:46:42 |     Sample 30/100 completed
2026-05-31 02:46:43 |     Sample 40/100 completed
2026-05-31 02:46:43 |     Sample 50/100 completed
2026-05-31 02:46:44 |     Sample 60/100 completed
2026-05-31 02:46:44 |     Sample 70/100 completed
2026-05-31 02:46:44 |     Sample 80/100 completed
2026-05-31 02:46:45 |     Sample 90/100 completed
2026-05-31 02:46:45 |     Sample 100/100 completed
2026-05-31 02:46:46 |     Sample 10/100 completed
2026-05-31 02:46:46 |     Sample 20/100 completed
2026-05-31 02:46:47 |     Sample 30/100 completed
2026-05-31 02:46:47 |     Sample 40/100 completed
2026-05-31 02:46:47 |     Sample 50/100 completed
2026-05-31 02:46:48 |     Sample 60/100 completed
2026-05-31 02:46:48 |     Sample 70/100 completed
2026-05-31 02:46:49 |     Sample 80/100 completed
2026-05-31 02:46:49 |     Sample 90/100 completed
2026-05-31 02:46:50 |     Sample 100/100 completed
2026-05-31 02:46:50 |     Sample 10/100 completed
2026-05-31 02:46:50 |     Sample 20/100 completed
2026-05-31 02:46:51 |     Sample 30/100 completed
2026-05-31 02:46:51 |     Sample 40/100 completed
2026-05-31 02:46:52 |     Sample 50/100 completed
2026-05-31 02:46:52 |     Sample 60/100 completed
2026-05-31 02:46:53 |     Sample 70/100 completed
2026-05-31 02:46:53 |     Sample 80/100 completed
2026-05-31 02:46:53 |     Sample 90/100 completed
2026-05-31 02:46:54 |     Sample 100/100 completed
2026-05-31 02:46:54 |     Sample 10/100 completed
2026-05-31 02:46:55 |     Sample 20/100 completed
2026-05-31 02:46:55 |     Sample 30/100 completed
2026-05-31 02:46:56 |     Sample 40/100 completed
2026-05-31 02:46:56 |     Sample 50/100 completed
2026-05-31 02:46:57 |     Sample 60/100 completed
2026-05-31 02:46:57 |     Sample 70/100 completed
2026-05-31 02:46:58 |     Sample 80/100 completed
2026-05-31 02:46:58 |     Sample 90/100 completed
2026-05-31 02:46:58 |     Sample 100/100 completed
2026-05-31 02:46:59 |     Sample 10/100 completed
2026-05-31 02:46:59 |     Sample 20/100 completed
2026-05-31 02:47:00 |     Sample 30/100 completed
2026-05-31 02:47:00 |     Sample 40/100 completed
2026-05-31 02:47:00 |     Sample 50/100 completed
2026-05-31 02:47:01 |     Sample 60/100 completed
2026-05-31 02:47:01 |     Sample 70/100 completed
2026-05-31 02:47:02 |     Sample 80/100 completed
2026-05-31 02:47:02 |     Sample 90/100 completed
2026-05-31 02:47:03 |     Sample 100/100 completed
2026-05-31 02:47:03 |     Sample 10/100 completed
2026-05-31 02:47:03 |     Sample 20/100 completed
2026-05-31 02:47:04 |     Sample 30/100 completed
2026-05-31 02:47:04 |     Sample 40/100 completed
2026-05-31 02:47:05 |     Sample 50/100 completed
2026-05-31 02:47:05 |     Sample 60/100 completed
2026-05-31 02:47:06 |     Sample 70/100 completed
2026-05-31 02:47:06 |     Sample 80/100 completed
2026-05-31 02:47:07 |     Sample 90/100 completed
2026-05-31 02:47:07 |     Sample 100/100 completed
2026-05-31 02:47:07 |     Sample 10/100 completed
2026-05-31 02:47:08 |     Sample 20/100 completed
2026-05-31 02:47:08 |     Sample 30/100 completed
2026-05-31 02:47:09 |     Sample 40/100 completed
2026-05-31 02:47:09 |     Sample 50/100 completed
2026-05-31 02:47:10 |     Sample 60/100 completed
2026-05-31 02:47:10 |     Sample 70/100 completed
2026-05-31 02:47:10 |     Sample 80/100 completed
2026-05-31 02:47:11 |     Sample 90/100 completed
2026-05-31 02:47:11 |     Sample 100/100 completed
2026-05-31 02:47:12 |     Sample 10/100 completed
2026-05-31 02:47:12 |     Sample 20/100 completed
2026-05-31 02:47:13 |     Sample 30/100 completed
2026-05-31 02:47:13 |     Sample 40/100 completed
2026-05-31 02:47:14 |     Sample 50/100 completed
2026-05-31 02:47:14 |     Sample 60/100 completed
2026-05-31 02:47:15 |     Sample 70/100 completed
2026-05-31 02:47:15 |     Sample 80/100 completed
2026-05-31 02:47:15 |     Sample 90/100 completed
2026-05-31 02:47:16 |     Sample 100/100 completed
2026-05-31 02:47:16 |     Sample 10/100 completed
2026-05-31 02:47:17 |     Sample 20/100 completed
2026-05-31 02:47:17 |     Sample 30/100 completed
2026-05-31 02:47:18 |     Sample 40/100 completed
2026-05-31 02:47:18 |     Sample 50/100 completed
2026-05-31 02:47:19 |     Sample 60/100 completed
2026-05-31 02:47:19 |     Sample 70/100 completed
2026-05-31 02:47:19 |     Sample 80/100 completed
2026-05-31 02:47:20 |     Sample 90/100 completed
2026-05-31 02:47:20 |     Sample 100/100 completed
2026-05-31 02:47:21 |     Sample 10/100 completed
2026-05-31 02:47:21 |     Sample 20/100 completed
2026-05-31 02:47:22 |     Sample 30/100 completed
2026-05-31 02:47:22 |     Sample 40/100 completed
2026-05-31 02:47:22 |     Sample 50/100 completed
2026-05-31 02:47:23 |     Sample 60/100 completed
2026-05-31 02:47:23 |     Sample 70/100 completed
2026-05-31 02:47:24 |     Sample 80/100 completed
2026-05-31 02:47:24 |     Sample 90/100 completed
2026-05-31 02:47:25 |     Sample 100/100 completed
2026-05-31 02:47:25 |     Sample 10/100 completed
2026-05-31 02:47:25 |     Sample 20/100 completed
2026-05-31 02:47:26 |     Sample 30/100 completed
2026-05-31 02:47:26 |     Sample 40/100 completed
2026-05-31 02:47:27 |     Sample 50/100 completed
2026-05-31 02:47:27 |     Sample 60/100 completed
2026-05-31 02:47:28 |     Sample 70/100 completed
2026-05-31 02:47:28 |     Sample 80/100 completed
2026-05-31 02:47:29 |     Sample 90/100 completed
2026-05-31 02:47:29 |     Sample 100/100 completed
2026-05-31 02:47:29 |     Sample 10/100 completed
2026-05-31 02:47:30 |     Sample 20/100 completed
2026-05-31 02:47:30 |     Sample 30/100 completed
2026-05-31 02:47:31 |     Sample 40/100 completed
2026-05-31 02:47:31 |     Sample 50/100 completed
2026-05-31 02:47:32 |     Sample 60/100 completed
2026-05-31 02:47:32 |     Sample 70/100 completed
2026-05-31 02:47:33 |     Sample 80/100 completed
2026-05-31 02:47:33 |     Sample 90/100 completed
2026-05-31 02:47:33 |     Sample 100/100 completed
2026-05-31 02:47:34 |     Sample 10/100 completed
2026-05-31 02:47:34 |     Sample 20/100 completed
2026-05-31 02:47:35 |     Sample 30/100 completed
2026-05-31 02:47:35 |     Sample 40/100 completed
2026-05-31 02:47:36 |     Sample 50/100 completed
2026-05-31 02:47:36 |     Sample 60/100 completed
2026-05-31 02:47:36 |     Sample 70/100 completed
2026-05-31 02:47:37 |     Sample 80/100 completed
2026-05-31 02:47:37 |     Sample 90/100 completed
2026-05-31 02:47:38 |     Sample 100/100 completed
2026-05-31 02:47:38 |     Sample 10/100 completed
2026-05-31 02:47:39 |     Sample 20/100 completed
2026-05-31 02:47:39 |     Sample 30/100 completed
2026-05-31 02:47:40 |     Sample 40/100 completed
2026-05-31 02:47:40 |     Sample 50/100 completed
2026-05-31 02:47:41 |     Sample 60/100 completed
2026-05-31 02:47:41 |     Sample 70/100 completed
2026-05-31 02:47:41 |     Sample 80/100 completed
2026-05-31 02:47:42 |     Sample 90/100 completed
2026-05-31 02:47:42 |     Sample 100/100 completed
2026-05-31 02:47:43 |     Sample 10/100 completed
2026-05-31 02:47:43 |     Sample 20/100 completed
2026-05-31 02:47:44 |     Sample 30/100 completed
2026-05-31 02:47:44 |     Sample 40/100 completed
2026-05-31 02:47:45 |     Sample 50/100 completed
2026-05-31 02:47:45 |     Sample 60/100 completed
2026-05-31 02:47:46 |     Sample 70/100 completed
2026-05-31 02:47:46 |     Sample 80/100 completed
2026-05-31 02:47:46 |     Sample 90/100 completed
2026-05-31 02:47:47 |     Sample 100/100 completed
2026-05-31 02:47:47 |     Sample 10/100 completed
2026-05-31 02:47:48 |     Sample 20/100 completed
2026-05-31 02:47:48 |     Sample 30/100 completed
2026-05-31 02:47:49 |     Sample 40/100 completed
2026-05-31 02:47:49 |     Sample 50/100 completed
2026-05-31 02:47:49 |     Sample 60/100 completed
2026-05-31 02:47:50 |     Sample 70/100 completed
2026-05-31 02:47:50 |     Sample 80/100 completed
2026-05-31 02:47:51 |     Sample 90/100 completed
2026-05-31 02:47:51 |     Sample 100/100 completed
2026-05-31 02:47:52 |     Sample 10/100 completed
2026-05-31 02:47:52 |     Sample 20/100 completed
2026-05-31 02:47:53 |     Sample 30/100 completed
2026-05-31 02:47:53 |     Sample 40/100 completed
2026-05-31 02:47:53 |     Sample 50/100 completed
2026-05-31 02:47:54 |     Sample 60/100 completed
2026-05-31 02:47:54 |     Sample 70/100 completed
2026-05-31 02:47:55 |     Sample 80/100 completed
2026-05-31 02:47:55 |     Sample 90/100 completed
2026-05-31 02:47:56 |     Sample 100/100 completed
2026-05-31 02:47:56 |     Sample 10/100 completed
2026-05-31 02:47:57 |     Sample 20/100 completed
2026-05-31 02:47:57 |     Sample 30/100 completed
2026-05-31 02:47:57 |     Sample 40/100 completed
2026-05-31 02:47:58 |     Sample 50/100 completed
2026-05-31 02:47:58 |     Sample 60/100 completed
2026-05-31 02:47:59 |     Sample 70/100 completed
2026-05-31 02:47:59 |     Sample 80/100 completed
2026-05-31 02:48:00 |     Sample 90/100 completed
2026-05-31 02:48:00 |     Sample 100/100 completed
2026-05-31 02:48:01 |     Sample 10/100 completed
2026-05-31 02:48:01 |     Sample 20/100 completed
2026-05-31 02:48:01 |     Sample 30/100 completed
2026-05-31 02:48:02 |     Sample 40/100 completed
2026-05-31 02:48:02 |     Sample 50/100 completed
2026-05-31 02:48:03 |     Sample 60/100 completed
2026-05-31 02:48:03 |     Sample 70/100 completed
2026-05-31 02:48:04 |     Sample 80/100 completed
2026-05-31 02:48:04 |     Sample 90/100 completed
2026-05-31 02:48:05 |     Sample 100/100 completed
2026-05-31 02:48:05 |     Sample 10/100 completed
2026-05-31 02:48:06 |     Sample 20/100 completed
2026-05-31 02:48:06 |     Sample 30/100 completed
2026-05-31 02:48:06 |     Sample 40/100 completed
2026-05-31 02:48:07 |     Sample 50/100 completed
2026-05-31 02:48:07 |     Sample 60/100 completed
2026-05-31 02:48:08 |     Sample 70/100 completed
2026-05-31 02:48:08 |     Sample 80/100 completed
2026-05-31 02:48:08 |     Sample 90/100 completed
2026-05-31 02:48:09 |     Sample 100/100 completed
2026-05-31 02:48:09 |     Sample 10/100 completed
2026-05-31 02:48:10 |     Sample 20/100 completed
2026-05-31 02:48:10 |     Sample 30/100 completed
2026-05-31 02:48:11 |     Sample 40/100 completed
2026-05-31 02:48:11 |     Sample 50/100 completed
2026-05-31 02:48:11 |     Sample 60/100 completed
2026-05-31 02:48:12 |     Sample 70/100 completed
2026-05-31 02:48:12 |     Sample 80/100 completed
2026-05-31 02:48:13 |     Sample 90/100 completed
2026-05-31 02:48:13 |     Sample 100/100 completed
2026-05-31 02:48:14 |     Sample 10/100 completed
2026-05-31 02:48:14 |     Sample 20/100 completed
2026-05-31 02:48:15 |     Sample 30/100 completed
2026-05-31 02:48:15 |     Sample 40/100 completed
2026-05-31 02:48:15 |     Sample 50/100 completed
2026-05-31 02:48:16 |     Sample 60/100 completed
2026-05-31 02:48:16 |     Sample 70/100 completed
2026-05-31 02:48:17 |     Sample 80/100 completed
2026-05-31 02:48:17 |     Sample 90/100 completed
2026-05-31 02:48:18 |     Sample 100/100 completed
2026-05-31 02:48:18 |     Sample 10/100 completed
2026-05-31 02:48:19 |     Sample 20/100 completed
2026-05-31 02:48:19 |     Sample 30/100 completed
2026-05-31 02:48:19 |     Sample 40/100 completed
2026-05-31 02:48:20 |     Sample 50/100 completed
2026-05-31 02:48:20 |     Sample 60/100 completed
2026-05-31 02:48:21 |     Sample 70/100 completed
2026-05-31 02:48:21 |     Sample 80/100 completed
2026-05-31 02:48:22 |     Sample 90/100 completed
2026-05-31 02:48:22 |     Sample 100/100 completed
2026-05-31 02:48:23 |     Sample 10/100 completed
2026-05-31 02:48:23 |     Sample 20/100 completed
2026-05-31 02:48:24 |     Sample 30/100 completed
2026-05-31 02:48:24 |     Sample 40/100 completed
2026-05-31 02:48:24 |     Sample 50/100 completed
2026-05-31 02:48:25 |     Sample 60/100 completed
2026-05-31 02:48:25 |     Sample 70/100 completed
2026-05-31 02:48:26 |     Sample 80/100 completed
2026-05-31 02:48:26 |     Sample 90/100 completed
2026-05-31 02:48:27 |     Sample 100/100 completed
2026-05-31 02:48:27 |     Sample 10/100 completed
2026-05-31 02:48:28 |     Sample 20/100 completed
2026-05-31 02:48:28 |     Sample 30/100 completed
2026-05-31 02:48:28 |     Sample 40/100 completed
2026-05-31 02:48:29 |     Sample 50/100 completed
2026-05-31 02:48:29 |     Sample 60/100 completed
2026-05-31 02:48:30 |     Sample 70/100 completed
2026-05-31 02:48:30 |     Sample 80/100 completed
2026-05-31 02:48:31 |     Sample 90/100 completed
2026-05-31 02:48:31 |     Sample 100/100 completed
2026-05-31 02:48:31 |     Sample 10/100 completed
2026-05-31 02:48:32 |     Sample 20/100 completed
2026-05-31 02:48:32 |     Sample 30/100 completed
2026-05-31 02:48:33 |     Sample 40/100 completed
2026-05-31 02:48:33 |     Sample 50/100 completed
2026-05-31 02:48:34 |     Sample 60/100 completed
2026-05-31 02:48:34 |     Sample 70/100 completed
2026-05-31 02:48:35 |     Sample 80/100 completed
2026-05-31 02:48:35 |     Sample 90/100 completed
2026-05-31 02:48:36 |     Sample 100/100 completed
2026-05-31 02:48:36 |     Sample 10/100 completed
2026-05-31 02:48:37 |     Sample 20/100 completed
2026-05-31 02:48:37 |     Sample 30/100 completed
2026-05-31 02:48:37 |     Sample 40/100 completed
2026-05-31 02:48:38 |     Sample 50/100 completed
2026-05-31 02:48:38 |     Sample 60/100 completed
2026-05-31 02:48:39 |     Sample 70/100 completed
2026-05-31 02:48:39 |     Sample 80/100 completed
2026-05-31 02:48:40 |     Sample 90/100 completed
2026-05-31 02:48:40 |     Sample 100/100 completed
2026-05-31 02:48:41 |     Sample 10/100 completed
2026-05-31 02:48:41 |     Sample 20/100 completed
2026-05-31 02:48:41 |     Sample 30/100 completed
2026-05-31 02:48:42 |     Sample 40/100 completed
2026-05-31 02:48:42 |     Sample 50/100 completed
2026-05-31 02:48:43 |     Sample 60/100 completed
2026-05-31 02:48:43 |     Sample 70/100 completed
2026-05-31 02:48:44 |     Sample 80/100 completed
2026-05-31 02:48:44 |     Sample 90/100 completed
2026-05-31 02:48:45 |     Sample 100/100 completed
2026-05-31 02:48:45 |     Sample 10/100 completed
2026-05-31 02:48:45 |     Sample 20/100 completed
2026-05-31 02:48:46 |     Sample 30/100 completed
2026-05-31 02:48:46 |     Sample 40/100 completed
2026-05-31 02:48:47 |     Sample 50/100 completed
2026-05-31 02:48:47 |     Sample 60/100 completed
2026-05-31 02:48:48 |     Sample 70/100 completed
2026-05-31 02:48:48 |     Sample 80/100 completed
2026-05-31 02:48:49 |     Sample 90/100 completed
2026-05-31 02:48:49 |     Sample 100/100 completed
2026-05-31 02:48:49 |     Sample 10/100 completed
2026-05-31 02:48:50 |     Sample 20/100 completed
2026-05-31 02:48:50 |     Sample 30/100 completed
2026-05-31 02:48:51 |     Sample 40/100 completed
2026-05-31 02:48:51 |     Sample 50/100 completed
2026-05-31 02:48:52 |     Sample 60/100 completed
2026-05-31 02:48:52 |     Sample 70/100 completed
2026-05-31 02:48:52 |     Sample 80/100 completed
2026-05-31 02:48:53 |     Sample 90/100 completed
2026-05-31 02:48:53 |     Sample 100/100 completed
2026-05-31 02:48:54 |     Sample 10/100 completed
2026-05-31 02:48:54 |     Sample 20/100 completed
2026-05-31 02:48:55 |     Sample 30/100 completed
2026-05-31 02:48:55 |     Sample 40/100 completed
2026-05-31 02:48:56 |     Sample 50/100 completed
2026-05-31 02:48:56 |     Sample 60/100 completed
2026-05-31 02:48:56 |     Sample 70/100 completed
2026-05-31 02:48:57 |     Sample 80/100 completed
2026-05-31 02:48:57 |     Sample 90/100 completed
2026-05-31 02:48:58 |     Sample 100/100 completed
2026-05-31 02:48:58 |     Sample 10/100 completed
2026-05-31 02:48:59 |     Sample 20/100 completed
2026-05-31 02:48:59 |     Sample 30/100 completed
2026-05-31 02:49:00 |     Sample 40/100 completed
2026-05-31 02:49:00 |     Sample 50/100 completed
2026-05-31 02:49:00 |     Sample 60/100 completed
2026-05-31 02:49:01 |     Sample 70/100 completed
2026-05-31 02:49:01 |     Sample 80/100 completed
2026-05-31 02:49:02 |     Sample 90/100 completed
2026-05-31 02:49:02 |     Sample 100/100 completed
2026-05-31 02:49:03 |     Sample 10/100 completed
2026-05-31 02:49:03 |     Sample 20/100 completed
2026-05-31 02:49:04 |     Sample 30/100 completed
2026-05-31 02:49:04 |     Sample 40/100 completed
2026-05-31 02:49:04 |     Sample 50/100 completed
2026-05-31 02:49:05 |     Sample 60/100 completed
2026-05-31 02:49:05 |     Sample 70/100 completed
2026-05-31 02:49:06 |     Sample 80/100 completed
2026-05-31 02:49:06 |     Sample 90/100 completed
2026-05-31 02:49:06 |     Sample 100/100 completed
2026-05-31 02:49:07 |     Sample 10/100 completed
2026-05-31 02:49:07 |     Sample 20/100 completed
2026-05-31 02:49:08 |     Sample 30/100 completed
2026-05-31 02:49:08 |     Sample 40/100 completed
2026-05-31 02:49:09 |     Sample 50/100 completed
2026-05-31 02:49:09 |     Sample 60/100 completed
2026-05-31 02:49:10 |     Sample 70/100 completed
2026-05-31 02:49:10 |     Sample 80/100 completed
2026-05-31 02:49:11 |     Sample 90/100 completed
2026-05-31 02:49:11 |     Sample 100/100 completed
2026-05-31 02:49:11 |     Sample 10/100 completed
2026-05-31 02:49:12 |     Sample 20/100 completed
2026-05-31 02:49:12 |     Sample 30/100 completed
2026-05-31 02:49:13 |     Sample 40/100 completed
2026-05-31 02:49:13 |     Sample 50/100 completed
2026-05-31 02:49:14 |     Sample 60/100 completed
2026-05-31 02:49:14 |     Sample 70/100 completed
2026-05-31 02:49:14 |     Sample 80/100 completed
2026-05-31 02:49:15 |     Sample 90/100 completed
2026-05-31 02:49:15 |     Sample 100/100 completed
2026-05-31 02:49:16 |     Sample 10/100 completed
2026-05-31 02:49:16 |     Sample 20/100 completed
2026-05-31 02:49:17 |     Sample 30/100 completed
2026-05-31 02:49:17 |     Sample 40/100 completed
2026-05-31 02:49:17 |     Sample 50/100 completed
2026-05-31 02:49:18 |     Sample 60/100 completed
2026-05-31 02:49:18 |     Sample 70/100 completed
2026-05-31 02:49:19 |     Sample 80/100 completed
2026-05-31 02:49:19 |     Sample 90/100 completed
2026-05-31 02:49:20 |     Sample 100/100 completed
2026-05-31 02:49:20 |     Sample 10/100 completed
2026-05-31 02:49:21 |     Sample 20/100 completed
2026-05-31 02:49:21 |     Sample 30/100 completed
2026-05-31 02:49:21 |     Sample 40/100 completed
2026-05-31 02:49:22 |     Sample 50/100 completed
2026-05-31 02:49:22 |     Sample 60/100 completed
2026-05-31 02:49:23 |     Sample 70/100 completed
2026-05-31 02:49:23 |     Sample 80/100 completed
2026-05-31 02:49:24 |     Sample 90/100 completed
2026-05-31 02:49:24 |     Sample 100/100 completed
2026-05-31 02:49:24 |     Sample 10/100 completed
2026-05-31 02:49:25 |     Sample 20/100 completed
2026-05-31 02:49:25 |     Sample 30/100 completed
2026-05-31 02:49:26 |     Sample 40/100 completed
2026-05-31 02:49:26 |     Sample 50/100 completed
2026-05-31 02:49:26 |     Sample 60/100 completed
2026-05-31 02:49:27 |     Sample 70/100 completed
2026-05-31 02:49:27 |     Sample 80/100 completed
2026-05-31 02:49:28 |     Sample 90/100 completed
2026-05-31 02:49:28 |     Sample 100/100 completed
2026-05-31 02:49:29 |     Sample 10/100 completed
2026-05-31 02:49:29 |     Sample 20/100 completed
2026-05-31 02:49:29 |     Sample 30/100 completed
2026-05-31 02:49:30 |     Sample 40/100 completed
2026-05-31 02:49:30 |     Sample 50/100 completed
2026-05-31 02:49:31 |     Sample 60/100 completed
2026-05-31 02:49:31 |     Sample 70/100 completed
2026-05-31 02:49:32 |     Sample 80/100 completed
2026-05-31 02:49:32 |     Sample 90/100 completed
2026-05-31 02:49:33 |     Sample 100/100 completed
2026-05-31 02:49:33 |     Sample 10/100 completed
2026-05-31 02:49:33 |     Sample 20/100 completed
2026-05-31 02:49:34 |     Sample 30/100 completed
2026-05-31 02:49:34 |     Sample 40/100 completed
2026-05-31 02:49:35 |     Sample 50/100 completed
2026-05-31 02:49:35 |     Sample 60/100 completed
2026-05-31 02:49:36 |     Sample 70/100 completed
2026-05-31 02:49:36 |     Sample 80/100 completed
2026-05-31 02:49:36 |     Sample 90/100 completed
2026-05-31 02:49:37 |     Sample 100/100 completed
2026-05-31 02:49:37 |     Sample 10/100 completed
2026-05-31 02:49:38 |     Sample 20/100 completed
2026-05-31 02:49:38 |     Sample 30/100 completed
2026-05-31 02:49:39 |     Sample 40/100 completed
2026-05-31 02:49:39 |     Sample 50/100 completed
2026-05-31 02:49:39 |     Sample 60/100 completed
2026-05-31 02:49:40 |     Sample 70/100 completed
2026-05-31 02:49:40 |     Sample 80/100 completed
2026-05-31 02:49:41 |     Sample 90/100 completed
2026-05-31 02:49:41 |     Sample 100/100 completed
2026-05-31 02:49:42 |     Sample 10/100 completed
2026-05-31 02:49:42 |     Sample 20/100 completed
2026-05-31 02:49:42 |     Sample 30/100 completed
2026-05-31 02:49:43 |     Sample 40/100 completed
2026-05-31 02:49:43 |     Sample 50/100 completed
2026-05-31 02:49:44 |     Sample 60/100 completed
2026-05-31 02:49:44 |     Sample 70/100 completed
2026-05-31 02:49:45 |     Sample 80/100 completed
2026-05-31 02:49:45 |     Sample 90/100 completed
2026-05-31 02:49:46 |     Sample 100/100 completed
2026-05-31 02:49:46 |     Sample 10/100 completed
2026-05-31 02:49:47 |     Sample 20/100 completed
2026-05-31 02:49:47 |     Sample 30/100 completed
2026-05-31 02:49:47 |     Sample 40/100 completed
2026-05-31 02:49:48 |     Sample 50/100 completed
2026-05-31 02:49:48 |     Sample 60/100 completed
2026-05-31 02:49:49 |     Sample 70/100 completed
2026-05-31 02:49:49 |     Sample 80/100 completed
2026-05-31 02:49:50 |     Sample 90/100 completed
2026-05-31 02:49:50 |     Sample 100/100 completed
2026-05-31 02:49:51 |     Sample 10/100 completed
2026-05-31 02:49:51 |     Sample 20/100 completed
2026-05-31 02:49:51 |     Sample 30/100 completed
2026-05-31 02:49:52 |     Sample 40/100 completed
2026-05-31 02:49:52 |     Sample 50/100 completed
2026-05-31 02:49:53 |     Sample 60/100 completed
2026-05-31 02:49:53 |     Sample 70/100 completed
2026-05-31 02:49:54 |     Sample 80/100 completed
2026-05-31 02:49:54 |     Sample 90/100 completed
2026-05-31 02:49:55 |     Sample 100/100 completed
2026-05-31 02:49:55 |     Sample 10/100 completed
2026-05-31 02:49:55 |     Sample 20/100 completed
2026-05-31 02:49:56 |     Sample 30/100 completed
2026-05-31 02:49:56 |     Sample 40/100 completed
2026-05-31 02:49:57 |     Sample 50/100 completed
2026-05-31 02:49:57 |     Sample 60/100 completed
2026-05-31 02:49:58 |     Sample 70/100 completed
2026-05-31 02:49:58 |     Sample 80/100 completed
2026-05-31 02:49:58 |     Sample 90/100 completed
2026-05-31 02:49:59 |     Sample 100/100 completed
2026-05-31 02:49:59 |     Sample 10/100 completed
2026-05-31 02:50:00 |     Sample 20/100 completed
2026-05-31 02:50:00 |     Sample 30/100 completed
2026-05-31 02:50:01 |     Sample 40/100 completed
2026-05-31 02:50:01 |     Sample 50/100 completed
2026-05-31 02:50:02 |     Sample 60/100 completed
2026-05-31 02:50:02 |     Sample 70/100 completed
2026-05-31 02:50:03 |     Sample 80/100 completed
2026-05-31 02:50:03 |     Sample 90/100 completed
2026-05-31 02:50:03 |     Sample 100/100 completed
2026-05-31 02:50:04 |     Sample 10/100 completed
2026-05-31 02:50:04 |     Sample 20/100 completed
2026-05-31 02:50:05 |     Sample 30/100 completed
2026-05-31 02:50:05 |     Sample 40/100 completed
2026-05-31 02:50:06 |     Sample 50/100 completed
2026-05-31 02:50:06 |     Sample 60/100 completed
2026-05-31 02:50:07 |     Sample 70/100 completed
2026-05-31 02:50:07 |     Sample 80/100 completed
2026-05-31 02:50:07 |     Sample 90/100 completed
2026-05-31 02:50:08 |     Sample 100/100 completed
2026-05-31 02:50:08 |     Sample 10/100 completed
2026-05-31 02:50:09 |     Sample 20/100 completed
2026-05-31 02:50:09 |     Sample 30/100 completed
2026-05-31 02:50:10 |     Sample 40/100 completed
2026-05-31 02:50:10 |     Sample 50/100 completed
2026-05-31 02:50:11 |     Sample 60/100 completed
2026-05-31 02:50:11 |     Sample 70/100 completed
2026-05-31 02:50:11 |     Sample 80/100 completed
2026-05-31 02:50:12 |     Sample 90/100 completed
2026-05-31 02:50:12 |     Sample 100/100 completed
2026-05-31 02:50:13 |     Sample 10/100 completed
2026-05-31 02:50:13 |     Sample 20/100 completed
2026-05-31 02:50:14 |     Sample 30/100 completed
2026-05-31 02:50:14 |     Sample 40/100 completed
2026-05-31 02:50:14 |     Sample 50/100 completed
2026-05-31 02:50:15 |     Sample 60/100 completed
2026-05-31 02:50:15 |     Sample 70/100 completed
2026-05-31 02:50:16 |     Sample 80/100 completed
2026-05-31 02:50:16 |     Sample 90/100 completed
2026-05-31 02:50:16 |     Sample 100/100 completed
2026-05-31 02:50:17 |     Sample 10/100 completed
2026-05-31 02:50:17 |     Sample 20/100 completed
2026-05-31 02:50:18 |     Sample 30/100 completed
2026-05-31 02:50:18 |     Sample 40/100 completed
2026-05-31 02:50:19 |     Sample 50/100 completed
2026-05-31 02:50:19 |     Sample 60/100 completed
2026-05-31 02:50:20 |     Sample 70/100 completed
2026-05-31 02:50:20 |     Sample 80/100 completed
2026-05-31 02:50:20 |     Sample 90/100 completed
2026-05-31 02:50:21 |     Sample 100/100 completed
2026-05-31 02:50:21 |     Sample 10/100 completed
2026-05-31 02:50:22 |     Sample 20/100 completed
2026-05-31 02:50:22 |     Sample 30/100 completed
2026-05-31 02:50:23 |     Sample 40/100 completed
2026-05-31 02:50:23 |     Sample 50/100 completed
2026-05-31 02:50:23 |     Sample 60/100 completed
2026-05-31 02:50:24 |     Sample 70/100 completed
2026-05-31 02:50:24 |     Sample 80/100 completed
2026-05-31 02:50:25 |     Sample 90/100 completed
2026-05-31 02:50:25 |     Sample 100/100 completed
2026-05-31 02:50:26 |     Sample 10/100 completed
2026-05-31 02:50:26 |     Sample 20/100 completed
2026-05-31 02:50:26 |     Sample 30/100 completed
2026-05-31 02:50:27 |     Sample 40/100 completed
2026-05-31 02:50:27 |     Sample 50/100 completed
2026-05-31 02:50:28 |     Sample 60/100 completed
2026-05-31 02:50:28 |     Sample 70/100 completed
2026-05-31 02:50:29 |     Sample 80/100 completed
2026-05-31 02:50:29 |     Sample 90/100 completed
2026-05-31 02:50:29 |     Sample 100/100 completed
2026-05-31 02:50:30 |     Sample 10/100 completed
2026-05-31 02:50:30 |     Sample 20/100 completed
2026-05-31 02:50:31 |     Sample 30/100 completed
2026-05-31 02:50:31 |     Sample 40/100 completed
2026-05-31 02:50:32 |     Sample 50/100 completed
2026-05-31 02:50:32 |     Sample 60/100 completed
2026-05-31 02:50:33 |     Sample 70/100 completed
2026-05-31 02:50:33 |     Sample 80/100 completed
2026-05-31 02:50:33 |     Sample 90/100 completed
2026-05-31 02:50:34 |     Sample 100/100 completed
2026-05-31 02:50:34 |     Sample 10/100 completed
2026-05-31 02:50:35 |     Sample 20/100 completed
2026-05-31 02:50:35 |     Sample 30/100 completed
2026-05-31 02:50:36 |     Sample 40/100 completed
2026-05-31 02:50:36 |     Sample 50/100 completed
2026-05-31 02:50:36 |     Sample 60/100 completed
2026-05-31 02:50:37 |     Sample 70/100 completed
2026-05-31 02:50:37 |     Sample 80/100 completed
2026-05-31 02:50:38 |     Sample 90/100 completed
2026-05-31 02:50:38 |     Sample 100/100 completed
2026-05-31 02:50:39 |     Sample 10/100 completed
2026-05-31 02:50:39 |     Sample 20/100 completed
2026-05-31 02:50:39 |     Sample 30/100 completed
2026-05-31 02:50:40 |     Sample 40/100 completed
2026-05-31 02:50:40 |     Sample 50/100 completed
2026-05-31 02:50:41 |     Sample 60/100 completed
2026-05-31 02:50:41 |     Sample 70/100 completed
2026-05-31 02:50:42 |     Sample 80/100 completed
2026-05-31 02:50:42 |     Sample 90/100 completed
2026-05-31 02:50:43 |     Sample 100/100 completed
2026-05-31 02:50:43 |     Sample 10/100 completed
2026-05-31 02:50:43 |     Sample 20/100 completed
2026-05-31 02:50:44 |     Sample 30/100 completed
2026-05-31 02:50:44 |     Sample 40/100 completed
2026-05-31 02:50:45 |     Sample 50/100 completed
2026-05-31 02:50:45 |     Sample 60/100 completed
2026-05-31 02:50:46 |     Sample 70/100 completed
2026-05-31 02:50:46 |     Sample 80/100 completed
2026-05-31 02:50:46 |     Sample 90/100 completed
2026-05-31 02:50:47 |     Sample 100/100 completed
2026-05-31 02:50:47 |     Sample 10/100 completed
2026-05-31 02:50:48 |     Sample 20/100 completed
2026-05-31 02:50:48 |     Sample 30/100 completed
2026-05-31 02:50:49 |     Sample 40/100 completed
2026-05-31 02:50:49 |     Sample 50/100 completed
2026-05-31 02:50:50 |     Sample 60/100 completed
2026-05-31 02:50:50 |     Sample 70/100 completed
2026-05-31 02:50:50 |     Sample 80/100 completed
2026-05-31 02:50:51 |     Sample 90/100 completed
2026-05-31 02:50:51 |     Sample 100/100 completed
2026-05-31 02:50:52 |     Sample 10/100 completed
2026-05-31 02:50:52 |     Sample 20/100 completed
2026-05-31 02:50:53 |     Sample 30/100 completed
2026-05-31 02:50:53 |     Sample 40/100 completed
2026-05-31 02:50:54 |     Sample 50/100 completed
2026-05-31 02:50:54 |     Sample 60/100 completed
2026-05-31 02:50:54 |     Sample 70/100 completed
2026-05-31 02:50:55 |     Sample 80/100 completed
2026-05-31 02:50:55 |     Sample 90/100 completed
2026-05-31 02:50:56 |     Sample 100/100 completed
2026-05-31 02:50:56 |     Sample 10/100 completed
2026-05-31 02:50:57 |     Sample 20/100 completed
2026-05-31 02:50:57 |     Sample 30/100 completed
2026-05-31 02:50:57 |     Sample 40/100 completed
2026-05-31 02:50:58 |     Sample 50/100 completed
2026-05-31 02:50:58 |     Sample 60/100 completed
2026-05-31 02:50:59 |     Sample 70/100 completed
2026-05-31 02:50:59 |     Sample 80/100 completed
2026-05-31 02:50:59 |     Sample 90/100 completed
2026-05-31 02:51:00 |     Sample 100/100 completed
2026-05-31 02:51:00 |     Sample 10/100 completed
2026-05-31 02:51:01 |     Sample 20/100 completed
2026-05-31 02:51:01 |     Sample 30/100 completed
2026-05-31 02:51:02 |     Sample 40/100 completed
2026-05-31 02:51:02 |     Sample 50/100 completed
2026-05-31 02:51:02 |     Sample 60/100 completed
2026-05-31 02:51:03 |     Sample 70/100 completed
2026-05-31 02:51:03 |     Sample 80/100 completed
2026-05-31 02:51:04 |     Sample 90/100 completed
2026-05-31 02:51:04 |     Sample 100/100 completed
2026-05-31 02:51:05 |     Sample 10/100 completed
2026-05-31 02:51:05 |     Sample 20/100 completed
2026-05-31 02:51:05 |     Sample 30/100 completed
2026-05-31 02:51:06 |     Sample 40/100 completed
2026-05-31 02:51:06 |     Sample 50/100 completed
2026-05-31 02:51:07 |     Sample 60/100 completed
2026-05-31 02:51:07 |     Sample 70/100 completed
2026-05-31 02:51:08 |     Sample 80/100 completed
2026-05-31 02:51:08 |     Sample 90/100 completed
2026-05-31 02:51:09 |     Sample 100/100 completed
2026-05-31 02:51:09 |     Sample 10/100 completed
2026-05-31 02:51:09 |     Sample 20/100 completed
2026-05-31 02:51:10 |     Sample 30/100 completed
2026-05-31 02:51:10 |     Sample 40/100 completed
2026-05-31 02:51:11 |     Sample 50/100 completed
2026-05-31 02:51:11 |     Sample 60/100 completed
2026-05-31 02:51:12 |     Sample 70/100 completed
2026-05-31 02:51:12 |     Sample 80/100 completed
2026-05-31 02:51:13 |     Sample 90/100 completed
2026-05-31 02:51:13 |     Sample 100/100 completed
2026-05-31 02:51:14 |     Sample 10/100 completed
2026-05-31 02:51:14 |     Sample 20/100 completed
2026-05-31 02:51:14 |     Sample 30/100 completed
2026-05-31 02:51:15 |     Sample 40/100 completed
2026-05-31 02:51:15 |     Sample 50/100 completed
2026-05-31 02:51:16 |     Sample 60/100 completed
2026-05-31 02:51:16 |     Sample 70/100 completed
2026-05-31 02:51:16 |     Sample 80/100 completed
2026-05-31 02:51:17 |     Sample 90/100 completed
2026-05-31 02:51:17 |     Sample 100/100 completed
2026-05-31 02:51:18 |     Sample 10/100 completed
2026-05-31 02:51:18 |     Sample 20/100 completed
2026-05-31 02:51:19 |     Sample 30/100 completed
2026-05-31 02:51:19 |     Sample 40/100 completed
2026-05-31 02:51:20 |     Sample 50/100 completed
2026-05-31 02:51:20 |     Sample 60/100 completed
2026-05-31 02:51:20 |     Sample 70/100 completed
2026-05-31 02:51:21 |     Sample 80/100 completed
2026-05-31 02:51:21 |     Sample 90/100 completed
2026-05-31 02:51:22 |     Sample 100/100 completed
2026-05-31 02:51:22 |     Sample 10/100 completed
2026-05-31 02:51:23 |     Sample 20/100 completed
2026-05-31 02:51:23 |     Sample 30/100 completed
2026-05-31 02:51:24 |     Sample 40/100 completed
2026-05-31 02:51:24 |     Sample 50/100 completed
2026-05-31 02:51:24 |     Sample 60/100 completed
2026-05-31 02:51:25 |     Sample 70/100 completed
2026-05-31 02:51:25 |     Sample 80/100 completed
2026-05-31 02:51:26 |     Sample 90/100 completed
2026-05-31 02:51:26 |     Sample 100/100 completed
2026-05-31 02:51:27 |     Sample 10/100 completed
2026-05-31 02:51:27 |     Sample 20/100 completed
2026-05-31 02:51:27 |     Sample 30/100 completed
2026-05-31 02:51:28 |     Sample 40/100 completed
2026-05-31 02:51:28 |     Sample 50/100 completed
2026-05-31 02:51:29 |     Sample 60/100 completed
2026-05-31 02:51:29 |     Sample 70/100 completed
2026-05-31 02:51:30 |     Sample 80/100 completed
2026-05-31 02:51:30 |     Sample 90/100 completed
2026-05-31 02:51:30 |     Sample 100/100 completed
2026-05-31 02:51:31 |     Sample 10/100 completed
2026-05-31 02:51:31 |     Sample 20/100 completed
2026-05-31 02:51:32 |     Sample 30/100 completed
2026-05-31 02:51:32 |     Sample 40/100 completed
2026-05-31 02:51:33 |     Sample 50/100 completed
2026-05-31 02:51:33 |     Sample 60/100 completed
2026-05-31 02:51:34 |     Sample 70/100 completed
2026-05-31 02:51:34 |     Sample 80/100 completed
2026-05-31 02:51:34 |     Sample 90/100 completed
2026-05-31 02:51:35 |     Sample 100/100 completed
2026-05-31 02:51:35 |     Sample 10/100 completed
2026-05-31 02:51:36 |     Sample 20/100 completed
2026-05-31 02:51:36 |     Sample 30/100 completed
2026-05-31 02:51:37 |     Sample 40/100 completed
2026-05-31 02:51:37 |     Sample 50/100 completed
2026-05-31 02:51:38 |     Sample 60/100 completed
2026-05-31 02:51:38 |     Sample 70/100 completed
2026-05-31 02:51:38 |     Sample 80/100 completed
2026-05-31 02:51:39 |     Sample 90/100 completed
2026-05-31 02:51:39 |     Sample 100/100 completed
2026-05-31 02:51:40 |     Sample 10/100 completed
2026-05-31 02:51:40 |     Sample 20/100 completed
2026-05-31 02:51:41 |     Sample 30/100 completed
2026-05-31 02:51:41 |     Sample 40/100 completed
2026-05-31 02:51:41 |     Sample 50/100 completed
2026-05-31 02:51:42 |     Sample 60/100 completed
2026-05-31 02:51:42 |     Sample 70/100 completed
2026-05-31 02:51:43 |     Sample 80/100 completed
2026-05-31 02:51:43 |     Sample 90/100 completed
2026-05-31 02:51:44 |     Sample 100/100 completed
2026-05-31 02:51:44 |     Sample 10/100 completed
2026-05-31 02:51:44 |     Sample 20/100 completed
2026-05-31 02:51:45 |     Sample 30/100 completed
2026-05-31 02:51:45 |     Sample 40/100 completed
2026-05-31 02:51:46 |     Sample 50/100 completed
2026-05-31 02:51:46 |     Sample 60/100 completed
2026-05-31 02:51:47 |     Sample 70/100 completed
2026-05-31 02:51:47 |     Sample 80/100 completed
2026-05-31 02:51:48 |     Sample 90/100 completed
2026-05-31 02:51:48 |     Sample 100/100 completed
2026-05-31 02:51:48 |     Sample 10/100 completed
2026-05-31 02:51:49 |     Sample 20/100 completed
2026-05-31 02:51:49 |     Sample 30/100 completed
2026-05-31 02:51:50 |     Sample 40/100 completed
2026-05-31 02:51:50 |     Sample 50/100 completed
2026-05-31 02:51:51 |     Sample 60/100 completed
2026-05-31 02:51:51 |     Sample 70/100 completed
2026-05-31 02:51:52 |     Sample 80/100 completed
2026-05-31 02:51:52 |     Sample 90/100 completed
2026-05-31 02:51:53 |     Sample 100/100 completed
2026-05-31 02:51:53 |     Sample 10/100 completed
2026-05-31 02:51:53 |     Sample 20/100 completed
2026-05-31 02:51:54 |     Sample 30/100 completed
2026-05-31 02:51:54 |     Sample 40/100 completed
2026-05-31 02:51:55 |     Sample 50/100 completed
2026-05-31 02:51:55 |     Sample 60/100 completed
2026-05-31 02:51:56 |     Sample 70/100 completed
2026-05-31 02:51:56 |     Sample 80/100 completed
2026-05-31 02:51:57 |     Sample 90/100 completed
2026-05-31 02:51:57 |     Sample 100/100 completed
2026-05-31 02:51:57 |     Sample 10/100 completed
2026-05-31 02:51:58 |     Sample 20/100 completed
2026-05-31 02:51:58 |     Sample 30/100 completed
2026-05-31 02:51:59 |     Sample 40/100 completed
2026-05-31 02:51:59 |     Sample 50/100 completed
2026-05-31 02:52:00 |     Sample 60/100 completed
2026-05-31 02:52:00 |     Sample 70/100 completed
2026-05-31 02:52:00 |     Sample 80/100 completed
2026-05-31 02:52:01 |     Sample 90/100 completed
2026-05-31 02:52:01 |     Sample 100/100 completed
2026-05-31 02:52:02 |     Sample 10/100 completed
2026-05-31 02:52:02 |     Sample 20/100 completed
2026-05-31 02:52:03 |     Sample 30/100 completed
2026-05-31 02:52:03 |     Sample 40/100 completed
2026-05-31 02:52:03 |     Sample 50/100 completed
2026-05-31 02:52:04 |     Sample 60/100 completed
2026-05-31 02:52:04 |     Sample 70/100 completed
2026-05-31 02:52:05 |     Sample 80/100 completed
2026-05-31 02:52:05 |     Sample 90/100 completed
2026-05-31 02:52:06 |     Sample 100/100 completed
2026-05-31 02:52:06 |     Sample 10/100 completed
2026-05-31 02:52:07 |     Sample 20/100 completed
2026-05-31 02:52:07 |     Sample 30/100 completed
2026-05-31 02:52:07 |     Sample 40/100 completed
2026-05-31 02:52:08 |     Sample 50/100 completed
2026-05-31 02:52:08 |     Sample 60/100 completed
2026-05-31 02:52:09 |     Sample 70/100 completed
2026-05-31 02:52:09 |     Sample 80/100 completed
2026-05-31 02:52:10 |     Sample 90/100 completed
2026-05-31 02:52:10 |     Sample 100/100 completed
2026-05-31 02:52:10 |     Sample 10/100 completed
2026-05-31 02:52:11 |     Sample 20/100 completed
2026-05-31 02:52:11 |     Sample 30/100 completed
2026-05-31 02:52:12 |     Sample 40/100 completed
2026-05-31 02:52:12 |     Sample 50/100 completed
2026-05-31 02:52:13 |     Sample 60/100 completed
2026-05-31 02:52:13 |     Sample 70/100 completed
2026-05-31 02:52:13 |     Sample 80/100 completed
2026-05-31 02:52:14 |     Sample 90/100 completed
2026-05-31 02:52:14 |     Sample 100/100 completed
2026-05-31 02:52:15 |     Sample 10/100 completed
2026-05-31 02:52:15 |     Sample 20/100 completed
2026-05-31 02:52:16 |     Sample 30/100 completed
2026-05-31 02:52:16 |     Sample 40/100 completed
2026-05-31 02:52:17 |     Sample 50/100 completed
2026-05-31 02:52:17 |     Sample 60/100 completed
2026-05-31 02:52:17 |     Sample 70/100 completed
2026-05-31 02:52:18 |     Sample 80/100 completed
2026-05-31 02:52:18 |     Sample 90/100 completed
2026-05-31 02:52:19 |     Sample 100/100 completed
2026-05-31 02:52:19 |     Sample 10/100 completed
2026-05-31 02:52:20 |     Sample 20/100 completed
2026-05-31 02:52:20 |     Sample 30/100 completed
2026-05-31 02:52:21 |     Sample 40/100 completed
2026-05-31 02:52:21 |     Sample 50/100 completed
2026-05-31 02:52:21 |     Sample 60/100 completed
2026-05-31 02:52:22 |     Sample 70/100 completed
2026-05-31 02:52:22 |     Sample 80/100 completed
2026-05-31 02:52:23 |     Sample 90/100 completed
2026-05-31 02:52:23 |     Sample 100/100 completed
2026-05-31 02:52:24 |     Sample 10/100 completed
2026-05-31 02:52:24 |     Sample 20/100 completed
2026-05-31 02:52:24 |     Sample 30/100 completed
2026-05-31 02:52:25 |     Sample 40/100 completed
2026-05-31 02:52:25 |     Sample 50/100 completed
2026-05-31 02:52:26 |     Sample 60/100 completed
2026-05-31 02:52:26 |     Sample 70/100 completed
2026-05-31 02:52:27 |     Sample 80/100 completed
2026-05-31 02:52:27 |     Sample 90/100 completed
2026-05-31 02:52:27 |     Sample 100/100 completed
2026-05-31 02:52:28 |     Sample 10/100 completed
2026-05-31 02:52:28 |     Sample 20/100 completed
2026-05-31 02:52:29 |     Sample 30/100 completed
2026-05-31 02:52:29 |     Sample 40/100 completed
2026-05-31 02:52:30 |     Sample 50/100 completed
2026-05-31 02:52:30 |     Sample 60/100 completed
2026-05-31 02:52:31 |     Sample 70/100 completed
2026-05-31 02:52:31 |     Sample 80/100 completed
2026-05-31 02:52:32 |     Sample 90/100 completed
2026-05-31 02:52:32 |     Sample 100/100 completed
2026-05-31 02:52:32 |     Sample 10/100 completed
2026-05-31 02:52:33 |     Sample 20/100 completed
2026-05-31 02:52:33 |     Sample 30/100 completed
2026-05-31 02:52:34 |     Sample 40/100 completed
2026-05-31 02:52:34 |     Sample 50/100 completed
2026-05-31 02:52:35 |     Sample 60/100 completed
2026-05-31 02:52:35 |     Sample 70/100 completed
2026-05-31 02:52:35 |     Sample 80/100 completed
2026-05-31 02:52:36 |     Sample 90/100 completed
2026-05-31 02:52:36 |     Sample 100/100 completed
2026-05-31 02:52:37 |     Sample 10/100 completed
2026-05-31 02:52:37 |     Sample 20/100 completed
2026-05-31 02:52:38 |     Sample 30/100 completed
2026-05-31 02:52:38 |     Sample 40/100 completed
2026-05-31 02:52:39 |     Sample 50/100 completed
2026-05-31 02:52:39 |     Sample 60/100 completed
2026-05-31 02:52:40 |     Sample 70/100 completed
2026-05-31 02:52:40 |     Sample 80/100 completed
2026-05-31 02:52:40 |     Sample 90/100 completed
2026-05-31 02:52:41 |     Sample 100/100 completed
2026-05-31 02:52:41 |     Sample 10/100 completed
2026-05-31 02:52:42 |     Sample 20/100 completed
2026-05-31 02:52:42 |     Sample 30/100 completed
2026-05-31 02:52:43 |     Sample 40/100 completed
2026-05-31 02:52:43 |     Sample 50/100 completed
2026-05-31 02:52:44 |     Sample 60/100 completed
2026-05-31 02:52:44 |     Sample 70/100 completed
2026-05-31 02:52:44 |     Sample 80/100 completed
2026-05-31 02:52:45 |     Sample 90/100 completed
2026-05-31 02:52:45 |     Sample 100/100 completed
2026-05-31 02:52:46 |     Sample 10/100 completed
2026-05-31 02:52:46 |     Sample 20/100 completed
2026-05-31 02:52:47 |     Sample 30/100 completed
2026-05-31 02:52:47 |     Sample 40/100 completed
2026-05-31 02:52:48 |     Sample 50/100 completed
2026-05-31 02:52:48 |     Sample 60/100 completed
2026-05-31 02:52:48 |     Sample 70/100 completed
2026-05-31 02:52:49 |     Sample 80/100 completed
2026-05-31 02:52:49 |     Sample 90/100 completed
2026-05-31 02:52:50 |     Sample 100/100 completed
2026-05-31 02:52:50 |     Sample 10/100 completed
2026-05-31 02:52:51 |     Sample 20/100 completed
2026-05-31 02:52:51 |     Sample 30/100 completed
2026-05-31 02:52:52 |     Sample 40/100 completed
2026-05-31 02:52:52 |     Sample 50/100 completed
2026-05-31 02:52:52 |     Sample 60/100 completed
2026-05-31 02:52:53 |     Sample 70/100 completed
2026-05-31 02:52:53 |     Sample 80/100 completed
2026-05-31 02:52:54 |     Sample 90/100 completed
2026-05-31 02:52:54 |     Sample 100/100 completed
2026-05-31 02:52:55 |     Sample 10/100 completed
2026-05-31 02:52:55 |     Sample 20/100 completed
2026-05-31 02:52:56 |     Sample 30/100 completed
2026-05-31 02:52:56 |     Sample 40/100 completed
2026-05-31 02:52:56 |     Sample 50/100 completed
2026-05-31 02:52:57 |     Sample 60/100 completed
2026-05-31 02:52:57 |     Sample 70/100 completed
2026-05-31 02:52:58 |     Sample 80/100 completed
2026-05-31 02:52:58 |     Sample 90/100 completed
2026-05-31 02:52:59 |     Sample 100/100 completed
2026-05-31 02:52:59 |     Sample 10/100 completed
2026-05-31 02:53:00 |     Sample 20/100 completed
2026-05-31 02:53:00 |     Sample 30/100 completed
2026-05-31 02:53:00 |     Sample 40/100 completed
2026-05-31 02:53:01 |     Sample 50/100 completed
2026-05-31 02:53:01 |     Sample 60/100 completed
2026-05-31 02:53:02 |     Sample 70/100 completed
2026-05-31 02:53:02 |     Sample 80/100 completed
2026-05-31 02:53:03 |     Sample 90/100 completed
2026-05-31 02:53:03 |     Sample 100/100 completed
2026-05-31 02:53:04 |     Sample 10/100 completed
2026-05-31 02:53:04 |     Sample 20/100 completed
2026-05-31 02:53:04 |     Sample 30/100 completed
2026-05-31 02:53:05 |     Sample 40/100 completed
2026-05-31 02:53:05 |     Sample 50/100 completed
2026-05-31 02:53:06 |     Sample 60/100 completed
2026-05-31 02:53:06 |     Sample 70/100 completed
2026-05-31 02:53:07 |     Sample 80/100 completed
2026-05-31 02:53:07 |     Sample 90/100 completed
2026-05-31 02:53:08 |     Sample 100/100 completed
2026-05-31 02:53:08 |     Sample 10/100 completed
2026-05-31 02:53:08 |     Sample 20/100 completed
2026-05-31 02:53:09 |     Sample 30/100 completed
2026-05-31 02:53:09 |     Sample 40/100 completed
2026-05-31 02:53:10 |     Sample 50/100 completed
2026-05-31 02:53:10 |     Sample 60/100 completed
2026-05-31 02:53:11 |     Sample 70/100 completed
2026-05-31 02:53:11 |     Sample 80/100 completed
2026-05-31 02:53:12 |     Sample 90/100 completed
2026-05-31 02:53:12 |     Sample 100/100 completed
2026-05-31 02:53:13 |     Sample 10/100 completed
2026-05-31 02:53:13 |     Sample 20/100 completed
2026-05-31 02:53:13 |     Sample 30/100 completed
2026-05-31 02:53:14 |     Sample 40/100 completed
2026-05-31 02:53:14 |     Sample 50/100 completed
2026-05-31 02:53:15 |     Sample 60/100 completed
2026-05-31 02:53:15 |     Sample 70/100 completed
2026-05-31 02:53:16 |     Sample 80/100 completed
2026-05-31 02:53:16 |     Sample 90/100 completed
2026-05-31 02:53:17 |     Sample 100/100 completed
2026-05-31 02:53:17 |     Sample 10/100 completed
2026-05-31 02:53:17 |     Sample 20/100 completed
2026-05-31 02:53:18 |     Sample 30/100 completed
2026-05-31 02:53:18 |     Sample 40/100 completed
2026-05-31 02:53:19 |     Sample 50/100 completed
2026-05-31 02:53:19 |     Sample 60/100 completed
2026-05-31 02:53:20 |     Sample 70/100 completed
2026-05-31 02:53:20 |     Sample 80/100 completed
2026-05-31 02:53:20 |     Sample 90/100 completed
2026-05-31 02:53:21 |     Sample 100/100 completed
2026-05-31 02:53:21 |     Sample 10/100 completed
2026-05-31 02:53:22 |     Sample 20/100 completed
2026-05-31 02:53:22 |     Sample 30/100 completed
2026-05-31 02:53:23 |     Sample 40/100 completed
2026-05-31 02:53:23 |     Sample 50/100 completed
2026-05-31 02:53:23 |     Sample 60/100 completed
2026-05-31 02:53:24 |     Sample 70/100 completed
2026-05-31 02:53:24 |     Sample 80/100 completed
2026-05-31 02:53:25 |     Sample 90/100 completed
2026-05-31 02:53:25 |     Sample 100/100 completed
2026-05-31 02:53:26 |     Sample 10/100 completed
2026-05-31 02:53:26 |     Sample 20/100 completed
2026-05-31 02:53:26 |     Sample 30/100 completed
2026-05-31 02:53:27 |     Sample 40/100 completed
2026-05-31 02:53:27 |     Sample 50/100 completed
2026-05-31 02:53:28 |     Sample 60/100 completed
2026-05-31 02:53:28 |     Sample 70/100 completed
2026-05-31 02:53:29 |     Sample 80/100 completed
2026-05-31 02:53:29 |     Sample 90/100 completed
2026-05-31 02:53:29 |     Sample 100/100 completed
2026-05-31 02:53:30 |     Sample 10/100 completed
2026-05-31 02:53:30 |     Sample 20/100 completed
2026-05-31 02:53:31 |     Sample 30/100 completed
2026-05-31 02:53:31 |     Sample 40/100 completed
2026-05-31 02:53:32 |     Sample 50/100 completed
2026-05-31 02:53:32 |     Sample 60/100 completed
2026-05-31 02:53:33 |     Sample 70/100 completed
2026-05-31 02:53:33 |     Sample 80/100 completed
2026-05-31 02:53:33 |     Sample 90/100 completed
2026-05-31 02:53:34 |     Sample 100/100 completed
2026-05-31 02:53:34 |     Sample 10/100 completed
2026-05-31 02:53:35 |     Sample 20/100 completed
2026-05-31 02:53:35 |     Sample 30/100 completed
2026-05-31 02:53:36 |     Sample 40/100 completed
2026-05-31 02:53:36 |     Sample 50/100 completed
2026-05-31 02:53:36 |     Sample 60/100 completed
2026-05-31 02:53:37 |     Sample 70/100 completed
2026-05-31 02:53:37 |     Sample 80/100 completed
2026-05-31 02:53:38 |     Sample 90/100 completed
2026-05-31 02:53:38 |     Sample 100/100 completed
2026-05-31 02:53:38 | Completed all 100 instances
2026-05-31 02:53:38 |   [Progress: 9/10] LGBM + TRUE - CausalShapley
2026-05-31 04:00:15 |   [Progress: 10/10] LGBM + TRUE - ShapleyFlow
2026-05-31 04:00:15 |     → ShapleyFlowWrapper: 51 features, 316 edges, 3 sources
2026-05-31 04:00:15 |     → Computing Shapley Flow for 100 instances...
2026-05-31 04:00:15 |     → Instance 1/100
2026-05-31 04:00:15 |     → ShapleyFlow (MC Edge Permutation): 316 edges, 100 trials
2026-05-31 04:00:15 |     → ShapleyFlow (MC Permutation): 316 edges, 100 trials = 31,700 model calls
2026-05-31 04:00:15 |     → Trial 1/100 completed (317 evaluations)
2026-05-31 04:00:17 |     → Trial 10/100 completed (317 evaluations)
2026-05-31 04:00:18 |     → Trial 20/100 completed (317 evaluations)
2026-05-31 04:00:20 |     → Trial 30/100 completed (317 evaluations)
2026-05-31 04:00:21 |     → Trial 40/100 completed (317 evaluations)
2026-05-31 04:00:23 |     → Trial 50/100 completed (317 evaluations)
2026-05-31 04:00:25 |     → Trial 60/100 completed (317 evaluations)
2026-05-31 04:00:26 |     → Trial 70/100 completed (317 evaluations)
2026-05-31 04:00:28 |     → Trial 80/100 completed (317 evaluations)
2026-05-31 04:00:29 |     → Trial 90/100 completed (317 evaluations)
2026-05-31 04:00:31 |     → Trial 100/100 completed (317 evaluations)
2026-05-31 04:00:31 |  Total edge attributions: 10.225744
2026-05-31 04:00:31 |  Expected (f(x) - f(x')) : 10.225744
2026-05-31 04:00:31 |  Difference: 7.105427357601002e-15 using 100 samples to calculate f(x) and f(x')
2026-05-31 04:00:31 |  Relative error: 0.0000
2026-05-31 04:00:31 |     → Instance 2/100
2026-05-31 04:00:31 |     → ShapleyFlow (MC Edge Permutation): 316 edges, 100 trials
2026-05-31 04:00:31 |     → ShapleyFlow (MC Permutation): 316 edges, 100 trials = 31,700 model calls
2026-05-31 04:00:31 |     → Trial 1/100 completed (317 evaluations)
2026-05-31 04:00:32 |     → Trial 10/100 completed (317 evaluations)
2026-05-31 04:00:34 |     → Trial 20/100 completed (317 evaluations)
2026-05-31 04:00:35 |     → Trial 30/100 completed (317 evaluations)
2026-05-31 04:00:37 |     → Trial 40/100 completed (317 evaluations)
2026-05-31 04:00:39 |     → Trial 50/100 completed (317 evaluations)
2026-05-31 04:00:40 |     → Trial 60/100 completed (317 evaluations)
2026-05-31 04:00:42 |     → Trial 70/100 completed (317 evaluations)
2026-05-31 04:00:43 |     → Trial 80/100 completed (317 evaluations)
2026-05-31 04:00:45 |     → Trial 90/100 completed (317 evaluations)
2026-05-31 04:00:46 |     → Trial 100/100 completed (317 evaluations)
2026-05-31 04:00:46 |  Total edge attributions: 3.347440
2026-05-31 04:00:46 |  Expected (f(x) - f(x')) : 3.347440
2026-05-31 04:00:46 |  Difference: 4.884981308350689e-15 using 100 samples to calculate f(x) and f(x')
2026-05-31 04:00:46 |  Relative error: 0.0000
2026-05-31 04:00:46 |     → Instance 3/100
2026-05-31 04:00:46 |     → ShapleyFlow (MC Edge Permutation): 316 edges, 100 trials
2026-05-31 04:00:46 |     → ShapleyFlow (MC Permutation): 316 edges, 100 trials = 31,700 model calls
2026-05-31 04:00:47 |     → Trial 1/100 completed (317 evaluations)
2026-05-31 04:00:48 |     → Trial 10/100 completed (317 evaluations)
2026-05-31 04:00:50 |     → Trial 20/100 completed (317 evaluations)
2026-05-31 04:00:51 |     → Trial 30/100 completed (317 evaluations)
2026-05-31 04:00:53 |     → Trial 40/100 completed (317 evaluations)
2026-05-31 04:00:54 |     → Trial 50/100 completed (317 evaluations)
2026-05-31 04:00:56 |     → Trial 60/100 completed (317 evaluations)
2026-05-31 04:00:57 |     → Trial 70/100 completed (317 evaluations)
2026-05-31 04:00:59 |     → Trial 80/100 completed (317 evaluations)
2026-05-31 04:01:00 |     → Trial 90/100 completed (317 evaluations)
2026-05-31 04:01:02 |     → Trial 100/100 completed (317 evaluations)
2026-05-31 04:01:02 |  Total edge attributions: -14.489897
2026-05-31 04:01:02 |  Expected (f(x) - f(x')) : -14.489897
2026-05-31 04:01:02 |  Difference: 1.0658141036401503e-14 using 100 samples to calculate f(x) and f(x')
2026-05-31 04:01:02 |  Relative error: 0.0000
2026-05-31 04:01:02 |     → Instance 4/100
2026-05-31 04:01:02 |     → ShapleyFlow (MC Edge Permutation): 316 edges, 100 trials
2026-05-31 04:01:02 |     → ShapleyFlow (MC Permutation): 316 edges, 100 trials = 31,700 model calls
2026-05-31 04:01:02 |     → Trial 1/100 completed (317 evaluations)
2026-05-31 04:01:04 |     → Trial 10/100 completed (317 evaluations)
2026-05-31 04:01:05 |     → Trial 20/100 completed (317 evaluations)
2026-05-31 04:01:07 |     → Trial 30/100 completed (317 evaluations)
2026-05-31 04:01:08 |     → Trial 40/100 completed (317 evaluations)
2026-05-31 04:01:10 |     → Trial 50/100 completed (317 evaluations)
2026-05-31 04:01:12 |     → Trial 60/100 completed (317 evaluations)
2026-05-31 04:01:13 |     → Trial 70/100 completed (317 evaluations)
2026-05-31 04:01:15 |     → Trial 80/100 completed (317 evaluations)
2026-05-31 04:01:16 |     → Trial 90/100 completed (317 evaluations)
2026-05-31 04:01:18 |     → Trial 100/100 completed (317 evaluations)
2026-05-31 04:01:18 |  Total edge attributions: -23.323882
2026-05-31 04:01:18 |  Expected (f(x) - f(x')) : -23.323882
2026-05-31 04:01:18 |  Difference: 2.1316282072803006e-14 using 100 samples to calculate f(x) and f(x')
2026-05-31 04:01:18 |  Relative error: 0.0000
2026-05-31 04:01:18 |     → Instance 5/100
2026-05-31 04:01:18 |     → ShapleyFlow (MC Edge Permutation): 316 edges, 100 trials
2026-05-31 04:01:18 |     → ShapleyFlow (MC Permutation): 316 edges, 100 trials = 31,700 model calls
2026-05-31 04:01:18 |     → Trial 1/100 completed (317 evaluations)
2026-05-31 04:01:19 |     → Trial 10/100 completed (317 evaluations)
2026-05-31 04:01:21 |     → Trial 20/100 completed (317 evaluations)
2026-05-31 04:01:23 |     → Trial 30/100 completed (317 evaluations)
2026-05-31 04:01:24 |     → Trial 40/100 completed (317 evaluations)
2026-05-31 04:01:26 |     → Trial 50/100 completed (317 evaluations)
2026-05-31 04:01:27 |     → Trial 60/100 completed (317 evaluations)
2026-05-31 04:01:29 |     → Trial 70/100 completed (317 evaluations)
2026-05-31 04:01:30 |     → Trial 80/100 completed (317 evaluations)
2026-05-31 04:01:32 |     → Trial 90/100 completed (317 evaluations)
2026-05-31 04:01:34 |     → Trial 100/100 completed (317 evaluations)
2026-05-31 04:01:34 |  Total edge attributions: -4.664669
2026-05-31 04:01:34 |  Expected (f(x) - f(x')) : -4.664669
2026-05-31 04:01:34 |  Difference: 8.881784197001252e-16 using 100 samples to calculate f(x) and f(x')
2026-05-31 04:01:34 |  Relative error: 0.0000
2026-05-31 04:01:34 |     → Instance 6/100
2026-05-31 04:01:34 |     → ShapleyFlow (MC Edge Permutation): 316 edges, 100 trials
2026-05-31 04:01:34 |     → ShapleyFlow (MC Permutation): 316 edges, 100 trials = 31,700 model calls
2026-05-31 04:01:34 |     → Trial 1/100 completed (317 evaluations)
2026-05-31 04:01:35 |     → Trial 10/100 completed (317 evaluations)
2026-05-31 04:01:37 |     → Trial 20/100 completed (317 evaluations)
2026-05-31 04:01:38 |     → Trial 30/100 completed (317 evaluations)
2026-05-31 04:01:40 |     → Trial 40/100 completed (317 evaluations)
2026-05-31 04:01:42 |     → Trial 50/100 completed (317 evaluations)
2026-05-31 04:01:43 |     → Trial 60/100 completed (317 evaluations)
2026-05-31 04:01:45 |     → Trial 70/100 completed (317 evaluations)
2026-05-31 04:01:46 |     → Trial 80/100 completed (317 evaluations)
2026-05-31 04:01:48 |     → Trial 90/100 completed (317 evaluations)
2026-05-31 04:01:49 |     → Trial 100/100 completed (317 evaluations)
2026-05-31 04:01:49 |  Total edge attributions: 1.809865
2026-05-31 04:01:49 |  Expected (f(x) - f(x')) : 1.809865
2026-05-31 04:01:49 |  Difference: 0.0 using 100 samples to calculate f(x) and f(x')
2026-05-31 04:01:49 |  Relative error: 0.0000
2026-05-31 04:01:49 |     → Instance 7/100
2026-05-31 04:01:49 |     → ShapleyFlow (MC Edge Permutation): 316 edges, 100 trials
2026-05-31 04:01:49 |     → ShapleyFlow (MC Permutation): 316 edges, 100 trials = 31,700 model calls
2026-05-31 04:01:50 |     → Trial 1/100 completed (317 evaluations)
2026-05-31 04:01:51 |     → Trial 10/100 completed (317 evaluations)
2026-05-31 04:01:53 |     → Trial 20/100 completed (317 evaluations)
2026-05-31 04:01:54 |     → Trial 30/100 completed (317 evaluations)
2026-05-31 04:01:56 |     → Trial 40/100 completed (317 evaluations)
2026-05-31 04:01:57 |     → Trial 50/100 completed (317 evaluations)
2026-05-31 04:01:59 |     → Trial 60/100 completed (317 evaluations)
2026-05-31 04:02:00 |     → Trial 70/100 completed (317 evaluations)
2026-05-31 04:02:02 |     → Trial 80/100 completed (317 evaluations)
2026-05-31 04:02:04 |     → Trial 90/100 completed (317 evaluations)
2026-05-31 04:02:05 |     → Trial 100/100 completed (317 evaluations)
2026-05-31 04:02:05 |  Total edge attributions: 8.116832
2026-05-31 04:02:05 |  Expected (f(x) - f(x')) : 8.116832
2026-05-31 04:02:05 |  Difference: 3.552713678800501e-15 using 100 samples to calculate f(x) and f(x')
2026-05-31 04:02:05 |  Relative error: 0.0000
2026-05-31 04:02:05 |     → Instance 8/100
2026-05-31 04:02:05 |     → ShapleyFlow (MC Edge Permutation): 316 edges, 100 trials
2026-05-31 04:02:05 |     → ShapleyFlow (MC Permutation): 316 edges, 100 trials = 31,700 model calls
2026-05-31 04:02:05 |     → Trial 1/100 completed (317 evaluations)
2026-05-31 04:02:07 |     → Trial 10/100 completed (317 evaluations)
2026-05-31 04:02:08 |     → Trial 20/100 completed (317 evaluations)
2026-05-31 04:02:10 |     → Trial 30/100 completed (317 evaluations)
2026-05-31 04:02:11 |     → Trial 40/100 completed (317 evaluations)
2026-05-31 04:02:13 |     → Trial 50/100 completed (317 evaluations)
2026-05-31 04:02:15 |     → Trial 60/100 completed (317 evaluations)
2026-05-31 04:02:16 |     → Trial 70/100 completed (317 evaluations)
2026-05-31 04:02:18 |     → Trial 80/100 completed (317 evaluations)
2026-05-31 04:02:19 |     → Trial 90/100 completed (317 evaluations)
2026-05-31 04:02:21 |     → Trial 100/100 completed (317 evaluations)
2026-05-31 04:02:21 |  Total edge attributions: -1.357380
2026-05-31 04:02:21 |  Expected (f(x) - f(x')) : -1.357380
2026-05-31 04:02:21 |  Difference: 1.5543122344752192e-15 using 100 samples to calculate f(x) and f(x')
2026-05-31 04:02:21 |  Relative error: 0.0000
2026-05-31 04:02:21 |     → Instance 9/100
2026-05-31 04:02:21 |     → ShapleyFlow (MC Edge Permutation): 316 edges, 100 trials
2026-05-31 04:02:21 |     → ShapleyFlow (MC Permutation): 316 edges, 100 trials = 31,700 model calls
2026-05-31 04:02:21 |     → Trial 1/100 completed (317 evaluations)
2026-05-31 04:02:23 |     → Trial 10/100 completed (317 evaluations)
2026-05-31 04:02:24 |     → Trial 20/100 completed (317 evaluations)
2026-05-31 04:02:26 |     → Trial 30/100 completed (317 evaluations)
2026-05-31 04:02:27 |     → Trial 40/100 completed (317 evaluations)
2026-05-31 04:02:29 |     → Trial 50/100 completed (317 evaluations)
2026-05-31 04:02:30 |     → Trial 60/100 completed (317 evaluations)
2026-05-31 04:02:32 |     → Trial 70/100 completed (317 evaluations)
2026-05-31 04:02:33 |     → Trial 80/100 completed (317 evaluations)
2026-05-31 04:02:35 |     → Trial 90/100 completed (317 evaluations)
2026-05-31 04:02:37 |     → Trial 100/100 completed (317 evaluations)
2026-05-31 04:02:37 |  Total edge attributions: -1.321724
2026-05-31 04:02:37 |  Expected (f(x) - f(x')) : -1.321724
2026-05-31 04:02:37 |  Difference: 8.881784197001252e-16 using 100 samples to calculate f(x) and f(x')
2026-05-31 04:02:37 |  Relative error: 0.0000
2026-05-31 04:02:37 |     → Instance 10/100
2026-05-31 04:02:37 |     → ShapleyFlow (MC Edge Permutation): 316 edges, 100 trials
2026-05-31 04:02:37 |     → ShapleyFlow (MC Permutation): 316 edges, 100 trials = 31,700 model calls
2026-05-31 04:02:37 |     → Trial 1/100 completed (317 evaluations)
2026-05-31 04:02:38 |     → Trial 10/100 completed (317 evaluations)
2026-05-31 04:02:40 |     → Trial 20/100 completed (317 evaluations)
2026-05-31 04:02:41 |     → Trial 30/100 completed (317 evaluations)
2026-05-31 04:02:43 |     → Trial 40/100 completed (317 evaluations)
2026-05-31 04:02:44 |     → Trial 50/100 completed (317 evaluations)
2026-05-31 04:02:46 |     → Trial 60/100 completed (317 evaluations)
2026-05-31 04:02:48 |     → Trial 70/100 completed (317 evaluations)
2026-05-31 04:02:49 |     → Trial 80/100 completed (317 evaluations)
2026-05-31 04:02:51 |     → Trial 90/100 completed (317 evaluations)
2026-05-31 04:02:52 |     → Trial 100/100 completed (317 evaluations)
2026-05-31 04:02:52 |  Total edge attributions: 4.384615
2026-05-31 04:02:52 |  Expected (f(x) - f(x')) : 4.384615
2026-05-31 04:02:52 |  Difference: 8.881784197001252e-16 using 100 samples to calculate f(x) and f(x')
2026-05-31 04:02:52 |  Relative error: 0.0000
2026-05-31 04:02:52 |     → Instance 11/100
2026-05-31 04:02:52 |     → ShapleyFlow (MC Edge Permutation): 316 edges, 100 trials
2026-05-31 04:02:52 |     → ShapleyFlow (MC Permutation): 316 edges, 100 trials = 31,700 model calls
2026-05-31 04:02:53 |     → Trial 1/100 completed (317 evaluations)
2026-05-31 04:02:54 |     → Trial 10/100 completed (317 evaluations)
2026-05-31 04:02:56 |     → Trial 20/100 completed (317 evaluations)
2026-05-31 04:02:57 |     → Trial 30/100 completed (317 evaluations)
2026-05-31 04:02:59 |     → Trial 40/100 completed (317 evaluations)
2026-05-31 04:03:00 |     → Trial 50/100 completed (317 evaluations)
2026-05-31 04:03:02 |     → Trial 60/100 completed (317 evaluations)
2026-05-31 04:03:03 |     → Trial 70/100 completed (317 evaluations)
2026-05-31 04:03:05 |     → Trial 80/100 completed (317 evaluations)
2026-05-31 04:03:06 |     → Trial 90/100 completed (317 evaluations)
2026-05-31 04:03:08 |     → Trial 100/100 completed (317 evaluations)
2026-05-31 04:03:08 |  Total edge attributions: 8.954739
2026-05-31 04:03:08 |  Expected (f(x) - f(x')) : 8.954739
2026-05-31 04:03:08 |  Difference: 1.7763568394002505e-15 using 100 samples to calculate f(x) and f(x')
2026-05-31 04:03:08 |  Relative error: 0.0000
2026-05-31 04:03:08 |     → Instance 12/100
2026-05-31 04:03:08 |     → ShapleyFlow (MC Edge Permutation): 316 edges, 100 trials
2026-05-31 04:03:08 |     → ShapleyFlow (MC Permutation): 316 edges, 100 trials = 31,700 model calls
2026-05-31 04:03:08 |     → Trial 1/100 completed (317 evaluations)
2026-05-31 04:03:10 |     → Trial 10/100 completed (317 evaluations)
2026-05-31 04:03:11 |     → Trial 20/100 completed (317 evaluations)
2026-05-31 04:03:13 |     → Trial 30/100 completed (317 evaluations)
2026-05-31 04:03:14 |     → Trial 40/100 completed (317 evaluations)
2026-05-31 04:03:16 |     → Trial 50/100 completed (317 evaluations)
2026-05-31 04:03:17 |     → Trial 60/100 completed (317 evaluations)
2026-05-31 04:03:19 |     → Trial 70/100 completed (317 evaluations)
2026-05-31 04:03:21 |     → Trial 80/100 completed (317 evaluations)
2026-05-31 04:03:22 |     → Trial 90/100 completed (317 evaluations)
2026-05-31 04:03:24 |     → Trial 100/100 completed (317 evaluations)
2026-05-31 04:03:24 |  Total edge attributions: 12.527430
2026-05-31 04:03:24 |  Expected (f(x) - f(x')) : 12.527430
2026-05-31 04:03:24 |  Difference: 3.552713678800501e-15 using 100 samples to calculate f(x) and f(x')
2026-05-31 04:03:24 |  Relative error: 0.0000
2026-05-31 04:03:24 |     → Instance 13/100
2026-05-31 04:03:24 |     → ShapleyFlow (MC Edge Permutation): 316 edges, 100 trials
2026-05-31 04:03:24 |     → ShapleyFlow (MC Permutation): 316 edges, 100 trials = 31,700 model calls
2026-05-31 04:03:24 |     → Trial 1/100 completed (317 evaluations)
2026-05-31 04:03:25 |     → Trial 10/100 completed (317 evaluations)
2026-05-31 04:03:27 |     → Trial 20/100 completed (317 evaluations)
2026-05-31 04:03:28 |     → Trial 30/100 completed (317 evaluations)
2026-05-31 04:03:30 |     → Trial 40/100 completed (317 evaluations)
2026-05-31 04:03:32 |     → Trial 50/100 completed (317 evaluations)
2026-05-31 04:03:33 |     → Trial 60/100 completed (317 evaluations)
2026-05-31 04:03:35 |     → Trial 70/100 completed (317 evaluations)
2026-05-31 04:03:36 |     → Trial 80/100 completed (317 evaluations)
2026-05-31 04:03:38 |     → Trial 90/100 completed (317 evaluations)
2026-05-31 04:03:39 |     → Trial 100/100 completed (317 evaluations)
2026-05-31 04:03:39 |  Total edge attributions: -4.083998
2026-05-31 04:03:39 |  Expected (f(x) - f(x')) : -4.083998
2026-05-31 04:03:39 |  Difference: 6.217248937900877e-15 using 100 samples to calculate f(x) and f(x')
2026-05-31 04:03:39 |  Relative error: 0.0000
2026-05-31 04:03:39 |     → Instance 14/100
2026-05-31 04:03:39 |     → ShapleyFlow (MC Edge Permutation): 316 edges, 100 trials
2026-05-31 04:03:39 |     → ShapleyFlow (MC Permutation): 316 edges, 100 trials = 31,700 model calls
2026-05-31 04:03:40 |     → Trial 1/100 completed (317 evaluations)
2026-05-31 04:03:41 |     → Trial 10/100 completed (317 evaluations)
2026-05-31 04:03:43 |     → Trial 20/100 completed (317 evaluations)
2026-05-31 04:03:44 |     → Trial 30/100 completed (317 evaluations)
2026-05-31 04:03:46 |     → Trial 40/100 completed (317 evaluations)
2026-05-31 04:03:47 |     → Trial 50/100 completed (317 evaluations)
2026-05-31 04:03:49 |     → Trial 60/100 completed (317 evaluations)
2026-05-31 04:03:50 |     → Trial 70/100 completed (317 evaluations)
2026-05-31 04:03:52 |     → Trial 80/100 completed (317 evaluations)
2026-05-31 04:03:53 |     → Trial 90/100 completed (317 evaluations)
2026-05-31 04:03:55 |     → Trial 100/100 completed (317 evaluations)
2026-05-31 04:03:55 |  Total edge attributions: 6.604910
2026-05-31 04:03:55 |  Expected (f(x) - f(x')) : 6.604910
2026-05-31 04:03:55 |  Difference: 1.7763568394002505e-15 using 100 samples to calculate f(x) and f(x')
2026-05-31 04:03:55 |  Relative error: 0.0000
2026-05-31 04:03:55 |     → Instance 15/100
2026-05-31 04:03:55 |     → ShapleyFlow (MC Edge Permutation): 316 edges, 100 trials
2026-05-31 04:03:55 |     → ShapleyFlow (MC Permutation): 316 edges, 100 trials = 31,700 model calls
2026-05-31 04:03:55 |     → Trial 1/100 completed (317 evaluations)
2026-05-31 04:03:57 |     → Trial 10/100 completed (317 evaluations)
2026-05-31 04:03:58 |     → Trial 20/100 completed (317 evaluations)
2026-05-31 04:04:00 |     → Trial 30/100 completed (317 evaluations)
2026-05-31 04:04:01 |     → Trial 40/100 completed (317 evaluations)
2026-05-31 04:04:03 |     → Trial 50/100 completed (317 evaluations)
2026-05-31 04:04:04 |     → Trial 60/100 completed (317 evaluations)
2026-05-31 04:04:06 |     → Trial 70/100 completed (317 evaluations)
2026-05-31 04:04:08 |     → Trial 80/100 completed (317 evaluations)
2026-05-31 04:04:09 |     → Trial 90/100 completed (317 evaluations)
2026-05-31 04:04:11 |     → Trial 100/100 completed (317 evaluations)
2026-05-31 04:04:11 |  Total edge attributions: -4.507684
2026-05-31 04:04:11 |  Expected (f(x) - f(x')) : -4.507684
2026-05-31 04:04:11 |  Difference: 8.881784197001252e-16 using 100 samples to calculate f(x) and f(x')
2026-05-31 04:04:11 |  Relative error: 0.0000
2026-05-31 04:04:11 |     → Instance 16/100
2026-05-31 04:04:11 |     → ShapleyFlow (MC Edge Permutation): 316 edges, 100 trials
2026-05-31 04:04:11 |     → ShapleyFlow (MC Permutation): 316 edges, 100 trials = 31,700 model calls
2026-05-31 04:04:11 |     → Trial 1/100 completed (317 evaluations)
2026-05-31 04:04:12 |     → Trial 10/100 completed (317 evaluations)
2026-05-31 04:04:14 |     → Trial 20/100 completed (317 evaluations)
2026-05-31 04:04:16 |     → Trial 30/100 completed (317 evaluations)
2026-05-31 04:04:17 |     → Trial 40/100 completed (317 evaluations)
2026-05-31 04:04:19 |     → Trial 50/100 completed (317 evaluations)
2026-05-31 04:04:20 |     → Trial 60/100 completed (317 evaluations)
2026-05-31 04:04:22 |     → Trial 70/100 completed (317 evaluations)
2026-05-31 04:04:23 |     → Trial 80/100 completed (317 evaluations)
2026-05-31 04:04:25 |     → Trial 90/100 completed (317 evaluations)
2026-05-31 04:04:26 |     → Trial 100/100 completed (317 evaluations)
2026-05-31 04:04:26 |  Total edge attributions: -1.958030
2026-05-31 04:04:26 |  Expected (f(x) - f(x')) : -1.958030
2026-05-31 04:04:26 |  Difference: 1.7763568394002505e-15 using 100 samples to calculate f(x) and f(x')
2026-05-31 04:04:26 |  Relative error: 0.0000
2026-05-31 04:04:26 |     → Instance 17/100
2026-05-31 04:04:26 |     → ShapleyFlow (MC Edge Permutation): 316 edges, 100 trials
2026-05-31 04:04:26 |     → ShapleyFlow (MC Permutation): 316 edges, 100 trials = 31,700 model calls
2026-05-31 04:04:27 |     → Trial 1/100 completed (317 evaluations)
2026-05-31 04:04:28 |     → Trial 10/100 completed (317 evaluations)
2026-05-31 04:04:30 |     → Trial 20/100 completed (317 evaluations)
2026-05-31 04:04:31 |     → Trial 30/100 completed (317 evaluations)
2026-05-31 04:04:33 |     → Trial 40/100 completed (317 evaluations)
2026-05-31 04:04:34 |     → Trial 50/100 completed (317 evaluations)
2026-05-31 04:04:36 |     → Trial 60/100 completed (317 evaluations)
2026-05-31 04:04:37 |     → Trial 70/100 completed (317 evaluations)
2026-05-31 04:04:39 |     → Trial 80/100 completed (317 evaluations)
2026-05-31 04:04:41 |     → Trial 90/100 completed (317 evaluations)
2026-05-31 04:04:42 |     → Trial 100/100 completed (317 evaluations)
2026-05-31 04:04:42 |  Total edge attributions: 18.273534
2026-05-31 04:04:42 |  Expected (f(x) - f(x')) : 18.273534
2026-05-31 04:04:42 |  Difference: 3.552713678800501e-15 using 100 samples to calculate f(x) and f(x')
2026-05-31 04:04:42 |  Relative error: 0.0000
2026-05-31 04:04:42 |     → Instance 18/100
2026-05-31 04:04:42 |     → ShapleyFlow (MC Edge Permutation): 316 edges, 100 trials
2026-05-31 04:04:42 |     → ShapleyFlow (MC Permutation): 316 edges, 100 trials = 31,700 model calls
2026-05-31 04:04:42 |     → Trial 1/100 completed (317 evaluations)
2026-05-31 04:04:44 |     → Trial 10/100 completed (317 evaluations)
2026-05-31 04:04:45 |     → Trial 20/100 completed (317 evaluations)
2026-05-31 04:04:47 |     → Trial 30/100 completed (317 evaluations)
2026-05-31 04:04:48 |     → Trial 40/100 completed (317 evaluations)
2026-05-31 04:04:50 |     → Trial 50/100 completed (317 evaluations)
2026-05-31 04:04:52 |     → Trial 60/100 completed (317 evaluations)
2026-05-31 04:04:53 |     → Trial 70/100 completed (317 evaluations)
2026-05-31 04:04:55 |     → Trial 80/100 completed (317 evaluations)
2026-05-31 04:04:56 |     → Trial 90/100 completed (317 evaluations)
2026-05-31 04:04:58 |     → Trial 100/100 completed (317 evaluations)
2026-05-31 04:04:58 |  Total edge attributions: 14.125437
2026-05-31 04:04:58 |  Expected (f(x) - f(x')) : 14.125437
2026-05-31 04:04:58 |  Difference: 1.7763568394002505e-15 using 100 samples to calculate f(x) and f(x')
2026-05-31 04:04:58 |  Relative error: 0.0000
2026-05-31 04:04:58 |     → Instance 19/100
2026-05-31 04:04:58 |     → ShapleyFlow (MC Edge Permutation): 316 edges, 100 trials
2026-05-31 04:04:58 |     → ShapleyFlow (MC Permutation): 316 edges, 100 trials = 31,700 model calls
2026-05-31 04:04:58 |     → Trial 1/100 completed (317 evaluations)
2026-05-31 04:04:59 |     → Trial 10/100 completed (317 evaluations)
2026-05-31 04:05:01 |     → Trial 20/100 completed (317 evaluations)
2026-05-31 04:05:03 |     → Trial 30/100 completed (317 evaluations)
2026-05-31 04:05:04 |     → Trial 40/100 completed (317 evaluations)
2026-05-31 04:05:06 |     → Trial 50/100 completed (317 evaluations)
2026-05-31 04:05:07 |     → Trial 60/100 completed (317 evaluations)
2026-05-31 04:05:09 |     → Trial 70/100 completed (317 evaluations)
2026-05-31 04:05:10 |     → Trial 80/100 completed (317 evaluations)
2026-05-31 04:05:12 |     → Trial 90/100 completed (317 evaluations)
2026-05-31 04:05:13 |     → Trial 100/100 completed (317 evaluations)
2026-05-31 04:05:14 |  Total edge attributions: -9.289426
2026-05-31 04:05:14 |  Expected (f(x) - f(x')) : -9.289426
2026-05-31 04:05:14 |  Difference: 3.552713678800501e-15 using 100 samples to calculate f(x) and f(x')
2026-05-31 04:05:14 |  Relative error: 0.0000
2026-05-31 04:05:14 |     → Instance 20/100
2026-05-31 04:05:14 |     → ShapleyFlow (MC Edge Permutation): 316 edges, 100 trials
2026-05-31 04:05:14 |     → ShapleyFlow (MC Permutation): 316 edges, 100 trials = 31,700 model calls
2026-05-31 04:05:14 |     → Trial 1/100 completed (317 evaluations)
2026-05-31 04:05:15 |     → Trial 10/100 completed (317 evaluations)
2026-05-31 04:05:17 |     → Trial 20/100 completed (317 evaluations)
2026-05-31 04:05:18 |     → Trial 30/100 completed (317 evaluations)
2026-05-31 04:05:20 |     → Trial 40/100 completed (317 evaluations)
2026-05-31 04:05:21 |     → Trial 50/100 completed (317 evaluations)
2026-05-31 04:05:23 |     → Trial 60/100 completed (317 evaluations)
2026-05-31 04:05:24 |     → Trial 70/100 completed (317 evaluations)
2026-05-31 04:05:26 |     → Trial 80/100 completed (317 evaluations)
2026-05-31 04:05:28 |     → Trial 90/100 completed (317 evaluations)
2026-05-31 04:05:29 |     → Trial 100/100 completed (317 evaluations)
2026-05-31 04:05:29 |  Total edge attributions: -7.825668
2026-05-31 04:05:29 |  Expected (f(x) - f(x')) : -7.825668
2026-05-31 04:05:29 |  Difference: 3.552713678800501e-15 using 100 samples to calculate f(x) and f(x')
2026-05-31 04:05:29 |  Relative error: 0.0000
2026-05-31 04:05:29 |     → Instance 21/100
2026-05-31 04:05:29 |     → ShapleyFlow (MC Edge Permutation): 316 edges, 100 trials
2026-05-31 04:05:29 |     → ShapleyFlow (MC Permutation): 316 edges, 100 trials = 31,700 model calls
2026-05-31 04:05:29 |     → Trial 1/100 completed (317 evaluations)
2026-05-31 04:05:31 |     → Trial 10/100 completed (317 evaluations)
2026-05-31 04:05:32 |     → Trial 20/100 completed (317 evaluations)
2026-05-31 04:05:34 |     → Trial 30/100 completed (317 evaluations)
2026-05-31 04:05:35 |     → Trial 40/100 completed (317 evaluations)
2026-05-31 04:05:37 |     → Trial 50/100 completed (317 evaluations)
2026-05-31 04:05:39 |     → Trial 60/100 completed (317 evaluations)
2026-05-31 04:05:40 |     → Trial 70/100 completed (317 evaluations)
2026-05-31 04:05:42 |     → Trial 80/100 completed (317 evaluations)
2026-05-31 04:05:43 |     → Trial 90/100 completed (317 evaluations)
2026-05-31 04:05:45 |     → Trial 100/100 completed (317 evaluations)
2026-05-31 04:05:45 |  Total edge attributions: 7.200840
2026-05-31 04:05:45 |  Expected (f(x) - f(x')) : 7.200840
2026-05-31 04:05:45 |  Difference: 6.217248937900877e-15 using 100 samples to calculate f(x) and f(x')
2026-05-31 04:05:45 |  Relative error: 0.0000
2026-05-31 04:05:45 |     → Instance 22/100
2026-05-31 04:05:45 |     → ShapleyFlow (MC Edge Permutation): 316 edges, 100 trials
2026-05-31 04:05:45 |     → ShapleyFlow (MC Permutation): 316 edges, 100 trials = 31,700 model calls
2026-05-31 04:05:45 |     → Trial 1/100 completed (317 evaluations)
2026-05-31 04:05:46 |     → Trial 10/100 completed (317 evaluations)
2026-05-31 04:05:48 |     → Trial 20/100 completed (317 evaluations)
2026-05-31 04:05:50 |     → Trial 30/100 completed (317 evaluations)
2026-05-31 04:05:51 |     → Trial 40/100 completed (317 evaluations)
2026-05-31 04:05:53 |     → Trial 50/100 completed (317 evaluations)
2026-05-31 04:05:54 |     → Trial 60/100 completed (317 evaluations)
2026-05-31 04:05:56 |     → Trial 70/100 completed (317 evaluations)
2026-05-31 04:05:57 |     → Trial 80/100 completed (317 evaluations)
2026-05-31 04:05:59 |     → Trial 90/100 completed (317 evaluations)
2026-05-31 04:06:00 |     → Trial 100/100 completed (317 evaluations)
2026-05-31 04:06:01 |  Total edge attributions: -7.774808
2026-05-31 04:06:01 |  Expected (f(x) - f(x')) : -7.774808
2026-05-31 04:06:01 |  Difference: 2.6645352591003757e-15 using 100 samples to calculate f(x) and f(x')
2026-05-31 04:06:01 |  Relative error: 0.0000
2026-05-31 04:06:01 |     → Instance 23/100
2026-05-31 04:06:01 |     → ShapleyFlow (MC Edge Permutation): 316 edges, 100 trials
2026-05-31 04:06:01 |     → ShapleyFlow (MC Permutation): 316 edges, 100 trials = 31,700 model calls
2026-05-31 04:06:01 |     → Trial 1/100 completed (317 evaluations)
2026-05-31 04:06:02 |     → Trial 10/100 completed (317 evaluations)
2026-05-31 04:06:04 |     → Trial 20/100 completed (317 evaluations)
2026-05-31 04:06:05 |     → Trial 30/100 completed (317 evaluations)
2026-05-31 04:06:07 |     → Trial 40/100 completed (317 evaluations)
2026-05-31 04:06:08 |     → Trial 50/100 completed (317 evaluations)
2026-05-31 04:06:10 |     → Trial 60/100 completed (317 evaluations)
2026-05-31 04:06:11 |     → Trial 70/100 completed (317 evaluations)
2026-05-31 04:06:13 |     → Trial 80/100 completed (317 evaluations)
2026-05-31 04:06:15 |     → Trial 90/100 completed (317 evaluations)
2026-05-31 04:06:16 |     → Trial 100/100 completed (317 evaluations)
2026-05-31 04:06:16 |  Total edge attributions: -8.781770
2026-05-31 04:06:16 |  Expected (f(x) - f(x')) : -8.781770
2026-05-31 04:06:16 |  Difference: 1.7763568394002505e-15 using 100 samples to calculate f(x) and f(x')
2026-05-31 04:06:16 |  Relative error: 0.0000
2026-05-31 04:06:16 |     → Instance 24/100
2026-05-31 04:06:16 |     → ShapleyFlow (MC Edge Permutation): 316 edges, 100 trials
2026-05-31 04:06:16 |     → ShapleyFlow (MC Permutation): 316 edges, 100 trials = 31,700 model calls
2026-05-31 04:06:16 |     → Trial 1/100 completed (317 evaluations)
2026-05-31 04:06:18 |     → Trial 10/100 completed (317 evaluations)
2026-05-31 04:06:19 |     → Trial 20/100 completed (317 evaluations)
2026-05-31 04:06:21 |     → Trial 30/100 completed (317 evaluations)
2026-05-31 04:06:23 |     → Trial 40/100 completed (317 evaluations)
2026-05-31 04:06:24 |     → Trial 50/100 completed (317 evaluations)
2026-05-31 04:06:26 |     → Trial 60/100 completed (317 evaluations)
2026-05-31 04:06:27 |     → Trial 70/100 completed (317 evaluations)
2026-05-31 04:06:29 |     → Trial 80/100 completed (317 evaluations)
2026-05-31 04:06:30 |     → Trial 90/100 completed (317 evaluations)
2026-05-31 04:06:32 |     → Trial 100/100 completed (317 evaluations)
2026-05-31 04:06:32 |  Total edge attributions: -1.758436
2026-05-31 04:06:32 |  Expected (f(x) - f(x')) : -1.758436
2026-05-31 04:06:32 |  Difference: 4.440892098500626e-16 using 100 samples to calculate f(x) and f(x')
2026-05-31 04:06:32 |  Relative error: 0.0000
2026-05-31 04:06:32 |     → Instance 25/100
2026-05-31 04:06:32 |     → ShapleyFlow (MC Edge Permutation): 316 edges, 100 trials
2026-05-31 04:06:32 |     → ShapleyFlow (MC Permutation): 316 edges, 100 trials = 31,700 model calls
2026-05-31 04:06:32 |     → Trial 1/100 completed (317 evaluations)
2026-05-31 04:06:34 |     → Trial 10/100 completed (317 evaluations)
2026-05-31 04:06:35 |     → Trial 20/100 completed (317 evaluations)
2026-05-31 04:06:37 |     → Trial 30/100 completed (317 evaluations)
2026-05-31 04:06:38 |     → Trial 40/100 completed (317 evaluations)
2026-05-31 04:06:40 |     → Trial 50/100 completed (317 evaluations)
2026-05-31 04:06:41 |     → Trial 60/100 completed (317 evaluations)
2026-05-31 04:06:43 |     → Trial 70/100 completed (317 evaluations)
2026-05-31 04:06:44 |     → Trial 80/100 completed (317 evaluations)
2026-05-31 04:06:46 |     → Trial 90/100 completed (317 evaluations)
2026-05-31 04:06:48 |     → Trial 100/100 completed (317 evaluations)
2026-05-31 04:06:48 |  Total edge attributions: 0.682406
2026-05-31 04:06:48 |  Expected (f(x) - f(x')) : 0.682406
2026-05-31 04:06:48 |  Difference: 3.552713678800501e-15 using 100 samples to calculate f(x) and f(x')
2026-05-31 04:06:48 |  Relative error: 0.0000
2026-05-31 04:06:48 |     → Instance 26/100
2026-05-31 04:06:48 |     → ShapleyFlow (MC Edge Permutation): 316 edges, 100 trials
2026-05-31 04:06:48 |     → ShapleyFlow (MC Permutation): 316 edges, 100 trials = 31,700 model calls
2026-05-31 04:06:48 |     → Trial 1/100 completed (317 evaluations)
2026-05-31 04:06:49 |     → Trial 10/100 completed (317 evaluations)
2026-05-31 04:06:51 |     → Trial 20/100 completed (317 evaluations)
2026-05-31 04:06:52 |     → Trial 30/100 completed (317 evaluations)
2026-05-31 04:06:54 |     → Trial 40/100 completed (317 evaluations)
2026-05-31 04:06:56 |     → Trial 50/100 completed (317 evaluations)
2026-05-31 04:06:57 |     → Trial 60/100 completed (317 evaluations)
2026-05-31 04:06:59 |     → Trial 70/100 completed (317 evaluations)
2026-05-31 04:07:00 |     → Trial 80/100 completed (317 evaluations)
2026-05-31 04:07:02 |     → Trial 90/100 completed (317 evaluations)
2026-05-31 04:07:03 |     → Trial 100/100 completed (317 evaluations)
2026-05-31 04:07:03 |  Total edge attributions: 11.413471
2026-05-31 04:07:03 |  Expected (f(x) - f(x')) : 11.413471
2026-05-31 04:07:03 |  Difference: 0.0 using 100 samples to calculate f(x) and f(x')
2026-05-31 04:07:03 |  Relative error: 0.0000
2026-05-31 04:07:03 |     → Instance 27/100
2026-05-31 04:07:03 |     → ShapleyFlow (MC Edge Permutation): 316 edges, 100 trials
2026-05-31 04:07:03 |     → ShapleyFlow (MC Permutation): 316 edges, 100 trials = 31,700 model calls
2026-05-31 04:07:04 |     → Trial 1/100 completed (317 evaluations)
2026-05-31 04:07:05 |     → Trial 10/100 completed (317 evaluations)
2026-05-31 04:07:07 |     → Trial 20/100 completed (317 evaluations)
2026-05-31 04:07:08 |     → Trial 30/100 completed (317 evaluations)
2026-05-31 04:07:10 |     → Trial 40/100 completed (317 evaluations)
2026-05-31 04:07:11 |     → Trial 50/100 completed (317 evaluations)
2026-05-31 04:07:13 |     → Trial 60/100 completed (317 evaluations)
2026-05-31 04:07:14 |     → Trial 70/100 completed (317 evaluations)
2026-05-31 04:07:16 |     → Trial 80/100 completed (317 evaluations)
2026-05-31 04:07:17 |     → Trial 90/100 completed (317 evaluations)
2026-05-31 04:07:19 |     → Trial 100/100 completed (317 evaluations)
2026-05-31 04:07:19 |  Total edge attributions: 10.008803
2026-05-31 04:07:19 |  Expected (f(x) - f(x')) : 10.008803
2026-05-31 04:07:19 |  Difference: 1.7763568394002505e-15 using 100 samples to calculate f(x) and f(x')
2026-05-31 04:07:19 |  Relative error: 0.0000
2026-05-31 04:07:19 |     → Instance 28/100
2026-05-31 04:07:19 |     → ShapleyFlow (MC Edge Permutation): 316 edges, 100 trials
2026-05-31 04:07:19 |     → ShapleyFlow (MC Permutation): 316 edges, 100 trials = 31,700 model calls
2026-05-31 04:07:19 |     → Trial 1/100 completed (317 evaluations)
2026-05-31 04:07:21 |     → Trial 10/100 completed (317 evaluations)
2026-05-31 04:07:22 |     → Trial 20/100 completed (317 evaluations)
2026-05-31 04:07:24 |     → Trial 30/100 completed (317 evaluations)
2026-05-31 04:07:25 |     → Trial 40/100 completed (317 evaluations)
2026-05-31 04:07:27 |     → Trial 50/100 completed (317 evaluations)
2026-05-31 04:07:28 |     → Trial 60/100 completed (317 evaluations)
2026-05-31 04:07:30 |     → Trial 70/100 completed (317 evaluations)
2026-05-31 04:07:32 |     → Trial 80/100 completed (317 evaluations)
2026-05-31 04:07:33 |     → Trial 90/100 completed (317 evaluations)
2026-05-31 04:07:35 |     → Trial 100/100 completed (317 evaluations)
2026-05-31 04:07:35 |  Total edge attributions: -9.463777
2026-05-31 04:07:35 |  Expected (f(x) - f(x')) : -9.463777
2026-05-31 04:07:35 |  Difference: 7.105427357601002e-15 using 100 samples to calculate f(x) and f(x')
2026-05-31 04:07:35 |  Relative error: 0.0000
2026-05-31 04:07:35 |     → Instance 29/100
2026-05-31 04:07:35 |     → ShapleyFlow (MC Edge Permutation): 316 edges, 100 trials
2026-05-31 04:07:35 |     → ShapleyFlow (MC Permutation): 316 edges, 100 trials = 31,700 model calls
2026-05-31 04:07:35 |     → Trial 1/100 completed (317 evaluations)
2026-05-31 04:07:36 |     → Trial 10/100 completed (317 evaluations)
2026-05-31 04:07:38 |     → Trial 20/100 completed (317 evaluations)
2026-05-31 04:07:39 |     → Trial 30/100 completed (317 evaluations)
2026-05-31 04:07:41 |     → Trial 40/100 completed (317 evaluations)
2026-05-31 04:07:43 |     → Trial 50/100 completed (317 evaluations)
2026-05-31 04:07:44 |     → Trial 60/100 completed (317 evaluations)
2026-05-31 04:07:46 |     → Trial 70/100 completed (317 evaluations)
2026-05-31 04:07:47 |     → Trial 80/100 completed (317 evaluations)
2026-05-31 04:07:49 |     → Trial 90/100 completed (317 evaluations)
2026-05-31 04:07:50 |     → Trial 100/100 completed (317 evaluations)
2026-05-31 04:07:50 |  Total edge attributions: 7.208867
2026-05-31 04:07:50 |  Expected (f(x) - f(x')) : 7.208867
2026-05-31 04:07:50 |  Difference: 1.7763568394002505e-15 using 100 samples to calculate f(x) and f(x')
2026-05-31 04:07:50 |  Relative error: 0.0000
2026-05-31 04:07:50 |     → Instance 30/100
2026-05-31 04:07:50 |     → ShapleyFlow (MC Edge Permutation): 316 edges, 100 trials
2026-05-31 04:07:50 |     → ShapleyFlow (MC Permutation): 316 edges, 100 trials = 31,700 model calls
2026-05-31 04:07:51 |     → Trial 1/100 completed (317 evaluations)
2026-05-31 04:07:52 |     → Trial 10/100 completed (317 evaluations)
2026-05-31 04:07:54 |     → Trial 20/100 completed (317 evaluations)
2026-05-31 04:07:55 |     → Trial 30/100 completed (317 evaluations)
2026-05-31 04:07:57 |     → Trial 40/100 completed (317 evaluations)
2026-05-31 04:07:58 |     → Trial 50/100 completed (317 evaluations)
2026-05-31 04:08:00 |     → Trial 60/100 completed (317 evaluations)
2026-05-31 04:08:01 |     → Trial 70/100 completed (317 evaluations)
2026-05-31 04:08:03 |     → Trial 80/100 completed (317 evaluations)
2026-05-31 04:08:04 |     → Trial 90/100 completed (317 evaluations)
2026-05-31 04:08:06 |     → Trial 100/100 completed (317 evaluations)
2026-05-31 04:08:06 |  Total edge attributions: 6.504414
2026-05-31 04:08:06 |  Expected (f(x) - f(x')) : 6.504414
2026-05-31 04:08:06 |  Difference: 7.105427357601002e-15 using 100 samples to calculate f(x) and f(x')
2026-05-31 04:08:06 |  Relative error: 0.0000
2026-05-31 04:08:06 |     → Instance 31/100
2026-05-31 04:08:06 |     → ShapleyFlow (MC Edge Permutation): 316 edges, 100 trials
2026-05-31 04:08:06 |     → ShapleyFlow (MC Permutation): 316 edges, 100 trials = 31,700 model calls
2026-05-31 04:08:06 |     → Trial 1/100 completed (317 evaluations)
2026-05-31 04:08:08 |     → Trial 10/100 completed (317 evaluations)
2026-05-31 04:08:09 |     → Trial 20/100 completed (317 evaluations)
2026-05-31 04:08:11 |     → Trial 30/100 completed (317 evaluations)
2026-05-31 04:08:12 |     → Trial 40/100 completed (317 evaluations)
2026-05-31 04:08:14 |     → Trial 50/100 completed (317 evaluations)
2026-05-31 04:08:15 |     → Trial 60/100 completed (317 evaluations)
2026-05-31 04:08:17 |     → Trial 70/100 completed (317 evaluations)
2026-05-31 04:08:18 |     → Trial 80/100 completed (317 evaluations)
2026-05-31 04:08:20 |     → Trial 90/100 completed (317 evaluations)
2026-05-31 04:08:22 |     → Trial 100/100 completed (317 evaluations)
2026-05-31 04:08:22 |  Total edge attributions: -16.237853
2026-05-31 04:08:22 |  Expected (f(x) - f(x')) : -16.237853
2026-05-31 04:08:22 |  Difference: 3.552713678800501e-15 using 100 samples to calculate f(x) and f(x')
2026-05-31 04:08:22 |  Relative error: 0.0000
2026-05-31 04:08:22 |     → Instance 32/100
2026-05-31 04:08:22 |     → ShapleyFlow (MC Edge Permutation): 316 edges, 100 trials
2026-05-31 04:08:22 |     → ShapleyFlow (MC Permutation): 316 edges, 100 trials = 31,700 model calls
2026-05-31 04:08:22 |     → Trial 1/100 completed (317 evaluations)
2026-05-31 04:08:23 |     → Trial 10/100 completed (317 evaluations)
2026-05-31 04:08:25 |     → Trial 20/100 completed (317 evaluations)
2026-05-31 04:08:26 |     → Trial 30/100 completed (317 evaluations)
2026-05-31 04:08:28 |     → Trial 40/100 completed (317 evaluations)
2026-05-31 04:08:29 |     → Trial 50/100 completed (317 evaluations)
2026-05-31 04:08:31 |     → Trial 60/100 completed (317 evaluations)
2026-05-31 04:08:33 |     → Trial 70/100 completed (317 evaluations)
2026-05-31 04:08:34 |     → Trial 80/100 completed (317 evaluations)
2026-05-31 04:08:36 |     → Trial 90/100 completed (317 evaluations)
2026-05-31 04:08:37 |     → Trial 100/100 completed (317 evaluations)
2026-05-31 04:08:37 |  Total edge attributions: -19.723760
2026-05-31 04:08:37 |  Expected (f(x) - f(x')) : -19.723760
2026-05-31 04:08:37 |  Difference: 7.105427357601002e-15 using 100 samples to calculate f(x) and f(x')
2026-05-31 04:08:37 |  Relative error: 0.0000
2026-05-31 04:08:37 |     → Instance 33/100
2026-05-31 04:08:37 |     → ShapleyFlow (MC Edge Permutation): 316 edges, 100 trials
2026-05-31 04:08:37 |     → ShapleyFlow (MC Permutation): 316 edges, 100 trials = 31,700 model calls
2026-05-31 04:08:38 |     → Trial 1/100 completed (317 evaluations)
2026-05-31 04:08:39 |     → Trial 10/100 completed (317 evaluations)
2026-05-31 04:08:40 |     → Trial 20/100 completed (317 evaluations)
2026-05-31 04:08:42 |     → Trial 30/100 completed (317 evaluations)
2026-05-31 04:08:44 |     → Trial 40/100 completed (317 evaluations)
2026-05-31 04:08:45 |     → Trial 50/100 completed (317 evaluations)
2026-05-31 04:08:47 |     → Trial 60/100 completed (317 evaluations)
2026-05-31 04:08:48 |     → Trial 70/100 completed (317 evaluations)
2026-05-31 04:08:50 |     → Trial 80/100 completed (317 evaluations)
2026-05-31 04:08:51 |     → Trial 90/100 completed (317 evaluations)
2026-05-31 04:08:53 |     → Trial 100/100 completed (317 evaluations)
2026-05-31 04:08:53 |  Total edge attributions: -3.698645
2026-05-31 04:08:53 |  Expected (f(x) - f(x')) : -3.698645
2026-05-31 04:08:53 |  Difference: 4.440892098500626e-16 using 100 samples to calculate f(x) and f(x')
2026-05-31 04:08:53 |  Relative error: 0.0000
2026-05-31 04:08:53 |     → Instance 34/100
2026-05-31 04:08:53 |     → ShapleyFlow (MC Edge Permutation): 316 edges, 100 trials
2026-05-31 04:08:53 |     → ShapleyFlow (MC Permutation): 316 edges, 100 trials = 31,700 model calls
2026-05-31 04:08:53 |     → Trial 1/100 completed (317 evaluations)
2026-05-31 04:08:55 |     → Trial 10/100 completed (317 evaluations)
2026-05-31 04:08:56 |     → Trial 20/100 completed (317 evaluations)
2026-05-31 04:08:58 |     → Trial 30/100 completed (317 evaluations)
2026-05-31 04:08:59 |     → Trial 40/100 completed (317 evaluations)
2026-05-31 04:09:01 |     → Trial 50/100 completed (317 evaluations)
2026-05-31 04:09:02 |     → Trial 60/100 completed (317 evaluations)
2026-05-31 04:09:04 |     → Trial 70/100 completed (317 evaluations)
2026-05-31 04:09:05 |     → Trial 80/100 completed (317 evaluations)
2026-05-31 04:09:07 |     → Trial 90/100 completed (317 evaluations)
2026-05-31 04:09:09 |     → Trial 100/100 completed (317 evaluations)
2026-05-31 04:09:09 |  Total edge attributions: -4.861542
2026-05-31 04:09:09 |  Expected (f(x) - f(x')) : -4.861542
2026-05-31 04:09:09 |  Difference: 0.0 using 100 samples to calculate f(x) and f(x')
2026-05-31 04:09:09 |  Relative error: 0.0000
2026-05-31 04:09:09 |     → Instance 35/100
2026-05-31 04:09:09 |     → ShapleyFlow (MC Edge Permutation): 316 edges, 100 trials
2026-05-31 04:09:09 |     → ShapleyFlow (MC Permutation): 316 edges, 100 trials = 31,700 model calls
2026-05-31 04:09:09 |     → Trial 1/100 completed (317 evaluations)
2026-05-31 04:09:10 |     → Trial 10/100 completed (317 evaluations)
2026-05-31 04:09:12 |     → Trial 20/100 completed (317 evaluations)
2026-05-31 04:09:13 |     → Trial 30/100 completed (317 evaluations)
2026-05-31 04:09:15 |     → Trial 40/100 completed (317 evaluations)
2026-05-31 04:09:16 |     → Trial 50/100 completed (317 evaluations)
2026-05-31 04:09:18 |     → Trial 60/100 completed (317 evaluations)
2026-05-31 04:09:19 |     → Trial 70/100 completed (317 evaluations)
2026-05-31 04:09:21 |     → Trial 80/100 completed (317 evaluations)
2026-05-31 04:09:23 |     → Trial 90/100 completed (317 evaluations)
2026-05-31 04:09:24 |     → Trial 100/100 completed (317 evaluations)
2026-05-31 04:09:24 |  Total edge attributions: -0.707252
2026-05-31 04:09:24 |  Expected (f(x) - f(x')) : -0.707252
2026-05-31 04:09:24 |  Difference: 0.0 using 100 samples to calculate f(x) and f(x')
2026-05-31 04:09:24 |  Relative error: 0.0000
2026-05-31 04:09:24 |     → Instance 36/100
2026-05-31 04:09:24 |     → ShapleyFlow (MC Edge Permutation): 316 edges, 100 trials
2026-05-31 04:09:24 |     → ShapleyFlow (MC Permutation): 316 edges, 100 trials = 31,700 model calls
2026-05-31 04:09:24 |     → Trial 1/100 completed (317 evaluations)
2026-05-31 04:09:26 |     → Trial 10/100 completed (317 evaluations)
2026-05-31 04:09:27 |     → Trial 20/100 completed (317 evaluations)
2026-05-31 04:09:29 |     → Trial 30/100 completed (317 evaluations)
2026-05-31 04:09:30 |     → Trial 40/100 completed (317 evaluations)
2026-05-31 04:09:32 |     → Trial 50/100 completed (317 evaluations)
2026-05-31 04:09:34 |     → Trial 60/100 completed (317 evaluations)
2026-05-31 04:09:35 |     → Trial 70/100 completed (317 evaluations)
2026-05-31 04:09:37 |     → Trial 80/100 completed (317 evaluations)
2026-05-31 04:09:38 |     → Trial 90/100 completed (317 evaluations)
2026-05-31 04:09:40 |     → Trial 100/100 completed (317 evaluations)
2026-05-31 04:09:40 |  Total edge attributions: -6.144330
2026-05-31 04:09:40 |  Expected (f(x) - f(x')) : -6.144330
2026-05-31 04:09:40 |  Difference: 3.552713678800501e-15 using 100 samples to calculate f(x) and f(x')
2026-05-31 04:09:40 |  Relative error: 0.0000
2026-05-31 04:09:40 |     → Instance 37/100
2026-05-31 04:09:40 |     → ShapleyFlow (MC Edge Permutation): 316 edges, 100 trials
2026-05-31 04:09:40 |     → ShapleyFlow (MC Permutation): 316 edges, 100 trials = 31,700 model calls
2026-05-31 04:09:40 |     → Trial 1/100 completed (317 evaluations)
2026-05-31 04:09:41 |     → Trial 10/100 completed (317 evaluations)
2026-05-31 04:09:43 |     → Trial 20/100 completed (317 evaluations)
2026-05-31 04:09:45 |     → Trial 30/100 completed (317 evaluations)
2026-05-31 04:09:46 |     → Trial 40/100 completed (317 evaluations)
2026-05-31 04:09:48 |     → Trial 50/100 completed (317 evaluations)
2026-05-31 04:09:49 |     → Trial 60/100 completed (317 evaluations)
2026-05-31 04:09:51 |     → Trial 70/100 completed (317 evaluations)
2026-05-31 04:09:52 |     → Trial 80/100 completed (317 evaluations)
2026-05-31 04:09:54 |     → Trial 90/100 completed (317 evaluations)
2026-05-31 04:09:55 |     → Trial 100/100 completed (317 evaluations)
2026-05-31 04:09:56 |  Total edge attributions: 2.306224
2026-05-31 04:09:56 |  Expected (f(x) - f(x')) : 2.306224
2026-05-31 04:09:56 |  Difference: 4.440892098500626e-16 using 100 samples to calculate f(x) and f(x')
2026-05-31 04:09:56 |  Relative error: 0.0000
2026-05-31 04:09:56 |     → Instance 38/100
2026-05-31 04:09:56 |     → ShapleyFlow (MC Edge Permutation): 316 edges, 100 trials
2026-05-31 04:09:56 |     → ShapleyFlow (MC Permutation): 316 edges, 100 trials = 31,700 model calls
2026-05-31 04:09:56 |     → Trial 1/100 completed (317 evaluations)
2026-05-31 04:09:57 |     → Trial 10/100 completed (317 evaluations)
2026-05-31 04:09:59 |     → Trial 20/100 completed (317 evaluations)
2026-05-31 04:10:00 |     → Trial 30/100 completed (317 evaluations)
2026-05-31 04:10:02 |     → Trial 40/100 completed (317 evaluations)
2026-05-31 04:10:03 |     → Trial 50/100 completed (317 evaluations)
2026-05-31 04:10:05 |     → Trial 60/100 completed (317 evaluations)
2026-05-31 04:10:06 |     → Trial 70/100 completed (317 evaluations)
2026-05-31 04:10:08 |     → Trial 80/100 completed (317 evaluations)
2026-05-31 04:10:10 |     → Trial 90/100 completed (317 evaluations)
2026-05-31 04:10:11 |     → Trial 100/100 completed (317 evaluations)
2026-05-31 04:10:11 |  Total edge attributions: -6.181722
2026-05-31 04:10:11 |  Expected (f(x) - f(x')) : -6.181722
2026-05-31 04:10:11 |  Difference: 2.6645352591003757e-15 using 100 samples to calculate f(x) and f(x')
2026-05-31 04:10:11 |  Relative error: 0.0000
2026-05-31 04:10:11 |     → Instance 39/100
2026-05-31 04:10:11 |     → ShapleyFlow (MC Edge Permutation): 316 edges, 100 trials
2026-05-31 04:10:11 |     → ShapleyFlow (MC Permutation): 316 edges, 100 trials = 31,700 model calls
2026-05-31 04:10:11 |     → Trial 1/100 completed (317 evaluations)
2026-05-31 04:10:13 |     → Trial 10/100 completed (317 evaluations)
2026-05-31 04:10:14 |     → Trial 20/100 completed (317 evaluations)
2026-05-31 04:10:16 |     → Trial 30/100 completed (317 evaluations)
2026-05-31 04:10:17 |     → Trial 40/100 completed (317 evaluations)
2026-05-31 04:10:19 |     → Trial 50/100 completed (317 evaluations)
2026-05-31 04:10:21 |     → Trial 60/100 completed (317 evaluations)
2026-05-31 04:10:22 |     → Trial 70/100 completed (317 evaluations)
2026-05-31 04:10:24 |     → Trial 80/100 completed (317 evaluations)
2026-05-31 04:10:25 |     → Trial 90/100 completed (317 evaluations)
2026-05-31 04:10:27 |     → Trial 100/100 completed (317 evaluations)
2026-05-31 04:10:27 |  Total edge attributions: -9.252276
2026-05-31 04:10:27 |  Expected (f(x) - f(x')) : -9.252276
2026-05-31 04:10:27 |  Difference: 5.329070518200751e-15 using 100 samples to calculate f(x) and f(x')
2026-05-31 04:10:27 |  Relative error: 0.0000
2026-05-31 04:10:27 |     → Instance 40/100
2026-05-31 04:10:27 |     → ShapleyFlow (MC Edge Permutation): 316 edges, 100 trials
2026-05-31 04:10:27 |     → ShapleyFlow (MC Permutation): 316 edges, 100 trials = 31,700 model calls
2026-05-31 04:10:27 |     → Trial 1/100 completed (317 evaluations)
2026-05-31 04:10:28 |     → Trial 10/100 completed (317 evaluations)
2026-05-31 04:10:30 |     → Trial 20/100 completed (317 evaluations)
2026-05-31 04:10:32 |     → Trial 30/100 completed (317 evaluations)
2026-05-31 04:10:33 |     → Trial 40/100 completed (317 evaluations)
2026-05-31 04:10:35 |     → Trial 50/100 completed (317 evaluations)
2026-05-31 04:10:36 |     → Trial 60/100 completed (317 evaluations)
2026-05-31 04:10:38 |     → Trial 70/100 completed (317 evaluations)
2026-05-31 04:10:39 |     → Trial 80/100 completed (317 evaluations)
2026-05-31 04:10:41 |     → Trial 90/100 completed (317 evaluations)
2026-05-31 04:10:43 |     → Trial 100/100 completed (317 evaluations)
2026-05-31 04:10:43 |  Total edge attributions: 8.489816
2026-05-31 04:10:43 |  Expected (f(x) - f(x')) : 8.489816
2026-05-31 04:10:43 |  Difference: 0.0 using 100 samples to calculate f(x) and f(x')
2026-05-31 04:10:43 |  Relative error: 0.0000
2026-05-31 04:10:43 |     → Instance 41/100
2026-05-31 04:10:43 |     → ShapleyFlow (MC Edge Permutation): 316 edges, 100 trials
2026-05-31 04:10:43 |     → ShapleyFlow (MC Permutation): 316 edges, 100 trials = 31,700 model calls
2026-05-31 04:10:43 |     → Trial 1/100 completed (317 evaluations)
2026-05-31 04:10:44 |     → Trial 10/100 completed (317 evaluations)
2026-05-31 04:10:46 |     → Trial 20/100 completed (317 evaluations)
2026-05-31 04:10:47 |     → Trial 30/100 completed (317 evaluations)
2026-05-31 04:10:49 |     → Trial 40/100 completed (317 evaluations)
2026-05-31 04:10:50 |     → Trial 50/100 completed (317 evaluations)
2026-05-31 04:10:52 |     → Trial 60/100 completed (317 evaluations)
2026-05-31 04:10:54 |     → Trial 70/100 completed (317 evaluations)
2026-05-31 04:10:55 |     → Trial 80/100 completed (317 evaluations)
2026-05-31 04:10:57 |     → Trial 90/100 completed (317 evaluations)
2026-05-31 04:10:58 |     → Trial 100/100 completed (317 evaluations)
2026-05-31 04:10:58 |  Total edge attributions: 6.454465
2026-05-31 04:10:58 |  Expected (f(x) - f(x')) : 6.454465
2026-05-31 04:10:58 |  Difference: 3.552713678800501e-15 using 100 samples to calculate f(x) and f(x')
2026-05-31 04:10:58 |  Relative error: 0.0000
2026-05-31 04:10:58 |     → Instance 42/100
2026-05-31 04:10:58 |     → ShapleyFlow (MC Edge Permutation): 316 edges, 100 trials
2026-05-31 04:10:58 |     → ShapleyFlow (MC Permutation): 316 edges, 100 trials = 31,700 model calls
2026-05-31 04:10:58 |     → Trial 1/100 completed (317 evaluations)
2026-05-31 04:11:00 |     → Trial 10/100 completed (317 evaluations)
2026-05-31 04:11:01 |     → Trial 20/100 completed (317 evaluations)
2026-05-31 04:11:03 |     → Trial 30/100 completed (317 evaluations)
2026-05-31 04:11:05 |     → Trial 40/100 completed (317 evaluations)
2026-05-31 04:11:06 |     → Trial 50/100 completed (317 evaluations)
2026-05-31 04:11:08 |     → Trial 60/100 completed (317 evaluations)
2026-05-31 04:11:09 |     → Trial 70/100 completed (317 evaluations)
2026-05-31 04:11:11 |     → Trial 80/100 completed (317 evaluations)
2026-05-31 04:11:12 |     → Trial 90/100 completed (317 evaluations)
2026-05-31 04:11:14 |     → Trial 100/100 completed (317 evaluations)
2026-05-31 04:11:14 |  Total edge attributions: 7.697758
2026-05-31 04:11:14 |  Expected (f(x) - f(x')) : 7.697758
2026-05-31 04:11:14 |  Difference: 8.881784197001252e-16 using 100 samples to calculate f(x) and f(x')
2026-05-31 04:11:14 |  Relative error: 0.0000
2026-05-31 04:11:14 |     → Instance 43/100
2026-05-31 04:11:14 |     → ShapleyFlow (MC Edge Permutation): 316 edges, 100 trials
2026-05-31 04:11:14 |     → ShapleyFlow (MC Permutation): 316 edges, 100 trials = 31,700 model calls
2026-05-31 04:11:14 |     → Trial 1/100 completed (317 evaluations)
2026-05-31 04:11:15 |     → Trial 10/100 completed (317 evaluations)
2026-05-31 04:11:17 |     → Trial 20/100 completed (317 evaluations)
2026-05-31 04:11:19 |     → Trial 30/100 completed (317 evaluations)
2026-05-31 04:11:20 |     → Trial 40/100 completed (317 evaluations)
2026-05-31 04:11:22 |     → Trial 50/100 completed (317 evaluations)
2026-05-31 04:11:23 |     → Trial 60/100 completed (317 evaluations)
2026-05-31 04:11:25 |     → Trial 70/100 completed (317 evaluations)
2026-05-31 04:11:26 |     → Trial 80/100 completed (317 evaluations)
2026-05-31 04:11:28 |     → Trial 90/100 completed (317 evaluations)
2026-05-31 04:11:30 |     → Trial 100/100 completed (317 evaluations)
2026-05-31 04:11:30 |  Total edge attributions: 30.993760
2026-05-31 04:11:30 |  Expected (f(x) - f(x')) : 30.993760
2026-05-31 04:11:30 |  Difference: 1.4210854715202004e-14 using 100 samples to calculate f(x) and f(x')
2026-05-31 04:11:30 |  Relative error: 0.0000
2026-05-31 04:11:30 |     → Instance 44/100
2026-05-31 04:11:30 |     → ShapleyFlow (MC Edge Permutation): 316 edges, 100 trials
2026-05-31 04:11:30 |     → ShapleyFlow (MC Permutation): 316 edges, 100 trials = 31,700 model calls
2026-05-31 04:11:30 |     → Trial 1/100 completed (317 evaluations)
2026-05-31 04:11:31 |     → Trial 10/100 completed (317 evaluations)
2026-05-31 04:11:33 |     → Trial 20/100 completed (317 evaluations)
2026-05-31 04:11:34 |     → Trial 30/100 completed (317 evaluations)
2026-05-31 04:11:36 |     → Trial 40/100 completed (317 evaluations)
2026-05-31 04:11:37 |     → Trial 50/100 completed (317 evaluations)
2026-05-31 04:11:39 |     → Trial 60/100 completed (317 evaluations)
2026-05-31 04:11:41 |     → Trial 70/100 completed (317 evaluations)
2026-05-31 04:11:42 |     → Trial 80/100 completed (317 evaluations)
2026-05-31 04:11:44 |     → Trial 90/100 completed (317 evaluations)
2026-05-31 04:11:45 |     → Trial 100/100 completed (317 evaluations)
2026-05-31 04:11:45 |  Total edge attributions: 6.344154
2026-05-31 04:11:45 |  Expected (f(x) - f(x')) : 6.344154
2026-05-31 04:11:45 |  Difference: 1.7763568394002505e-15 using 100 samples to calculate f(x) and f(x')
2026-05-31 04:11:45 |  Relative error: 0.0000
2026-05-31 04:11:45 |     → Instance 45/100
2026-05-31 04:11:45 |     → ShapleyFlow (MC Edge Permutation): 316 edges, 100 trials
2026-05-31 04:11:45 |     → ShapleyFlow (MC Permutation): 316 edges, 100 trials = 31,700 model calls
2026-05-31 04:11:45 |     → Trial 1/100 completed (317 evaluations)
2026-05-31 04:11:47 |     → Trial 10/100 completed (317 evaluations)
2026-05-31 04:11:48 |     → Trial 20/100 completed (317 evaluations)
2026-05-31 04:11:50 |     → Trial 30/100 completed (317 evaluations)
2026-05-31 04:11:52 |     → Trial 40/100 completed (317 evaluations)
2026-05-31 04:11:53 |     → Trial 50/100 completed (317 evaluations)
2026-05-31 04:11:55 |     → Trial 60/100 completed (317 evaluations)
2026-05-31 04:11:56 |     → Trial 70/100 completed (317 evaluations)
2026-05-31 04:11:58 |     → Trial 80/100 completed (317 evaluations)
2026-05-31 04:11:59 |     → Trial 90/100 completed (317 evaluations)
2026-05-31 04:12:01 |     → Trial 100/100 completed (317 evaluations)
2026-05-31 04:12:01 |  Total edge attributions: 5.015443
2026-05-31 04:12:01 |  Expected (f(x) - f(x')) : 5.015443
2026-05-31 04:12:01 |  Difference: 4.440892098500626e-15 using 100 samples to calculate f(x) and f(x')
2026-05-31 04:12:01 |  Relative error: 0.0000
2026-05-31 04:12:01 |     → Instance 46/100
2026-05-31 04:12:01 |     → ShapleyFlow (MC Edge Permutation): 316 edges, 100 trials
2026-05-31 04:12:01 |     → ShapleyFlow (MC Permutation): 316 edges, 100 trials = 31,700 model calls
2026-05-31 04:12:01 |     → Trial 1/100 completed (317 evaluations)
2026-05-31 04:12:02 |     → Trial 10/100 completed (317 evaluations)
2026-05-31 04:12:04 |     → Trial 20/100 completed (317 evaluations)
2026-05-31 04:12:06 |     → Trial 30/100 completed (317 evaluations)
2026-05-31 04:12:07 |     → Trial 40/100 completed (317 evaluations)
2026-05-31 04:12:09 |     → Trial 50/100 completed (317 evaluations)
2026-05-31 04:12:10 |     → Trial 60/100 completed (317 evaluations)
2026-05-31 04:12:12 |     → Trial 70/100 completed (317 evaluations)
2026-05-31 04:12:13 |     → Trial 80/100 completed (317 evaluations)
2026-05-31 04:12:15 |     → Trial 90/100 completed (317 evaluations)
2026-05-31 04:12:17 |     → Trial 100/100 completed (317 evaluations)
2026-05-31 04:12:17 |  Total edge attributions: 1.236852
2026-05-31 04:12:17 |  Expected (f(x) - f(x')) : 1.236852
2026-05-31 04:12:17 |  Difference: 8.881784197001252e-16 using 100 samples to calculate f(x) and f(x')
2026-05-31 04:12:17 |  Relative error: 0.0000
2026-05-31 04:12:17 |     → Instance 47/100
2026-05-31 04:12:17 |     → ShapleyFlow (MC Edge Permutation): 316 edges, 100 trials
2026-05-31 04:12:17 |     → ShapleyFlow (MC Permutation): 316 edges, 100 trials = 31,700 model calls
2026-05-31 04:12:17 |     → Trial 1/100 completed (317 evaluations)
2026-05-31 04:12:18 |     → Trial 10/100 completed (317 evaluations)
2026-05-31 04:12:20 |     → Trial 20/100 completed (317 evaluations)
2026-05-31 04:12:21 |     → Trial 30/100 completed (317 evaluations)
2026-05-31 04:12:23 |     → Trial 40/100 completed (317 evaluations)
2026-05-31 04:12:24 |     → Trial 50/100 completed (317 evaluations)
2026-05-31 04:12:26 |     → Trial 60/100 completed (317 evaluations)
2026-05-31 04:12:27 |     → Trial 70/100 completed (317 evaluations)
2026-05-31 04:12:29 |     → Trial 80/100 completed (317 evaluations)
2026-05-31 04:12:31 |     → Trial 90/100 completed (317 evaluations)
2026-05-31 04:12:32 |     → Trial 100/100 completed (317 evaluations)
2026-05-31 04:12:32 |  Total edge attributions: -4.870879
2026-05-31 04:12:32 |  Expected (f(x) - f(x')) : -4.870879
2026-05-31 04:12:32 |  Difference: 7.993605777301127e-15 using 100 samples to calculate f(x) and f(x')
2026-05-31 04:12:32 |  Relative error: 0.0000
2026-05-31 04:12:32 |     → Instance 48/100
2026-05-31 04:12:32 |     → ShapleyFlow (MC Edge Permutation): 316 edges, 100 trials
2026-05-31 04:12:32 |     → ShapleyFlow (MC Permutation): 316 edges, 100 trials = 31,700 model calls
2026-05-31 04:12:32 |     → Trial 1/100 completed (317 evaluations)
2026-05-31 04:12:34 |     → Trial 10/100 completed (317 evaluations)
2026-05-31 04:12:35 |     → Trial 20/100 completed (317 evaluations)
2026-05-31 04:12:37 |     → Trial 30/100 completed (317 evaluations)
2026-05-31 04:12:38 |     → Trial 40/100 completed (317 evaluations)
2026-05-31 04:12:40 |     → Trial 50/100 completed (317 evaluations)
2026-05-31 04:12:42 |     → Trial 60/100 completed (317 evaluations)
2026-05-31 04:12:43 |     → Trial 70/100 completed (317 evaluations)
2026-05-31 04:12:45 |     → Trial 80/100 completed (317 evaluations)
2026-05-31 04:12:46 |     → Trial 90/100 completed (317 evaluations)
2026-05-31 04:12:48 |     → Trial 100/100 completed (317 evaluations)
2026-05-31 04:12:48 |  Total edge attributions: -3.274021
2026-05-31 04:12:48 |  Expected (f(x) - f(x')) : -3.274021
2026-05-31 04:12:48 |  Difference: 3.1086244689504383e-15 using 100 samples to calculate f(x) and f(x')
2026-05-31 04:12:48 |  Relative error: 0.0000
2026-05-31 04:12:48 |     → Instance 49/100
2026-05-31 04:12:48 |     → ShapleyFlow (MC Edge Permutation): 316 edges, 100 trials
2026-05-31 04:12:48 |     → ShapleyFlow (MC Permutation): 316 edges, 100 trials = 31,700 model calls
2026-05-31 04:12:48 |     → Trial 1/100 completed (317 evaluations)
2026-05-31 04:12:49 |     → Trial 10/100 completed (317 evaluations)
2026-05-31 04:12:51 |     → Trial 20/100 completed (317 evaluations)
2026-05-31 04:12:53 |     → Trial 30/100 completed (317 evaluations)
2026-05-31 04:12:54 |     → Trial 40/100 completed (317 evaluations)
2026-05-31 04:12:56 |     → Trial 50/100 completed (317 evaluations)
2026-05-31 04:12:57 |     → Trial 60/100 completed (317 evaluations)
2026-05-31 04:12:59 |     → Trial 70/100 completed (317 evaluations)
2026-05-31 04:13:00 |     → Trial 80/100 completed (317 evaluations)
2026-05-31 04:13:02 |     → Trial 90/100 completed (317 evaluations)
2026-05-31 04:13:03 |     → Trial 100/100 completed (317 evaluations)
2026-05-31 04:13:04 |  Total edge attributions: 2.057784
2026-05-31 04:13:04 |  Expected (f(x) - f(x')) : 2.057784
2026-05-31 04:13:04 |  Difference: 4.440892098500626e-16 using 100 samples to calculate f(x) and f(x')
2026-05-31 04:13:04 |  Relative error: 0.0000
2026-05-31 04:13:04 |     → Instance 50/100
2026-05-31 04:13:04 |     → ShapleyFlow (MC Edge Permutation): 316 edges, 100 trials
2026-05-31 04:13:04 |     → ShapleyFlow (MC Permutation): 316 edges, 100 trials = 31,700 model calls
2026-05-31 04:13:04 |     → Trial 1/100 completed (317 evaluations)
2026-05-31 04:13:05 |     → Trial 10/100 completed (317 evaluations)
2026-05-31 04:13:07 |     → Trial 20/100 completed (317 evaluations)
2026-05-31 04:13:08 |     → Trial 30/100 completed (317 evaluations)
2026-05-31 04:13:10 |     → Trial 40/100 completed (317 evaluations)
2026-05-31 04:13:11 |     → Trial 50/100 completed (317 evaluations)
2026-05-31 04:13:13 |     → Trial 60/100 completed (317 evaluations)
2026-05-31 04:13:14 |     → Trial 70/100 completed (317 evaluations)
2026-05-31 04:13:16 |     → Trial 80/100 completed (317 evaluations)
2026-05-31 04:13:18 |     → Trial 90/100 completed (317 evaluations)
2026-05-31 04:13:19 |     → Trial 100/100 completed (317 evaluations)
2026-05-31 04:13:19 |  Total edge attributions: -9.993823
2026-05-31 04:13:19 |  Expected (f(x) - f(x')) : -9.993823
2026-05-31 04:13:19 |  Difference: 0.0 using 100 samples to calculate f(x) and f(x')
2026-05-31 04:13:19 |  Relative error: 0.0000
2026-05-31 04:13:19 |     → Instance 51/100
2026-05-31 04:13:19 |     → ShapleyFlow (MC Edge Permutation): 316 edges, 100 trials
2026-05-31 04:13:19 |     → ShapleyFlow (MC Permutation): 316 edges, 100 trials = 31,700 model calls
2026-05-31 04:13:19 |     → Trial 1/100 completed (317 evaluations)
2026-05-31 04:13:21 |     → Trial 10/100 completed (317 evaluations)
2026-05-31 04:13:22 |     → Trial 20/100 completed (317 evaluations)
2026-05-31 04:13:24 |     → Trial 30/100 completed (317 evaluations)
2026-05-31 04:13:25 |     → Trial 40/100 completed (317 evaluations)
2026-05-31 04:13:27 |     → Trial 50/100 completed (317 evaluations)
2026-05-31 04:13:28 |     → Trial 60/100 completed (317 evaluations)
2026-05-31 04:13:30 |     → Trial 70/100 completed (317 evaluations)
2026-05-31 04:13:32 |     → Trial 80/100 completed (317 evaluations)
2026-05-31 04:13:33 |     → Trial 90/100 completed (317 evaluations)
2026-05-31 04:13:35 |     → Trial 100/100 completed (317 evaluations)
2026-05-31 04:13:35 |  Total edge attributions: 9.658732
2026-05-31 04:13:35 |  Expected (f(x) - f(x')) : 9.658732
2026-05-31 04:13:35 |  Difference: 1.7763568394002505e-15 using 100 samples to calculate f(x) and f(x')
2026-05-31 04:13:35 |  Relative error: 0.0000
2026-05-31 04:13:35 |     → Instance 52/100
2026-05-31 04:13:35 |     → ShapleyFlow (MC Edge Permutation): 316 edges, 100 trials
2026-05-31 04:13:35 |     → ShapleyFlow (MC Permutation): 316 edges, 100 trials = 31,700 model calls
2026-05-31 04:13:35 |     → Trial 1/100 completed (317 evaluations)
2026-05-31 04:13:36 |     → Trial 10/100 completed (317 evaluations)
2026-05-31 04:13:38 |     → Trial 20/100 completed (317 evaluations)
2026-05-31 04:13:39 |     → Trial 30/100 completed (317 evaluations)
2026-05-31 04:13:41 |     → Trial 40/100 completed (317 evaluations)
2026-05-31 04:13:43 |     → Trial 50/100 completed (317 evaluations)
2026-05-31 04:13:44 |     → Trial 60/100 completed (317 evaluations)
2026-05-31 04:13:46 |     → Trial 70/100 completed (317 evaluations)
2026-05-31 04:13:47 |     → Trial 80/100 completed (317 evaluations)
2026-05-31 04:13:49 |     → Trial 90/100 completed (317 evaluations)
2026-05-31 04:13:50 |     → Trial 100/100 completed (317 evaluations)
2026-05-31 04:13:50 |  Total edge attributions: -9.413280
2026-05-31 04:13:50 |  Expected (f(x) - f(x')) : -9.413280
2026-05-31 04:13:50 |  Difference: 3.552713678800501e-15 using 100 samples to calculate f(x) and f(x')
2026-05-31 04:13:50 |  Relative error: 0.0000
2026-05-31 04:13:50 |     → Instance 53/100
2026-05-31 04:13:50 |     → ShapleyFlow (MC Edge Permutation): 316 edges, 100 trials
2026-05-31 04:13:50 |     → ShapleyFlow (MC Permutation): 316 edges, 100 trials = 31,700 model calls
2026-05-31 04:13:51 |     → Trial 1/100 completed (317 evaluations)
2026-05-31 04:13:52 |     → Trial 10/100 completed (317 evaluations)
2026-05-31 04:13:54 |     → Trial 20/100 completed (317 evaluations)
2026-05-31 04:13:55 |     → Trial 30/100 completed (317 evaluations)
2026-05-31 04:13:57 |     → Trial 40/100 completed (317 evaluations)
2026-05-31 04:13:58 |     → Trial 50/100 completed (317 evaluations)
2026-05-31 04:14:00 |     → Trial 60/100 completed (317 evaluations)
2026-05-31 04:14:01 |     → Trial 70/100 completed (317 evaluations)
2026-05-31 04:14:03 |     → Trial 80/100 completed (317 evaluations)
2026-05-31 04:14:04 |     → Trial 90/100 completed (317 evaluations)
2026-05-31 04:14:06 |     → Trial 100/100 completed (317 evaluations)
2026-05-31 04:14:06 |  Total edge attributions: 2.402297
2026-05-31 04:14:06 |  Expected (f(x) - f(x')) : 2.402297
2026-05-31 04:14:06 |  Difference: 9.769962616701378e-15 using 100 samples to calculate f(x) and f(x')
2026-05-31 04:14:06 |  Relative error: 0.0000
2026-05-31 04:14:06 |     → Instance 54/100
2026-05-31 04:14:06 |     → ShapleyFlow (MC Edge Permutation): 316 edges, 100 trials
2026-05-31 04:14:06 |     → ShapleyFlow (MC Permutation): 316 edges, 100 trials = 31,700 model calls
2026-05-31 04:14:06 |     → Trial 1/100 completed (317 evaluations)
2026-05-31 04:14:08 |     → Trial 10/100 completed (317 evaluations)
2026-05-31 04:14:09 |     → Trial 20/100 completed (317 evaluations)
2026-05-31 04:14:11 |     → Trial 30/100 completed (317 evaluations)
2026-05-31 04:14:12 |     → Trial 40/100 completed (317 evaluations)
2026-05-31 04:14:14 |     → Trial 50/100 completed (317 evaluations)
2026-05-31 04:14:15 |     → Trial 60/100 completed (317 evaluations)
2026-05-31 04:14:17 |     → Trial 70/100 completed (317 evaluations)
2026-05-31 04:14:19 |     → Trial 80/100 completed (317 evaluations)
2026-05-31 04:14:20 |     → Trial 90/100 completed (317 evaluations)
2026-05-31 04:14:22 |     → Trial 100/100 completed (317 evaluations)
2026-05-31 04:14:22 |  Total edge attributions: 8.043801
2026-05-31 04:14:22 |  Expected (f(x) - f(x')) : 8.043801
2026-05-31 04:14:22 |  Difference: 3.552713678800501e-15 using 100 samples to calculate f(x) and f(x')
2026-05-31 04:14:22 |  Relative error: 0.0000
2026-05-31 04:14:22 |     → Instance 55/100
2026-05-31 04:14:22 |     → ShapleyFlow (MC Edge Permutation): 316 edges, 100 trials
2026-05-31 04:14:22 |     → ShapleyFlow (MC Permutation): 316 edges, 100 trials = 31,700 model calls
2026-05-31 04:14:22 |     → Trial 1/100 completed (317 evaluations)
2026-05-31 04:14:23 |     → Trial 10/100 completed (317 evaluations)
2026-05-31 04:14:25 |     → Trial 20/100 completed (317 evaluations)
2026-05-31 04:14:26 |     → Trial 30/100 completed (317 evaluations)
2026-05-31 04:14:28 |     → Trial 40/100 completed (317 evaluations)
2026-05-31 04:14:30 |     → Trial 50/100 completed (317 evaluations)
2026-05-31 04:14:31 |     → Trial 60/100 completed (317 evaluations)
2026-05-31 04:14:33 |     → Trial 70/100 completed (317 evaluations)
2026-05-31 04:14:34 |     → Trial 80/100 completed (317 evaluations)
2026-05-31 04:14:36 |     → Trial 90/100 completed (317 evaluations)
2026-05-31 04:14:37 |     → Trial 100/100 completed (317 evaluations)
2026-05-31 04:14:37 |  Total edge attributions: 6.296033
2026-05-31 04:14:37 |  Expected (f(x) - f(x')) : 6.296033
2026-05-31 04:14:37 |  Difference: 1.7763568394002505e-15 using 100 samples to calculate f(x) and f(x')
2026-05-31 04:14:37 |  Relative error: 0.0000
2026-05-31 04:14:37 |     → Instance 56/100
2026-05-31 04:14:37 |     → ShapleyFlow (MC Edge Permutation): 316 edges, 100 trials
2026-05-31 04:14:37 |     → ShapleyFlow (MC Permutation): 316 edges, 100 trials = 31,700 model calls
2026-05-31 04:14:38 |     → Trial 1/100 completed (317 evaluations)
2026-05-31 04:14:39 |     → Trial 10/100 completed (317 evaluations)
2026-05-31 04:14:41 |     → Trial 20/100 completed (317 evaluations)
2026-05-31 04:14:42 |     → Trial 30/100 completed (317 evaluations)
2026-05-31 04:14:44 |     → Trial 40/100 completed (317 evaluations)
2026-05-31 04:14:45 |     → Trial 50/100 completed (317 evaluations)
2026-05-31 04:14:47 |     → Trial 60/100 completed (317 evaluations)
2026-05-31 04:14:48 |     → Trial 70/100 completed (317 evaluations)
2026-05-31 04:14:50 |     → Trial 80/100 completed (317 evaluations)
2026-05-31 04:14:52 |     → Trial 90/100 completed (317 evaluations)
2026-05-31 04:14:53 |     → Trial 100/100 completed (317 evaluations)
2026-05-31 04:14:53 |  Total edge attributions: 0.955487
2026-05-31 04:14:53 |  Expected (f(x) - f(x')) : 0.955487
2026-05-31 04:14:53 |  Difference: 2.6645352591003757e-15 using 100 samples to calculate f(x) and f(x')
2026-05-31 04:14:53 |  Relative error: 0.0000
2026-05-31 04:14:53 |     → Instance 57/100
2026-05-31 04:14:53 |     → ShapleyFlow (MC Edge Permutation): 316 edges, 100 trials
2026-05-31 04:14:53 |     → ShapleyFlow (MC Permutation): 316 edges, 100 trials = 31,700 model calls
2026-05-31 04:14:53 |     → Trial 1/100 completed (317 evaluations)
2026-05-31 04:14:55 |     → Trial 10/100 completed (317 evaluations)
2026-05-31 04:14:56 |     → Trial 20/100 completed (317 evaluations)
2026-05-31 04:14:58 |     → Trial 30/100 completed (317 evaluations)
2026-05-31 04:14:59 |     → Trial 40/100 completed (317 evaluations)
2026-05-31 04:15:01 |     → Trial 50/100 completed (317 evaluations)
2026-05-31 04:15:03 |     → Trial 60/100 completed (317 evaluations)
2026-05-31 04:15:04 |     → Trial 70/100 completed (317 evaluations)
2026-05-31 04:15:06 |     → Trial 80/100 completed (317 evaluations)
2026-05-31 04:15:07 |     → Trial 90/100 completed (317 evaluations)
2026-05-31 04:15:09 |     → Trial 100/100 completed (317 evaluations)
2026-05-31 04:15:09 |  Total edge attributions: 22.124461
2026-05-31 04:15:09 |  Expected (f(x) - f(x')) : 22.124461
2026-05-31 04:15:09 |  Difference: 0.0 using 100 samples to calculate f(x) and f(x')
2026-05-31 04:15:09 |  Relative error: 0.0000
2026-05-31 04:15:09 |     → Instance 58/100
2026-05-31 04:15:09 |     → ShapleyFlow (MC Edge Permutation): 316 edges, 100 trials
2026-05-31 04:15:09 |     → ShapleyFlow (MC Permutation): 316 edges, 100 trials = 31,700 model calls
2026-05-31 04:15:09 |     → Trial 1/100 completed (317 evaluations)
2026-05-31 04:15:10 |     → Trial 10/100 completed (317 evaluations)
2026-05-31 04:15:12 |     → Trial 20/100 completed (317 evaluations)
2026-05-31 04:15:14 |     → Trial 30/100 completed (317 evaluations)
2026-05-31 04:15:15 |     → Trial 40/100 completed (317 evaluations)
2026-05-31 04:15:17 |     → Trial 50/100 completed (317 evaluations)
2026-05-31 04:15:18 |     → Trial 60/100 completed (317 evaluations)
2026-05-31 04:15:20 |     → Trial 70/100 completed (317 evaluations)
2026-05-31 04:15:21 |     → Trial 80/100 completed (317 evaluations)
2026-05-31 04:15:23 |     → Trial 90/100 completed (317 evaluations)
2026-05-31 04:15:24 |     → Trial 100/100 completed (317 evaluations)
2026-05-31 04:15:25 |  Total edge attributions: -26.534756
2026-05-31 04:15:25 |  Expected (f(x) - f(x')) : -26.534756
2026-05-31 04:15:25 |  Difference: 7.105427357601002e-15 using 100 samples to calculate f(x) and f(x')
2026-05-31 04:15:25 |  Relative error: 0.0000
2026-05-31 04:15:25 |     → Instance 59/100
2026-05-31 04:15:25 |     → ShapleyFlow (MC Edge Permutation): 316 edges, 100 trials
2026-05-31 04:15:25 |     → ShapleyFlow (MC Permutation): 316 edges, 100 trials = 31,700 model calls
2026-05-31 04:15:25 |     → Trial 1/100 completed (317 evaluations)
2026-05-31 04:15:26 |     → Trial 10/100 completed (317 evaluations)
2026-05-31 04:15:28 |     → Trial 20/100 completed (317 evaluations)
2026-05-31 04:15:29 |     → Trial 30/100 completed (317 evaluations)
2026-05-31 04:15:31 |     → Trial 40/100 completed (317 evaluations)
2026-05-31 04:15:32 |     → Trial 50/100 completed (317 evaluations)
2026-05-31 04:15:34 |     → Trial 60/100 completed (317 evaluations)
2026-05-31 04:15:35 |     → Trial 70/100 completed (317 evaluations)
2026-05-31 04:15:37 |     → Trial 80/100 completed (317 evaluations)
2026-05-31 04:15:39 |     → Trial 90/100 completed (317 evaluations)
2026-05-31 04:15:40 |     → Trial 100/100 completed (317 evaluations)
2026-05-31 04:15:40 |  Total edge attributions: 0.858258
2026-05-31 04:15:40 |  Expected (f(x) - f(x')) : 0.858258
2026-05-31 04:15:40 |  Difference: 8.881784197001252e-16 using 100 samples to calculate f(x) and f(x')
2026-05-31 04:15:40 |  Relative error: 0.0000
2026-05-31 04:15:40 |     → Instance 60/100
2026-05-31 04:15:40 |     → ShapleyFlow (MC Edge Permutation): 316 edges, 100 trials
2026-05-31 04:15:40 |     → ShapleyFlow (MC Permutation): 316 edges, 100 trials = 31,700 model calls
2026-05-31 04:15:40 |     → Trial 1/100 completed (317 evaluations)
2026-05-31 04:15:42 |     → Trial 10/100 completed (317 evaluations)
2026-05-31 04:15:43 |     → Trial 20/100 completed (317 evaluations)
2026-05-31 04:15:45 |     → Trial 30/100 completed (317 evaluations)
2026-05-31 04:15:46 |     → Trial 40/100 completed (317 evaluations)
2026-05-31 04:15:48 |     → Trial 50/100 completed (317 evaluations)
2026-05-31 04:15:50 |     → Trial 60/100 completed (317 evaluations)
2026-05-31 04:15:51 |     → Trial 70/100 completed (317 evaluations)
2026-05-31 04:15:53 |     → Trial 80/100 completed (317 evaluations)
2026-05-31 04:15:54 |     → Trial 90/100 completed (317 evaluations)
2026-05-31 04:15:56 |     → Trial 100/100 completed (317 evaluations)
2026-05-31 04:15:56 |  Total edge attributions: 3.167597
2026-05-31 04:15:56 |  Expected (f(x) - f(x')) : 3.167597
2026-05-31 04:15:56 |  Difference: 3.1086244689504383e-15 using 100 samples to calculate f(x) and f(x')
2026-05-31 04:15:56 |  Relative error: 0.0000
2026-05-31 04:15:56 |     → Instance 61/100
2026-05-31 04:15:56 |     → ShapleyFlow (MC Edge Permutation): 316 edges, 100 trials
2026-05-31 04:15:56 |     → ShapleyFlow (MC Permutation): 316 edges, 100 trials = 31,700 model calls
2026-05-31 04:15:56 |     → Trial 1/100 completed (317 evaluations)
2026-05-31 04:15:57 |     → Trial 10/100 completed (317 evaluations)
2026-05-31 04:15:59 |     → Trial 20/100 completed (317 evaluations)
2026-05-31 04:16:01 |     → Trial 30/100 completed (317 evaluations)
2026-05-31 04:16:02 |     → Trial 40/100 completed (317 evaluations)
2026-05-31 04:16:04 |     → Trial 50/100 completed (317 evaluations)
2026-05-31 04:16:05 |     → Trial 60/100 completed (317 evaluations)
2026-05-31 04:16:07 |     → Trial 70/100 completed (317 evaluations)
2026-05-31 04:16:08 |     → Trial 80/100 completed (317 evaluations)
2026-05-31 04:16:10 |     → Trial 90/100 completed (317 evaluations)
2026-05-31 04:16:12 |     → Trial 100/100 completed (317 evaluations)
2026-05-31 04:16:12 |  Total edge attributions: -11.719465
2026-05-31 04:16:12 |  Expected (f(x) - f(x')) : -11.719465
2026-05-31 04:16:12 |  Difference: 3.552713678800501e-15 using 100 samples to calculate f(x) and f(x')
2026-05-31 04:16:12 |  Relative error: 0.0000
2026-05-31 04:16:12 |     → Instance 62/100
2026-05-31 04:16:12 |     → ShapleyFlow (MC Edge Permutation): 316 edges, 100 trials
2026-05-31 04:16:12 |     → ShapleyFlow (MC Permutation): 316 edges, 100 trials = 31,700 model calls
2026-05-31 04:16:12 |     → Trial 1/100 completed (317 evaluations)
2026-05-31 04:16:13 |     → Trial 10/100 completed (317 evaluations)
2026-05-31 04:16:15 |     → Trial 20/100 completed (317 evaluations)
2026-05-31 04:16:16 |     → Trial 30/100 completed (317 evaluations)
2026-05-31 04:16:18 |     → Trial 40/100 completed (317 evaluations)
2026-05-31 04:16:19 |     → Trial 50/100 completed (317 evaluations)
2026-05-31 04:16:21 |     → Trial 60/100 completed (317 evaluations)
2026-05-31 04:16:22 |     → Trial 70/100 completed (317 evaluations)
2026-05-31 04:16:24 |     → Trial 80/100 completed (317 evaluations)
2026-05-31 04:16:26 |     → Trial 90/100 completed (317 evaluations)
2026-05-31 04:16:27 |     → Trial 100/100 completed (317 evaluations)
2026-05-31 04:16:27 |  Total edge attributions: 4.067524
2026-05-31 04:16:27 |  Expected (f(x) - f(x')) : 4.067524
2026-05-31 04:16:27 |  Difference: 3.552713678800501e-15 using 100 samples to calculate f(x) and f(x')
2026-05-31 04:16:27 |  Relative error: 0.0000
2026-05-31 04:16:27 |     → Instance 63/100
2026-05-31 04:16:27 |     → ShapleyFlow (MC Edge Permutation): 316 edges, 100 trials
2026-05-31 04:16:27 |     → ShapleyFlow (MC Permutation): 316 edges, 100 trials = 31,700 model calls
2026-05-31 04:16:27 |     → Trial 1/100 completed (317 evaluations)
2026-05-31 04:16:29 |     → Trial 10/100 completed (317 evaluations)
2026-05-31 04:16:30 |     → Trial 20/100 completed (317 evaluations)
2026-05-31 04:16:32 |     → Trial 30/100 completed (317 evaluations)
2026-05-31 04:16:34 |     → Trial 40/100 completed (317 evaluations)
2026-05-31 04:16:35 |     → Trial 50/100 completed (317 evaluations)
2026-05-31 04:16:37 |     → Trial 60/100 completed (317 evaluations)
2026-05-31 04:16:38 |     → Trial 70/100 completed (317 evaluations)
2026-05-31 04:16:40 |     → Trial 80/100 completed (317 evaluations)
2026-05-31 04:16:41 |     → Trial 90/100 completed (317 evaluations)
2026-05-31 04:16:43 |     → Trial 100/100 completed (317 evaluations)
2026-05-31 04:16:43 |  Total edge attributions: 6.606612
2026-05-31 04:16:43 |  Expected (f(x) - f(x')) : 6.606612
2026-05-31 04:16:43 |  Difference: 7.105427357601002e-15 using 100 samples to calculate f(x) and f(x')
2026-05-31 04:16:43 |  Relative error: 0.0000
2026-05-31 04:16:43 |     → Instance 64/100
2026-05-31 04:16:43 |     → ShapleyFlow (MC Edge Permutation): 316 edges, 100 trials
2026-05-31 04:16:43 |     → ShapleyFlow (MC Permutation): 316 edges, 100 trials = 31,700 model calls
2026-05-31 04:16:43 |     → Trial 1/100 completed (317 evaluations)
2026-05-31 04:16:45 |     → Trial 10/100 completed (317 evaluations)
2026-05-31 04:16:46 |     → Trial 20/100 completed (317 evaluations)
2026-05-31 04:16:48 |     → Trial 30/100 completed (317 evaluations)
2026-05-31 04:16:49 |     → Trial 40/100 completed (317 evaluations)
2026-05-31 04:16:51 |     → Trial 50/100 completed (317 evaluations)
2026-05-31 04:16:52 |     → Trial 60/100 completed (317 evaluations)
2026-05-31 04:16:54 |     → Trial 70/100 completed (317 evaluations)
2026-05-31 04:16:55 |     → Trial 80/100 completed (317 evaluations)
2026-05-31 04:16:57 |     → Trial 90/100 completed (317 evaluations)
2026-05-31 04:16:59 |     → Trial 100/100 completed (317 evaluations)
2026-05-31 04:16:59 |  Total edge attributions: 1.998544
2026-05-31 04:16:59 |  Expected (f(x) - f(x')) : 1.998544
2026-05-31 04:16:59 |  Difference: 2.220446049250313e-15 using 100 samples to calculate f(x) and f(x')
2026-05-31 04:16:59 |  Relative error: 0.0000
2026-05-31 04:16:59 |     → Instance 65/100
2026-05-31 04:16:59 |     → ShapleyFlow (MC Edge Permutation): 316 edges, 100 trials
2026-05-31 04:16:59 |     → ShapleyFlow (MC Permutation): 316 edges, 100 trials = 31,700 model calls
2026-05-31 04:16:59 |     → Trial 1/100 completed (317 evaluations)
2026-05-31 04:17:00 |     → Trial 10/100 completed (317 evaluations)
2026-05-31 04:17:02 |     → Trial 20/100 completed (317 evaluations)
2026-05-31 04:17:03 |     → Trial 30/100 completed (317 evaluations)
2026-05-31 04:17:05 |     → Trial 40/100 completed (317 evaluations)
2026-05-31 04:17:07 |     → Trial 50/100 completed (317 evaluations)
2026-05-31 04:17:08 |     → Trial 60/100 completed (317 evaluations)
2026-05-31 04:17:10 |     → Trial 70/100 completed (317 evaluations)
2026-05-31 04:17:11 |     → Trial 80/100 completed (317 evaluations)
2026-05-31 04:17:13 |     → Trial 90/100 completed (317 evaluations)
2026-05-31 04:17:14 |     → Trial 100/100 completed (317 evaluations)
2026-05-31 04:17:14 |  Total edge attributions: 2.461743
2026-05-31 04:17:14 |  Expected (f(x) - f(x')) : 2.461743
2026-05-31 04:17:14 |  Difference: 1.7763568394002505e-15 using 100 samples to calculate f(x) and f(x')
2026-05-31 04:17:14 |  Relative error: 0.0000
2026-05-31 04:17:14 |     → Instance 66/100
2026-05-31 04:17:14 |     → ShapleyFlow (MC Edge Permutation): 316 edges, 100 trials
2026-05-31 04:17:14 |     → ShapleyFlow (MC Permutation): 316 edges, 100 trials = 31,700 model calls
2026-05-31 04:17:15 |     → Trial 1/100 completed (317 evaluations)
2026-05-31 04:17:16 |     → Trial 10/100 completed (317 evaluations)
2026-05-31 04:17:18 |     → Trial 20/100 completed (317 evaluations)
2026-05-31 04:17:19 |     → Trial 30/100 completed (317 evaluations)
2026-05-31 04:17:21 |     → Trial 40/100 completed (317 evaluations)
2026-05-31 04:17:22 |     → Trial 50/100 completed (317 evaluations)
2026-05-31 04:17:24 |     → Trial 60/100 completed (317 evaluations)
2026-05-31 04:17:25 |     → Trial 70/100 completed (317 evaluations)
2026-05-31 04:17:27 |     → Trial 80/100 completed (317 evaluations)
2026-05-31 04:17:28 |     → Trial 90/100 completed (317 evaluations)
2026-05-31 04:17:30 |     → Trial 100/100 completed (317 evaluations)
2026-05-31 04:17:30 |  Total edge attributions: -14.342138
2026-05-31 04:17:30 |  Expected (f(x) - f(x')) : -14.342138
2026-05-31 04:17:30 |  Difference: 3.552713678800501e-15 using 100 samples to calculate f(x) and f(x')
2026-05-31 04:17:30 |  Relative error: 0.0000
2026-05-31 04:17:30 |     → Instance 67/100
2026-05-31 04:17:30 |     → ShapleyFlow (MC Edge Permutation): 316 edges, 100 trials
2026-05-31 04:17:30 |     → ShapleyFlow (MC Permutation): 316 edges, 100 trials = 31,700 model calls
2026-05-31 04:17:30 |     → Trial 1/100 completed (317 evaluations)
2026-05-31 04:17:32 |     → Trial 10/100 completed (317 evaluations)
2026-05-31 04:17:33 |     → Trial 20/100 completed (317 evaluations)
2026-05-31 04:17:35 |     → Trial 30/100 completed (317 evaluations)
2026-05-31 04:17:36 |     → Trial 40/100 completed (317 evaluations)
2026-05-31 04:17:38 |     → Trial 50/100 completed (317 evaluations)
2026-05-31 04:17:39 |     → Trial 60/100 completed (317 evaluations)
2026-05-31 04:17:41 |     → Trial 70/100 completed (317 evaluations)
2026-05-31 04:17:43 |     → Trial 80/100 completed (317 evaluations)
2026-05-31 04:17:44 |     → Trial 90/100 completed (317 evaluations)
2026-05-31 04:17:46 |     → Trial 100/100 completed (317 evaluations)
2026-05-31 04:17:46 |  Total edge attributions: 8.889730
2026-05-31 04:17:46 |  Expected (f(x) - f(x')) : 8.889730
2026-05-31 04:17:46 |  Difference: 8.881784197001252e-15 using 100 samples to calculate f(x) and f(x')
2026-05-31 04:17:46 |  Relative error: 0.0000
2026-05-31 04:17:46 |     → Instance 68/100
2026-05-31 04:17:46 |     → ShapleyFlow (MC Edge Permutation): 316 edges, 100 trials
2026-05-31 04:17:46 |     → ShapleyFlow (MC Permutation): 316 edges, 100 trials = 31,700 model calls
2026-05-31 04:17:46 |     → Trial 1/100 completed (317 evaluations)
2026-05-31 04:17:47 |     → Trial 10/100 completed (317 evaluations)
2026-05-31 04:17:49 |     → Trial 20/100 completed (317 evaluations)
2026-05-31 04:17:50 |     → Trial 30/100 completed (317 evaluations)
2026-05-31 04:17:52 |     → Trial 40/100 completed (317 evaluations)
2026-05-31 04:17:54 |     → Trial 50/100 completed (317 evaluations)
2026-05-31 04:17:55 |     → Trial 60/100 completed (317 evaluations)
2026-05-31 04:17:57 |     → Trial 70/100 completed (317 evaluations)
2026-05-31 04:17:58 |     → Trial 80/100 completed (317 evaluations)
2026-05-31 04:18:00 |     → Trial 90/100 completed (317 evaluations)
2026-05-31 04:18:01 |     → Trial 100/100 completed (317 evaluations)
2026-05-31 04:18:01 |  Total edge attributions: 9.081140
2026-05-31 04:18:01 |  Expected (f(x) - f(x')) : 9.081140
2026-05-31 04:18:01 |  Difference: 1.7763568394002505e-15 using 100 samples to calculate f(x) and f(x')
2026-05-31 04:18:01 |  Relative error: 0.0000
2026-05-31 04:18:01 |     → Instance 69/100
2026-05-31 04:18:01 |     → ShapleyFlow (MC Edge Permutation): 316 edges, 100 trials
2026-05-31 04:18:01 |     → ShapleyFlow (MC Permutation): 316 edges, 100 trials = 31,700 model calls
2026-05-31 04:18:02 |     → Trial 1/100 completed (317 evaluations)
2026-05-31 04:18:03 |     → Trial 10/100 completed (317 evaluations)
2026-05-31 04:18:05 |     → Trial 20/100 completed (317 evaluations)
2026-05-31 04:18:06 |     → Trial 30/100 completed (317 evaluations)
2026-05-31 04:18:08 |     → Trial 40/100 completed (317 evaluations)
2026-05-31 04:18:09 |     → Trial 50/100 completed (317 evaluations)
2026-05-31 04:18:11 |     → Trial 60/100 completed (317 evaluations)
2026-05-31 04:18:12 |     → Trial 70/100 completed (317 evaluations)
2026-05-31 04:18:14 |     → Trial 80/100 completed (317 evaluations)
2026-05-31 04:18:15 |     → Trial 90/100 completed (317 evaluations)
2026-05-31 04:18:17 |     → Trial 100/100 completed (317 evaluations)
2026-05-31 04:18:17 |  Total edge attributions: -18.629871
2026-05-31 04:18:17 |  Expected (f(x) - f(x')) : -18.629871
2026-05-31 04:18:17 |  Difference: 1.7763568394002505e-14 using 100 samples to calculate f(x) and f(x')
2026-05-31 04:18:17 |  Relative error: 0.0000
2026-05-31 04:18:17 |     → Instance 70/100
2026-05-31 04:18:17 |     → ShapleyFlow (MC Edge Permutation): 316 edges, 100 trials
2026-05-31 04:18:17 |     → ShapleyFlow (MC Permutation): 316 edges, 100 trials = 31,700 model calls
2026-05-31 04:18:17 |     → Trial 1/100 completed (317 evaluations)
2026-05-31 04:18:19 |     → Trial 10/100 completed (317 evaluations)
2026-05-31 04:18:20 |     → Trial 20/100 completed (317 evaluations)
2026-05-31 04:18:22 |     → Trial 30/100 completed (317 evaluations)
2026-05-31 04:18:23 |     → Trial 40/100 completed (317 evaluations)
2026-05-31 04:18:25 |     → Trial 50/100 completed (317 evaluations)
2026-05-31 04:18:26 |     → Trial 60/100 completed (317 evaluations)
2026-05-31 04:18:28 |     → Trial 70/100 completed (317 evaluations)
2026-05-31 04:18:29 |     → Trial 80/100 completed (317 evaluations)
2026-05-31 04:18:31 |     → Trial 90/100 completed (317 evaluations)
2026-05-31 04:18:33 |     → Trial 100/100 completed (317 evaluations)
2026-05-31 04:18:33 |  Total edge attributions: -0.950860
2026-05-31 04:18:33 |  Expected (f(x) - f(x')) : -0.950860
2026-05-31 04:18:33 |  Difference: 5.88418203051333e-15 using 100 samples to calculate f(x) and f(x')
2026-05-31 04:18:33 |  Relative error: 0.0000
2026-05-31 04:18:33 |     → Instance 71/100
2026-05-31 04:18:33 |     → ShapleyFlow (MC Edge Permutation): 316 edges, 100 trials
2026-05-31 04:18:33 |     → ShapleyFlow (MC Permutation): 316 edges, 100 trials = 31,700 model calls
2026-05-31 04:18:33 |     → Trial 1/100 completed (317 evaluations)
2026-05-31 04:18:34 |     → Trial 10/100 completed (317 evaluations)
2026-05-31 04:18:36 |     → Trial 20/100 completed (317 evaluations)
2026-05-31 04:18:37 |     → Trial 30/100 completed (317 evaluations)
2026-05-31 04:18:39 |     → Trial 40/100 completed (317 evaluations)
2026-05-31 04:18:40 |     → Trial 50/100 completed (317 evaluations)
2026-05-31 04:18:42 |     → Trial 60/100 completed (317 evaluations)
2026-05-31 04:18:44 |     → Trial 70/100 completed (317 evaluations)
2026-05-31 04:18:45 |     → Trial 80/100 completed (317 evaluations)
2026-05-31 04:18:47 |     → Trial 90/100 completed (317 evaluations)
2026-05-31 04:18:48 |     → Trial 100/100 completed (317 evaluations)
2026-05-31 04:18:48 |  Total edge attributions: 4.575823
2026-05-31 04:18:48 |  Expected (f(x) - f(x')) : 4.575823
2026-05-31 04:18:48 |  Difference: 8.881784197001252e-16 using 100 samples to calculate f(x) and f(x')
2026-05-31 04:18:48 |  Relative error: 0.0000
2026-05-31 04:18:48 |     → Instance 72/100
2026-05-31 04:18:48 |     → ShapleyFlow (MC Edge Permutation): 316 edges, 100 trials
2026-05-31 04:18:48 |     → ShapleyFlow (MC Permutation): 316 edges, 100 trials = 31,700 model calls
2026-05-31 04:18:48 |     → Trial 1/100 completed (317 evaluations)
2026-05-31 04:18:50 |     → Trial 10/100 completed (317 evaluations)
2026-05-31 04:18:51 |     → Trial 20/100 completed (317 evaluations)
2026-05-31 04:18:53 |     → Trial 30/100 completed (317 evaluations)
2026-05-31 04:18:55 |     → Trial 40/100 completed (317 evaluations)
2026-05-31 04:18:56 |     → Trial 50/100 completed (317 evaluations)
2026-05-31 04:18:58 |     → Trial 60/100 completed (317 evaluations)
2026-05-31 04:18:59 |     → Trial 70/100 completed (317 evaluations)
2026-05-31 04:19:01 |     → Trial 80/100 completed (317 evaluations)
2026-05-31 04:19:02 |     → Trial 90/100 completed (317 evaluations)
2026-05-31 04:19:04 |     → Trial 100/100 completed (317 evaluations)
2026-05-31 04:19:04 |  Total edge attributions: -10.775610
2026-05-31 04:19:04 |  Expected (f(x) - f(x')) : -10.775610
2026-05-31 04:19:04 |  Difference: 1.0658141036401503e-14 using 100 samples to calculate f(x) and f(x')
2026-05-31 04:19:04 |  Relative error: 0.0000
2026-05-31 04:19:04 |     → Instance 73/100
2026-05-31 04:19:04 |     → ShapleyFlow (MC Edge Permutation): 316 edges, 100 trials
2026-05-31 04:19:04 |     → ShapleyFlow (MC Permutation): 316 edges, 100 trials = 31,700 model calls
2026-05-31 04:19:04 |     → Trial 1/100 completed (317 evaluations)
2026-05-31 04:19:06 |     → Trial 10/100 completed (317 evaluations)
2026-05-31 04:19:07 |     → Trial 20/100 completed (317 evaluations)
2026-05-31 04:19:09 |     → Trial 30/100 completed (317 evaluations)
2026-05-31 04:19:10 |     → Trial 40/100 completed (317 evaluations)
2026-05-31 04:19:12 |     → Trial 50/100 completed (317 evaluations)
2026-05-31 04:19:13 |     → Trial 60/100 completed (317 evaluations)
2026-05-31 04:19:15 |     → Trial 70/100 completed (317 evaluations)
2026-05-31 04:19:16 |     → Trial 80/100 completed (317 evaluations)
2026-05-31 04:19:18 |     → Trial 90/100 completed (317 evaluations)
2026-05-31 04:19:20 |     → Trial 100/100 completed (317 evaluations)
2026-05-31 04:19:20 |  Total edge attributions: 0.984931
2026-05-31 04:19:20 |  Expected (f(x) - f(x')) : 0.984931
2026-05-31 04:19:20 |  Difference: 9.103828801926284e-15 using 100 samples to calculate f(x) and f(x')
2026-05-31 04:19:20 |  Relative error: 0.0000
2026-05-31 04:19:20 |     → Instance 74/100
2026-05-31 04:19:20 |     → ShapleyFlow (MC Edge Permutation): 316 edges, 100 trials
2026-05-31 04:19:20 |     → ShapleyFlow (MC Permutation): 316 edges, 100 trials = 31,700 model calls
2026-05-31 04:19:20 |     → Trial 1/100 completed (317 evaluations)
2026-05-31 04:19:21 |     → Trial 10/100 completed (317 evaluations)
2026-05-31 04:19:23 |     → Trial 20/100 completed (317 evaluations)
2026-05-31 04:19:24 |     → Trial 30/100 completed (317 evaluations)
2026-05-31 04:19:26 |     → Trial 40/100 completed (317 evaluations)
2026-05-31 04:19:27 |     → Trial 50/100 completed (317 evaluations)
2026-05-31 04:19:29 |     → Trial 60/100 completed (317 evaluations)
2026-05-31 04:19:31 |     → Trial 70/100 completed (317 evaluations)
2026-05-31 04:19:32 |     → Trial 80/100 completed (317 evaluations)
2026-05-31 04:19:34 |     → Trial 90/100 completed (317 evaluations)
2026-05-31 04:19:35 |     → Trial 100/100 completed (317 evaluations)
2026-05-31 04:19:35 |  Total edge attributions: 2.315343
2026-05-31 04:19:35 |  Expected (f(x) - f(x')) : 2.315343
2026-05-31 04:19:35 |  Difference: 0.0 using 100 samples to calculate f(x) and f(x')
2026-05-31 04:19:35 |  Relative error: 0.0000
2026-05-31 04:19:35 |     → Instance 75/100
2026-05-31 04:19:35 |     → ShapleyFlow (MC Edge Permutation): 316 edges, 100 trials
2026-05-31 04:19:35 |     → ShapleyFlow (MC Permutation): 316 edges, 100 trials = 31,700 model calls
2026-05-31 04:19:35 |     → Trial 1/100 completed (317 evaluations)
2026-05-31 04:19:37 |     → Trial 10/100 completed (317 evaluations)
2026-05-31 04:19:38 |     → Trial 20/100 completed (317 evaluations)
2026-05-31 04:19:40 |     → Trial 30/100 completed (317 evaluations)
2026-05-31 04:19:42 |     → Trial 40/100 completed (317 evaluations)
2026-05-31 04:19:43 |     → Trial 50/100 completed (317 evaluations)
2026-05-31 04:19:45 |     → Trial 60/100 completed (317 evaluations)
2026-05-31 04:19:46 |     → Trial 70/100 completed (317 evaluations)
2026-05-31 04:19:48 |     → Trial 80/100 completed (317 evaluations)
2026-05-31 04:19:49 |     → Trial 90/100 completed (317 evaluations)
2026-05-31 04:19:51 |     → Trial 100/100 completed (317 evaluations)
2026-05-31 04:19:51 |  Total edge attributions: 3.861876
2026-05-31 04:19:51 |  Expected (f(x) - f(x')) : 3.861876
2026-05-31 04:19:51 |  Difference: 3.1086244689504383e-15 using 100 samples to calculate f(x) and f(x')
2026-05-31 04:19:51 |  Relative error: 0.0000
2026-05-31 04:19:51 |     → Instance 76/100
2026-05-31 04:19:51 |     → ShapleyFlow (MC Edge Permutation): 316 edges, 100 trials
2026-05-31 04:19:51 |     → ShapleyFlow (MC Permutation): 316 edges, 100 trials = 31,700 model calls
2026-05-31 04:19:51 |     → Trial 1/100 completed (317 evaluations)
2026-05-31 04:19:52 |     → Trial 10/100 completed (317 evaluations)
2026-05-31 04:19:54 |     → Trial 20/100 completed (317 evaluations)
2026-05-31 04:19:56 |     → Trial 30/100 completed (317 evaluations)
2026-05-31 04:19:57 |     → Trial 40/100 completed (317 evaluations)
2026-05-31 04:19:59 |     → Trial 50/100 completed (317 evaluations)
2026-05-31 04:20:00 |     → Trial 60/100 completed (317 evaluations)
2026-05-31 04:20:02 |     → Trial 70/100 completed (317 evaluations)
2026-05-31 04:20:03 |     → Trial 80/100 completed (317 evaluations)
2026-05-31 04:20:05 |     → Trial 90/100 completed (317 evaluations)
2026-05-31 04:20:06 |     → Trial 100/100 completed (317 evaluations)
2026-05-31 04:20:07 |  Total edge attributions: 3.219513
2026-05-31 04:20:07 |  Expected (f(x) - f(x')) : 3.219513
2026-05-31 04:20:07 |  Difference: 3.9968028886505635e-15 using 100 samples to calculate f(x) and f(x')
2026-05-31 04:20:07 |  Relative error: 0.0000
2026-05-31 04:20:07 |     → Instance 77/100
2026-05-31 04:20:07 |     → ShapleyFlow (MC Edge Permutation): 316 edges, 100 trials
2026-05-31 04:20:07 |     → ShapleyFlow (MC Permutation): 316 edges, 100 trials = 31,700 model calls
2026-05-31 04:20:07 |     → Trial 1/100 completed (317 evaluations)
2026-05-31 04:20:08 |     → Trial 10/100 completed (317 evaluations)
2026-05-31 04:20:10 |     → Trial 20/100 completed (317 evaluations)
2026-05-31 04:20:11 |     → Trial 30/100 completed (317 evaluations)
2026-05-31 04:20:13 |     → Trial 40/100 completed (317 evaluations)
2026-05-31 04:20:14 |     → Trial 50/100 completed (317 evaluations)
2026-05-31 04:20:16 |     → Trial 60/100 completed (317 evaluations)
2026-05-31 04:20:17 |     → Trial 70/100 completed (317 evaluations)
2026-05-31 04:20:19 |     → Trial 80/100 completed (317 evaluations)
2026-05-31 04:20:21 |     → Trial 90/100 completed (317 evaluations)
2026-05-31 04:20:22 |     → Trial 100/100 completed (317 evaluations)
2026-05-31 04:20:22 |  Total edge attributions: 3.662167
2026-05-31 04:20:22 |  Expected (f(x) - f(x')) : 3.662167
2026-05-31 04:20:22 |  Difference: 3.552713678800501e-15 using 100 samples to calculate f(x) and f(x')
2026-05-31 04:20:22 |  Relative error: 0.0000
2026-05-31 04:20:22 |     → Instance 78/100
2026-05-31 04:20:22 |     → ShapleyFlow (MC Edge Permutation): 316 edges, 100 trials
2026-05-31 04:20:22 |     → ShapleyFlow (MC Permutation): 316 edges, 100 trials = 31,700 model calls
2026-05-31 04:20:22 |     → Trial 1/100 completed (317 evaluations)
2026-05-31 04:20:24 |     → Trial 10/100 completed (317 evaluations)
2026-05-31 04:20:25 |     → Trial 20/100 completed (317 evaluations)
2026-05-31 04:20:27 |     → Trial 30/100 completed (317 evaluations)
2026-05-31 04:20:29 |     → Trial 40/100 completed (317 evaluations)
2026-05-31 04:20:30 |     → Trial 50/100 completed (317 evaluations)
2026-05-31 04:20:32 |     → Trial 60/100 completed (317 evaluations)
2026-05-31 04:20:33 |     → Trial 70/100 completed (317 evaluations)
2026-05-31 04:20:35 |     → Trial 80/100 completed (317 evaluations)
2026-05-31 04:20:36 |     → Trial 90/100 completed (317 evaluations)
2026-05-31 04:20:38 |     → Trial 100/100 completed (317 evaluations)
2026-05-31 04:20:38 |  Total edge attributions: 8.055644
2026-05-31 04:20:38 |  Expected (f(x) - f(x')) : 8.055644
2026-05-31 04:20:38 |  Difference: 0.0 using 100 samples to calculate f(x) and f(x')
2026-05-31 04:20:38 |  Relative error: 0.0000
2026-05-31 04:20:38 |     → Instance 79/100
2026-05-31 04:20:38 |     → ShapleyFlow (MC Edge Permutation): 316 edges, 100 trials
2026-05-31 04:20:38 |     → ShapleyFlow (MC Permutation): 316 edges, 100 trials = 31,700 model calls
2026-05-31 04:20:38 |     → Trial 1/100 completed (317 evaluations)
2026-05-31 04:20:40 |     → Trial 10/100 completed (317 evaluations)
2026-05-31 04:20:41 |     → Trial 20/100 completed (317 evaluations)
2026-05-31 04:20:43 |     → Trial 30/100 completed (317 evaluations)
2026-05-31 04:20:44 |     → Trial 40/100 completed (317 evaluations)
2026-05-31 04:20:46 |     → Trial 50/100 completed (317 evaluations)
2026-05-31 04:20:47 |     → Trial 60/100 completed (317 evaluations)
2026-05-31 04:20:49 |     → Trial 70/100 completed (317 evaluations)
2026-05-31 04:20:50 |     → Trial 80/100 completed (317 evaluations)
2026-05-31 04:20:52 |     → Trial 90/100 completed (317 evaluations)
2026-05-31 04:20:53 |     → Trial 100/100 completed (317 evaluations)
2026-05-31 04:20:54 |  Total edge attributions: 3.532638
2026-05-31 04:20:54 |  Expected (f(x) - f(x')) : 3.532638
2026-05-31 04:20:54 |  Difference: 1.7763568394002505e-15 using 100 samples to calculate f(x) and f(x')
2026-05-31 04:20:54 |  Relative error: 0.0000
2026-05-31 04:20:54 |     → Instance 80/100
2026-05-31 04:20:54 |     → ShapleyFlow (MC Edge Permutation): 316 edges, 100 trials
2026-05-31 04:20:54 |     → ShapleyFlow (MC Permutation): 316 edges, 100 trials = 31,700 model calls
2026-05-31 04:20:54 |     → Trial 1/100 completed (317 evaluations)
2026-05-31 04:20:55 |     → Trial 10/100 completed (317 evaluations)
2026-05-31 04:20:57 |     → Trial 20/100 completed (317 evaluations)
2026-05-31 04:20:58 |     → Trial 30/100 completed (317 evaluations)
2026-05-31 04:21:00 |     → Trial 40/100 completed (317 evaluations)
2026-05-31 04:21:01 |     → Trial 50/100 completed (317 evaluations)
2026-05-31 04:21:03 |     → Trial 60/100 completed (317 evaluations)
2026-05-31 04:21:04 |     → Trial 70/100 completed (317 evaluations)
2026-05-31 04:21:06 |     → Trial 80/100 completed (317 evaluations)
2026-05-31 04:21:08 |     → Trial 90/100 completed (317 evaluations)
2026-05-31 04:21:09 |     → Trial 100/100 completed (317 evaluations)
2026-05-31 04:21:09 |  Total edge attributions: 19.488569
2026-05-31 04:21:09 |  Expected (f(x) - f(x')) : 19.488569
2026-05-31 04:21:09 |  Difference: 1.7763568394002505e-14 using 100 samples to calculate f(x) and f(x')
2026-05-31 04:21:09 |  Relative error: 0.0000
2026-05-31 04:21:09 |     → Instance 81/100
2026-05-31 04:21:09 |     → ShapleyFlow (MC Edge Permutation): 316 edges, 100 trials
2026-05-31 04:21:09 |     → ShapleyFlow (MC Permutation): 316 edges, 100 trials = 31,700 model calls
2026-05-31 04:21:09 |     → Trial 1/100 completed (317 evaluations)
2026-05-31 04:21:11 |     → Trial 10/100 completed (317 evaluations)
2026-05-31 04:21:12 |     → Trial 20/100 completed (317 evaluations)
2026-05-31 04:21:14 |     → Trial 30/100 completed (317 evaluations)
2026-05-31 04:21:15 |     → Trial 40/100 completed (317 evaluations)
2026-05-31 04:21:17 |     → Trial 50/100 completed (317 evaluations)
2026-05-31 04:21:19 |     → Trial 60/100 completed (317 evaluations)
2026-05-31 04:21:20 |     → Trial 70/100 completed (317 evaluations)
2026-05-31 04:21:22 |     → Trial 80/100 completed (317 evaluations)
2026-05-31 04:21:23 |     → Trial 90/100 completed (317 evaluations)
2026-05-31 04:21:25 |     → Trial 100/100 completed (317 evaluations)
2026-05-31 04:21:25 |  Total edge attributions: 2.798786
2026-05-31 04:21:25 |  Expected (f(x) - f(x')) : 2.798786
2026-05-31 04:21:25 |  Difference: 1.7763568394002505e-15 using 100 samples to calculate f(x) and f(x')
2026-05-31 04:21:25 |  Relative error: 0.0000
2026-05-31 04:21:25 |     → Instance 82/100
2026-05-31 04:21:25 |     → ShapleyFlow (MC Edge Permutation): 316 edges, 100 trials
2026-05-31 04:21:25 |     → ShapleyFlow (MC Permutation): 316 edges, 100 trials = 31,700 model calls
2026-05-31 04:21:25 |     → Trial 1/100 completed (317 evaluations)
2026-05-31 04:21:27 |     → Trial 10/100 completed (317 evaluations)
2026-05-31 04:21:28 |     → Trial 20/100 completed (317 evaluations)
2026-05-31 04:21:30 |     → Trial 30/100 completed (317 evaluations)
2026-05-31 04:21:31 |     → Trial 40/100 completed (317 evaluations)
2026-05-31 04:21:33 |     → Trial 50/100 completed (317 evaluations)
2026-05-31 04:21:34 |     → Trial 60/100 completed (317 evaluations)
2026-05-31 04:21:36 |     → Trial 70/100 completed (317 evaluations)
2026-05-31 04:21:38 |     → Trial 80/100 completed (317 evaluations)
2026-05-31 04:21:39 |     → Trial 90/100 completed (317 evaluations)
2026-05-31 04:21:41 |     → Trial 100/100 completed (317 evaluations)
2026-05-31 04:21:41 |  Total edge attributions: 0.049847
2026-05-31 04:21:41 |  Expected (f(x) - f(x')) : 0.049847
2026-05-31 04:21:41 |  Difference: 1.9637069748057456e-15 using 100 samples to calculate f(x) and f(x')
2026-05-31 04:21:41 |  Relative error: 0.0000
2026-05-31 04:21:41 |     → Instance 83/100
2026-05-31 04:21:41 |     → ShapleyFlow (MC Edge Permutation): 316 edges, 100 trials
2026-05-31 04:21:41 |     → ShapleyFlow (MC Permutation): 316 edges, 100 trials = 31,700 model calls
2026-05-31 04:21:41 |     → Trial 1/100 completed (317 evaluations)
2026-05-31 04:21:42 |     → Trial 10/100 completed (317 evaluations)
2026-05-31 04:21:44 |     → Trial 20/100 completed (317 evaluations)
2026-05-31 04:21:45 |     → Trial 30/100 completed (317 evaluations)
2026-05-31 04:21:47 |     → Trial 40/100 completed (317 evaluations)
2026-05-31 04:21:49 |     → Trial 50/100 completed (317 evaluations)
2026-05-31 04:21:50 |     → Trial 60/100 completed (317 evaluations)
2026-05-31 04:21:52 |     → Trial 70/100 completed (317 evaluations)
2026-05-31 04:21:53 |     → Trial 80/100 completed (317 evaluations)
2026-05-31 04:21:55 |     → Trial 90/100 completed (317 evaluations)
2026-05-31 04:21:56 |     → Trial 100/100 completed (317 evaluations)
2026-05-31 04:21:56 |  Total edge attributions: -7.649227
2026-05-31 04:21:56 |  Expected (f(x) - f(x')) : -7.649227
2026-05-31 04:21:56 |  Difference: 4.440892098500626e-15 using 100 samples to calculate f(x) and f(x')
2026-05-31 04:21:56 |  Relative error: 0.0000
2026-05-31 04:21:56 |     → Instance 84/100
2026-05-31 04:21:56 |     → ShapleyFlow (MC Edge Permutation): 316 edges, 100 trials
2026-05-31 04:21:56 |     → ShapleyFlow (MC Permutation): 316 edges, 100 trials = 31,700 model calls
2026-05-31 04:21:57 |     → Trial 1/100 completed (317 evaluations)
2026-05-31 04:21:58 |     → Trial 10/100 completed (317 evaluations)
2026-05-31 04:22:00 |     → Trial 20/100 completed (317 evaluations)
2026-05-31 04:22:01 |     → Trial 30/100 completed (317 evaluations)
2026-05-31 04:22:03 |     → Trial 40/100 completed (317 evaluations)
2026-05-31 04:22:04 |     → Trial 50/100 completed (317 evaluations)
2026-05-31 04:22:06 |     → Trial 60/100 completed (317 evaluations)
2026-05-31 04:22:07 |     → Trial 70/100 completed (317 evaluations)
2026-05-31 04:22:09 |     → Trial 80/100 completed (317 evaluations)
2026-05-31 04:22:10 |     → Trial 90/100 completed (317 evaluations)
2026-05-31 04:22:12 |     → Trial 100/100 completed (317 evaluations)
2026-05-31 04:22:12 |  Total edge attributions: 5.656662
2026-05-31 04:22:12 |  Expected (f(x) - f(x')) : 5.656662
2026-05-31 04:22:12 |  Difference: 8.881784197001252e-16 using 100 samples to calculate f(x) and f(x')
2026-05-31 04:22:12 |  Relative error: 0.0000
2026-05-31 04:22:12 |     → Instance 85/100
2026-05-31 04:22:12 |     → ShapleyFlow (MC Edge Permutation): 316 edges, 100 trials
2026-05-31 04:22:12 |     → ShapleyFlow (MC Permutation): 316 edges, 100 trials = 31,700 model calls
2026-05-31 04:22:12 |     → Trial 1/100 completed (317 evaluations)
2026-05-31 04:22:14 |     → Trial 10/100 completed (317 evaluations)
2026-05-31 04:22:15 |     → Trial 20/100 completed (317 evaluations)
2026-05-31 04:22:17 |     → Trial 30/100 completed (317 evaluations)
2026-05-31 04:22:18 |     → Trial 40/100 completed (317 evaluations)
2026-05-31 04:22:20 |     → Trial 50/100 completed (317 evaluations)
2026-05-31 04:22:21 |     → Trial 60/100 completed (317 evaluations)
2026-05-31 04:22:23 |     → Trial 70/100 completed (317 evaluations)
2026-05-31 04:22:25 |     → Trial 80/100 completed (317 evaluations)
2026-05-31 04:22:26 |     → Trial 90/100 completed (317 evaluations)
2026-05-31 04:22:28 |     → Trial 100/100 completed (317 evaluations)
2026-05-31 04:22:28 |  Total edge attributions: 7.095735
2026-05-31 04:22:28 |  Expected (f(x) - f(x')) : 7.095735
2026-05-31 04:22:28 |  Difference: 8.881784197001252e-16 using 100 samples to calculate f(x) and f(x')
2026-05-31 04:22:28 |  Relative error: 0.0000
2026-05-31 04:22:28 |     → Instance 86/100
2026-05-31 04:22:28 |     → ShapleyFlow (MC Edge Permutation): 316 edges, 100 trials
2026-05-31 04:22:28 |     → ShapleyFlow (MC Permutation): 316 edges, 100 trials = 31,700 model calls
2026-05-31 04:22:28 |     → Trial 1/100 completed (317 evaluations)
2026-05-31 04:22:29 |     → Trial 10/100 completed (317 evaluations)
2026-05-31 04:22:31 |     → Trial 20/100 completed (317 evaluations)
2026-05-31 04:22:32 |     → Trial 30/100 completed (317 evaluations)
2026-05-31 04:22:34 |     → Trial 40/100 completed (317 evaluations)
2026-05-31 04:22:36 |     → Trial 50/100 completed (317 evaluations)
2026-05-31 04:22:37 |     → Trial 60/100 completed (317 evaluations)
2026-05-31 04:22:39 |     → Trial 70/100 completed (317 evaluations)
2026-05-31 04:22:40 |     → Trial 80/100 completed (317 evaluations)
2026-05-31 04:22:42 |     → Trial 90/100 completed (317 evaluations)
2026-05-31 04:22:43 |     → Trial 100/100 completed (317 evaluations)
2026-05-31 04:22:43 |  Total edge attributions: -25.620647
2026-05-31 04:22:43 |  Expected (f(x) - f(x')) : -25.620647
2026-05-31 04:22:43 |  Difference: 1.4210854715202004e-14 using 100 samples to calculate f(x) and f(x')
2026-05-31 04:22:43 |  Relative error: 0.0000
2026-05-31 04:22:43 |     → Instance 87/100
2026-05-31 04:22:43 |     → ShapleyFlow (MC Edge Permutation): 316 edges, 100 trials
2026-05-31 04:22:43 |     → ShapleyFlow (MC Permutation): 316 edges, 100 trials = 31,700 model calls
2026-05-31 04:22:44 |     → Trial 1/100 completed (317 evaluations)
2026-05-31 04:22:45 |     → Trial 10/100 completed (317 evaluations)
2026-05-31 04:22:47 |     → Trial 20/100 completed (317 evaluations)
2026-05-31 04:22:48 |     → Trial 30/100 completed (317 evaluations)
2026-05-31 04:22:50 |     → Trial 40/100 completed (317 evaluations)
2026-05-31 04:22:51 |     → Trial 50/100 completed (317 evaluations)
2026-05-31 04:22:53 |     → Trial 60/100 completed (317 evaluations)
2026-05-31 04:22:54 |     → Trial 70/100 completed (317 evaluations)
2026-05-31 04:22:56 |     → Trial 80/100 completed (317 evaluations)
2026-05-31 04:22:57 |     → Trial 90/100 completed (317 evaluations)
2026-05-31 04:22:59 |     → Trial 100/100 completed (317 evaluations)
2026-05-31 04:22:59 |  Total edge attributions: -8.209575
2026-05-31 04:22:59 |  Expected (f(x) - f(x')) : -8.209575
2026-05-31 04:22:59 |  Difference: 3.552713678800501e-15 using 100 samples to calculate f(x) and f(x')
2026-05-31 04:22:59 |  Relative error: 0.0000
2026-05-31 04:22:59 |     → Instance 88/100
2026-05-31 04:22:59 |     → ShapleyFlow (MC Edge Permutation): 316 edges, 100 trials
2026-05-31 04:22:59 |     → ShapleyFlow (MC Permutation): 316 edges, 100 trials = 31,700 model calls
2026-05-31 04:22:59 |     → Trial 1/100 completed (317 evaluations)
2026-05-31 04:23:01 |     → Trial 10/100 completed (317 evaluations)
2026-05-31 04:23:02 |     → Trial 20/100 completed (317 evaluations)
2026-05-31 04:23:04 |     → Trial 30/100 completed (317 evaluations)
2026-05-31 04:23:05 |     → Trial 40/100 completed (317 evaluations)
2026-05-31 04:23:07 |     → Trial 50/100 completed (317 evaluations)
2026-05-31 04:23:08 |     → Trial 60/100 completed (317 evaluations)
2026-05-31 04:23:10 |     → Trial 70/100 completed (317 evaluations)
2026-05-31 04:23:12 |     → Trial 80/100 completed (317 evaluations)
2026-05-31 04:23:13 |     → Trial 90/100 completed (317 evaluations)
2026-05-31 04:23:15 |     → Trial 100/100 completed (317 evaluations)
2026-05-31 04:23:15 |  Total edge attributions: 12.572249
2026-05-31 04:23:15 |  Expected (f(x) - f(x')) : 12.572249
2026-05-31 04:23:15 |  Difference: 7.105427357601002e-15 using 100 samples to calculate f(x) and f(x')
2026-05-31 04:23:15 |  Relative error: 0.0000
2026-05-31 04:23:15 |     → Instance 89/100
2026-05-31 04:23:15 |     → ShapleyFlow (MC Edge Permutation): 316 edges, 100 trials
2026-05-31 04:23:15 |     → ShapleyFlow (MC Permutation): 316 edges, 100 trials = 31,700 model calls
2026-05-31 04:23:15 |     → Trial 1/100 completed (317 evaluations)
2026-05-31 04:23:16 |     → Trial 10/100 completed (317 evaluations)
2026-05-31 04:23:18 |     → Trial 20/100 completed (317 evaluations)
2026-05-31 04:23:19 |     → Trial 30/100 completed (317 evaluations)
2026-05-31 04:23:21 |     → Trial 40/100 completed (317 evaluations)
2026-05-31 04:23:23 |     → Trial 50/100 completed (317 evaluations)
2026-05-31 04:23:24 |     → Trial 60/100 completed (317 evaluations)
2026-05-31 04:23:26 |     → Trial 70/100 completed (317 evaluations)
2026-05-31 04:23:27 |     → Trial 80/100 completed (317 evaluations)
2026-05-31 04:23:29 |     → Trial 90/100 completed (317 evaluations)
2026-05-31 04:23:30 |     → Trial 100/100 completed (317 evaluations)
2026-05-31 04:23:30 |  Total edge attributions: 3.970734
2026-05-31 04:23:30 |  Expected (f(x) - f(x')) : 3.970734
2026-05-31 04:23:30 |  Difference: 1.7763568394002505e-15 using 100 samples to calculate f(x) and f(x')
2026-05-31 04:23:30 |  Relative error: 0.0000
2026-05-31 04:23:30 |     → Instance 90/100
2026-05-31 04:23:30 |     → ShapleyFlow (MC Edge Permutation): 316 edges, 100 trials
2026-05-31 04:23:30 |     → ShapleyFlow (MC Permutation): 316 edges, 100 trials = 31,700 model calls
2026-05-31 04:23:31 |     → Trial 1/100 completed (317 evaluations)
2026-05-31 04:23:32 |     → Trial 10/100 completed (317 evaluations)
2026-05-31 04:23:34 |     → Trial 20/100 completed (317 evaluations)
2026-05-31 04:23:35 |     → Trial 30/100 completed (317 evaluations)
2026-05-31 04:23:37 |     → Trial 40/100 completed (317 evaluations)
2026-05-31 04:23:38 |     → Trial 50/100 completed (317 evaluations)
2026-05-31 04:23:40 |     → Trial 60/100 completed (317 evaluations)
2026-05-31 04:23:41 |     → Trial 70/100 completed (317 evaluations)
2026-05-31 04:23:43 |     → Trial 80/100 completed (317 evaluations)
2026-05-31 04:23:44 |     → Trial 90/100 completed (317 evaluations)
2026-05-31 04:23:46 |     → Trial 100/100 completed (317 evaluations)
2026-05-31 04:23:46 |  Total edge attributions: 1.112944
2026-05-31 04:23:46 |  Expected (f(x) - f(x')) : 1.112944
2026-05-31 04:23:46 |  Difference: 4.440892098500626e-16 using 100 samples to calculate f(x) and f(x')
2026-05-31 04:23:46 |  Relative error: 0.0000
2026-05-31 04:23:46 |     → Instance 91/100
2026-05-31 04:23:46 |     → ShapleyFlow (MC Edge Permutation): 316 edges, 100 trials
2026-05-31 04:23:46 |     → ShapleyFlow (MC Permutation): 316 edges, 100 trials = 31,700 model calls
2026-05-31 04:23:46 |     → Trial 1/100 completed (317 evaluations)
2026-05-31 04:23:48 |     → Trial 10/100 completed (317 evaluations)
2026-05-31 04:23:49 |     → Trial 20/100 completed (317 evaluations)
2026-05-31 04:23:51 |     → Trial 30/100 completed (317 evaluations)
2026-05-31 04:23:52 |     → Trial 40/100 completed (317 evaluations)
2026-05-31 04:23:54 |     → Trial 50/100 completed (317 evaluations)
2026-05-31 04:23:55 |     → Trial 60/100 completed (317 evaluations)
2026-05-31 04:23:57 |     → Trial 70/100 completed (317 evaluations)
2026-05-31 04:23:59 |     → Trial 80/100 completed (317 evaluations)
2026-05-31 04:24:00 |     → Trial 90/100 completed (317 evaluations)
2026-05-31 04:24:02 |     → Trial 100/100 completed (317 evaluations)
2026-05-31 04:24:02 |  Total edge attributions: -5.437391
2026-05-31 04:24:02 |  Expected (f(x) - f(x')) : -5.437391
2026-05-31 04:24:02 |  Difference: 3.552713678800501e-15 using 100 samples to calculate f(x) and f(x')
2026-05-31 04:24:02 |  Relative error: 0.0000
2026-05-31 04:24:02 |     → Instance 92/100
2026-05-31 04:24:02 |     → ShapleyFlow (MC Edge Permutation): 316 edges, 100 trials
2026-05-31 04:24:02 |     → ShapleyFlow (MC Permutation): 316 edges, 100 trials = 31,700 model calls
2026-05-31 04:24:02 |     → Trial 1/100 completed (317 evaluations)
2026-05-31 04:24:03 |     → Trial 10/100 completed (317 evaluations)
2026-05-31 04:24:05 |     → Trial 20/100 completed (317 evaluations)
2026-05-31 04:24:06 |     → Trial 30/100 completed (317 evaluations)
2026-05-31 04:24:08 |     → Trial 40/100 completed (317 evaluations)
2026-05-31 04:24:10 |     → Trial 50/100 completed (317 evaluations)
2026-05-31 04:24:11 |     → Trial 60/100 completed (317 evaluations)
2026-05-31 04:24:13 |     → Trial 70/100 completed (317 evaluations)
2026-05-31 04:24:14 |     → Trial 80/100 completed (317 evaluations)
2026-05-31 04:24:16 |     → Trial 90/100 completed (317 evaluations)
2026-05-31 04:24:17 |     → Trial 100/100 completed (317 evaluations)
2026-05-31 04:24:17 |  Total edge attributions: -6.139123
2026-05-31 04:24:17 |  Expected (f(x) - f(x')) : -6.139123
2026-05-31 04:24:17 |  Difference: 2.6645352591003757e-15 using 100 samples to calculate f(x) and f(x')
2026-05-31 04:24:17 |  Relative error: 0.0000
2026-05-31 04:24:17 |     → Instance 93/100
2026-05-31 04:24:17 |     → ShapleyFlow (MC Edge Permutation): 316 edges, 100 trials
2026-05-31 04:24:17 |     → ShapleyFlow (MC Permutation): 316 edges, 100 trials = 31,700 model calls
2026-05-31 04:24:18 |     → Trial 1/100 completed (317 evaluations)
2026-05-31 04:24:19 |     → Trial 10/100 completed (317 evaluations)
2026-05-31 04:24:21 |     → Trial 20/100 completed (317 evaluations)
2026-05-31 04:24:22 |     → Trial 30/100 completed (317 evaluations)
2026-05-31 04:24:24 |     → Trial 40/100 completed (317 evaluations)
2026-05-31 04:24:25 |     → Trial 50/100 completed (317 evaluations)
2026-05-31 04:24:27 |     → Trial 60/100 completed (317 evaluations)
2026-05-31 04:24:28 |     → Trial 70/100 completed (317 evaluations)
2026-05-31 04:24:30 |     → Trial 80/100 completed (317 evaluations)
2026-05-31 04:24:31 |     → Trial 90/100 completed (317 evaluations)
2026-05-31 04:24:33 |     → Trial 100/100 completed (317 evaluations)
2026-05-31 04:24:33 |  Total edge attributions: 2.375730
2026-05-31 04:24:33 |  Expected (f(x) - f(x')) : 2.375730
2026-05-31 04:24:33 |  Difference: 4.440892098500626e-16 using 100 samples to calculate f(x) and f(x')
2026-05-31 04:24:33 |  Relative error: 0.0000
2026-05-31 04:24:33 |     → Instance 94/100
2026-05-31 04:24:33 |     → ShapleyFlow (MC Edge Permutation): 316 edges, 100 trials
2026-05-31 04:24:33 |     → ShapleyFlow (MC Permutation): 316 edges, 100 trials = 31,700 model calls
2026-05-31 04:24:33 |     → Trial 1/100 completed (317 evaluations)
2026-05-31 04:24:35 |     → Trial 10/100 completed (317 evaluations)
2026-05-31 04:24:36 |     → Trial 20/100 completed (317 evaluations)
2026-05-31 04:24:38 |     → Trial 30/100 completed (317 evaluations)
2026-05-31 04:24:39 |     → Trial 40/100 completed (317 evaluations)
2026-05-31 04:24:41 |     → Trial 50/100 completed (317 evaluations)
2026-05-31 04:24:43 |     → Trial 60/100 completed (317 evaluations)
2026-05-31 04:24:44 |     → Trial 70/100 completed (317 evaluations)
2026-05-31 04:24:46 |     → Trial 80/100 completed (317 evaluations)
2026-05-31 04:24:47 |     → Trial 90/100 completed (317 evaluations)
2026-05-31 04:24:49 |     → Trial 100/100 completed (317 evaluations)
2026-05-31 04:24:49 |  Total edge attributions: 4.246976
2026-05-31 04:24:49 |  Expected (f(x) - f(x')) : 4.246976
2026-05-31 04:24:49 |  Difference: 8.881784197001252e-16 using 100 samples to calculate f(x) and f(x')
2026-05-31 04:24:49 |  Relative error: 0.0000
2026-05-31 04:24:49 |     → Instance 95/100
2026-05-31 04:24:49 |     → ShapleyFlow (MC Edge Permutation): 316 edges, 100 trials
2026-05-31 04:24:49 |     → ShapleyFlow (MC Permutation): 316 edges, 100 trials = 31,700 model calls
2026-05-31 04:24:49 |     → Trial 1/100 completed (317 evaluations)
2026-05-31 04:24:50 |     → Trial 10/100 completed (317 evaluations)
2026-05-31 04:24:52 |     → Trial 20/100 completed (317 evaluations)
2026-05-31 04:24:54 |     → Trial 30/100 completed (317 evaluations)
2026-05-31 04:24:55 |     → Trial 40/100 completed (317 evaluations)
2026-05-31 04:24:57 |     → Trial 50/100 completed (317 evaluations)
2026-05-31 04:24:58 |     → Trial 60/100 completed (317 evaluations)
2026-05-31 04:25:00 |     → Trial 70/100 completed (317 evaluations)
2026-05-31 04:25:01 |     → Trial 80/100 completed (317 evaluations)
2026-05-31 04:25:03 |     → Trial 90/100 completed (317 evaluations)
2026-05-31 04:25:04 |     → Trial 100/100 completed (317 evaluations)
2026-05-31 04:25:05 |  Total edge attributions: -6.074717
2026-05-31 04:25:05 |  Expected (f(x) - f(x')) : -6.074717
2026-05-31 04:25:05 |  Difference: 8.881784197001252e-16 using 100 samples to calculate f(x) and f(x')
2026-05-31 04:25:05 |  Relative error: 0.0000
2026-05-31 04:25:05 |     → Instance 96/100
2026-05-31 04:25:05 |     → ShapleyFlow (MC Edge Permutation): 316 edges, 100 trials
2026-05-31 04:25:05 |     → ShapleyFlow (MC Permutation): 316 edges, 100 trials = 31,700 model calls
2026-05-31 04:25:05 |     → Trial 1/100 completed (317 evaluations)
2026-05-31 04:25:06 |     → Trial 10/100 completed (317 evaluations)
2026-05-31 04:25:08 |     → Trial 20/100 completed (317 evaluations)
2026-05-31 04:25:09 |     → Trial 30/100 completed (317 evaluations)
2026-05-31 04:25:11 |     → Trial 40/100 completed (317 evaluations)
2026-05-31 04:25:12 |     → Trial 50/100 completed (317 evaluations)
2026-05-31 04:25:14 |     → Trial 60/100 completed (317 evaluations)
2026-05-31 04:25:15 |     → Trial 70/100 completed (317 evaluations)
2026-05-31 04:25:17 |     → Trial 80/100 completed (317 evaluations)
2026-05-31 04:25:19 |     → Trial 90/100 completed (317 evaluations)
2026-05-31 04:25:20 |     → Trial 100/100 completed (317 evaluations)
2026-05-31 04:25:20 |  Total edge attributions: -3.065911
2026-05-31 04:25:20 |  Expected (f(x) - f(x')) : -3.065911
2026-05-31 04:25:20 |  Difference: 0.0 using 100 samples to calculate f(x) and f(x')
2026-05-31 04:25:20 |  Relative error: 0.0000
2026-05-31 04:25:20 |     → Instance 97/100
2026-05-31 04:25:20 |     → ShapleyFlow (MC Edge Permutation): 316 edges, 100 trials
2026-05-31 04:25:20 |     → ShapleyFlow (MC Permutation): 316 edges, 100 trials = 31,700 model calls
2026-05-31 04:25:20 |     → Trial 1/100 completed (317 evaluations)
2026-05-31 04:25:22 |     → Trial 10/100 completed (317 evaluations)
2026-05-31 04:25:23 |     → Trial 20/100 completed (317 evaluations)
2026-05-31 04:25:25 |     → Trial 30/100 completed (317 evaluations)
2026-05-31 04:25:26 |     → Trial 40/100 completed (317 evaluations)
2026-05-31 04:25:28 |     → Trial 50/100 completed (317 evaluations)
2026-05-31 04:25:30 |     → Trial 60/100 completed (317 evaluations)
2026-05-31 04:25:31 |     → Trial 70/100 completed (317 evaluations)
2026-05-31 04:25:33 |     → Trial 80/100 completed (317 evaluations)
2026-05-31 04:25:34 |     → Trial 90/100 completed (317 evaluations)
2026-05-31 04:25:36 |     → Trial 100/100 completed (317 evaluations)
2026-05-31 04:25:36 |  Total edge attributions: 6.303925
2026-05-31 04:25:36 |  Expected (f(x) - f(x')) : 6.303925
2026-05-31 04:25:36 |  Difference: 8.881784197001252e-16 using 100 samples to calculate f(x) and f(x')
2026-05-31 04:25:36 |  Relative error: 0.0000
2026-05-31 04:25:36 |     → Instance 98/100
2026-05-31 04:25:36 |     → ShapleyFlow (MC Edge Permutation): 316 edges, 100 trials
2026-05-31 04:25:36 |     → ShapleyFlow (MC Permutation): 316 edges, 100 trials = 31,700 model calls
2026-05-31 04:25:36 |     → Trial 1/100 completed (317 evaluations)
2026-05-31 04:25:38 |     → Trial 10/100 completed (317 evaluations)
2026-05-31 04:25:39 |     → Trial 20/100 completed (317 evaluations)
2026-05-31 04:25:41 |     → Trial 30/100 completed (317 evaluations)
2026-05-31 04:25:42 |     → Trial 40/100 completed (317 evaluations)
2026-05-31 04:25:44 |     → Trial 50/100 completed (317 evaluations)
2026-05-31 04:25:45 |     → Trial 60/100 completed (317 evaluations)
2026-05-31 04:25:47 |     → Trial 70/100 completed (317 evaluations)
2026-05-31 04:25:48 |     → Trial 80/100 completed (317 evaluations)
2026-05-31 04:25:50 |     → Trial 90/100 completed (317 evaluations)
2026-05-31 04:25:52 |     → Trial 100/100 completed (317 evaluations)
2026-05-31 04:25:52 |  Total edge attributions: -8.746314
2026-05-31 04:25:52 |  Expected (f(x) - f(x')) : -8.746314
2026-05-31 04:25:52 |  Difference: 3.552713678800501e-15 using 100 samples to calculate f(x) and f(x')
2026-05-31 04:25:52 |  Relative error: 0.0000
2026-05-31 04:25:52 |     → Instance 99/100
2026-05-31 04:25:52 |     → ShapleyFlow (MC Edge Permutation): 316 edges, 100 trials
2026-05-31 04:25:52 |     → ShapleyFlow (MC Permutation): 316 edges, 100 trials = 31,700 model calls
2026-05-31 04:25:52 |     → Trial 1/100 completed (317 evaluations)
2026-05-31 04:25:53 |     → Trial 10/100 completed (317 evaluations)
2026-05-31 04:25:55 |     → Trial 20/100 completed (317 evaluations)
2026-05-31 04:25:56 |     → Trial 30/100 completed (317 evaluations)
2026-05-31 04:25:58 |     → Trial 40/100 completed (317 evaluations)
2026-05-31 04:25:59 |     → Trial 50/100 completed (317 evaluations)
2026-05-31 04:26:01 |     → Trial 60/100 completed (317 evaluations)
2026-05-31 04:26:03 |     → Trial 70/100 completed (317 evaluations)
2026-05-31 04:26:04 |     → Trial 80/100 completed (317 evaluations)
2026-05-31 04:26:06 |     → Trial 90/100 completed (317 evaluations)
2026-05-31 04:26:07 |     → Trial 100/100 completed (317 evaluations)
2026-05-31 04:26:07 |  Total edge attributions: -1.568958
2026-05-31 04:26:07 |  Expected (f(x) - f(x')) : -1.568958
2026-05-31 04:26:07 |  Difference: 4.440892098500626e-16 using 100 samples to calculate f(x) and f(x')
2026-05-31 04:26:07 |  Relative error: 0.0000
2026-05-31 04:26:07 |     → Instance 100/100
2026-05-31 04:26:07 |     → ShapleyFlow (MC Edge Permutation): 316 edges, 100 trials
2026-05-31 04:26:07 |     → ShapleyFlow (MC Permutation): 316 edges, 100 trials = 31,700 model calls
2026-05-31 04:26:07 |     → Trial 1/100 completed (317 evaluations)
2026-05-31 04:26:09 |     → Trial 10/100 completed (317 evaluations)
2026-05-31 04:26:10 |     → Trial 20/100 completed (317 evaluations)
2026-05-31 04:26:12 |     → Trial 30/100 completed (317 evaluations)
2026-05-31 04:26:14 |     → Trial 40/100 completed (317 evaluations)
2026-05-31 04:26:15 |     → Trial 50/100 completed (317 evaluations)
2026-05-31 04:26:17 |     → Trial 60/100 completed (317 evaluations)
2026-05-31 04:26:18 |     → Trial 70/100 completed (317 evaluations)
2026-05-31 04:26:20 |     → Trial 80/100 completed (317 evaluations)
2026-05-31 04:26:21 |     → Trial 90/100 completed (317 evaluations)
2026-05-31 04:26:23 |     → Trial 100/100 completed (317 evaluations)
2026-05-31 04:26:23 |  Total edge attributions: 9.000042
2026-05-31 04:26:23 |  Expected (f(x) - f(x')) : 9.000042
2026-05-31 04:26:23 |  Difference: 1.7763568394002505e-15 using 100 samples to calculate f(x) and f(x')
2026-05-31 04:26:23 |  Relative error: 0.0000
2026-05-31 04:26:23 |     → All instances completed
2026-05-31 04:26:23 |   ✓ True DAG Shapley values saved (100 instances)
2026-05-31 04:26:23 |   ✓ Completed linear_conf_f50_s1000_p50 in 276.8 minutes
2026-05-31 04:26:23 | 
================================================================================
2026-05-31 04:26:23 | Step 5 Complete: Shapley values calculated for all combinations
2026-05-31 04:26:23 | ================================================================================

2026-05-31 04:26:23 | 
================================================================================
2026-05-31 04:26:23 | PIPELINE COMPLETED SUCCESSFULLY!
2026-05-31 04:26:23 | ================================================================================
2026-05-31 04:26:23 | 
Total execution time: 279.6 minutes (4.66 hours)
2026-05-31 04:26:23 | 
Results saved in:
2026-05-31 04:26:23 |   - Synthetic data: /Users/juanrios/Documents/master_thesis/data/synthetic
2026-05-31 04:26:23 |   - Processed data: /Users/juanrios/Documents/master_thesis/data/processed
2026-05-31 04:26:23 |   - Causal discovery: /Users/juanrios/Documents/master_thesis/data/causal
2026-05-31 04:26:23 |   - Models: /Users/juanrios/Documents/master_thesis/models
2026-05-31 04:26:23 |   - Explainability: /Users/juanrios/Documents/master_thesis/data/explainability
2026-05-31 04:26:23 |   - Logs: /Users/juanrios/Documents/master_thesis/logs
2026-05-31 04:26:23 | 
================================================================================

