2026-04-06 19:03:04 | Log file: /Users/juanrios/Documents/master_thesis/logs/pipeline_20260406_190304.log
2026-04-06 19:03:04 | 
================================================================================
2026-04-06 19:03:04 | EXPERIMENTAL PIPELINE: CAUSAL FEATURE IMPORTANCE COMPARISON
2026-04-06 19:03:04 | ================================================================================
2026-04-06 19:03:04 | 
================================================================================
2026-04-06 19:03:04 | CONFIGURATION PARAMETERS
2026-04-06 19:03:04 | ================================================================================
2026-04-06 19:03:04 | 
1. DATASET PARAMETERS:
2026-04-06 19:03:04 |    - N_FEATURES: 50
2026-04-06 19:03:04 |    - N_SAMPLES: 1000
2026-04-06 19:03:04 |    - Y_PARENTS_RATIO: 0.5
2026-04-06 19:03:04 |    - NOISE_STD: 0.5
2026-04-06 19:03:04 |    - EDGE_PROBABILITY: 0.2
2026-04-06 19:03:04 |    - MIN_CONNECTED_EDGES: 2
2026-04-06 19:03:04 |    - RANDOM_STATE: 42
2026-04-06 19:03:04 | 
2. MODEL TRAINING PARAMETERS:
2026-04-06 19:03:04 |    - TEST_SIZE: 0.2
2026-04-06 19:03:04 |    - BACKGROUND_RATIO: 0.3
2026-04-06 19:03:04 |    - TEST_INSTANCES_RATIO: 0.5
2026-04-06 19:03:04 | 
3. EXPLAINABILITY PARAMETERS:
2026-04-06 19:03:04 |    - N_SHAPLEY_SAMPLES: 50
2026-04-06 19:03:04 |    - M_INNER_SAMPLES_CAUSAL: 10
2026-04-06 19:03:04 | 
4. CAUSAL DISCOVERY PARAMETERS:
2026-04-06 19:03:04 |    - LINGAM_ALPHA: 0.01
2026-04-06 19:03:04 |    - PC_ALPHA: 0.01
2026-04-06 19:03:04 |    - INDEP_TEST: fisherz
2026-04-06 19:03:04 | 
5. TARGET CONFIGURATION:
2026-04-06 19:03:04 |    - TARGET_DATASET: mixed_conf_f50_s1000_p50
2026-04-06 19:03:04 |    - MODEL: LGBM (only)
2026-04-06 19:03:04 | 
6. DIRECTORIES:
2026-04-06 19:03:04 |    - BASE_DIR: /Users/juanrios/Documents/master_thesis
2026-04-06 19:03:04 |    - SYNTHETIC_DIR: /Users/juanrios/Documents/master_thesis/data/synthetic
2026-04-06 19:03:04 |    - PROCESSED_DIR: /Users/juanrios/Documents/master_thesis/data/processed
2026-04-06 19:03:04 |    - CAUSAL_DIR: /Users/juanrios/Documents/master_thesis/data/causal
2026-04-06 19:03:04 |    - EXPLAINABILITY_DIR: /Users/juanrios/Documents/master_thesis/data/explainability
2026-04-06 19:03:04 |    - MODELS_DIR: /Users/juanrios/Documents/master_thesis/models
2026-04-06 19:03:04 |    - LOGS_DIR: /Users/juanrios/Documents/master_thesis/logs
2026-04-06 19:03:04 | 
================================================================================

2026-04-06 19:03:04 | ================================================================================
2026-04-06 19:03:04 | STEP 1: GENERATING SYNTHETIC DATASETS
2026-04-06 19:03:04 | ================================================================================
2026-04-06 19:03:04 | 
[Dataset 1/6] Generating linear system without confounders
2026-04-06 19:03:04 |   ✓ Saved: linear_no_conf_f50_s1000_p50 | Features: 50, Samples: 1000, Y parents: 25, Edges: 291, Confounders: 0
2026-04-06 19:03:04 | 
[Dataset 2/6] Generating linear system with confounders
2026-04-06 19:03:04 |   ✓ Saved: linear_conf_f50_s1000_p50 | Features: 50, Samples: 1000, Y parents: 25, Edges: 291, Confounders: 5
2026-04-06 19:03:04 | 
[Dataset 3/6] Generating nonlinear system without confounders
2026-04-06 19:03:04 |   ✓ Saved: nonlinear_no_conf_f50_s1000_p50 | Features: 50, Samples: 1000, Y parents: 25, Edges: 291, Confounders: 0
2026-04-06 19:03:04 | 
[Dataset 4/6] Generating nonlinear system with confounders
2026-04-06 19:03:04 |   ✓ Saved: nonlinear_conf_f50_s1000_p50 | Features: 50, Samples: 1000, Y parents: 25, Edges: 291, Confounders: 5
2026-04-06 19:03:04 | 
[Dataset 5/6] Generating mixed system without confounders
2026-04-06 19:03:04 |   ✓ Saved: mixed_no_conf_f50_s1000_p50 | Features: 50, Samples: 1000, Y parents: 25, Edges: 291, Confounders: 0
2026-04-06 19:03:04 | 
[Dataset 6/6] Generating mixed system with confounders
2026-04-06 19:03:04 |   ✓ Saved: mixed_conf_f50_s1000_p50 | Features: 50, Samples: 1000, Y parents: 25, Edges: 291, Confounders: 5
2026-04-06 19:03:04 | 
================================================================================
2026-04-06 19:03:04 | Step 1 Complete: 6 datasets generated
2026-04-06 19:03:04 | ================================================================================

2026-04-06 19:03:04 | ================================================================================
2026-04-06 19:03:04 | STEP 2: CREATING TRAIN/TEST SPLITS
2026-04-06 19:03:04 | ================================================================================
2026-04-06 19:03:04 | 
[Dataset 1/6] Processing linear_no_conf_f50_s1000_p50...
2026-04-06 19:03:04 |   ✓ Train: (800, 51), Test: (200, 51)
2026-04-06 19:03:04 | 
[Dataset 2/6] Processing linear_conf_f50_s1000_p50...
2026-04-06 19:03:04 |   ✓ Train: (800, 51), Test: (200, 51)
2026-04-06 19:03:04 | 
[Dataset 3/6] Processing nonlinear_no_conf_f50_s1000_p50...
2026-04-06 19:03:04 |   ✓ Train: (800, 51), Test: (200, 51)
2026-04-06 19:03:04 | 
[Dataset 4/6] Processing nonlinear_conf_f50_s1000_p50...
2026-04-06 19:03:04 |   ✓ Train: (800, 51), Test: (200, 51)
2026-04-06 19:03:04 | 
[Dataset 5/6] Processing mixed_no_conf_f50_s1000_p50...
2026-04-06 19:03:04 |   ✓ Train: (800, 51), Test: (200, 51)
2026-04-06 19:03:04 | 
[Dataset 6/6] Processing mixed_conf_f50_s1000_p50...
2026-04-06 19:03:04 |   ✓ Train: (800, 51), Test: (200, 51)
2026-04-06 19:03:04 | 
================================================================================
2026-04-06 19:03:04 | Step 2 Complete: Train/test splits created for 6 datasets
2026-04-06 19:03:04 | ================================================================================

2026-04-06 19:03:04 | ================================================================================
2026-04-06 19:03:04 | STEP 3: RUNNING CAUSAL DISCOVERY
2026-04-06 19:03:04 | ================================================================================
2026-04-06 19:03:04 | 
[Dataset 1/6] Processing linear_no_conf_f50_s1000_p50
2026-04-06 19:03:04 |   Running LiNGAM...
2026-04-06 19:03:10 |   Running PC...
2026-04-06 19:03:14 |   Extracting train adjacency matrices for Step 5...
2026-04-06 19:03:14 |   ✓ LINGAM: F1=0.282, Precision=0.240, Recall=0.340
2026-04-06 19:03:15 |   ✓ PC: F1=0.140, Precision=0.325, Recall=0.089
2026-04-06 19:03:15 | 
[Dataset 2/6] Processing linear_conf_f50_s1000_p50
2026-04-06 19:03:15 |   Running LiNGAM...
2026-04-06 19:03:21 |   Running PC...
2026-04-06 19:03:25 |   Extracting train adjacency matrices for Step 5...
2026-04-06 19:03:25 |   ✓ LINGAM: F1=0.222, Precision=0.188, Recall=0.271
2026-04-06 19:03:26 |   ✓ PC: F1=0.192, Precision=0.429, Recall=0.124
2026-04-06 19:03:27 | 
[Dataset 3/6] Processing nonlinear_no_conf_f50_s1000_p50
2026-04-06 19:03:27 |   Running LiNGAM...
2026-04-06 19:03:32 |   Running PC...
2026-04-06 19:03:35 |   Extracting train adjacency matrices for Step 5...
2026-04-06 19:03:35 |   ✓ LINGAM: F1=0.192, Precision=0.212, Recall=0.175
2026-04-06 19:03:35 |   ✓ PC: F1=0.131, Precision=0.278, Recall=0.086
2026-04-06 19:03:36 | 
[Dataset 4/6] Processing nonlinear_conf_f50_s1000_p50
2026-04-06 19:03:36 |   Running LiNGAM...
2026-04-06 19:03:49 |   Running PC...
2026-04-06 19:04:07 |   Extracting train adjacency matrices for Step 5...
2026-04-06 19:04:07 |   ✓ LINGAM: F1=0.196, Precision=0.236, Recall=0.168
2026-04-06 19:04:08 |   ✓ PC: F1=0.135, Precision=0.250, Recall=0.093
2026-04-06 19:04:08 | 
[Dataset 5/6] Processing mixed_no_conf_f50_s1000_p50
2026-04-06 19:04:08 |   Running LiNGAM...
2026-04-06 19:04:12 |   Running PC...
2026-04-06 19:04:13 |   Extracting train adjacency matrices for Step 5...
2026-04-06 19:04:13 |   ✓ LINGAM: F1=0.031, Precision=0.152, Recall=0.017
2026-04-06 19:04:13 |   ✓ PC: F1=0.059, Precision=0.562, Recall=0.031
2026-04-06 19:04:14 | 
[Dataset 6/6] Processing mixed_conf_f50_s1000_p50
2026-04-06 19:04:14 |   Running LiNGAM...
2026-04-06 19:04:21 |   Running PC...
2026-04-06 19:04:26 |   Extracting train adjacency matrices for Step 5...
2026-04-06 19:04:26 |   ✓ LINGAM: F1=0.154, Precision=0.181, Recall=0.134
2026-04-06 19:04:27 |   ✓ PC: F1=0.146, Precision=0.304, Recall=0.096
2026-04-06 19:04:28 | 
================================================================================
2026-04-06 19:04:28 | Step 3 Complete: Causal discovery completed for 6 datasets
2026-04-06 19:04:28 | ================================================================================

2026-04-06 19:04:28 | ================================================================================
2026-04-06 19:04:28 | STEP 4: TRAINING PREDICTIVE MODELS (LGBM only, mixed_conf_f50_s1000_p50 dataset)
2026-04-06 19:04:28 | ================================================================================
2026-04-06 19:04:28 | 
[Dataset 1/1] Training LGBM model for mixed_conf_f50_s1000_p50
2026-04-06 19:04:28 |   Training LGBM...
2026-04-06 19:04:39 |   ✓ LGBM: R²=0.7035, MSE=0.4095, MAE=0.5035, RMSE=0.6399
2026-04-06 19:04:39 | 
================================================================================
2026-04-06 19:04:39 | Step 4 Complete: LGBM model trained for mixed_conf_f50_s1000_p50
2026-04-06 19:04:39 | ================================================================================

2026-04-06 19:04:39 | ================================================================================
2026-04-06 19:04:39 | STEP 5: CALCULATING SHAPLEY VALUES (mixed_no_conf + LGBM only)
2026-04-06 19:04:39 | ================================================================================
2026-04-06 19:04:39 | 
[Dataset 1/1] Processing mixed_conf_f50_s1000_p50
2026-04-06 19:04:39 |   [Progress: 1/7] LGBM - ShapleyFromScratch
2026-04-06 19:07:09 |   [Progress: 2/7] LGBM + PC - AsymmetricShapley
2026-04-06 19:09:41 |   [Progress: 3/7] LGBM + PC - CausalShapley (SLOW - uses 10 inner samples)
2026-04-06 19:29:12 |   [Progress: 4/7] LGBM + PC - ShapleyFlow
2026-04-06 19:29:12 |     → ShapleyFlowWrapper: 51 features, 92 edges, 10 sources
2026-04-06 19:29:12 |     → Computing Shapley Flow for 100 instances...
2026-04-06 19:29:12 |     → Instance 1/100
2026-04-06 19:29:12 |     → ShapleyFlow (Path Sampling): 92 edges, 10 sources
2026-04-06 19:29:12 |     → Sampling 100 paths/source × 50 trials
2026-04-06 19:29:12 |     → Trial 1/50 completed (~1630 evaluations)
2026-04-06 19:29:20 |     → Trial 10/50 completed (~1657 evaluations)
2026-04-06 19:29:28 |     → Trial 20/50 completed (~1669 evaluations)
2026-04-06 19:29:37 |     → Trial 30/50 completed (~1596 evaluations)
2026-04-06 19:29:45 |     → Trial 40/50 completed (~1712 evaluations)
2026-04-06 19:29:53 |     → Trial 50/50 completed (~1597 evaluations)
2026-04-06 19:29:53 |     → Instance 2/100
2026-04-06 19:29:53 |     → ShapleyFlow (Path Sampling): 92 edges, 10 sources
2026-04-06 19:29:53 |     → Sampling 100 paths/source × 50 trials
2026-04-06 19:29:54 |     → Trial 1/50 completed (~1612 evaluations)
2026-04-06 19:30:02 |     → Trial 10/50 completed (~1608 evaluations)
2026-04-06 19:30:10 |     → Trial 20/50 completed (~1665 evaluations)
2026-04-06 19:30:18 |     → Trial 30/50 completed (~1626 evaluations)
2026-04-06 19:30:27 |     → Trial 40/50 completed (~1593 evaluations)
2026-04-06 19:30:35 |     → Trial 50/50 completed (~1636 evaluations)
2026-04-06 19:30:35 |     → Instance 3/100
2026-04-06 19:30:35 |     → ShapleyFlow (Path Sampling): 92 edges, 10 sources
2026-04-06 19:30:35 |     → Sampling 100 paths/source × 50 trials
2026-04-06 19:30:36 |     → Trial 1/50 completed (~1609 evaluations)
2026-04-06 19:30:43 |     → Trial 10/50 completed (~1612 evaluations)
2026-04-06 19:30:52 |     → Trial 20/50 completed (~1563 evaluations)
2026-04-06 19:31:00 |     → Trial 30/50 completed (~1683 evaluations)
2026-04-06 19:31:08 |     → Trial 40/50 completed (~1625 evaluations)
2026-04-06 19:31:17 |     → Trial 50/50 completed (~1641 evaluations)
2026-04-06 19:31:17 |     → Instance 4/100
2026-04-06 19:31:17 |     → ShapleyFlow (Path Sampling): 92 edges, 10 sources
2026-04-06 19:31:17 |     → Sampling 100 paths/source × 50 trials
2026-04-06 19:31:18 |     → Trial 1/50 completed (~1613 evaluations)
2026-04-06 19:31:25 |     → Trial 10/50 completed (~1579 evaluations)
2026-04-06 19:31:33 |     → Trial 20/50 completed (~1667 evaluations)
2026-04-06 19:31:42 |     → Trial 30/50 completed (~1667 evaluations)
2026-04-06 19:31:50 |     → Trial 40/50 completed (~1638 evaluations)
2026-04-06 19:31:58 |     → Trial 50/50 completed (~1600 evaluations)
2026-04-06 19:31:58 |     → Instance 5/100
2026-04-06 19:31:58 |     → ShapleyFlow (Path Sampling): 92 edges, 10 sources
2026-04-06 19:31:58 |     → Sampling 100 paths/source × 50 trials
2026-04-06 19:31:59 |     → Trial 1/50 completed (~1663 evaluations)
2026-04-06 19:32:06 |     → Trial 10/50 completed (~1626 evaluations)
2026-04-06 19:32:15 |     → Trial 20/50 completed (~1601 evaluations)
2026-04-06 19:32:23 |     → Trial 30/50 completed (~1642 evaluations)
2026-04-06 19:32:31 |     → Trial 40/50 completed (~1683 evaluations)
2026-04-06 19:32:39 |     → Trial 50/50 completed (~1605 evaluations)
2026-04-06 19:32:39 |     → Instance 6/100
2026-04-06 19:32:39 |     → ShapleyFlow (Path Sampling): 92 edges, 10 sources
2026-04-06 19:32:39 |     → Sampling 100 paths/source × 50 trials
2026-04-06 19:32:40 |     → Trial 1/50 completed (~1579 evaluations)
2026-04-06 19:32:48 |     → Trial 10/50 completed (~1607 evaluations)
2026-04-06 19:32:56 |     → Trial 20/50 completed (~1643 evaluations)
2026-04-06 19:33:05 |     → Trial 30/50 completed (~1656 evaluations)
2026-04-06 19:33:13 |     → Trial 40/50 completed (~1584 evaluations)
2026-04-06 19:33:21 |     → Trial 50/50 completed (~1581 evaluations)
2026-04-06 19:33:21 |     → Instance 7/100
2026-04-06 19:33:21 |     → ShapleyFlow (Path Sampling): 92 edges, 10 sources
2026-04-06 19:33:21 |     → Sampling 100 paths/source × 50 trials
2026-04-06 19:33:22 |     → Trial 1/50 completed (~1608 evaluations)
2026-04-06 19:33:30 |     → Trial 10/50 completed (~1580 evaluations)
2026-04-06 19:33:38 |     → Trial 20/50 completed (~1573 evaluations)
2026-04-06 19:33:46 |     → Trial 30/50 completed (~1681 evaluations)
2026-04-06 19:33:55 |     → Trial 40/50 completed (~1599 evaluations)
2026-04-06 19:34:03 |     → Trial 50/50 completed (~1625 evaluations)
2026-04-06 19:34:03 |     → Instance 8/100
2026-04-06 19:34:03 |     → ShapleyFlow (Path Sampling): 92 edges, 10 sources
2026-04-06 19:34:03 |     → Sampling 100 paths/source × 50 trials
2026-04-06 19:34:04 |     → Trial 1/50 completed (~1675 evaluations)
2026-04-06 19:34:11 |     → Trial 10/50 completed (~1631 evaluations)
2026-04-06 19:34:20 |     → Trial 20/50 completed (~1687 evaluations)
2026-04-06 19:34:28 |     → Trial 30/50 completed (~1651 evaluations)
2026-04-06 19:34:36 |     → Trial 40/50 completed (~1588 evaluations)
2026-04-06 19:34:44 |     → Trial 50/50 completed (~1640 evaluations)
2026-04-06 19:34:44 |     → Instance 9/100
2026-04-06 19:34:44 |     → ShapleyFlow (Path Sampling): 92 edges, 10 sources
2026-04-06 19:34:44 |     → Sampling 100 paths/source × 50 trials
2026-04-06 19:34:45 |     → Trial 1/50 completed (~1633 evaluations)
2026-04-06 19:34:53 |     → Trial 10/50 completed (~1581 evaluations)
2026-04-06 19:35:01 |     → Trial 20/50 completed (~1611 evaluations)
2026-04-06 19:35:09 |     → Trial 30/50 completed (~1601 evaluations)
2026-04-06 19:35:17 |     → Trial 40/50 completed (~1614 evaluations)
2026-04-06 19:35:26 |     → Trial 50/50 completed (~1600 evaluations)
2026-04-06 19:35:26 |     → Instance 10/100
2026-04-06 19:35:26 |     → ShapleyFlow (Path Sampling): 92 edges, 10 sources
2026-04-06 19:35:26 |     → Sampling 100 paths/source × 50 trials
2026-04-06 19:35:26 |     → Trial 1/50 completed (~1625 evaluations)
2026-04-06 19:35:34 |     → Trial 10/50 completed (~1579 evaluations)
2026-04-06 19:35:42 |     → Trial 20/50 completed (~1596 evaluations)
2026-04-06 19:35:51 |     → Trial 30/50 completed (~1686 evaluations)
2026-04-06 19:35:59 |     → Trial 40/50 completed (~1596 evaluations)
2026-04-06 19:36:07 |     → Trial 50/50 completed (~1652 evaluations)
2026-04-06 19:36:07 |     → Instance 11/100
2026-04-06 19:36:07 |     → ShapleyFlow (Path Sampling): 92 edges, 10 sources
2026-04-06 19:36:07 |     → Sampling 100 paths/source × 50 trials
2026-04-06 19:36:08 |     → Trial 1/50 completed (~1672 evaluations)
2026-04-06 19:36:16 |     → Trial 10/50 completed (~1685 evaluations)
2026-04-06 19:36:24 |     → Trial 20/50 completed (~1674 evaluations)
2026-04-06 19:36:32 |     → Trial 30/50 completed (~1620 evaluations)
2026-04-06 19:36:41 |     → Trial 40/50 completed (~1670 evaluations)
2026-04-06 19:36:49 |     → Trial 50/50 completed (~1560 evaluations)
2026-04-06 19:36:49 |     → Instance 12/100
2026-04-06 19:36:49 |     → ShapleyFlow (Path Sampling): 92 edges, 10 sources
2026-04-06 19:36:49 |     → Sampling 100 paths/source × 50 trials
2026-04-06 19:36:50 |     → Trial 1/50 completed (~1552 evaluations)
2026-04-06 19:36:57 |     → Trial 10/50 completed (~1649 evaluations)
2026-04-06 19:37:05 |     → Trial 20/50 completed (~1609 evaluations)
2026-04-06 19:37:14 |     → Trial 30/50 completed (~1624 evaluations)
2026-04-06 19:37:22 |     → Trial 40/50 completed (~1639 evaluations)
2026-04-06 19:37:30 |     → Trial 50/50 completed (~1619 evaluations)
2026-04-06 19:37:30 |     → Instance 13/100
2026-04-06 19:37:30 |     → ShapleyFlow (Path Sampling): 92 edges, 10 sources
2026-04-06 19:37:30 |     → Sampling 100 paths/source × 50 trials
2026-04-06 19:37:31 |     → Trial 1/50 completed (~1648 evaluations)
2026-04-06 19:37:38 |     → Trial 10/50 completed (~1647 evaluations)
2026-04-06 19:37:47 |     → Trial 20/50 completed (~1609 evaluations)
2026-04-06 19:37:55 |     → Trial 30/50 completed (~1600 evaluations)
2026-04-06 19:38:03 |     → Trial 40/50 completed (~1575 evaluations)
2026-04-06 19:38:12 |     → Trial 50/50 completed (~1600 evaluations)
2026-04-06 19:38:12 |     → Instance 14/100
2026-04-06 19:38:12 |     → ShapleyFlow (Path Sampling): 92 edges, 10 sources
2026-04-06 19:38:12 |     → Sampling 100 paths/source × 50 trials
2026-04-06 19:38:12 |     → Trial 1/50 completed (~1592 evaluations)
2026-04-06 19:38:20 |     → Trial 10/50 completed (~1639 evaluations)
2026-04-06 19:38:28 |     → Trial 20/50 completed (~1573 evaluations)
2026-04-06 19:38:37 |     → Trial 30/50 completed (~1606 evaluations)
2026-04-06 19:38:45 |     → Trial 40/50 completed (~1632 evaluations)
2026-04-06 19:38:53 |     → Trial 50/50 completed (~1592 evaluations)
2026-04-06 19:38:53 |     → Instance 15/100
2026-04-06 19:38:53 |     → ShapleyFlow (Path Sampling): 92 edges, 10 sources
2026-04-06 19:38:53 |     → Sampling 100 paths/source × 50 trials
2026-04-06 19:38:54 |     → Trial 1/50 completed (~1670 evaluations)
2026-04-06 19:39:02 |     → Trial 10/50 completed (~1614 evaluations)
2026-04-06 19:39:10 |     → Trial 20/50 completed (~1688 evaluations)
2026-04-06 19:39:18 |     → Trial 30/50 completed (~1575 evaluations)
2026-04-06 19:39:26 |     → Trial 40/50 completed (~1662 evaluations)
2026-04-06 19:39:35 |     → Trial 50/50 completed (~1562 evaluations)
2026-04-06 19:39:35 |     → Instance 16/100
2026-04-06 19:39:35 |     → ShapleyFlow (Path Sampling): 92 edges, 10 sources
2026-04-06 19:39:35 |     → Sampling 100 paths/source × 50 trials
2026-04-06 19:39:36 |     → Trial 1/50 completed (~1651 evaluations)
2026-04-06 19:39:43 |     → Trial 10/50 completed (~1666 evaluations)
2026-04-06 19:39:51 |     → Trial 20/50 completed (~1621 evaluations)
2026-04-06 19:40:00 |     → Trial 30/50 completed (~1596 evaluations)
2026-04-06 19:40:08 |     → Trial 40/50 completed (~1576 evaluations)
2026-04-06 19:40:16 |     → Trial 50/50 completed (~1623 evaluations)
2026-04-06 19:40:16 |     → Instance 17/100
2026-04-06 19:40:16 |     → ShapleyFlow (Path Sampling): 92 edges, 10 sources
2026-04-06 19:40:16 |     → Sampling 100 paths/source × 50 trials
2026-04-06 19:40:17 |     → Trial 1/50 completed (~1623 evaluations)
2026-04-06 19:40:24 |     → Trial 10/50 completed (~1589 evaluations)
2026-04-06 19:40:33 |     → Trial 20/50 completed (~1666 evaluations)
2026-04-06 19:40:41 |     → Trial 30/50 completed (~1639 evaluations)
2026-04-06 19:40:49 |     → Trial 40/50 completed (~1656 evaluations)
2026-04-06 19:40:58 |     → Trial 50/50 completed (~1648 evaluations)
2026-04-06 19:40:58 |     → Instance 18/100
2026-04-06 19:40:58 |     → ShapleyFlow (Path Sampling): 92 edges, 10 sources
2026-04-06 19:40:58 |     → Sampling 100 paths/source × 50 trials
2026-04-06 19:40:59 |     → Trial 1/50 completed (~1594 evaluations)
2026-04-06 19:41:06 |     → Trial 10/50 completed (~1586 evaluations)
2026-04-06 19:41:14 |     → Trial 20/50 completed (~1618 evaluations)
2026-04-06 19:41:23 |     → Trial 30/50 completed (~1592 evaluations)
2026-04-06 19:41:31 |     → Trial 40/50 completed (~1579 evaluations)
2026-04-06 19:41:39 |     → Trial 50/50 completed (~1617 evaluations)
2026-04-06 19:41:39 |     → Instance 19/100
2026-04-06 19:41:39 |     → ShapleyFlow (Path Sampling): 92 edges, 10 sources
2026-04-06 19:41:39 |     → Sampling 100 paths/source × 50 trials
2026-04-06 19:41:40 |     → Trial 1/50 completed (~1655 evaluations)
2026-04-06 19:41:47 |     → Trial 10/50 completed (~1584 evaluations)
2026-04-06 19:41:56 |     → Trial 20/50 completed (~1587 evaluations)
2026-04-06 19:42:04 |     → Trial 30/50 completed (~1612 evaluations)
2026-04-06 19:42:12 |     → Trial 40/50 completed (~1607 evaluations)
2026-04-06 19:42:21 |     → Trial 50/50 completed (~1603 evaluations)
2026-04-06 19:42:21 |     → Instance 20/100
2026-04-06 19:42:21 |     → ShapleyFlow (Path Sampling): 92 edges, 10 sources
2026-04-06 19:42:21 |     → Sampling 100 paths/source × 50 trials
2026-04-06 19:42:22 |     → Trial 1/50 completed (~1595 evaluations)
2026-04-06 19:42:29 |     → Trial 10/50 completed (~1656 evaluations)
2026-04-06 19:42:37 |     → Trial 20/50 completed (~1620 evaluations)
2026-04-06 19:42:46 |     → Trial 30/50 completed (~1718 evaluations)
2026-04-06 19:42:54 |     → Trial 40/50 completed (~1630 evaluations)
2026-04-06 19:43:02 |     → Trial 50/50 completed (~1625 evaluations)
2026-04-06 19:43:02 |     → Instance 21/100
2026-04-06 19:43:02 |     → ShapleyFlow (Path Sampling): 92 edges, 10 sources
2026-04-06 19:43:02 |     → Sampling 100 paths/source × 50 trials
2026-04-06 19:43:03 |     → Trial 1/50 completed (~1709 evaluations)
2026-04-06 19:43:11 |     → Trial 10/50 completed (~1678 evaluations)
2026-04-06 19:43:19 |     → Trial 20/50 completed (~1608 evaluations)
2026-04-06 19:43:28 |     → Trial 30/50 completed (~1638 evaluations)
2026-04-06 19:43:36 |     → Trial 40/50 completed (~1629 evaluations)
2026-04-06 19:43:44 |     → Trial 50/50 completed (~1600 evaluations)
2026-04-06 19:43:44 |     → Instance 22/100
2026-04-06 19:43:44 |     → ShapleyFlow (Path Sampling): 92 edges, 10 sources
2026-04-06 19:43:44 |     → Sampling 100 paths/source × 50 trials
2026-04-06 19:43:45 |     → Trial 1/50 completed (~1635 evaluations)
2026-04-06 19:43:52 |     → Trial 10/50 completed (~1586 evaluations)
2026-04-06 19:44:01 |     → Trial 20/50 completed (~1646 evaluations)
2026-04-06 19:44:09 |     → Trial 30/50 completed (~1669 evaluations)
2026-04-06 19:44:17 |     → Trial 40/50 completed (~1615 evaluations)
2026-04-06 19:44:26 |     → Trial 50/50 completed (~1679 evaluations)
2026-04-06 19:44:26 |     → Instance 23/100
2026-04-06 19:44:26 |     → ShapleyFlow (Path Sampling): 92 edges, 10 sources
2026-04-06 19:44:26 |     → Sampling 100 paths/source × 50 trials
2026-04-06 19:44:27 |     → Trial 1/50 completed (~1608 evaluations)
2026-04-06 19:44:34 |     → Trial 10/50 completed (~1642 evaluations)
2026-04-06 19:44:42 |     → Trial 20/50 completed (~1620 evaluations)
2026-04-06 19:44:51 |     → Trial 30/50 completed (~1624 evaluations)
2026-04-06 19:44:59 |     → Trial 40/50 completed (~1664 evaluations)
2026-04-06 19:45:07 |     → Trial 50/50 completed (~1641 evaluations)
2026-04-06 19:45:07 |     → Instance 24/100
2026-04-06 19:45:07 |     → ShapleyFlow (Path Sampling): 92 edges, 10 sources
2026-04-06 19:45:07 |     → Sampling 100 paths/source × 50 trials
2026-04-06 19:45:08 |     → Trial 1/50 completed (~1607 evaluations)
2026-04-06 19:45:16 |     → Trial 10/50 completed (~1646 evaluations)
2026-04-06 19:45:24 |     → Trial 20/50 completed (~1647 evaluations)
2026-04-06 19:45:32 |     → Trial 30/50 completed (~1609 evaluations)
2026-04-06 19:45:40 |     → Trial 40/50 completed (~1645 evaluations)
2026-04-06 19:45:49 |     → Trial 50/50 completed (~1582 evaluations)
2026-04-06 19:45:49 |     → Instance 25/100
2026-04-06 19:45:49 |     → ShapleyFlow (Path Sampling): 92 edges, 10 sources
2026-04-06 19:45:49 |     → Sampling 100 paths/source × 50 trials
2026-04-06 19:45:50 |     → Trial 1/50 completed (~1628 evaluations)
2026-04-06 19:45:57 |     → Trial 10/50 completed (~1599 evaluations)
2026-04-06 19:46:05 |     → Trial 20/50 completed (~1615 evaluations)
2026-04-06 19:46:14 |     → Trial 30/50 completed (~1611 evaluations)
2026-04-06 19:46:22 |     → Trial 40/50 completed (~1591 evaluations)
2026-04-06 19:46:30 |     → Trial 50/50 completed (~1621 evaluations)
2026-04-06 19:46:30 |     → Instance 26/100
2026-04-06 19:46:30 |     → ShapleyFlow (Path Sampling): 92 edges, 10 sources
2026-04-06 19:46:30 |     → Sampling 100 paths/source × 50 trials
2026-04-06 19:46:31 |     → Trial 1/50 completed (~1617 evaluations)
2026-04-06 19:46:38 |     → Trial 10/50 completed (~1576 evaluations)
2026-04-06 19:46:47 |     → Trial 20/50 completed (~1653 evaluations)
2026-04-06 19:46:55 |     → Trial 30/50 completed (~1624 evaluations)
2026-04-06 19:47:03 |     → Trial 40/50 completed (~1591 evaluations)
2026-04-06 19:47:11 |     → Trial 50/50 completed (~1657 evaluations)
2026-04-06 19:47:11 |     → Instance 27/100
2026-04-06 19:47:11 |     → ShapleyFlow (Path Sampling): 92 edges, 10 sources
2026-04-06 19:47:11 |     → Sampling 100 paths/source × 50 trials
2026-04-06 19:47:12 |     → Trial 1/50 completed (~1601 evaluations)
2026-04-06 19:47:20 |     → Trial 10/50 completed (~1678 evaluations)
2026-04-06 19:47:28 |     → Trial 20/50 completed (~1611 evaluations)
2026-04-06 19:47:36 |     → Trial 30/50 completed (~1626 evaluations)
2026-04-06 19:47:44 |     → Trial 40/50 completed (~1600 evaluations)
2026-04-06 19:47:53 |     → Trial 50/50 completed (~1642 evaluations)
2026-04-06 19:47:53 |     → Instance 28/100
2026-04-06 19:47:53 |     → ShapleyFlow (Path Sampling): 92 edges, 10 sources
2026-04-06 19:47:53 |     → Sampling 100 paths/source × 50 trials
2026-04-06 19:47:54 |     → Trial 1/50 completed (~1620 evaluations)
2026-04-06 19:48:01 |     → Trial 10/50 completed (~1617 evaluations)
2026-04-06 19:48:09 |     → Trial 20/50 completed (~1628 evaluations)
2026-04-06 19:48:18 |     → Trial 30/50 completed (~1677 evaluations)
2026-04-06 19:48:26 |     → Trial 40/50 completed (~1653 evaluations)
2026-04-06 19:48:34 |     → Trial 50/50 completed (~1566 evaluations)
2026-04-06 19:48:34 |     → Instance 29/100
2026-04-06 19:48:34 |     → ShapleyFlow (Path Sampling): 92 edges, 10 sources
2026-04-06 19:48:34 |     → Sampling 100 paths/source × 50 trials
2026-04-06 19:48:35 |     → Trial 1/50 completed (~1593 evaluations)
2026-04-06 19:48:42 |     → Trial 10/50 completed (~1538 evaluations)
2026-04-06 19:48:51 |     → Trial 20/50 completed (~1651 evaluations)
2026-04-06 19:48:59 |     → Trial 30/50 completed (~1596 evaluations)
2026-04-06 19:49:07 |     → Trial 40/50 completed (~1626 evaluations)
2026-04-06 19:49:16 |     → Trial 50/50 completed (~1612 evaluations)
2026-04-06 19:49:16 |     → Instance 30/100
2026-04-06 19:49:16 |     → ShapleyFlow (Path Sampling): 92 edges, 10 sources
2026-04-06 19:49:16 |     → Sampling 100 paths/source × 50 trials
2026-04-06 19:49:16 |     → Trial 1/50 completed (~1658 evaluations)
2026-04-06 19:49:24 |     → Trial 10/50 completed (~1633 evaluations)
2026-04-06 19:49:32 |     → Trial 20/50 completed (~1584 evaluations)
2026-04-06 19:49:40 |     → Trial 30/50 completed (~1622 evaluations)
2026-04-06 19:49:49 |     → Trial 40/50 completed (~1599 evaluations)
2026-04-06 19:49:57 |     → Trial 50/50 completed (~1688 evaluations)
2026-04-06 19:49:57 |     → Instance 31/100
2026-04-06 19:49:57 |     → ShapleyFlow (Path Sampling): 92 edges, 10 sources
2026-04-06 19:49:57 |     → Sampling 100 paths/source × 50 trials
2026-04-06 19:49:58 |     → Trial 1/50 completed (~1577 evaluations)
2026-04-06 19:50:05 |     → Trial 10/50 completed (~1660 evaluations)
2026-04-06 19:50:14 |     → Trial 20/50 completed (~1641 evaluations)
2026-04-06 19:50:22 |     → Trial 30/50 completed (~1628 evaluations)
2026-04-06 19:50:30 |     → Trial 40/50 completed (~1684 evaluations)
2026-04-06 19:50:38 |     → Trial 50/50 completed (~1655 evaluations)
2026-04-06 19:50:38 |     → Instance 32/100
2026-04-06 19:50:38 |     → ShapleyFlow (Path Sampling): 92 edges, 10 sources
2026-04-06 19:50:38 |     → Sampling 100 paths/source × 50 trials
2026-04-06 19:50:39 |     → Trial 1/50 completed (~1698 evaluations)
2026-04-06 19:50:47 |     → Trial 10/50 completed (~1637 evaluations)
2026-04-06 19:50:55 |     → Trial 20/50 completed (~1560 evaluations)
2026-04-06 19:51:03 |     → Trial 30/50 completed (~1589 evaluations)
2026-04-06 19:51:11 |     → Trial 40/50 completed (~1649 evaluations)
2026-04-06 19:51:20 |     → Trial 50/50 completed (~1609 evaluations)
2026-04-06 19:51:20 |     → Instance 33/100
2026-04-06 19:51:20 |     → ShapleyFlow (Path Sampling): 92 edges, 10 sources
2026-04-06 19:51:20 |     → Sampling 100 paths/source × 50 trials
2026-04-06 19:51:21 |     → Trial 1/50 completed (~1596 evaluations)
2026-04-06 19:51:28 |     → Trial 10/50 completed (~1628 evaluations)
2026-04-06 19:51:36 |     → Trial 20/50 completed (~1655 evaluations)
2026-04-06 19:51:45 |     → Trial 30/50 completed (~1642 evaluations)
2026-04-06 19:51:53 |     → Trial 40/50 completed (~1626 evaluations)
2026-04-06 19:52:01 |     → Trial 50/50 completed (~1604 evaluations)
2026-04-06 19:52:01 |     → Instance 34/100
2026-04-06 19:52:01 |     → ShapleyFlow (Path Sampling): 92 edges, 10 sources
2026-04-06 19:52:01 |     → Sampling 100 paths/source × 50 trials
2026-04-06 19:52:02 |     → Trial 1/50 completed (~1669 evaluations)
2026-04-06 19:52:10 |     → Trial 10/50 completed (~1559 evaluations)
2026-04-06 19:52:18 |     → Trial 20/50 completed (~1579 evaluations)
2026-04-06 19:52:26 |     → Trial 30/50 completed (~1626 evaluations)
2026-04-06 19:52:34 |     → Trial 40/50 completed (~1650 evaluations)
2026-04-06 19:52:43 |     → Trial 50/50 completed (~1664 evaluations)
2026-04-06 19:52:43 |     → Instance 35/100
2026-04-06 19:52:43 |     → ShapleyFlow (Path Sampling): 92 edges, 10 sources
2026-04-06 19:52:43 |     → Sampling 100 paths/source × 50 trials
2026-04-06 19:52:44 |     → Trial 1/50 completed (~1602 evaluations)
2026-04-06 19:52:51 |     → Trial 10/50 completed (~1713 evaluations)
2026-04-06 19:52:59 |     → Trial 20/50 completed (~1675 evaluations)
2026-04-06 19:53:07 |     → Trial 30/50 completed (~1596 evaluations)
2026-04-06 19:53:16 |     → Trial 40/50 completed (~1620 evaluations)
2026-04-06 19:53:24 |     → Trial 50/50 completed (~1593 evaluations)
2026-04-06 19:53:24 |     → Instance 36/100
2026-04-06 19:53:24 |     → ShapleyFlow (Path Sampling): 92 edges, 10 sources
2026-04-06 19:53:24 |     → Sampling 100 paths/source × 50 trials
2026-04-06 19:53:25 |     → Trial 1/50 completed (~1598 evaluations)
2026-04-06 19:53:32 |     → Trial 10/50 completed (~1679 evaluations)
2026-04-06 19:53:40 |     → Trial 20/50 completed (~1627 evaluations)
2026-04-06 19:53:49 |     → Trial 30/50 completed (~1602 evaluations)
2026-04-06 19:53:57 |     → Trial 40/50 completed (~1672 evaluations)
2026-04-06 19:54:05 |     → Trial 50/50 completed (~1630 evaluations)
2026-04-06 19:54:05 |     → Instance 37/100
2026-04-06 19:54:05 |     → ShapleyFlow (Path Sampling): 92 edges, 10 sources
2026-04-06 19:54:05 |     → Sampling 100 paths/source × 50 trials
2026-04-06 19:54:06 |     → Trial 1/50 completed (~1670 evaluations)
2026-04-06 19:54:14 |     → Trial 10/50 completed (~1589 evaluations)
2026-04-06 19:54:22 |     → Trial 20/50 completed (~1634 evaluations)
2026-04-06 19:54:30 |     → Trial 30/50 completed (~1704 evaluations)
2026-04-06 19:54:39 |     → Trial 40/50 completed (~1646 evaluations)
2026-04-06 19:54:47 |     → Trial 50/50 completed (~1652 evaluations)
2026-04-06 19:54:47 |     → Instance 38/100
2026-04-06 19:54:47 |     → ShapleyFlow (Path Sampling): 92 edges, 10 sources
2026-04-06 19:54:47 |     → Sampling 100 paths/source × 50 trials
2026-04-06 19:54:48 |     → Trial 1/50 completed (~1563 evaluations)
2026-04-06 19:54:55 |     → Trial 10/50 completed (~1699 evaluations)
2026-04-06 19:55:03 |     → Trial 20/50 completed (~1604 evaluations)
2026-04-06 19:55:12 |     → Trial 30/50 completed (~1573 evaluations)
2026-04-06 19:55:20 |     → Trial 40/50 completed (~1617 evaluations)
2026-04-06 19:55:28 |     → Trial 50/50 completed (~1678 evaluations)
2026-04-06 19:55:28 |     → Instance 39/100
2026-04-06 19:55:28 |     → ShapleyFlow (Path Sampling): 92 edges, 10 sources
2026-04-06 19:55:28 |     → Sampling 100 paths/source × 50 trials
2026-04-06 19:55:29 |     → Trial 1/50 completed (~1635 evaluations)
2026-04-06 19:55:37 |     → Trial 10/50 completed (~1641 evaluations)
2026-04-06 19:55:45 |     → Trial 20/50 completed (~1630 evaluations)
2026-04-06 19:55:53 |     → Trial 30/50 completed (~1612 evaluations)
2026-04-06 19:56:01 |     → Trial 40/50 completed (~1620 evaluations)
2026-04-06 19:56:10 |     → Trial 50/50 completed (~1628 evaluations)
2026-04-06 19:56:10 |     → Instance 40/100
2026-04-06 19:56:10 |     → ShapleyFlow (Path Sampling): 92 edges, 10 sources
2026-04-06 19:56:10 |     → Sampling 100 paths/source × 50 trials
2026-04-06 19:56:11 |     → Trial 1/50 completed (~1639 evaluations)
2026-04-06 19:56:18 |     → Trial 10/50 completed (~1631 evaluations)
2026-04-06 19:56:26 |     → Trial 20/50 completed (~1620 evaluations)
2026-04-06 19:56:35 |     → Trial 30/50 completed (~1634 evaluations)
2026-04-06 19:56:43 |     → Trial 40/50 completed (~1619 evaluations)
2026-04-06 19:56:51 |     → Trial 50/50 completed (~1618 evaluations)
2026-04-06 19:56:51 |     → Instance 41/100
2026-04-06 19:56:51 |     → ShapleyFlow (Path Sampling): 92 edges, 10 sources
2026-04-06 19:56:51 |     → Sampling 100 paths/source × 50 trials
2026-04-06 19:56:52 |     → Trial 1/50 completed (~1592 evaluations)
2026-04-06 19:57:00 |     → Trial 10/50 completed (~1620 evaluations)
2026-04-06 19:57:08 |     → Trial 20/50 completed (~1653 evaluations)
2026-04-06 19:57:16 |     → Trial 30/50 completed (~1635 evaluations)
2026-04-06 19:57:25 |     → Trial 40/50 completed (~1656 evaluations)
2026-04-06 19:57:33 |     → Trial 50/50 completed (~1681 evaluations)
2026-04-06 19:57:33 |     → Instance 42/100
2026-04-06 19:57:33 |     → ShapleyFlow (Path Sampling): 92 edges, 10 sources
2026-04-06 19:57:33 |     → Sampling 100 paths/source × 50 trials
2026-04-06 19:57:34 |     → Trial 1/50 completed (~1665 evaluations)
2026-04-06 19:57:41 |     → Trial 10/50 completed (~1669 evaluations)
2026-04-06 19:57:50 |     → Trial 20/50 completed (~1635 evaluations)
2026-04-06 19:57:58 |     → Trial 30/50 completed (~1645 evaluations)
2026-04-06 19:58:06 |     → Trial 40/50 completed (~1621 evaluations)
2026-04-06 19:58:14 |     → Trial 50/50 completed (~1620 evaluations)
2026-04-06 19:58:15 |     → Instance 43/100
2026-04-06 19:58:15 |     → ShapleyFlow (Path Sampling): 92 edges, 10 sources
2026-04-06 19:58:15 |     → Sampling 100 paths/source × 50 trials
2026-04-06 19:58:15 |     → Trial 1/50 completed (~1604 evaluations)
2026-04-06 19:58:23 |     → Trial 10/50 completed (~1643 evaluations)
2026-04-06 19:58:31 |     → Trial 20/50 completed (~1648 evaluations)
2026-04-06 19:58:40 |     → Trial 30/50 completed (~1650 evaluations)
2026-04-06 19:58:48 |     → Trial 40/50 completed (~1585 evaluations)
2026-04-06 19:58:56 |     → Trial 50/50 completed (~1585 evaluations)
2026-04-06 19:58:56 |     → Instance 44/100
2026-04-06 19:58:56 |     → ShapleyFlow (Path Sampling): 92 edges, 10 sources
2026-04-06 19:58:56 |     → Sampling 100 paths/source × 50 trials
2026-04-06 19:58:57 |     → Trial 1/50 completed (~1651 evaluations)
2026-04-06 19:59:05 |     → Trial 10/50 completed (~1624 evaluations)
2026-04-06 19:59:13 |     → Trial 20/50 completed (~1634 evaluations)
2026-04-06 19:59:21 |     → Trial 30/50 completed (~1621 evaluations)
2026-04-06 19:59:30 |     → Trial 40/50 completed (~1601 evaluations)
2026-04-06 19:59:38 |     → Trial 50/50 completed (~1586 evaluations)
2026-04-06 19:59:38 |     → Instance 45/100
2026-04-06 19:59:38 |     → ShapleyFlow (Path Sampling): 92 edges, 10 sources
2026-04-06 19:59:38 |     → Sampling 100 paths/source × 50 trials
2026-04-06 19:59:39 |     → Trial 1/50 completed (~1643 evaluations)
2026-04-06 19:59:46 |     → Trial 10/50 completed (~1585 evaluations)
2026-04-06 19:59:55 |     → Trial 20/50 completed (~1652 evaluations)
2026-04-06 20:00:03 |     → Trial 30/50 completed (~1647 evaluations)
2026-04-06 20:00:11 |     → Trial 40/50 completed (~1600 evaluations)
2026-04-06 20:00:20 |     → Trial 50/50 completed (~1656 evaluations)
2026-04-06 20:00:20 |     → Instance 46/100
2026-04-06 20:00:20 |     → ShapleyFlow (Path Sampling): 92 edges, 10 sources
2026-04-06 20:00:20 |     → Sampling 100 paths/source × 50 trials
2026-04-06 20:00:21 |     → Trial 1/50 completed (~1589 evaluations)
2026-04-06 20:00:28 |     → Trial 10/50 completed (~1589 evaluations)
2026-04-06 20:00:37 |     → Trial 20/50 completed (~1637 evaluations)
2026-04-06 20:00:45 |     → Trial 30/50 completed (~1646 evaluations)
2026-04-06 20:00:53 |     → Trial 40/50 completed (~1604 evaluations)
2026-04-06 20:01:01 |     → Trial 50/50 completed (~1630 evaluations)
2026-04-06 20:01:02 |     → Instance 47/100
2026-04-06 20:01:02 |     → ShapleyFlow (Path Sampling): 92 edges, 10 sources
2026-04-06 20:01:02 |     → Sampling 100 paths/source × 50 trials
2026-04-06 20:01:02 |     → Trial 1/50 completed (~1705 evaluations)
2026-04-06 20:01:10 |     → Trial 10/50 completed (~1646 evaluations)
2026-04-06 20:01:18 |     → Trial 20/50 completed (~1594 evaluations)
2026-04-06 20:01:26 |     → Trial 30/50 completed (~1610 evaluations)
2026-04-06 20:01:35 |     → Trial 40/50 completed (~1617 evaluations)
2026-04-06 20:01:43 |     → Trial 50/50 completed (~1652 evaluations)
2026-04-06 20:01:43 |     → Instance 48/100
2026-04-06 20:01:43 |     → ShapleyFlow (Path Sampling): 92 edges, 10 sources
2026-04-06 20:01:43 |     → Sampling 100 paths/source × 50 trials
2026-04-06 20:01:44 |     → Trial 1/50 completed (~1676 evaluations)
2026-04-06 20:01:51 |     → Trial 10/50 completed (~1618 evaluations)
2026-04-06 20:02:00 |     → Trial 20/50 completed (~1633 evaluations)
2026-04-06 20:02:08 |     → Trial 30/50 completed (~1636 evaluations)
2026-04-06 20:02:16 |     → Trial 40/50 completed (~1618 evaluations)
2026-04-06 20:02:24 |     → Trial 50/50 completed (~1630 evaluations)
2026-04-06 20:02:24 |     → Instance 49/100
2026-04-06 20:02:24 |     → ShapleyFlow (Path Sampling): 92 edges, 10 sources
2026-04-06 20:02:24 |     → Sampling 100 paths/source × 50 trials
2026-04-06 20:02:25 |     → Trial 1/50 completed (~1696 evaluations)
2026-04-06 20:02:33 |     → Trial 10/50 completed (~1606 evaluations)
2026-04-06 20:02:41 |     → Trial 20/50 completed (~1666 evaluations)
2026-04-06 20:02:49 |     → Trial 30/50 completed (~1630 evaluations)
2026-04-06 20:02:58 |     → Trial 40/50 completed (~1659 evaluations)
2026-04-06 20:03:06 |     → Trial 50/50 completed (~1621 evaluations)
2026-04-06 20:03:06 |     → Instance 50/100
2026-04-06 20:03:06 |     → ShapleyFlow (Path Sampling): 92 edges, 10 sources
2026-04-06 20:03:06 |     → Sampling 100 paths/source × 50 trials
2026-04-06 20:03:07 |     → Trial 1/50 completed (~1649 evaluations)
2026-04-06 20:03:14 |     → Trial 10/50 completed (~1551 evaluations)
2026-04-06 20:03:23 |     → Trial 20/50 completed (~1645 evaluations)
2026-04-06 20:03:31 |     → Trial 30/50 completed (~1661 evaluations)
2026-04-06 20:03:39 |     → Trial 40/50 completed (~1630 evaluations)
2026-04-06 20:03:47 |     → Trial 50/50 completed (~1604 evaluations)
2026-04-06 20:03:47 |     → Instance 51/100
2026-04-06 20:03:47 |     → ShapleyFlow (Path Sampling): 92 edges, 10 sources
2026-04-06 20:03:47 |     → Sampling 100 paths/source × 50 trials
2026-04-06 20:03:48 |     → Trial 1/50 completed (~1619 evaluations)
2026-04-06 20:03:56 |     → Trial 10/50 completed (~1658 evaluations)
2026-04-06 20:04:04 |     → Trial 20/50 completed (~1563 evaluations)
2026-04-06 20:04:12 |     → Trial 30/50 completed (~1638 evaluations)
2026-04-06 20:04:21 |     → Trial 40/50 completed (~1631 evaluations)
2026-04-06 20:04:29 |     → Trial 50/50 completed (~1612 evaluations)
2026-04-06 20:04:29 |     → Instance 52/100
2026-04-06 20:04:29 |     → ShapleyFlow (Path Sampling): 92 edges, 10 sources
2026-04-06 20:04:29 |     → Sampling 100 paths/source × 50 trials
2026-04-06 20:04:30 |     → Trial 1/50 completed (~1626 evaluations)
2026-04-06 20:04:37 |     → Trial 10/50 completed (~1633 evaluations)
2026-04-06 20:04:46 |     → Trial 20/50 completed (~1640 evaluations)
2026-04-06 20:04:54 |     → Trial 30/50 completed (~1630 evaluations)
2026-04-06 20:05:02 |     → Trial 40/50 completed (~1657 evaluations)
2026-04-06 20:05:10 |     → Trial 50/50 completed (~1643 evaluations)
2026-04-06 20:05:10 |     → Instance 53/100
2026-04-06 20:05:10 |     → ShapleyFlow (Path Sampling): 92 edges, 10 sources
2026-04-06 20:05:10 |     → Sampling 100 paths/source × 50 trials
2026-04-06 20:05:11 |     → Trial 1/50 completed (~1590 evaluations)
2026-04-06 20:05:19 |     → Trial 10/50 completed (~1607 evaluations)
2026-04-06 20:05:27 |     → Trial 20/50 completed (~1617 evaluations)
2026-04-06 20:05:35 |     → Trial 30/50 completed (~1609 evaluations)
2026-04-06 20:05:44 |     → Trial 40/50 completed (~1637 evaluations)
2026-04-06 20:05:52 |     → Trial 50/50 completed (~1578 evaluations)
2026-04-06 20:05:52 |     → Instance 54/100
2026-04-06 20:05:52 |     → ShapleyFlow (Path Sampling): 92 edges, 10 sources
2026-04-06 20:05:52 |     → Sampling 100 paths/source × 50 trials
2026-04-06 20:05:53 |     → Trial 1/50 completed (~1636 evaluations)
2026-04-06 20:06:00 |     → Trial 10/50 completed (~1629 evaluations)
2026-04-06 20:06:09 |     → Trial 20/50 completed (~1631 evaluations)
2026-04-06 20:06:17 |     → Trial 30/50 completed (~1631 evaluations)
2026-04-06 20:06:25 |     → Trial 40/50 completed (~1654 evaluations)
2026-04-06 20:06:33 |     → Trial 50/50 completed (~1590 evaluations)
2026-04-06 20:06:33 |     → Instance 55/100
2026-04-06 20:06:33 |     → ShapleyFlow (Path Sampling): 92 edges, 10 sources
2026-04-06 20:06:33 |     → Sampling 100 paths/source × 50 trials
2026-04-06 20:06:34 |     → Trial 1/50 completed (~1597 evaluations)
2026-04-06 20:06:42 |     → Trial 10/50 completed (~1649 evaluations)
2026-04-06 20:06:50 |     → Trial 20/50 completed (~1611 evaluations)
2026-04-06 20:06:58 |     → Trial 30/50 completed (~1602 evaluations)
2026-04-06 20:07:07 |     → Trial 40/50 completed (~1669 evaluations)
2026-04-06 20:07:15 |     → Trial 50/50 completed (~1662 evaluations)
2026-04-06 20:07:15 |     → Instance 56/100
2026-04-06 20:07:15 |     → ShapleyFlow (Path Sampling): 92 edges, 10 sources
2026-04-06 20:07:15 |     → Sampling 100 paths/source × 50 trials
2026-04-06 20:07:16 |     → Trial 1/50 completed (~1674 evaluations)
2026-04-06 20:07:23 |     → Trial 10/50 completed (~1619 evaluations)
2026-04-06 20:07:31 |     → Trial 20/50 completed (~1570 evaluations)
2026-04-06 20:07:40 |     → Trial 30/50 completed (~1611 evaluations)
2026-04-06 20:07:48 |     → Trial 40/50 completed (~1648 evaluations)
2026-04-06 20:07:56 |     → Trial 50/50 completed (~1583 evaluations)
2026-04-06 20:07:56 |     → Instance 57/100
2026-04-06 20:07:56 |     → ShapleyFlow (Path Sampling): 92 edges, 10 sources
2026-04-06 20:07:56 |     → Sampling 100 paths/source × 50 trials
2026-04-06 20:07:57 |     → Trial 1/50 completed (~1582 evaluations)
2026-04-06 20:08:05 |     → Trial 10/50 completed (~1651 evaluations)
2026-04-06 20:08:13 |     → Trial 20/50 completed (~1641 evaluations)
2026-04-06 20:08:21 |     → Trial 30/50 completed (~1661 evaluations)
2026-04-06 20:08:30 |     → Trial 40/50 completed (~1595 evaluations)
2026-04-06 20:08:38 |     → Trial 50/50 completed (~1631 evaluations)
2026-04-06 20:08:38 |     → Instance 58/100
2026-04-06 20:08:38 |     → ShapleyFlow (Path Sampling): 92 edges, 10 sources
2026-04-06 20:08:38 |     → Sampling 100 paths/source × 50 trials
2026-04-06 20:08:39 |     → Trial 1/50 completed (~1618 evaluations)
2026-04-06 20:08:46 |     → Trial 10/50 completed (~1638 evaluations)
2026-04-06 20:08:55 |     → Trial 20/50 completed (~1646 evaluations)
2026-04-06 20:09:03 |     → Trial 30/50 completed (~1634 evaluations)
2026-04-06 20:09:11 |     → Trial 40/50 completed (~1633 evaluations)
2026-04-06 20:09:20 |     → Trial 50/50 completed (~1640 evaluations)
2026-04-06 20:09:20 |     → Instance 59/100
2026-04-06 20:09:20 |     → ShapleyFlow (Path Sampling): 92 edges, 10 sources
2026-04-06 20:09:20 |     → Sampling 100 paths/source × 50 trials
2026-04-06 20:09:21 |     → Trial 1/50 completed (~1646 evaluations)
2026-04-06 20:09:28 |     → Trial 10/50 completed (~1635 evaluations)
2026-04-06 20:09:36 |     → Trial 20/50 completed (~1638 evaluations)
2026-04-06 20:09:45 |     → Trial 30/50 completed (~1586 evaluations)
2026-04-06 20:09:53 |     → Trial 40/50 completed (~1659 evaluations)
2026-04-06 20:10:01 |     → Trial 50/50 completed (~1620 evaluations)
2026-04-06 20:10:01 |     → Instance 60/100
2026-04-06 20:10:01 |     → ShapleyFlow (Path Sampling): 92 edges, 10 sources
2026-04-06 20:10:01 |     → Sampling 100 paths/source × 50 trials
2026-04-06 20:10:02 |     → Trial 1/50 completed (~1554 evaluations)
2026-04-06 20:10:10 |     → Trial 10/50 completed (~1625 evaluations)
2026-04-06 20:10:18 |     → Trial 20/50 completed (~1663 evaluations)
2026-04-06 20:10:26 |     → Trial 30/50 completed (~1630 evaluations)
2026-04-06 20:10:35 |     → Trial 40/50 completed (~1642 evaluations)
2026-04-06 20:10:43 |     → Trial 50/50 completed (~1646 evaluations)
2026-04-06 20:10:43 |     → Instance 61/100
2026-04-06 20:10:43 |     → ShapleyFlow (Path Sampling): 92 edges, 10 sources
2026-04-06 20:10:43 |     → Sampling 100 paths/source × 50 trials
2026-04-06 20:10:44 |     → Trial 1/50 completed (~1626 evaluations)
2026-04-06 20:10:51 |     → Trial 10/50 completed (~1616 evaluations)
2026-04-06 20:10:59 |     → Trial 20/50 completed (~1571 evaluations)
2026-04-06 20:11:08 |     → Trial 30/50 completed (~1592 evaluations)
2026-04-06 20:11:16 |     → Trial 40/50 completed (~1636 evaluations)
2026-04-06 20:11:24 |     → Trial 50/50 completed (~1658 evaluations)
2026-04-06 20:11:24 |     → Instance 62/100
2026-04-06 20:11:24 |     → ShapleyFlow (Path Sampling): 92 edges, 10 sources
2026-04-06 20:11:24 |     → Sampling 100 paths/source × 50 trials
2026-04-06 20:11:25 |     → Trial 1/50 completed (~1608 evaluations)
2026-04-06 20:11:33 |     → Trial 10/50 completed (~1647 evaluations)
2026-04-06 20:11:41 |     → Trial 20/50 completed (~1607 evaluations)
2026-04-06 20:11:49 |     → Trial 30/50 completed (~1660 evaluations)
2026-04-06 20:11:57 |     → Trial 40/50 completed (~1722 evaluations)
2026-04-06 20:12:06 |     → Trial 50/50 completed (~1652 evaluations)
2026-04-06 20:12:06 |     → Instance 63/100
2026-04-06 20:12:06 |     → ShapleyFlow (Path Sampling): 92 edges, 10 sources
2026-04-06 20:12:06 |     → Sampling 100 paths/source × 50 trials
2026-04-06 20:12:06 |     → Trial 1/50 completed (~1585 evaluations)
2026-04-06 20:12:14 |     → Trial 10/50 completed (~1625 evaluations)
2026-04-06 20:12:22 |     → Trial 20/50 completed (~1617 evaluations)
2026-04-06 20:12:30 |     → Trial 30/50 completed (~1580 evaluations)
2026-04-06 20:12:39 |     → Trial 40/50 completed (~1628 evaluations)
2026-04-06 20:12:47 |     → Trial 50/50 completed (~1640 evaluations)
2026-04-06 20:12:47 |     → Instance 64/100
2026-04-06 20:12:47 |     → ShapleyFlow (Path Sampling): 92 edges, 10 sources
2026-04-06 20:12:47 |     → Sampling 100 paths/source × 50 trials
2026-04-06 20:12:48 |     → Trial 1/50 completed (~1591 evaluations)
2026-04-06 20:12:55 |     → Trial 10/50 completed (~1642 evaluations)
2026-04-06 20:13:04 |     → Trial 20/50 completed (~1653 evaluations)
2026-04-06 20:13:12 |     → Trial 30/50 completed (~1681 evaluations)
2026-04-06 20:13:20 |     → Trial 40/50 completed (~1629 evaluations)
2026-04-06 20:13:29 |     → Trial 50/50 completed (~1637 evaluations)
2026-04-06 20:13:29 |     → Instance 65/100
2026-04-06 20:13:29 |     → ShapleyFlow (Path Sampling): 92 edges, 10 sources
2026-04-06 20:13:29 |     → Sampling 100 paths/source × 50 trials
2026-04-06 20:13:30 |     → Trial 1/50 completed (~1648 evaluations)
2026-04-06 20:13:37 |     → Trial 10/50 completed (~1686 evaluations)
2026-04-06 20:13:46 |     → Trial 20/50 completed (~1596 evaluations)
2026-04-06 20:13:54 |     → Trial 30/50 completed (~1580 evaluations)
2026-04-06 20:14:02 |     → Trial 40/50 completed (~1593 evaluations)
2026-04-06 20:14:11 |     → Trial 50/50 completed (~1633 evaluations)
2026-04-06 20:14:11 |     → Instance 66/100
2026-04-06 20:14:11 |     → ShapleyFlow (Path Sampling): 92 edges, 10 sources
2026-04-06 20:14:11 |     → Sampling 100 paths/source × 50 trials
2026-04-06 20:14:11 |     → Trial 1/50 completed (~1644 evaluations)
2026-04-06 20:14:19 |     → Trial 10/50 completed (~1640 evaluations)
2026-04-06 20:14:27 |     → Trial 20/50 completed (~1606 evaluations)
2026-04-06 20:14:36 |     → Trial 30/50 completed (~1651 evaluations)
2026-04-06 20:14:44 |     → Trial 40/50 completed (~1662 evaluations)
2026-04-06 20:14:52 |     → Trial 50/50 completed (~1647 evaluations)
2026-04-06 20:14:52 |     → Instance 67/100
2026-04-06 20:14:52 |     → ShapleyFlow (Path Sampling): 92 edges, 10 sources
2026-04-06 20:14:52 |     → Sampling 100 paths/source × 50 trials
2026-04-06 20:14:53 |     → Trial 1/50 completed (~1631 evaluations)
2026-04-06 20:15:01 |     → Trial 10/50 completed (~1583 evaluations)
2026-04-06 20:15:09 |     → Trial 20/50 completed (~1661 evaluations)
2026-04-06 20:15:17 |     → Trial 30/50 completed (~1600 evaluations)
2026-04-06 20:15:26 |     → Trial 40/50 completed (~1694 evaluations)
2026-04-06 20:15:34 |     → Trial 50/50 completed (~1641 evaluations)
2026-04-06 20:15:34 |     → Instance 68/100
2026-04-06 20:15:34 |     → ShapleyFlow (Path Sampling): 92 edges, 10 sources
2026-04-06 20:15:34 |     → Sampling 100 paths/source × 50 trials
2026-04-06 20:15:35 |     → Trial 1/50 completed (~1631 evaluations)
2026-04-06 20:15:42 |     → Trial 10/50 completed (~1618 evaluations)
2026-04-06 20:15:51 |     → Trial 20/50 completed (~1610 evaluations)
2026-04-06 20:15:59 |     → Trial 30/50 completed (~1670 evaluations)
2026-04-06 20:16:07 |     → Trial 40/50 completed (~1627 evaluations)
2026-04-06 20:16:16 |     → Trial 50/50 completed (~1619 evaluations)
2026-04-06 20:16:16 |     → Instance 69/100
2026-04-06 20:16:16 |     → ShapleyFlow (Path Sampling): 92 edges, 10 sources
2026-04-06 20:16:16 |     → Sampling 100 paths/source × 50 trials
2026-04-06 20:16:17 |     → Trial 1/50 completed (~1638 evaluations)
2026-04-06 20:16:24 |     → Trial 10/50 completed (~1641 evaluations)
2026-04-06 20:16:32 |     → Trial 20/50 completed (~1613 evaluations)
2026-04-06 20:16:41 |     → Trial 30/50 completed (~1643 evaluations)
2026-04-06 20:16:49 |     → Trial 40/50 completed (~1633 evaluations)
2026-04-06 20:16:57 |     → Trial 50/50 completed (~1640 evaluations)
2026-04-06 20:16:57 |     → Instance 70/100
2026-04-06 20:16:57 |     → ShapleyFlow (Path Sampling): 92 edges, 10 sources
2026-04-06 20:16:57 |     → Sampling 100 paths/source × 50 trials
2026-04-06 20:16:58 |     → Trial 1/50 completed (~1621 evaluations)
2026-04-06 20:17:06 |     → Trial 10/50 completed (~1649 evaluations)
2026-04-06 20:17:14 |     → Trial 20/50 completed (~1631 evaluations)
2026-04-06 20:17:22 |     → Trial 30/50 completed (~1610 evaluations)
2026-04-06 20:17:30 |     → Trial 40/50 completed (~1693 evaluations)
2026-04-06 20:17:39 |     → Trial 50/50 completed (~1667 evaluations)
2026-04-06 20:17:39 |     → Instance 71/100
2026-04-06 20:17:39 |     → ShapleyFlow (Path Sampling): 92 edges, 10 sources
2026-04-06 20:17:39 |     → Sampling 100 paths/source × 50 trials
2026-04-06 20:17:40 |     → Trial 1/50 completed (~1652 evaluations)
2026-04-06 20:17:47 |     → Trial 10/50 completed (~1588 evaluations)
2026-04-06 20:17:55 |     → Trial 20/50 completed (~1625 evaluations)
2026-04-06 20:18:04 |     → Trial 30/50 completed (~1678 evaluations)
2026-04-06 20:18:12 |     → Trial 40/50 completed (~1627 evaluations)
2026-04-06 20:18:20 |     → Trial 50/50 completed (~1604 evaluations)
2026-04-06 20:18:20 |     → Instance 72/100
2026-04-06 20:18:20 |     → ShapleyFlow (Path Sampling): 92 edges, 10 sources
2026-04-06 20:18:20 |     → Sampling 100 paths/source × 50 trials
2026-04-06 20:18:21 |     → Trial 1/50 completed (~1639 evaluations)
2026-04-06 20:18:29 |     → Trial 10/50 completed (~1664 evaluations)
2026-04-06 20:18:37 |     → Trial 20/50 completed (~1652 evaluations)
2026-04-06 20:18:45 |     → Trial 30/50 completed (~1662 evaluations)
2026-04-06 20:18:54 |     → Trial 40/50 completed (~1637 evaluations)
2026-04-06 20:19:02 |     → Trial 50/50 completed (~1650 evaluations)
2026-04-06 20:19:02 |     → Instance 73/100
2026-04-06 20:19:02 |     → ShapleyFlow (Path Sampling): 92 edges, 10 sources
2026-04-06 20:19:02 |     → Sampling 100 paths/source × 50 trials
2026-04-06 20:19:03 |     → Trial 1/50 completed (~1622 evaluations)
2026-04-06 20:19:10 |     → Trial 10/50 completed (~1634 evaluations)
2026-04-06 20:19:18 |     → Trial 20/50 completed (~1663 evaluations)
2026-04-06 20:19:27 |     → Trial 30/50 completed (~1615 evaluations)
2026-04-06 20:19:35 |     → Trial 40/50 completed (~1655 evaluations)
2026-04-06 20:19:43 |     → Trial 50/50 completed (~1638 evaluations)
2026-04-06 20:19:43 |     → Instance 74/100
2026-04-06 20:19:43 |     → ShapleyFlow (Path Sampling): 92 edges, 10 sources
2026-04-06 20:19:43 |     → Sampling 100 paths/source × 50 trials
2026-04-06 20:19:44 |     → Trial 1/50 completed (~1657 evaluations)
2026-04-06 20:19:52 |     → Trial 10/50 completed (~1649 evaluations)
2026-04-06 20:20:00 |     → Trial 20/50 completed (~1610 evaluations)
2026-04-06 20:20:08 |     → Trial 30/50 completed (~1677 evaluations)
2026-04-06 20:20:17 |     → Trial 40/50 completed (~1634 evaluations)
2026-04-06 20:20:25 |     → Trial 50/50 completed (~1576 evaluations)
2026-04-06 20:20:25 |     → Instance 75/100
2026-04-06 20:20:25 |     → ShapleyFlow (Path Sampling): 92 edges, 10 sources
2026-04-06 20:20:25 |     → Sampling 100 paths/source × 50 trials
2026-04-06 20:20:26 |     → Trial 1/50 completed (~1570 evaluations)
2026-04-06 20:20:33 |     → Trial 10/50 completed (~1614 evaluations)
2026-04-06 20:20:41 |     → Trial 20/50 completed (~1653 evaluations)
2026-04-06 20:20:50 |     → Trial 30/50 completed (~1556 evaluations)
2026-04-06 20:20:58 |     → Trial 40/50 completed (~1676 evaluations)
2026-04-06 20:21:06 |     → Trial 50/50 completed (~1628 evaluations)
2026-04-06 20:21:06 |     → Instance 76/100
2026-04-06 20:21:06 |     → ShapleyFlow (Path Sampling): 92 edges, 10 sources
2026-04-06 20:21:06 |     → Sampling 100 paths/source × 50 trials
2026-04-06 20:21:07 |     → Trial 1/50 completed (~1594 evaluations)
2026-04-06 20:21:15 |     → Trial 10/50 completed (~1675 evaluations)
2026-04-06 20:21:23 |     → Trial 20/50 completed (~1646 evaluations)
2026-04-06 20:21:31 |     → Trial 30/50 completed (~1625 evaluations)
2026-04-06 20:21:40 |     → Trial 40/50 completed (~1619 evaluations)
2026-04-06 20:21:48 |     → Trial 50/50 completed (~1629 evaluations)
2026-04-06 20:21:48 |     → Instance 77/100
2026-04-06 20:21:48 |     → ShapleyFlow (Path Sampling): 92 edges, 10 sources
2026-04-06 20:21:48 |     → Sampling 100 paths/source × 50 trials
2026-04-06 20:21:49 |     → Trial 1/50 completed (~1609 evaluations)
2026-04-06 20:21:56 |     → Trial 10/50 completed (~1621 evaluations)
2026-04-06 20:22:05 |     → Trial 20/50 completed (~1612 evaluations)
2026-04-06 20:22:13 |     → Trial 30/50 completed (~1581 evaluations)
2026-04-06 20:22:21 |     → Trial 40/50 completed (~1608 evaluations)
2026-04-06 20:22:30 |     → Trial 50/50 completed (~1670 evaluations)
2026-04-06 20:22:30 |     → Instance 78/100
2026-04-06 20:22:30 |     → ShapleyFlow (Path Sampling): 92 edges, 10 sources
2026-04-06 20:22:30 |     → Sampling 100 paths/source × 50 trials
2026-04-06 20:22:30 |     → Trial 1/50 completed (~1595 evaluations)
2026-04-06 20:22:38 |     → Trial 10/50 completed (~1607 evaluations)
2026-04-06 20:22:46 |     → Trial 20/50 completed (~1627 evaluations)
2026-04-06 20:22:55 |     → Trial 30/50 completed (~1617 evaluations)
2026-04-06 20:23:03 |     → Trial 40/50 completed (~1615 evaluations)
2026-04-06 20:23:11 |     → Trial 50/50 completed (~1530 evaluations)
2026-04-06 20:23:11 |     → Instance 79/100
2026-04-06 20:23:11 |     → ShapleyFlow (Path Sampling): 92 edges, 10 sources
2026-04-06 20:23:11 |     → Sampling 100 paths/source × 50 trials
2026-04-06 20:23:12 |     → Trial 1/50 completed (~1581 evaluations)
2026-04-06 20:23:19 |     → Trial 10/50 completed (~1639 evaluations)
2026-04-06 20:23:28 |     → Trial 20/50 completed (~1642 evaluations)
2026-04-06 20:23:36 |     → Trial 30/50 completed (~1624 evaluations)
2026-04-06 20:23:44 |     → Trial 40/50 completed (~1600 evaluations)
2026-04-06 20:23:53 |     → Trial 50/50 completed (~1605 evaluations)
2026-04-06 20:23:53 |     → Instance 80/100
2026-04-06 20:23:53 |     → ShapleyFlow (Path Sampling): 92 edges, 10 sources
2026-04-06 20:23:53 |     → Sampling 100 paths/source × 50 trials
2026-04-06 20:23:53 |     → Trial 1/50 completed (~1598 evaluations)
2026-04-06 20:24:01 |     → Trial 10/50 completed (~1638 evaluations)
2026-04-06 20:24:09 |     → Trial 20/50 completed (~1612 evaluations)
2026-04-06 20:24:18 |     → Trial 30/50 completed (~1655 evaluations)
2026-04-06 20:24:26 |     → Trial 40/50 completed (~1607 evaluations)
2026-04-06 20:24:34 |     → Trial 50/50 completed (~1630 evaluations)
2026-04-06 20:24:34 |     → Instance 81/100
2026-04-06 20:24:34 |     → ShapleyFlow (Path Sampling): 92 edges, 10 sources
2026-04-06 20:24:34 |     → Sampling 100 paths/source × 50 trials
2026-04-06 20:24:35 |     → Trial 1/50 completed (~1577 evaluations)
2026-04-06 20:24:42 |     → Trial 10/50 completed (~1590 evaluations)
2026-04-06 20:24:51 |     → Trial 20/50 completed (~1606 evaluations)
2026-04-06 20:24:59 |     → Trial 30/50 completed (~1599 evaluations)
2026-04-06 20:25:07 |     → Trial 40/50 completed (~1631 evaluations)
2026-04-06 20:25:15 |     → Trial 50/50 completed (~1623 evaluations)
2026-04-06 20:25:15 |     → Instance 82/100
2026-04-06 20:25:15 |     → ShapleyFlow (Path Sampling): 92 edges, 10 sources
2026-04-06 20:25:15 |     → Sampling 100 paths/source × 50 trials
2026-04-06 20:25:16 |     → Trial 1/50 completed (~1615 evaluations)
2026-04-06 20:25:24 |     → Trial 10/50 completed (~1614 evaluations)
2026-04-06 20:25:32 |     → Trial 20/50 completed (~1664 evaluations)
2026-04-06 20:25:40 |     → Trial 30/50 completed (~1597 evaluations)
2026-04-06 20:25:49 |     → Trial 40/50 completed (~1618 evaluations)
2026-04-06 20:25:57 |     → Trial 50/50 completed (~1663 evaluations)
2026-04-06 20:25:57 |     → Instance 83/100
2026-04-06 20:25:57 |     → ShapleyFlow (Path Sampling): 92 edges, 10 sources
2026-04-06 20:25:57 |     → Sampling 100 paths/source × 50 trials
2026-04-06 20:25:58 |     → Trial 1/50 completed (~1602 evaluations)
2026-04-06 20:26:05 |     → Trial 10/50 completed (~1650 evaluations)
2026-04-06 20:26:13 |     → Trial 20/50 completed (~1567 evaluations)
2026-04-06 20:26:22 |     → Trial 30/50 completed (~1642 evaluations)
2026-04-06 20:26:30 |     → Trial 40/50 completed (~1614 evaluations)
2026-04-06 20:26:38 |     → Trial 50/50 completed (~1585 evaluations)
2026-04-06 20:26:38 |     → Instance 84/100
2026-04-06 20:26:38 |     → ShapleyFlow (Path Sampling): 92 edges, 10 sources
2026-04-06 20:26:38 |     → Sampling 100 paths/source × 50 trials
2026-04-06 20:26:39 |     → Trial 1/50 completed (~1589 evaluations)
2026-04-06 20:26:47 |     → Trial 10/50 completed (~1633 evaluations)
2026-04-06 20:26:55 |     → Trial 20/50 completed (~1550 evaluations)
2026-04-06 20:27:03 |     → Trial 30/50 completed (~1642 evaluations)
2026-04-06 20:27:12 |     → Trial 40/50 completed (~1677 evaluations)
2026-04-06 20:27:20 |     → Trial 50/50 completed (~1619 evaluations)
2026-04-06 20:27:20 |     → Instance 85/100
2026-04-06 20:27:20 |     → ShapleyFlow (Path Sampling): 92 edges, 10 sources
2026-04-06 20:27:20 |     → Sampling 100 paths/source × 50 trials
2026-04-06 20:27:21 |     → Trial 1/50 completed (~1614 evaluations)
2026-04-06 20:27:28 |     → Trial 10/50 completed (~1647 evaluations)
2026-04-06 20:27:37 |     → Trial 20/50 completed (~1610 evaluations)
2026-04-06 20:27:45 |     → Trial 30/50 completed (~1610 evaluations)
2026-04-06 20:27:53 |     → Trial 40/50 completed (~1647 evaluations)
2026-04-06 20:28:01 |     → Trial 50/50 completed (~1595 evaluations)
2026-04-06 20:28:01 |     → Instance 86/100
2026-04-06 20:28:01 |     → ShapleyFlow (Path Sampling): 92 edges, 10 sources
2026-04-06 20:28:01 |     → Sampling 100 paths/source × 50 trials
2026-04-06 20:28:02 |     → Trial 1/50 completed (~1621 evaluations)
2026-04-06 20:28:10 |     → Trial 10/50 completed (~1634 evaluations)
2026-04-06 20:28:18 |     → Trial 20/50 completed (~1692 evaluations)
2026-04-06 20:28:26 |     → Trial 30/50 completed (~1593 evaluations)
2026-04-06 20:28:35 |     → Trial 40/50 completed (~1607 evaluations)
2026-04-06 20:28:43 |     → Trial 50/50 completed (~1660 evaluations)
2026-04-06 20:28:43 |     → Instance 87/100
2026-04-06 20:28:43 |     → ShapleyFlow (Path Sampling): 92 edges, 10 sources
2026-04-06 20:28:43 |     → Sampling 100 paths/source × 50 trials
2026-04-06 20:28:44 |     → Trial 1/50 completed (~1632 evaluations)
2026-04-06 20:28:51 |     → Trial 10/50 completed (~1604 evaluations)
2026-04-06 20:29:00 |     → Trial 20/50 completed (~1592 evaluations)
2026-04-06 20:29:08 |     → Trial 30/50 completed (~1669 evaluations)
2026-04-06 20:29:16 |     → Trial 40/50 completed (~1603 evaluations)
2026-04-06 20:29:24 |     → Trial 50/50 completed (~1701 evaluations)
2026-04-06 20:29:25 |     → Instance 88/100
2026-04-06 20:29:25 |     → ShapleyFlow (Path Sampling): 92 edges, 10 sources
2026-04-06 20:29:25 |     → Sampling 100 paths/source × 50 trials
2026-04-06 20:29:25 |     → Trial 1/50 completed (~1574 evaluations)
2026-04-06 20:29:33 |     → Trial 10/50 completed (~1633 evaluations)
2026-04-06 20:29:41 |     → Trial 20/50 completed (~1682 evaluations)
2026-04-06 20:29:50 |     → Trial 30/50 completed (~1687 evaluations)
2026-04-06 20:29:58 |     → Trial 40/50 completed (~1602 evaluations)
2026-04-06 20:30:06 |     → Trial 50/50 completed (~1643 evaluations)
2026-04-06 20:30:06 |     → Instance 89/100
2026-04-06 20:30:06 |     → ShapleyFlow (Path Sampling): 92 edges, 10 sources
2026-04-06 20:30:06 |     → Sampling 100 paths/source × 50 trials
2026-04-06 20:30:07 |     → Trial 1/50 completed (~1685 evaluations)
2026-04-06 20:30:15 |     → Trial 10/50 completed (~1606 evaluations)
2026-04-06 20:30:23 |     → Trial 20/50 completed (~1671 evaluations)
2026-04-06 20:30:31 |     → Trial 30/50 completed (~1610 evaluations)
2026-04-06 20:30:40 |     → Trial 40/50 completed (~1621 evaluations)
2026-04-06 20:30:48 |     → Trial 50/50 completed (~1624 evaluations)
2026-04-06 20:30:48 |     → Instance 90/100
2026-04-06 20:30:48 |     → ShapleyFlow (Path Sampling): 92 edges, 10 sources
2026-04-06 20:30:48 |     → Sampling 100 paths/source × 50 trials
2026-04-06 20:30:49 |     → Trial 1/50 completed (~1656 evaluations)
2026-04-06 20:30:56 |     → Trial 10/50 completed (~1701 evaluations)
2026-04-06 20:31:05 |     → Trial 20/50 completed (~1621 evaluations)
2026-04-06 20:31:13 |     → Trial 30/50 completed (~1588 evaluations)
2026-04-06 20:31:21 |     → Trial 40/50 completed (~1616 evaluations)
2026-04-06 20:31:30 |     → Trial 50/50 completed (~1637 evaluations)
2026-04-06 20:31:30 |     → Instance 91/100
2026-04-06 20:31:30 |     → ShapleyFlow (Path Sampling): 92 edges, 10 sources
2026-04-06 20:31:30 |     → Sampling 100 paths/source × 50 trials
2026-04-06 20:31:30 |     → Trial 1/50 completed (~1563 evaluations)
2026-04-06 20:31:38 |     → Trial 10/50 completed (~1574 evaluations)
2026-04-06 20:31:46 |     → Trial 20/50 completed (~1592 evaluations)
2026-04-06 20:31:55 |     → Trial 30/50 completed (~1658 evaluations)
2026-04-06 20:32:03 |     → Trial 40/50 completed (~1642 evaluations)
2026-04-06 20:32:11 |     → Trial 50/50 completed (~1663 evaluations)
2026-04-06 20:32:11 |     → Instance 92/100
2026-04-06 20:32:11 |     → ShapleyFlow (Path Sampling): 92 edges, 10 sources
2026-04-06 20:32:11 |     → Sampling 100 paths/source × 50 trials
2026-04-06 20:32:12 |     → Trial 1/50 completed (~1608 evaluations)
2026-04-06 20:32:20 |     → Trial 10/50 completed (~1624 evaluations)
2026-04-06 20:32:28 |     → Trial 20/50 completed (~1612 evaluations)
2026-04-06 20:32:36 |     → Trial 30/50 completed (~1615 evaluations)
2026-04-06 20:32:45 |     → Trial 40/50 completed (~1615 evaluations)
2026-04-06 20:32:53 |     → Trial 50/50 completed (~1643 evaluations)
2026-04-06 20:32:53 |     → Instance 93/100
2026-04-06 20:32:53 |     → ShapleyFlow (Path Sampling): 92 edges, 10 sources
2026-04-06 20:32:53 |     → Sampling 100 paths/source × 50 trials
2026-04-06 20:32:54 |     → Trial 1/50 completed (~1608 evaluations)
2026-04-06 20:33:01 |     → Trial 10/50 completed (~1619 evaluations)
2026-04-06 20:33:09 |     → Trial 20/50 completed (~1624 evaluations)
2026-04-06 20:33:18 |     → Trial 30/50 completed (~1627 evaluations)
2026-04-06 20:33:26 |     → Trial 40/50 completed (~1632 evaluations)
2026-04-06 20:33:34 |     → Trial 50/50 completed (~1642 evaluations)
2026-04-06 20:33:34 |     → Instance 94/100
2026-04-06 20:33:34 |     → ShapleyFlow (Path Sampling): 92 edges, 10 sources
2026-04-06 20:33:34 |     → Sampling 100 paths/source × 50 trials
2026-04-06 20:33:35 |     → Trial 1/50 completed (~1627 evaluations)
2026-04-06 20:33:43 |     → Trial 10/50 completed (~1639 evaluations)
2026-04-06 20:33:51 |     → Trial 20/50 completed (~1660 evaluations)
2026-04-06 20:34:00 |     → Trial 30/50 completed (~1641 evaluations)
2026-04-06 20:34:08 |     → Trial 40/50 completed (~1637 evaluations)
2026-04-06 20:34:16 |     → Trial 50/50 completed (~1620 evaluations)
2026-04-06 20:34:16 |     → Instance 95/100
2026-04-06 20:34:16 |     → ShapleyFlow (Path Sampling): 92 edges, 10 sources
2026-04-06 20:34:16 |     → Sampling 100 paths/source × 50 trials
2026-04-06 20:34:17 |     → Trial 1/50 completed (~1605 evaluations)
2026-04-06 20:34:24 |     → Trial 10/50 completed (~1582 evaluations)
2026-04-06 20:34:33 |     → Trial 20/50 completed (~1725 evaluations)
2026-04-06 20:34:41 |     → Trial 30/50 completed (~1638 evaluations)
2026-04-06 20:34:49 |     → Trial 40/50 completed (~1584 evaluations)
2026-04-06 20:34:58 |     → Trial 50/50 completed (~1613 evaluations)
2026-04-06 20:34:58 |     → Instance 96/100
2026-04-06 20:34:58 |     → ShapleyFlow (Path Sampling): 92 edges, 10 sources
2026-04-06 20:34:58 |     → Sampling 100 paths/source × 50 trials
2026-04-06 20:34:59 |     → Trial 1/50 completed (~1657 evaluations)
2026-04-06 20:35:06 |     → Trial 10/50 completed (~1643 evaluations)
2026-04-06 20:35:15 |     → Trial 20/50 completed (~1653 evaluations)
2026-04-06 20:35:23 |     → Trial 30/50 completed (~1661 evaluations)
2026-04-06 20:35:31 |     → Trial 40/50 completed (~1622 evaluations)
2026-04-06 20:35:39 |     → Trial 50/50 completed (~1664 evaluations)
2026-04-06 20:35:40 |     → Instance 97/100
2026-04-06 20:35:40 |     → ShapleyFlow (Path Sampling): 92 edges, 10 sources
2026-04-06 20:35:40 |     → Sampling 100 paths/source × 50 trials
2026-04-06 20:35:40 |     → Trial 1/50 completed (~1666 evaluations)
2026-04-06 20:35:48 |     → Trial 10/50 completed (~1656 evaluations)
2026-04-06 20:35:56 |     → Trial 20/50 completed (~1563 evaluations)
2026-04-06 20:36:04 |     → Trial 30/50 completed (~1591 evaluations)
2026-04-06 20:36:13 |     → Trial 40/50 completed (~1643 evaluations)
2026-04-06 20:36:21 |     → Trial 50/50 completed (~1663 evaluations)
2026-04-06 20:36:21 |     → Instance 98/100
2026-04-06 20:36:21 |     → ShapleyFlow (Path Sampling): 92 edges, 10 sources
2026-04-06 20:36:21 |     → Sampling 100 paths/source × 50 trials
2026-04-06 20:36:22 |     → Trial 1/50 completed (~1585 evaluations)
2026-04-06 20:36:29 |     → Trial 10/50 completed (~1624 evaluations)
2026-04-06 20:36:37 |     → Trial 20/50 completed (~1550 evaluations)
2026-04-06 20:36:46 |     → Trial 30/50 completed (~1659 evaluations)
2026-04-06 20:36:54 |     → Trial 40/50 completed (~1629 evaluations)
2026-04-06 20:37:02 |     → Trial 50/50 completed (~1534 evaluations)
2026-04-06 20:37:02 |     → Instance 99/100
2026-04-06 20:37:02 |     → ShapleyFlow (Path Sampling): 92 edges, 10 sources
2026-04-06 20:37:02 |     → Sampling 100 paths/source × 50 trials
2026-04-06 20:37:03 |     → Trial 1/50 completed (~1651 evaluations)
2026-04-06 20:37:10 |     → Trial 10/50 completed (~1650 evaluations)
2026-04-06 20:37:19 |     → Trial 20/50 completed (~1621 evaluations)
2026-04-06 20:37:27 |     → Trial 30/50 completed (~1650 evaluations)
2026-04-06 20:37:36 |     → Trial 40/50 completed (~1665 evaluations)
2026-04-06 20:37:44 |     → Trial 50/50 completed (~1656 evaluations)
2026-04-06 20:37:44 |     → Instance 100/100
2026-04-06 20:37:44 |     → ShapleyFlow (Path Sampling): 92 edges, 10 sources
2026-04-06 20:37:44 |     → Sampling 100 paths/source × 50 trials
2026-04-06 20:37:45 |     → Trial 1/50 completed (~1590 evaluations)
2026-04-06 20:37:52 |     → Trial 10/50 completed (~1627 evaluations)
2026-04-06 20:38:01 |     → Trial 20/50 completed (~1637 evaluations)
2026-04-06 20:38:09 |     → Trial 30/50 completed (~1648 evaluations)
2026-04-06 20:38:17 |     → Trial 40/50 completed (~1639 evaluations)
2026-04-06 20:38:26 |     → Trial 50/50 completed (~1673 evaluations)
2026-04-06 20:38:26 |     → All instances completed
2026-04-06 20:38:26 |   [Progress: 5/7] LGBM + LINGAM - AsymmetricShapley
2026-04-06 20:40:55 |   [Progress: 6/7] LGBM + LINGAM - CausalShapley (SLOW - uses 10 inner samples)
2026-04-06 21:03:47 |   [Progress: 7/7] LGBM + LINGAM - ShapleyFlow
2026-04-06 21:03:47 |     → ShapleyFlowWrapper: 51 features, 215 edges, 12 sources
2026-04-06 21:03:47 |     → Computing Shapley Flow for 100 instances...
2026-04-06 21:03:47 |     → Instance 1/100
2026-04-06 21:03:47 |     → ShapleyFlow (Path Sampling): 215 edges, 12 sources
2026-04-06 21:03:47 |     → Sampling 100 paths/source × 50 trials
2026-04-06 21:03:48 |     → Trial 1/50 completed (~3043 evaluations)
2026-04-06 21:04:02 |     → Trial 10/50 completed (~3047 evaluations)
2026-04-06 21:04:18 |     → Trial 20/50 completed (~3071 evaluations)
2026-04-06 21:04:33 |     → Trial 30/50 completed (~3015 evaluations)
2026-04-06 21:04:49 |     → Trial 40/50 completed (~3076 evaluations)
2026-04-06 21:05:05 |     → Trial 50/50 completed (~3071 evaluations)
2026-04-06 21:05:05 |     → Instance 2/100
2026-04-06 21:05:05 |     → ShapleyFlow (Path Sampling): 215 edges, 12 sources
2026-04-06 21:05:05 |     → Sampling 100 paths/source × 50 trials
2026-04-06 21:05:07 |     → Trial 1/50 completed (~3009 evaluations)
2026-04-06 21:05:20 |     → Trial 10/50 completed (~2939 evaluations)
2026-04-06 21:05:36 |     → Trial 20/50 completed (~3010 evaluations)
2026-04-06 21:05:52 |     → Trial 30/50 completed (~2986 evaluations)
2026-04-06 21:06:07 |     → Trial 40/50 completed (~3011 evaluations)
2026-04-06 21:06:23 |     → Trial 50/50 completed (~2996 evaluations)
2026-04-06 21:06:23 |     → Instance 3/100
2026-04-06 21:06:23 |     → ShapleyFlow (Path Sampling): 215 edges, 12 sources
2026-04-06 21:06:23 |     → Sampling 100 paths/source × 50 trials
2026-04-06 21:06:25 |     → Trial 1/50 completed (~3001 evaluations)
2026-04-06 21:06:39 |     → Trial 10/50 completed (~2981 evaluations)
2026-04-06 21:06:54 |     → Trial 20/50 completed (~3003 evaluations)
2026-04-06 21:07:10 |     → Trial 30/50 completed (~3043 evaluations)
2026-04-06 21:07:26 |     → Trial 40/50 completed (~3072 evaluations)
2026-04-06 21:07:42 |     → Trial 50/50 completed (~3030 evaluations)
2026-04-06 21:07:42 |     → Instance 4/100
2026-04-06 21:07:42 |     → ShapleyFlow (Path Sampling): 215 edges, 12 sources
2026-04-06 21:07:42 |     → Sampling 100 paths/source × 50 trials
2026-04-06 21:07:43 |     → Trial 1/50 completed (~3077 evaluations)
2026-04-06 21:07:57 |     → Trial 10/50 completed (~3023 evaluations)
2026-04-06 21:08:13 |     → Trial 20/50 completed (~3034 evaluations)
2026-04-06 21:08:29 |     → Trial 30/50 completed (~2943 evaluations)
2026-04-06 21:08:44 |     → Trial 40/50 completed (~2984 evaluations)
2026-04-06 21:09:00 |     → Trial 50/50 completed (~2968 evaluations)
2026-04-06 21:09:00 |     → Instance 5/100
2026-04-06 21:09:00 |     → ShapleyFlow (Path Sampling): 215 edges, 12 sources
2026-04-06 21:09:00 |     → Sampling 100 paths/source × 50 trials
2026-04-06 21:09:02 |     → Trial 1/50 completed (~3048 evaluations)
2026-04-06 21:09:16 |     → Trial 10/50 completed (~3065 evaluations)
2026-04-06 21:09:31 |     → Trial 20/50 completed (~2984 evaluations)
2026-04-06 21:09:47 |     → Trial 30/50 completed (~3028 evaluations)
2026-04-06 21:10:03 |     → Trial 40/50 completed (~3040 evaluations)
2026-04-06 21:10:18 |     → Trial 50/50 completed (~3024 evaluations)
2026-04-06 21:10:18 |     → Instance 6/100
2026-04-06 21:10:18 |     → ShapleyFlow (Path Sampling): 215 edges, 12 sources
2026-04-06 21:10:18 |     → Sampling 100 paths/source × 50 trials
2026-04-06 21:10:20 |     → Trial 1/50 completed (~3076 evaluations)
2026-04-06 21:10:34 |     → Trial 10/50 completed (~3046 evaluations)
2026-04-06 21:10:50 |     → Trial 20/50 completed (~2983 evaluations)
2026-04-06 21:11:06 |     → Trial 30/50 completed (~3034 evaluations)
2026-04-06 21:11:22 |     → Trial 40/50 completed (~3049 evaluations)
2026-04-06 21:11:37 |     → Trial 50/50 completed (~3043 evaluations)
2026-04-06 21:11:37 |     → Instance 7/100
2026-04-06 21:11:37 |     → ShapleyFlow (Path Sampling): 215 edges, 12 sources
2026-04-06 21:11:37 |     → Sampling 100 paths/source × 50 trials
2026-04-06 21:11:39 |     → Trial 1/50 completed (~3114 evaluations)
2026-04-06 21:11:53 |     → Trial 10/50 completed (~3119 evaluations)
2026-04-06 21:12:09 |     → Trial 20/50 completed (~3058 evaluations)
2026-04-06 21:12:25 |     → Trial 30/50 completed (~3077 evaluations)
2026-04-06 21:12:41 |     → Trial 40/50 completed (~3105 evaluations)
2026-04-06 21:12:56 |     → Trial 50/50 completed (~3021 evaluations)
2026-04-06 21:12:56 |     → Instance 8/100
2026-04-06 21:12:56 |     → ShapleyFlow (Path Sampling): 215 edges, 12 sources
2026-04-06 21:12:56 |     → Sampling 100 paths/source × 50 trials
2026-04-06 21:12:58 |     → Trial 1/50 completed (~3106 evaluations)
2026-04-06 21:13:12 |     → Trial 10/50 completed (~2962 evaluations)
2026-04-06 21:13:28 |     → Trial 20/50 completed (~3063 evaluations)
2026-04-06 21:13:44 |     → Trial 30/50 completed (~3031 evaluations)
2026-04-06 21:13:59 |     → Trial 40/50 completed (~2949 evaluations)
2026-04-06 21:14:15 |     → Trial 50/50 completed (~2992 evaluations)
2026-04-06 21:14:15 |     → Instance 9/100
2026-04-06 21:14:15 |     → ShapleyFlow (Path Sampling): 215 edges, 12 sources
2026-04-06 21:14:15 |     → Sampling 100 paths/source × 50 trials
2026-04-06 21:14:17 |     → Trial 1/50 completed (~3044 evaluations)
2026-04-06 21:14:31 |     → Trial 10/50 completed (~3009 evaluations)
2026-04-06 21:14:47 |     → Trial 20/50 completed (~3036 evaluations)
2026-04-06 21:15:02 |     → Trial 30/50 completed (~3076 evaluations)
2026-04-06 21:15:18 |     → Trial 40/50 completed (~2960 evaluations)
2026-04-06 21:15:34 |     → Trial 50/50 completed (~2988 evaluations)
2026-04-06 21:15:34 |     → Instance 10/100
2026-04-06 21:15:34 |     → ShapleyFlow (Path Sampling): 215 edges, 12 sources
2026-04-06 21:15:34 |     → Sampling 100 paths/source × 50 trials
2026-04-06 21:15:35 |     → Trial 1/50 completed (~3065 evaluations)
2026-04-06 21:15:49 |     → Trial 10/50 completed (~3045 evaluations)
2026-04-06 21:16:05 |     → Trial 20/50 completed (~3076 evaluations)
2026-04-06 21:16:21 |     → Trial 30/50 completed (~3037 evaluations)
2026-04-06 21:16:36 |     → Trial 40/50 completed (~2997 evaluations)
2026-04-06 21:16:52 |     → Trial 50/50 completed (~2980 evaluations)
2026-04-06 21:16:52 |     → Instance 11/100
2026-04-06 21:16:52 |     → ShapleyFlow (Path Sampling): 215 edges, 12 sources
2026-04-06 21:16:52 |     → Sampling 100 paths/source × 50 trials
2026-04-06 21:16:54 |     → Trial 1/50 completed (~3029 evaluations)
2026-04-06 21:17:08 |     → Trial 10/50 completed (~3044 evaluations)
2026-04-06 21:17:24 |     → Trial 20/50 completed (~2965 evaluations)
2026-04-06 21:17:40 |     → Trial 30/50 completed (~3046 evaluations)
2026-04-06 21:17:55 |     → Trial 40/50 completed (~3117 evaluations)
2026-04-06 21:18:11 |     → Trial 50/50 completed (~2974 evaluations)
2026-04-06 21:18:11 |     → Instance 12/100
2026-04-06 21:18:11 |     → ShapleyFlow (Path Sampling): 215 edges, 12 sources
2026-04-06 21:18:11 |     → Sampling 100 paths/source × 50 trials
2026-04-06 21:18:13 |     → Trial 1/50 completed (~3083 evaluations)
2026-04-06 21:18:27 |     → Trial 10/50 completed (~3071 evaluations)
2026-04-06 21:18:43 |     → Trial 20/50 completed (~3065 evaluations)
2026-04-06 21:18:58 |     → Trial 30/50 completed (~3064 evaluations)
2026-04-06 21:19:14 |     → Trial 40/50 completed (~3027 evaluations)
2026-04-06 21:19:30 |     → Trial 50/50 completed (~2948 evaluations)
2026-04-06 21:19:30 |     → Instance 13/100
2026-04-06 21:19:30 |     → ShapleyFlow (Path Sampling): 215 edges, 12 sources
2026-04-06 21:19:30 |     → Sampling 100 paths/source × 50 trials
2026-04-06 21:19:31 |     → Trial 1/50 completed (~3023 evaluations)
2026-04-06 21:19:46 |     → Trial 10/50 completed (~3101 evaluations)
2026-04-06 21:20:01 |     → Trial 20/50 completed (~3013 evaluations)
2026-04-06 21:20:17 |     → Trial 30/50 completed (~3069 evaluations)
2026-04-06 21:20:33 |     → Trial 40/50 completed (~3116 evaluations)
2026-04-06 21:20:49 |     → Trial 50/50 completed (~3000 evaluations)
2026-04-06 21:20:49 |     → Instance 14/100
2026-04-06 21:20:49 |     → ShapleyFlow (Path Sampling): 215 edges, 12 sources
2026-04-06 21:20:49 |     → Sampling 100 paths/source × 50 trials
2026-04-06 21:20:50 |     → Trial 1/50 completed (~3067 evaluations)
2026-04-06 21:21:04 |     → Trial 10/50 completed (~3004 evaluations)
2026-04-06 21:21:20 |     → Trial 20/50 completed (~2991 evaluations)
2026-04-06 21:21:36 |     → Trial 30/50 completed (~3005 evaluations)
2026-04-06 21:21:52 |     → Trial 40/50 completed (~3074 evaluations)
2026-04-06 21:22:08 |     → Trial 50/50 completed (~3072 evaluations)
2026-04-06 21:22:08 |     → Instance 15/100
2026-04-06 21:22:08 |     → ShapleyFlow (Path Sampling): 215 edges, 12 sources
2026-04-06 21:22:08 |     → Sampling 100 paths/source × 50 trials
2026-04-06 21:22:09 |     → Trial 1/50 completed (~3053 evaluations)
2026-04-06 21:22:23 |     → Trial 10/50 completed (~3018 evaluations)
2026-04-06 21:22:39 |     → Trial 20/50 completed (~2968 evaluations)
2026-04-06 21:22:55 |     → Trial 30/50 completed (~3030 evaluations)
2026-04-06 21:23:11 |     → Trial 40/50 completed (~2963 evaluations)
2026-04-06 21:23:27 |     → Trial 50/50 completed (~3047 evaluations)
2026-04-06 21:23:27 |     → Instance 16/100
2026-04-06 21:23:27 |     → ShapleyFlow (Path Sampling): 215 edges, 12 sources
2026-04-06 21:23:27 |     → Sampling 100 paths/source × 50 trials
2026-04-06 21:23:28 |     → Trial 1/50 completed (~3074 evaluations)
2026-04-06 21:23:42 |     → Trial 10/50 completed (~3109 evaluations)
2026-04-06 21:23:58 |     → Trial 20/50 completed (~3016 evaluations)
2026-04-06 21:24:14 |     → Trial 30/50 completed (~3053 evaluations)
2026-04-06 21:24:30 |     → Trial 40/50 completed (~2934 evaluations)
2026-04-06 21:24:45 |     → Trial 50/50 completed (~2959 evaluations)
2026-04-06 21:24:45 |     → Instance 17/100
2026-04-06 21:24:45 |     → ShapleyFlow (Path Sampling): 215 edges, 12 sources
2026-04-06 21:24:45 |     → Sampling 100 paths/source × 50 trials
2026-04-06 21:24:47 |     → Trial 1/50 completed (~3069 evaluations)
2026-04-06 21:25:01 |     → Trial 10/50 completed (~3010 evaluations)
2026-04-06 21:25:17 |     → Trial 20/50 completed (~3024 evaluations)
2026-04-06 21:25:33 |     → Trial 30/50 completed (~3083 evaluations)
2026-04-06 21:25:48 |     → Trial 40/50 completed (~3028 evaluations)
2026-04-06 21:26:04 |     → Trial 50/50 completed (~2935 evaluations)
2026-04-06 21:26:04 |     → Instance 18/100
2026-04-06 21:26:04 |     → ShapleyFlow (Path Sampling): 215 edges, 12 sources
2026-04-06 21:26:04 |     → Sampling 100 paths/source × 50 trials
2026-04-06 21:26:06 |     → Trial 1/50 completed (~3057 evaluations)
2026-04-06 21:26:20 |     → Trial 10/50 completed (~2960 evaluations)
2026-04-06 21:26:35 |     → Trial 20/50 completed (~3041 evaluations)
2026-04-06 21:26:51 |     → Trial 30/50 completed (~2970 evaluations)
2026-04-06 21:27:07 |     → Trial 40/50 completed (~3062 evaluations)
2026-04-06 21:27:23 |     → Trial 50/50 completed (~3077 evaluations)
2026-04-06 21:27:23 |     → Instance 19/100
2026-04-06 21:27:23 |     → ShapleyFlow (Path Sampling): 215 edges, 12 sources
2026-04-06 21:27:23 |     → Sampling 100 paths/source × 50 trials
2026-04-06 21:27:24 |     → Trial 1/50 completed (~3101 evaluations)
2026-04-06 21:27:39 |     → Trial 10/50 completed (~3049 evaluations)
2026-04-06 21:27:54 |     → Trial 20/50 completed (~2994 evaluations)
2026-04-06 21:28:10 |     → Trial 30/50 completed (~3064 evaluations)
2026-04-06 21:28:26 |     → Trial 40/50 completed (~3018 evaluations)
2026-04-06 21:28:42 |     → Trial 50/50 completed (~3022 evaluations)
2026-04-06 21:28:42 |     → Instance 20/100
2026-04-06 21:28:42 |     → ShapleyFlow (Path Sampling): 215 edges, 12 sources
2026-04-06 21:28:42 |     → Sampling 100 paths/source × 50 trials
2026-04-06 21:28:43 |     → Trial 1/50 completed (~3053 evaluations)
2026-04-06 21:28:57 |     → Trial 10/50 completed (~2986 evaluations)
2026-04-06 21:29:13 |     → Trial 20/50 completed (~2953 evaluations)
2026-04-06 21:29:29 |     → Trial 30/50 completed (~3079 evaluations)
2026-04-06 21:29:45 |     → Trial 40/50 completed (~3057 evaluations)
2026-04-06 21:30:00 |     → Trial 50/50 completed (~3009 evaluations)
2026-04-06 21:30:00 |     → Instance 21/100
2026-04-06 21:30:00 |     → ShapleyFlow (Path Sampling): 215 edges, 12 sources
2026-04-06 21:30:00 |     → Sampling 100 paths/source × 50 trials
2026-04-06 21:30:02 |     → Trial 1/50 completed (~3015 evaluations)
2026-04-06 21:30:16 |     → Trial 10/50 completed (~3018 evaluations)
2026-04-06 21:30:32 |     → Trial 20/50 completed (~2989 evaluations)
2026-04-06 21:30:48 |     → Trial 30/50 completed (~2997 evaluations)
2026-04-06 21:31:04 |     → Trial 40/50 completed (~3074 evaluations)
2026-04-06 21:31:20 |     → Trial 50/50 completed (~3112 evaluations)
2026-04-06 21:31:20 |     → Instance 22/100
2026-04-06 21:31:20 |     → ShapleyFlow (Path Sampling): 215 edges, 12 sources
2026-04-06 21:31:20 |     → Sampling 100 paths/source × 50 trials
2026-04-06 21:31:21 |     → Trial 1/50 completed (~2996 evaluations)
2026-04-06 21:31:35 |     → Trial 10/50 completed (~3027 evaluations)
2026-04-06 21:31:51 |     → Trial 20/50 completed (~3011 evaluations)
2026-04-06 21:32:07 |     → Trial 30/50 completed (~2996 evaluations)
2026-04-06 21:32:22 |     → Trial 40/50 completed (~3027 evaluations)
2026-04-06 21:32:38 |     → Trial 50/50 completed (~3103 evaluations)
2026-04-06 21:32:38 |     → Instance 23/100
2026-04-06 21:32:38 |     → ShapleyFlow (Path Sampling): 215 edges, 12 sources
2026-04-06 21:32:38 |     → Sampling 100 paths/source × 50 trials
2026-04-06 21:32:40 |     → Trial 1/50 completed (~2936 evaluations)
2026-04-06 21:32:54 |     → Trial 10/50 completed (~3081 evaluations)
2026-04-06 21:33:10 |     → Trial 20/50 completed (~3005 evaluations)
2026-04-06 21:33:25 |     → Trial 30/50 completed (~3009 evaluations)
2026-04-06 21:33:41 |     → Trial 40/50 completed (~3025 evaluations)
2026-04-06 21:33:57 |     → Trial 50/50 completed (~3012 evaluations)
2026-04-06 21:33:57 |     → Instance 24/100
2026-04-06 21:33:57 |     → ShapleyFlow (Path Sampling): 215 edges, 12 sources
2026-04-06 21:33:57 |     → Sampling 100 paths/source × 50 trials
2026-04-06 21:33:58 |     → Trial 1/50 completed (~3084 evaluations)
2026-04-06 21:34:12 |     → Trial 10/50 completed (~2946 evaluations)
2026-04-06 21:34:28 |     → Trial 20/50 completed (~3021 evaluations)
2026-04-06 21:34:44 |     → Trial 30/50 completed (~3021 evaluations)
2026-04-06 21:34:59 |     → Trial 40/50 completed (~2997 evaluations)
2026-04-06 21:35:15 |     → Trial 50/50 completed (~3062 evaluations)
2026-04-06 21:35:15 |     → Instance 25/100
2026-04-06 21:35:15 |     → ShapleyFlow (Path Sampling): 215 edges, 12 sources
2026-04-06 21:35:15 |     → Sampling 100 paths/source × 50 trials
2026-04-06 21:35:17 |     → Trial 1/50 completed (~3141 evaluations)
2026-04-06 21:35:31 |     → Trial 10/50 completed (~3042 evaluations)
2026-04-06 21:35:47 |     → Trial 20/50 completed (~3101 evaluations)
2026-04-06 21:36:02 |     → Trial 30/50 completed (~3042 evaluations)
2026-04-06 21:36:18 |     → Trial 40/50 completed (~3024 evaluations)
2026-04-06 21:36:34 |     → Trial 50/50 completed (~3110 evaluations)
2026-04-06 21:36:34 |     → Instance 26/100
2026-04-06 21:36:34 |     → ShapleyFlow (Path Sampling): 215 edges, 12 sources
2026-04-06 21:36:34 |     → Sampling 100 paths/source × 50 trials
2026-04-06 21:36:35 |     → Trial 1/50 completed (~3081 evaluations)
2026-04-06 21:36:50 |     → Trial 10/50 completed (~3064 evaluations)
2026-04-06 21:37:05 |     → Trial 20/50 completed (~3067 evaluations)
2026-04-06 21:37:21 |     → Trial 30/50 completed (~3064 evaluations)
2026-04-06 21:37:36 |     → Trial 40/50 completed (~2956 evaluations)
2026-04-06 21:37:52 |     → Trial 50/50 completed (~3059 evaluations)
2026-04-06 21:37:52 |     → Instance 27/100
2026-04-06 21:37:52 |     → ShapleyFlow (Path Sampling): 215 edges, 12 sources
2026-04-06 21:37:52 |     → Sampling 100 paths/source × 50 trials
2026-04-06 21:37:54 |     → Trial 1/50 completed (~3029 evaluations)
2026-04-06 21:38:08 |     → Trial 10/50 completed (~2956 evaluations)
2026-04-06 21:38:23 |     → Trial 20/50 completed (~3050 evaluations)
2026-04-06 21:38:39 |     → Trial 30/50 completed (~3047 evaluations)
2026-04-06 21:38:55 |     → Trial 40/50 completed (~3051 evaluations)
2026-04-06 21:39:11 |     → Trial 50/50 completed (~3002 evaluations)
2026-04-06 21:39:11 |     → Instance 28/100
2026-04-06 21:39:11 |     → ShapleyFlow (Path Sampling): 215 edges, 12 sources
2026-04-06 21:39:11 |     → Sampling 100 paths/source × 50 trials
2026-04-06 21:39:12 |     → Trial 1/50 completed (~3034 evaluations)
2026-04-06 21:39:26 |     → Trial 10/50 completed (~2958 evaluations)
2026-04-06 21:39:42 |     → Trial 20/50 completed (~3041 evaluations)
2026-04-06 21:39:58 |     → Trial 30/50 completed (~3018 evaluations)
2026-04-06 21:40:13 |     → Trial 40/50 completed (~3093 evaluations)
2026-04-06 21:40:29 |     → Trial 50/50 completed (~3102 evaluations)
2026-04-06 21:40:29 |     → Instance 29/100
2026-04-06 21:40:29 |     → ShapleyFlow (Path Sampling): 215 edges, 12 sources
2026-04-06 21:40:29 |     → Sampling 100 paths/source × 50 trials
2026-04-06 21:40:31 |     → Trial 1/50 completed (~3035 evaluations)
2026-04-06 21:40:45 |     → Trial 10/50 completed (~3006 evaluations)
2026-04-06 21:41:01 |     → Trial 20/50 completed (~3087 evaluations)
2026-04-06 21:41:16 |     → Trial 30/50 completed (~3003 evaluations)
2026-04-06 21:41:32 |     → Trial 40/50 completed (~3009 evaluations)
2026-04-06 21:41:48 |     → Trial 50/50 completed (~3082 evaluations)
2026-04-06 21:41:48 |     → Instance 30/100
2026-04-06 21:41:48 |     → ShapleyFlow (Path Sampling): 215 edges, 12 sources
2026-04-06 21:41:48 |     → Sampling 100 paths/source × 50 trials
2026-04-06 21:41:49 |     → Trial 1/50 completed (~3083 evaluations)
2026-04-06 21:42:04 |     → Trial 10/50 completed (~3064 evaluations)
2026-04-06 21:42:19 |     → Trial 20/50 completed (~3095 evaluations)
2026-04-06 21:42:35 |     → Trial 30/50 completed (~3013 evaluations)
2026-04-06 21:42:51 |     → Trial 40/50 completed (~3038 evaluations)
2026-04-06 21:43:07 |     → Trial 50/50 completed (~3009 evaluations)
2026-04-06 21:43:07 |     → Instance 31/100
2026-04-06 21:43:07 |     → ShapleyFlow (Path Sampling): 215 edges, 12 sources
2026-04-06 21:43:07 |     → Sampling 100 paths/source × 50 trials
2026-04-06 21:43:08 |     → Trial 1/50 completed (~2992 evaluations)
2026-04-06 21:43:22 |     → Trial 10/50 completed (~3070 evaluations)
2026-04-06 21:43:38 |     → Trial 20/50 completed (~3026 evaluations)
2026-04-06 21:43:54 |     → Trial 30/50 completed (~3036 evaluations)
2026-04-06 21:44:10 |     → Trial 40/50 completed (~3100 evaluations)
2026-04-06 21:44:26 |     → Trial 50/50 completed (~3052 evaluations)
2026-04-06 21:44:26 |     → Instance 32/100
2026-04-06 21:44:26 |     → ShapleyFlow (Path Sampling): 215 edges, 12 sources
2026-04-06 21:44:26 |     → Sampling 100 paths/source × 50 trials
2026-04-06 21:44:27 |     → Trial 1/50 completed (~3060 evaluations)
2026-04-06 21:44:42 |     → Trial 10/50 completed (~3091 evaluations)
2026-04-06 21:44:57 |     → Trial 20/50 completed (~3103 evaluations)
2026-04-06 21:45:13 |     → Trial 30/50 completed (~3014 evaluations)
2026-04-06 21:45:29 |     → Trial 40/50 completed (~2973 evaluations)
2026-04-06 21:45:44 |     → Trial 50/50 completed (~2912 evaluations)
2026-04-06 21:45:44 |     → Instance 33/100
2026-04-06 21:45:44 |     → ShapleyFlow (Path Sampling): 215 edges, 12 sources
2026-04-06 21:45:44 |     → Sampling 100 paths/source × 50 trials
2026-04-06 21:45:46 |     → Trial 1/50 completed (~2973 evaluations)
2026-04-06 21:46:00 |     → Trial 10/50 completed (~3094 evaluations)
2026-04-06 21:46:16 |     → Trial 20/50 completed (~3078 evaluations)
2026-04-06 21:46:31 |     → Trial 30/50 completed (~3044 evaluations)
2026-04-06 21:46:47 |     → Trial 40/50 completed (~2981 evaluations)
2026-04-06 21:47:03 |     → Trial 50/50 completed (~3067 evaluations)
2026-04-06 21:47:03 |     → Instance 34/100
2026-04-06 21:47:03 |     → ShapleyFlow (Path Sampling): 215 edges, 12 sources
2026-04-06 21:47:03 |     → Sampling 100 paths/source × 50 trials
2026-04-06 21:47:04 |     → Trial 1/50 completed (~3066 evaluations)
2026-04-06 21:47:18 |     → Trial 10/50 completed (~3041 evaluations)
2026-04-06 21:47:34 |     → Trial 20/50 completed (~3120 evaluations)
2026-04-06 21:47:50 |     → Trial 30/50 completed (~3028 evaluations)
2026-04-06 21:48:05 |     → Trial 40/50 completed (~3089 evaluations)
2026-04-06 21:48:21 |     → Trial 50/50 completed (~3006 evaluations)
2026-04-06 21:48:21 |     → Instance 35/100
2026-04-06 21:48:21 |     → ShapleyFlow (Path Sampling): 215 edges, 12 sources
2026-04-06 21:48:21 |     → Sampling 100 paths/source × 50 trials
2026-04-06 21:48:23 |     → Trial 1/50 completed (~3043 evaluations)
2026-04-06 21:48:37 |     → Trial 10/50 completed (~3029 evaluations)
2026-04-06 21:48:52 |     → Trial 20/50 completed (~3075 evaluations)
2026-04-06 21:49:08 |     → Trial 30/50 completed (~3028 evaluations)
2026-04-06 21:49:24 |     → Trial 40/50 completed (~3016 evaluations)
2026-04-06 21:49:39 |     → Trial 50/50 completed (~3043 evaluations)
2026-04-06 21:49:39 |     → Instance 36/100
2026-04-06 21:49:39 |     → ShapleyFlow (Path Sampling): 215 edges, 12 sources
2026-04-06 21:49:39 |     → Sampling 100 paths/source × 50 trials
2026-04-06 21:49:41 |     → Trial 1/50 completed (~3069 evaluations)
2026-04-06 21:49:55 |     → Trial 10/50 completed (~3022 evaluations)
2026-04-06 21:50:11 |     → Trial 20/50 completed (~2972 evaluations)
2026-04-06 21:50:26 |     → Trial 30/50 completed (~2947 evaluations)
2026-04-06 21:50:42 |     → Trial 40/50 completed (~3068 evaluations)
2026-04-06 21:50:58 |     → Trial 50/50 completed (~3047 evaluations)
2026-04-06 21:50:58 |     → Instance 37/100
2026-04-06 21:50:58 |     → ShapleyFlow (Path Sampling): 215 edges, 12 sources
2026-04-06 21:50:58 |     → Sampling 100 paths/source × 50 trials
2026-04-06 21:50:59 |     → Trial 1/50 completed (~3071 evaluations)
2026-04-06 21:51:14 |     → Trial 10/50 completed (~3069 evaluations)
2026-04-06 21:51:29 |     → Trial 20/50 completed (~3067 evaluations)
2026-04-06 21:51:45 |     → Trial 30/50 completed (~3053 evaluations)
2026-04-06 21:52:00 |     → Trial 40/50 completed (~3039 evaluations)
2026-04-06 21:52:16 |     → Trial 50/50 completed (~3054 evaluations)
2026-04-06 21:52:16 |     → Instance 38/100
2026-04-06 21:52:16 |     → ShapleyFlow (Path Sampling): 215 edges, 12 sources
2026-04-06 21:52:16 |     → Sampling 100 paths/source × 50 trials
2026-04-06 21:52:18 |     → Trial 1/50 completed (~3070 evaluations)
2026-04-06 21:52:32 |     → Trial 10/50 completed (~3084 evaluations)
2026-04-06 21:52:48 |     → Trial 20/50 completed (~3034 evaluations)
2026-04-06 21:53:03 |     → Trial 30/50 completed (~3041 evaluations)
2026-04-06 21:53:19 |     → Trial 40/50 completed (~2986 evaluations)
2026-04-06 21:53:35 |     → Trial 50/50 completed (~3082 evaluations)
2026-04-06 21:53:35 |     → Instance 39/100
2026-04-06 21:53:35 |     → ShapleyFlow (Path Sampling): 215 edges, 12 sources
2026-04-06 21:53:35 |     → Sampling 100 paths/source × 50 trials
2026-04-06 21:53:36 |     → Trial 1/50 completed (~3070 evaluations)
2026-04-06 21:53:50 |     → Trial 10/50 completed (~3083 evaluations)
2026-04-06 21:54:06 |     → Trial 20/50 completed (~2965 evaluations)
2026-04-06 21:54:22 |     → Trial 30/50 completed (~3085 evaluations)
2026-04-06 21:54:37 |     → Trial 40/50 completed (~3017 evaluations)
2026-04-06 21:54:53 |     → Trial 50/50 completed (~3062 evaluations)
2026-04-06 21:54:53 |     → Instance 40/100
2026-04-06 21:54:53 |     → ShapleyFlow (Path Sampling): 215 edges, 12 sources
2026-04-06 21:54:53 |     → Sampling 100 paths/source × 50 trials
2026-04-06 21:54:55 |     → Trial 1/50 completed (~3006 evaluations)
2026-04-06 21:55:09 |     → Trial 10/50 completed (~3059 evaluations)
2026-04-06 21:55:24 |     → Trial 20/50 completed (~3061 evaluations)
2026-04-06 21:55:40 |     → Trial 30/50 completed (~3014 evaluations)
2026-04-06 21:55:56 |     → Trial 40/50 completed (~3059 evaluations)
2026-04-06 21:56:11 |     → Trial 50/50 completed (~3080 evaluations)
2026-04-06 21:56:11 |     → Instance 41/100
2026-04-06 21:56:11 |     → ShapleyFlow (Path Sampling): 215 edges, 12 sources
2026-04-06 21:56:11 |     → Sampling 100 paths/source × 50 trials
2026-04-06 21:56:13 |     → Trial 1/50 completed (~3051 evaluations)
2026-04-06 21:56:27 |     → Trial 10/50 completed (~3044 evaluations)
2026-04-06 21:56:43 |     → Trial 20/50 completed (~3017 evaluations)
2026-04-06 21:56:58 |     → Trial 30/50 completed (~3062 evaluations)
2026-04-06 21:57:14 |     → Trial 40/50 completed (~3040 evaluations)
2026-04-06 21:57:30 |     → Trial 50/50 completed (~2991 evaluations)
2026-04-06 21:57:30 |     → Instance 42/100
2026-04-06 21:57:30 |     → ShapleyFlow (Path Sampling): 215 edges, 12 sources
2026-04-06 21:57:30 |     → Sampling 100 paths/source × 50 trials
2026-04-06 21:57:32 |     → Trial 1/50 completed (~2974 evaluations)
2026-04-06 21:57:46 |     → Trial 10/50 completed (~3041 evaluations)
2026-04-06 21:58:02 |     → Trial 20/50 completed (~3055 evaluations)
2026-04-06 21:58:17 |     → Trial 30/50 completed (~2969 evaluations)
2026-04-06 21:58:33 |     → Trial 40/50 completed (~3059 evaluations)
2026-04-06 21:58:49 |     → Trial 50/50 completed (~3048 evaluations)
2026-04-06 21:58:49 |     → Instance 43/100
2026-04-06 21:58:49 |     → ShapleyFlow (Path Sampling): 215 edges, 12 sources
2026-04-06 21:58:49 |     → Sampling 100 paths/source × 50 trials
2026-04-06 21:58:51 |     → Trial 1/50 completed (~3033 evaluations)
2026-04-06 21:59:05 |     → Trial 10/50 completed (~2959 evaluations)
2026-04-06 21:59:20 |     → Trial 20/50 completed (~3105 evaluations)
2026-04-06 21:59:36 |     → Trial 30/50 completed (~2977 evaluations)
2026-04-06 21:59:52 |     → Trial 40/50 completed (~3041 evaluations)
2026-04-06 22:00:08 |     → Trial 50/50 completed (~3034 evaluations)
2026-04-06 22:00:08 |     → Instance 44/100
2026-04-06 22:00:08 |     → ShapleyFlow (Path Sampling): 215 edges, 12 sources
2026-04-06 22:00:08 |     → Sampling 100 paths/source × 50 trials
2026-04-06 22:00:09 |     → Trial 1/50 completed (~3090 evaluations)
2026-04-06 22:00:24 |     → Trial 10/50 completed (~3013 evaluations)
2026-04-06 22:00:39 |     → Trial 20/50 completed (~3023 evaluations)
2026-04-06 22:00:55 |     → Trial 30/50 completed (~3036 evaluations)
2026-04-06 22:01:11 |     → Trial 40/50 completed (~2942 evaluations)
2026-04-06 22:01:27 |     → Trial 50/50 completed (~3083 evaluations)
2026-04-06 22:01:27 |     → Instance 45/100
2026-04-06 22:01:27 |     → ShapleyFlow (Path Sampling): 215 edges, 12 sources
2026-04-06 22:01:27 |     → Sampling 100 paths/source × 50 trials
2026-04-06 22:01:28 |     → Trial 1/50 completed (~3042 evaluations)
2026-04-06 22:01:42 |     → Trial 10/50 completed (~2987 evaluations)
2026-04-06 22:01:58 |     → Trial 20/50 completed (~3000 evaluations)
2026-04-06 22:02:14 |     → Trial 30/50 completed (~2968 evaluations)
2026-04-06 22:02:30 |     → Trial 40/50 completed (~3018 evaluations)
2026-04-06 22:02:45 |     → Trial 50/50 completed (~3040 evaluations)
2026-04-06 22:02:46 |     → Instance 46/100
2026-04-06 22:02:46 |     → ShapleyFlow (Path Sampling): 215 edges, 12 sources
2026-04-06 22:02:46 |     → Sampling 100 paths/source × 50 trials
2026-04-06 22:02:47 |     → Trial 1/50 completed (~3029 evaluations)
2026-04-06 22:03:01 |     → Trial 10/50 completed (~3009 evaluations)
2026-04-06 22:03:17 |     → Trial 20/50 completed (~2975 evaluations)
2026-04-06 22:03:33 |     → Trial 30/50 completed (~3116 evaluations)
2026-04-06 22:03:48 |     → Trial 40/50 completed (~2935 evaluations)
2026-04-06 22:04:04 |     → Trial 50/50 completed (~3042 evaluations)
2026-04-06 22:04:04 |     → Instance 47/100
2026-04-06 22:04:04 |     → ShapleyFlow (Path Sampling): 215 edges, 12 sources
2026-04-06 22:04:04 |     → Sampling 100 paths/source × 50 trials
2026-04-06 22:04:06 |     → Trial 1/50 completed (~2979 evaluations)
2026-04-06 22:04:20 |     → Trial 10/50 completed (~3004 evaluations)
2026-04-06 22:04:35 |     → Trial 20/50 completed (~3044 evaluations)
2026-04-06 22:04:51 |     → Trial 30/50 completed (~2996 evaluations)
2026-04-06 22:05:07 |     → Trial 40/50 completed (~3070 evaluations)
2026-04-06 22:05:22 |     → Trial 50/50 completed (~2972 evaluations)
2026-04-06 22:05:22 |     → Instance 48/100
2026-04-06 22:05:22 |     → ShapleyFlow (Path Sampling): 215 edges, 12 sources
2026-04-06 22:05:22 |     → Sampling 100 paths/source × 50 trials
2026-04-06 22:05:24 |     → Trial 1/50 completed (~3062 evaluations)
2026-04-06 22:05:38 |     → Trial 10/50 completed (~2978 evaluations)
2026-04-06 22:05:54 |     → Trial 20/50 completed (~3079 evaluations)
2026-04-06 22:06:10 |     → Trial 30/50 completed (~3077 evaluations)
2026-04-06 22:06:25 |     → Trial 40/50 completed (~2975 evaluations)
2026-04-06 22:06:41 |     → Trial 50/50 completed (~3000 evaluations)
2026-04-06 22:06:41 |     → Instance 49/100
2026-04-06 22:06:41 |     → ShapleyFlow (Path Sampling): 215 edges, 12 sources
2026-04-06 22:06:41 |     → Sampling 100 paths/source × 50 trials
2026-04-06 22:06:43 |     → Trial 1/50 completed (~3074 evaluations)
2026-04-06 22:06:57 |     → Trial 10/50 completed (~2991 evaluations)
2026-04-06 22:07:13 |     → Trial 20/50 completed (~2998 evaluations)
2026-04-06 22:07:28 |     → Trial 30/50 completed (~2974 evaluations)
2026-04-06 22:07:44 |     → Trial 40/50 completed (~3048 evaluations)
2026-04-06 22:07:59 |     → Trial 50/50 completed (~2999 evaluations)
2026-04-06 22:08:00 |     → Instance 50/100
2026-04-06 22:08:00 |     → ShapleyFlow (Path Sampling): 215 edges, 12 sources
2026-04-06 22:08:00 |     → Sampling 100 paths/source × 50 trials
2026-04-06 22:08:01 |     → Trial 1/50 completed (~3011 evaluations)
2026-04-06 22:08:15 |     → Trial 10/50 completed (~3003 evaluations)
2026-04-06 22:08:31 |     → Trial 20/50 completed (~3013 evaluations)
2026-04-06 22:08:47 |     → Trial 30/50 completed (~3102 evaluations)
2026-04-06 22:09:02 |     → Trial 40/50 completed (~3003 evaluations)
2026-04-06 22:09:18 |     → Trial 50/50 completed (~3095 evaluations)
2026-04-06 22:09:18 |     → Instance 51/100
2026-04-06 22:09:18 |     → ShapleyFlow (Path Sampling): 215 edges, 12 sources
2026-04-06 22:09:18 |     → Sampling 100 paths/source × 50 trials
2026-04-06 22:09:20 |     → Trial 1/50 completed (~3064 evaluations)
2026-04-06 22:09:34 |     → Trial 10/50 completed (~3102 evaluations)
2026-04-06 22:09:50 |     → Trial 20/50 completed (~2985 evaluations)
2026-04-06 22:10:05 |     → Trial 30/50 completed (~2986 evaluations)
2026-04-06 22:10:21 |     → Trial 40/50 completed (~2998 evaluations)
2026-04-06 22:10:36 |     → Trial 50/50 completed (~3040 evaluations)
2026-04-06 22:10:36 |     → Instance 52/100
2026-04-06 22:10:36 |     → ShapleyFlow (Path Sampling): 215 edges, 12 sources
2026-04-06 22:10:36 |     → Sampling 100 paths/source × 50 trials
2026-04-06 22:10:38 |     → Trial 1/50 completed (~3126 evaluations)
2026-04-06 22:10:52 |     → Trial 10/50 completed (~3038 evaluations)
2026-04-06 22:11:08 |     → Trial 20/50 completed (~3001 evaluations)
2026-04-06 22:11:23 |     → Trial 30/50 completed (~2964 evaluations)
2026-04-06 22:11:39 |     → Trial 40/50 completed (~3132 evaluations)
2026-04-06 22:11:55 |     → Trial 50/50 completed (~3033 evaluations)
2026-04-06 22:11:55 |     → Instance 53/100
2026-04-06 22:11:55 |     → ShapleyFlow (Path Sampling): 215 edges, 12 sources
2026-04-06 22:11:55 |     → Sampling 100 paths/source × 50 trials
2026-04-06 22:11:56 |     → Trial 1/50 completed (~3015 evaluations)
2026-04-06 22:12:11 |     → Trial 10/50 completed (~2985 evaluations)
2026-04-06 22:12:26 |     → Trial 20/50 completed (~3015 evaluations)
2026-04-06 22:12:42 |     → Trial 30/50 completed (~2943 evaluations)
2026-04-06 22:12:58 |     → Trial 40/50 completed (~3003 evaluations)
2026-04-06 22:13:13 |     → Trial 50/50 completed (~3091 evaluations)
2026-04-06 22:13:14 |     → Instance 54/100
2026-04-06 22:13:14 |     → ShapleyFlow (Path Sampling): 215 edges, 12 sources
2026-04-06 22:13:14 |     → Sampling 100 paths/source × 50 trials
2026-04-06 22:13:15 |     → Trial 1/50 completed (~3088 evaluations)
2026-04-06 22:13:29 |     → Trial 10/50 completed (~3007 evaluations)
2026-04-06 22:13:45 |     → Trial 20/50 completed (~2942 evaluations)
2026-04-06 22:14:00 |     → Trial 30/50 completed (~3004 evaluations)
2026-04-06 22:14:16 |     → Trial 40/50 completed (~3089 evaluations)
2026-04-06 22:14:32 |     → Trial 50/50 completed (~2948 evaluations)
2026-04-06 22:14:32 |     → Instance 55/100
2026-04-06 22:14:32 |     → ShapleyFlow (Path Sampling): 215 edges, 12 sources
2026-04-06 22:14:32 |     → Sampling 100 paths/source × 50 trials
2026-04-06 22:14:34 |     → Trial 1/50 completed (~3030 evaluations)
2026-04-06 22:14:48 |     → Trial 10/50 completed (~3066 evaluations)
2026-04-06 22:15:03 |     → Trial 20/50 completed (~2956 evaluations)
2026-04-06 22:15:19 |     → Trial 30/50 completed (~3028 evaluations)
2026-04-06 22:15:35 |     → Trial 40/50 completed (~3016 evaluations)
2026-04-06 22:15:50 |     → Trial 50/50 completed (~3028 evaluations)
2026-04-06 22:15:50 |     → Instance 56/100
2026-04-06 22:15:50 |     → ShapleyFlow (Path Sampling): 215 edges, 12 sources
2026-04-06 22:15:50 |     → Sampling 100 paths/source × 50 trials
2026-04-06 22:15:52 |     → Trial 1/50 completed (~3117 evaluations)
2026-04-06 22:16:06 |     → Trial 10/50 completed (~3011 evaluations)
2026-04-06 22:16:22 |     → Trial 20/50 completed (~2995 evaluations)
2026-04-06 22:16:37 |     → Trial 30/50 completed (~3011 evaluations)
2026-04-06 22:16:53 |     → Trial 40/50 completed (~3013 evaluations)
2026-04-06 22:17:09 |     → Trial 50/50 completed (~3029 evaluations)
2026-04-06 22:17:09 |     → Instance 57/100
2026-04-06 22:17:09 |     → ShapleyFlow (Path Sampling): 215 edges, 12 sources
2026-04-06 22:17:09 |     → Sampling 100 paths/source × 50 trials
2026-04-06 22:17:11 |     → Trial 1/50 completed (~3003 evaluations)
2026-04-06 22:17:25 |     → Trial 10/50 completed (~2969 evaluations)
2026-04-06 22:17:40 |     → Trial 20/50 completed (~3036 evaluations)
2026-04-06 22:17:56 |     → Trial 30/50 completed (~2990 evaluations)
2026-04-06 22:18:12 |     → Trial 40/50 completed (~3117 evaluations)
2026-04-06 22:18:28 |     → Trial 50/50 completed (~3016 evaluations)
2026-04-06 22:18:28 |     → Instance 58/100
2026-04-06 22:18:28 |     → ShapleyFlow (Path Sampling): 215 edges, 12 sources
2026-04-06 22:18:28 |     → Sampling 100 paths/source × 50 trials
2026-04-06 22:18:29 |     → Trial 1/50 completed (~2991 evaluations)
2026-04-06 22:18:44 |     → Trial 10/50 completed (~2998 evaluations)
2026-04-06 22:18:59 |     → Trial 20/50 completed (~3016 evaluations)
2026-04-06 22:19:15 |     → Trial 30/50 completed (~3123 evaluations)
2026-04-06 22:19:31 |     → Trial 40/50 completed (~2999 evaluations)
2026-04-06 22:19:47 |     → Trial 50/50 completed (~3055 evaluations)
2026-04-06 22:19:47 |     → Instance 59/100
2026-04-06 22:19:47 |     → ShapleyFlow (Path Sampling): 215 edges, 12 sources
2026-04-06 22:19:47 |     → Sampling 100 paths/source × 50 trials
2026-04-06 22:19:48 |     → Trial 1/50 completed (~3072 evaluations)
2026-04-06 22:20:02 |     → Trial 10/50 completed (~3070 evaluations)
2026-04-06 22:20:18 |     → Trial 20/50 completed (~3031 evaluations)
2026-04-06 22:20:34 |     → Trial 30/50 completed (~2981 evaluations)
2026-04-06 22:20:50 |     → Trial 40/50 completed (~3055 evaluations)
2026-04-06 22:21:05 |     → Trial 50/50 completed (~3036 evaluations)
2026-04-06 22:21:05 |     → Instance 60/100
2026-04-06 22:21:05 |     → ShapleyFlow (Path Sampling): 215 edges, 12 sources
2026-04-06 22:21:05 |     → Sampling 100 paths/source × 50 trials
2026-04-06 22:21:07 |     → Trial 1/50 completed (~2972 evaluations)
2026-04-06 22:21:21 |     → Trial 10/50 completed (~3006 evaluations)
2026-04-06 22:21:37 |     → Trial 20/50 completed (~3021 evaluations)
2026-04-06 22:21:53 |     → Trial 30/50 completed (~3043 evaluations)
2026-04-06 22:22:08 |     → Trial 40/50 completed (~3032 evaluations)
2026-04-06 22:22:24 |     → Trial 50/50 completed (~3054 evaluations)
2026-04-06 22:22:24 |     → Instance 61/100
2026-04-06 22:22:24 |     → ShapleyFlow (Path Sampling): 215 edges, 12 sources
2026-04-06 22:22:24 |     → Sampling 100 paths/source × 50 trials
2026-04-06 22:22:25 |     → Trial 1/50 completed (~3039 evaluations)
2026-04-06 22:22:39 |     → Trial 10/50 completed (~2971 evaluations)
2026-04-06 22:22:55 |     → Trial 20/50 completed (~2991 evaluations)
2026-04-06 22:23:11 |     → Trial 30/50 completed (~3071 evaluations)
2026-04-06 22:23:27 |     → Trial 40/50 completed (~3068 evaluations)
2026-04-06 22:23:43 |     → Trial 50/50 completed (~3037 evaluations)
2026-04-06 22:23:43 |     → Instance 62/100
2026-04-06 22:23:43 |     → ShapleyFlow (Path Sampling): 215 edges, 12 sources
2026-04-06 22:23:43 |     → Sampling 100 paths/source × 50 trials
2026-04-06 22:23:44 |     → Trial 1/50 completed (~3104 evaluations)
2026-04-06 22:23:58 |     → Trial 10/50 completed (~3002 evaluations)
2026-04-06 22:24:14 |     → Trial 20/50 completed (~3040 evaluations)
2026-04-06 22:24:30 |     → Trial 30/50 completed (~3004 evaluations)
2026-04-06 22:24:46 |     → Trial 40/50 completed (~3120 evaluations)
2026-04-06 22:25:01 |     → Trial 50/50 completed (~3000 evaluations)
2026-04-06 22:25:01 |     → Instance 63/100
2026-04-06 22:25:01 |     → ShapleyFlow (Path Sampling): 215 edges, 12 sources
2026-04-06 22:25:01 |     → Sampling 100 paths/source × 50 trials
2026-04-06 22:25:03 |     → Trial 1/50 completed (~3070 evaluations)
2026-04-06 22:25:17 |     → Trial 10/50 completed (~3056 evaluations)
2026-04-06 22:25:33 |     → Trial 20/50 completed (~3024 evaluations)
2026-04-06 22:25:48 |     → Trial 30/50 completed (~3073 evaluations)
2026-04-06 22:26:04 |     → Trial 40/50 completed (~2983 evaluations)
2026-04-06 22:26:20 |     → Trial 50/50 completed (~2976 evaluations)
2026-04-06 22:26:20 |     → Instance 64/100
2026-04-06 22:26:20 |     → ShapleyFlow (Path Sampling): 215 edges, 12 sources
2026-04-06 22:26:20 |     → Sampling 100 paths/source × 50 trials
2026-04-06 22:26:21 |     → Trial 1/50 completed (~3010 evaluations)
2026-04-06 22:26:35 |     → Trial 10/50 completed (~3012 evaluations)
2026-04-06 22:26:51 |     → Trial 20/50 completed (~3030 evaluations)
2026-04-06 22:27:07 |     → Trial 30/50 completed (~3052 evaluations)
2026-04-06 22:27:22 |     → Trial 40/50 completed (~3092 evaluations)
2026-04-06 22:27:38 |     → Trial 50/50 completed (~3068 evaluations)
2026-04-06 22:27:38 |     → Instance 65/100
2026-04-06 22:27:38 |     → ShapleyFlow (Path Sampling): 215 edges, 12 sources
2026-04-06 22:27:38 |     → Sampling 100 paths/source × 50 trials
2026-04-06 22:27:40 |     → Trial 1/50 completed (~3033 evaluations)
2026-04-06 22:27:54 |     → Trial 10/50 completed (~3049 evaluations)
2026-04-06 22:28:10 |     → Trial 20/50 completed (~3080 evaluations)
2026-04-06 22:28:25 |     → Trial 30/50 completed (~3006 evaluations)
2026-04-06 22:28:41 |     → Trial 40/50 completed (~2974 evaluations)
2026-04-06 22:28:57 |     → Trial 50/50 completed (~3075 evaluations)
2026-04-06 22:28:57 |     → Instance 66/100
2026-04-06 22:28:57 |     → ShapleyFlow (Path Sampling): 215 edges, 12 sources
2026-04-06 22:28:57 |     → Sampling 100 paths/source × 50 trials
2026-04-06 22:28:59 |     → Trial 1/50 completed (~3046 evaluations)
2026-04-06 22:29:13 |     → Trial 10/50 completed (~3050 evaluations)
2026-04-06 22:29:29 |     → Trial 20/50 completed (~3013 evaluations)
2026-04-06 22:29:44 |     → Trial 30/50 completed (~2984 evaluations)
2026-04-06 22:30:00 |     → Trial 40/50 completed (~3051 evaluations)
2026-04-06 22:30:16 |     → Trial 50/50 completed (~3085 evaluations)
2026-04-06 22:30:16 |     → Instance 67/100
2026-04-06 22:30:16 |     → ShapleyFlow (Path Sampling): 215 edges, 12 sources
2026-04-06 22:30:16 |     → Sampling 100 paths/source × 50 trials
2026-04-06 22:30:17 |     → Trial 1/50 completed (~3031 evaluations)
2026-04-06 22:30:31 |     → Trial 10/50 completed (~2991 evaluations)
2026-04-06 22:30:47 |     → Trial 20/50 completed (~3063 evaluations)
2026-04-06 22:31:03 |     → Trial 30/50 completed (~2955 evaluations)
2026-04-06 22:31:18 |     → Trial 40/50 completed (~3050 evaluations)
2026-04-06 22:31:34 |     → Trial 50/50 completed (~3021 evaluations)
2026-04-06 22:31:34 |     → Instance 68/100
2026-04-06 22:31:34 |     → ShapleyFlow (Path Sampling): 215 edges, 12 sources
2026-04-06 22:31:34 |     → Sampling 100 paths/source × 50 trials
2026-04-06 22:31:36 |     → Trial 1/50 completed (~2982 evaluations)
2026-04-06 22:31:50 |     → Trial 10/50 completed (~2994 evaluations)
2026-04-06 22:32:06 |     → Trial 20/50 completed (~3031 evaluations)
2026-04-06 22:32:21 |     → Trial 30/50 completed (~3007 evaluations)
2026-04-06 22:32:37 |     → Trial 40/50 completed (~3078 evaluations)
2026-04-06 22:32:53 |     → Trial 50/50 completed (~3027 evaluations)
2026-04-06 22:32:53 |     → Instance 69/100
2026-04-06 22:32:53 |     → ShapleyFlow (Path Sampling): 215 edges, 12 sources
2026-04-06 22:32:53 |     → Sampling 100 paths/source × 50 trials
2026-04-06 22:32:54 |     → Trial 1/50 completed (~3127 evaluations)
2026-04-06 22:33:09 |     → Trial 10/50 completed (~3068 evaluations)
2026-04-06 22:33:25 |     → Trial 20/50 completed (~2999 evaluations)
2026-04-06 22:33:40 |     → Trial 30/50 completed (~3093 evaluations)
2026-04-06 22:33:56 |     → Trial 40/50 completed (~2955 evaluations)
2026-04-06 22:34:12 |     → Trial 50/50 completed (~3009 evaluations)
2026-04-06 22:34:12 |     → Instance 70/100
2026-04-06 22:34:12 |     → ShapleyFlow (Path Sampling): 215 edges, 12 sources
2026-04-06 22:34:12 |     → Sampling 100 paths/source × 50 trials
2026-04-06 22:34:13 |     → Trial 1/50 completed (~3014 evaluations)
2026-04-06 22:34:28 |     → Trial 10/50 completed (~3027 evaluations)
2026-04-06 22:34:43 |     → Trial 20/50 completed (~3012 evaluations)
2026-04-06 22:34:59 |     → Trial 30/50 completed (~3047 evaluations)
2026-04-06 22:35:14 |     → Trial 40/50 completed (~2995 evaluations)
2026-04-06 22:35:30 |     → Trial 50/50 completed (~2969 evaluations)
2026-04-06 22:35:30 |     → Instance 71/100
2026-04-06 22:35:30 |     → ShapleyFlow (Path Sampling): 215 edges, 12 sources
2026-04-06 22:35:30 |     → Sampling 100 paths/source × 50 trials
2026-04-06 22:35:32 |     → Trial 1/50 completed (~3091 evaluations)
2026-04-06 22:35:46 |     → Trial 10/50 completed (~3034 evaluations)
2026-04-06 22:36:01 |     → Trial 20/50 completed (~2964 evaluations)
2026-04-06 22:36:17 |     → Trial 30/50 completed (~3017 evaluations)
2026-04-06 22:36:33 |     → Trial 40/50 completed (~3049 evaluations)
2026-04-06 22:36:48 |     → Trial 50/50 completed (~3038 evaluations)
2026-04-06 22:36:48 |     → Instance 72/100
2026-04-06 22:36:48 |     → ShapleyFlow (Path Sampling): 215 edges, 12 sources
2026-04-06 22:36:48 |     → Sampling 100 paths/source × 50 trials
2026-04-06 22:36:50 |     → Trial 1/50 completed (~2993 evaluations)
2026-04-06 22:37:04 |     → Trial 10/50 completed (~3027 evaluations)
2026-04-06 22:37:20 |     → Trial 20/50 completed (~3066 evaluations)
2026-04-06 22:37:36 |     → Trial 30/50 completed (~3061 evaluations)
2026-04-06 22:37:51 |     → Trial 40/50 completed (~3068 evaluations)
2026-04-06 22:38:07 |     → Trial 50/50 completed (~2950 evaluations)
2026-04-06 22:38:07 |     → Instance 73/100
2026-04-06 22:38:07 |     → ShapleyFlow (Path Sampling): 215 edges, 12 sources
2026-04-06 22:38:07 |     → Sampling 100 paths/source × 50 trials
2026-04-06 22:38:08 |     → Trial 1/50 completed (~3033 evaluations)
2026-04-06 22:38:22 |     → Trial 10/50 completed (~2995 evaluations)
2026-04-06 22:38:38 |     → Trial 20/50 completed (~3028 evaluations)
2026-04-06 22:38:54 |     → Trial 30/50 completed (~3090 evaluations)
2026-04-06 22:39:10 |     → Trial 40/50 completed (~2998 evaluations)
2026-04-06 22:39:25 |     → Trial 50/50 completed (~3009 evaluations)
2026-04-06 22:39:25 |     → Instance 74/100
2026-04-06 22:39:25 |     → ShapleyFlow (Path Sampling): 215 edges, 12 sources
2026-04-06 22:39:25 |     → Sampling 100 paths/source × 50 trials
2026-04-06 22:39:27 |     → Trial 1/50 completed (~3042 evaluations)
2026-04-06 22:39:41 |     → Trial 10/50 completed (~3059 evaluations)
2026-04-06 22:39:57 |     → Trial 20/50 completed (~3037 evaluations)
2026-04-06 22:40:13 |     → Trial 30/50 completed (~3027 evaluations)
2026-04-06 22:40:28 |     → Trial 40/50 completed (~3033 evaluations)
2026-04-06 22:40:44 |     → Trial 50/50 completed (~3134 evaluations)
2026-04-06 22:40:44 |     → Instance 75/100
2026-04-06 22:40:44 |     → ShapleyFlow (Path Sampling): 215 edges, 12 sources
2026-04-06 22:40:44 |     → Sampling 100 paths/source × 50 trials
2026-04-06 22:40:46 |     → Trial 1/50 completed (~3074 evaluations)
2026-04-06 22:41:00 |     → Trial 10/50 completed (~3000 evaluations)
2026-04-06 22:41:15 |     → Trial 20/50 completed (~3036 evaluations)
2026-04-06 22:41:31 |     → Trial 30/50 completed (~3061 evaluations)
2026-04-06 22:41:47 |     → Trial 40/50 completed (~2995 evaluations)
2026-04-06 22:42:02 |     → Trial 50/50 completed (~3022 evaluations)
2026-04-06 22:42:02 |     → Instance 76/100
2026-04-06 22:42:02 |     → ShapleyFlow (Path Sampling): 215 edges, 12 sources
2026-04-06 22:42:02 |     → Sampling 100 paths/source × 50 trials
2026-04-06 22:42:04 |     → Trial 1/50 completed (~2998 evaluations)
2026-04-06 22:42:18 |     → Trial 10/50 completed (~3055 evaluations)
2026-04-06 22:42:33 |     → Trial 20/50 completed (~3023 evaluations)
2026-04-06 22:42:49 |     → Trial 30/50 completed (~3054 evaluations)
2026-04-06 22:43:05 |     → Trial 40/50 completed (~2993 evaluations)
2026-04-06 22:43:20 |     → Trial 50/50 completed (~3001 evaluations)
2026-04-06 22:43:20 |     → Instance 77/100
2026-04-06 22:43:20 |     → ShapleyFlow (Path Sampling): 215 edges, 12 sources
2026-04-06 22:43:20 |     → Sampling 100 paths/source × 50 trials
2026-04-06 22:43:22 |     → Trial 1/50 completed (~2979 evaluations)
2026-04-06 22:43:36 |     → Trial 10/50 completed (~3045 evaluations)
2026-04-06 22:43:51 |     → Trial 20/50 completed (~3085 evaluations)
2026-04-06 22:44:07 |     → Trial 30/50 completed (~2983 evaluations)
2026-04-06 22:44:23 |     → Trial 40/50 completed (~3082 evaluations)
2026-04-06 22:44:38 |     → Trial 50/50 completed (~2957 evaluations)
2026-04-06 22:44:38 |     → Instance 78/100
2026-04-06 22:44:38 |     → ShapleyFlow (Path Sampling): 215 edges, 12 sources
2026-04-06 22:44:38 |     → Sampling 100 paths/source × 50 trials
2026-04-06 22:44:40 |     → Trial 1/50 completed (~3005 evaluations)
2026-04-06 22:44:54 |     → Trial 10/50 completed (~3048 evaluations)
2026-04-06 22:45:10 |     → Trial 20/50 completed (~3012 evaluations)
2026-04-06 22:45:26 |     → Trial 30/50 completed (~3049 evaluations)
2026-04-06 22:45:42 |     → Trial 40/50 completed (~3106 evaluations)
2026-04-06 22:45:58 |     → Trial 50/50 completed (~2946 evaluations)
2026-04-06 22:45:58 |     → Instance 79/100
2026-04-06 22:45:58 |     → ShapleyFlow (Path Sampling): 215 edges, 12 sources
2026-04-06 22:45:58 |     → Sampling 100 paths/source × 50 trials
2026-04-06 22:45:59 |     → Trial 1/50 completed (~3111 evaluations)
2026-04-06 22:46:13 |     → Trial 10/50 completed (~3009 evaluations)
2026-04-06 22:46:29 |     → Trial 20/50 completed (~2963 evaluations)
2026-04-06 22:46:45 |     → Trial 30/50 completed (~3036 evaluations)
2026-04-06 22:47:00 |     → Trial 40/50 completed (~3023 evaluations)
2026-04-06 22:47:16 |     → Trial 50/50 completed (~3048 evaluations)
2026-04-06 22:47:16 |     → Instance 80/100
2026-04-06 22:47:16 |     → ShapleyFlow (Path Sampling): 215 edges, 12 sources
2026-04-06 22:47:16 |     → Sampling 100 paths/source × 50 trials
2026-04-06 22:47:18 |     → Trial 1/50 completed (~3057 evaluations)
2026-04-06 22:47:32 |     → Trial 10/50 completed (~2939 evaluations)
2026-04-06 22:47:48 |     → Trial 20/50 completed (~3067 evaluations)
2026-04-06 22:48:03 |     → Trial 30/50 completed (~2983 evaluations)
2026-04-06 22:48:19 |     → Trial 40/50 completed (~3051 evaluations)
2026-04-06 22:48:35 |     → Trial 50/50 completed (~2933 evaluations)
2026-04-06 22:48:35 |     → Instance 81/100
2026-04-06 22:48:35 |     → ShapleyFlow (Path Sampling): 215 edges, 12 sources
2026-04-06 22:48:35 |     → Sampling 100 paths/source × 50 trials
2026-04-06 22:48:37 |     → Trial 1/50 completed (~3066 evaluations)
2026-04-06 22:48:51 |     → Trial 10/50 completed (~2983 evaluations)
2026-04-06 22:49:07 |     → Trial 20/50 completed (~3044 evaluations)
2026-04-06 22:49:22 |     → Trial 30/50 completed (~3011 evaluations)
2026-04-06 22:49:38 |     → Trial 40/50 completed (~3057 evaluations)
2026-04-06 22:49:54 |     → Trial 50/50 completed (~3026 evaluations)
2026-04-06 22:49:54 |     → Instance 82/100
2026-04-06 22:49:54 |     → ShapleyFlow (Path Sampling): 215 edges, 12 sources
2026-04-06 22:49:54 |     → Sampling 100 paths/source × 50 trials
2026-04-06 22:49:56 |     → Trial 1/50 completed (~3077 evaluations)
2026-04-06 22:50:10 |     → Trial 10/50 completed (~3059 evaluations)
2026-04-06 22:50:26 |     → Trial 20/50 completed (~3043 evaluations)
2026-04-06 22:50:42 |     → Trial 30/50 completed (~2989 evaluations)
2026-04-06 22:50:57 |     → Trial 40/50 completed (~3016 evaluations)
2026-04-06 22:51:13 |     → Trial 50/50 completed (~3047 evaluations)
2026-04-06 22:51:13 |     → Instance 83/100
2026-04-06 22:51:13 |     → ShapleyFlow (Path Sampling): 215 edges, 12 sources
2026-04-06 22:51:13 |     → Sampling 100 paths/source × 50 trials
2026-04-06 22:51:15 |     → Trial 1/50 completed (~3015 evaluations)
2026-04-06 22:51:29 |     → Trial 10/50 completed (~2988 evaluations)
2026-04-06 22:51:45 |     → Trial 20/50 completed (~2998 evaluations)
2026-04-06 22:52:01 |     → Trial 30/50 completed (~3118 evaluations)
2026-04-06 22:52:16 |     → Trial 40/50 completed (~3012 evaluations)
2026-04-06 22:52:32 |     → Trial 50/50 completed (~3031 evaluations)
2026-04-06 22:52:32 |     → Instance 84/100
2026-04-06 22:52:32 |     → ShapleyFlow (Path Sampling): 215 edges, 12 sources
2026-04-06 22:52:32 |     → Sampling 100 paths/source × 50 trials
2026-04-06 22:52:34 |     → Trial 1/50 completed (~2968 evaluations)
2026-04-06 22:52:48 |     → Trial 10/50 completed (~2978 evaluations)
2026-04-06 22:53:04 |     → Trial 20/50 completed (~3014 evaluations)
2026-04-06 22:53:20 |     → Trial 30/50 completed (~3012 evaluations)
2026-04-06 22:53:36 |     → Trial 40/50 completed (~2979 evaluations)
2026-04-06 22:53:52 |     → Trial 50/50 completed (~2978 evaluations)
2026-04-06 22:53:52 |     → Instance 85/100
2026-04-06 22:53:52 |     → ShapleyFlow (Path Sampling): 215 edges, 12 sources
2026-04-06 22:53:52 |     → Sampling 100 paths/source × 50 trials
2026-04-06 22:53:53 |     → Trial 1/50 completed (~2995 evaluations)
2026-04-06 22:54:07 |     → Trial 10/50 completed (~3067 evaluations)
2026-04-06 22:54:23 |     → Trial 20/50 completed (~3072 evaluations)
2026-04-06 22:54:39 |     → Trial 30/50 completed (~3068 evaluations)
2026-04-06 22:54:55 |     → Trial 40/50 completed (~2995 evaluations)
2026-04-06 22:55:11 |     → Trial 50/50 completed (~3123 evaluations)
2026-04-06 22:55:11 |     → Instance 86/100
2026-04-06 22:55:11 |     → ShapleyFlow (Path Sampling): 215 edges, 12 sources
2026-04-06 22:55:11 |     → Sampling 100 paths/source × 50 trials
2026-04-06 22:55:12 |     → Trial 1/50 completed (~3033 evaluations)
2026-04-06 22:55:26 |     → Trial 10/50 completed (~3067 evaluations)
2026-04-06 22:55:42 |     → Trial 20/50 completed (~3023 evaluations)
2026-04-06 22:55:58 |     → Trial 30/50 completed (~3012 evaluations)
2026-04-06 22:56:14 |     → Trial 40/50 completed (~3026 evaluations)
2026-04-06 22:56:29 |     → Trial 50/50 completed (~3029 evaluations)
2026-04-06 22:56:29 |     → Instance 87/100
2026-04-06 22:56:29 |     → ShapleyFlow (Path Sampling): 215 edges, 12 sources
2026-04-06 22:56:29 |     → Sampling 100 paths/source × 50 trials
2026-04-06 22:56:31 |     → Trial 1/50 completed (~3001 evaluations)
2026-04-06 22:56:45 |     → Trial 10/50 completed (~3023 evaluations)
2026-04-06 22:57:01 |     → Trial 20/50 completed (~2998 evaluations)
2026-04-06 22:57:17 |     → Trial 30/50 completed (~3012 evaluations)
2026-04-06 22:57:32 |     → Trial 40/50 completed (~3010 evaluations)
2026-04-06 22:57:48 |     → Trial 50/50 completed (~2975 evaluations)
2026-04-06 22:57:48 |     → Instance 88/100
2026-04-06 22:57:48 |     → ShapleyFlow (Path Sampling): 215 edges, 12 sources
2026-04-06 22:57:48 |     → Sampling 100 paths/source × 50 trials
2026-04-06 22:57:49 |     → Trial 1/50 completed (~3065 evaluations)
2026-04-06 22:58:04 |     → Trial 10/50 completed (~2973 evaluations)
2026-04-06 22:58:19 |     → Trial 20/50 completed (~3061 evaluations)
2026-04-06 22:58:35 |     → Trial 30/50 completed (~3119 evaluations)
2026-04-06 22:58:51 |     → Trial 40/50 completed (~2985 evaluations)
2026-04-06 22:59:07 |     → Trial 50/50 completed (~2998 evaluations)
2026-04-06 22:59:07 |     → Instance 89/100
2026-04-06 22:59:07 |     → ShapleyFlow (Path Sampling): 215 edges, 12 sources
2026-04-06 22:59:07 |     → Sampling 100 paths/source × 50 trials
2026-04-06 22:59:08 |     → Trial 1/50 completed (~2982 evaluations)
2026-04-06 22:59:23 |     → Trial 10/50 completed (~2999 evaluations)
2026-04-06 22:59:38 |     → Trial 20/50 completed (~3068 evaluations)
2026-04-06 22:59:54 |     → Trial 30/50 completed (~3088 evaluations)
2026-04-06 23:00:10 |     → Trial 40/50 completed (~3040 evaluations)
2026-04-06 23:00:26 |     → Trial 50/50 completed (~3029 evaluations)
2026-04-06 23:00:26 |     → Instance 90/100
2026-04-06 23:00:26 |     → ShapleyFlow (Path Sampling): 215 edges, 12 sources
2026-04-06 23:00:26 |     → Sampling 100 paths/source × 50 trials
2026-04-06 23:00:27 |     → Trial 1/50 completed (~2996 evaluations)
2026-04-06 23:00:41 |     → Trial 10/50 completed (~2995 evaluations)
2026-04-06 23:00:57 |     → Trial 20/50 completed (~2987 evaluations)
2026-04-06 23:01:13 |     → Trial 30/50 completed (~3039 evaluations)
2026-04-06 23:01:28 |     → Trial 40/50 completed (~2982 evaluations)
2026-04-06 23:01:44 |     → Trial 50/50 completed (~2992 evaluations)
2026-04-06 23:01:44 |     → Instance 91/100
2026-04-06 23:01:44 |     → ShapleyFlow (Path Sampling): 215 edges, 12 sources
2026-04-06 23:01:44 |     → Sampling 100 paths/source × 50 trials
2026-04-06 23:01:46 |     → Trial 1/50 completed (~3016 evaluations)
2026-04-06 23:02:00 |     → Trial 10/50 completed (~3081 evaluations)
2026-04-06 23:02:15 |     → Trial 20/50 completed (~3028 evaluations)
2026-04-06 23:02:31 |     → Trial 30/50 completed (~3042 evaluations)
2026-04-06 23:02:47 |     → Trial 40/50 completed (~3058 evaluations)
2026-04-06 23:03:03 |     → Trial 50/50 completed (~3010 evaluations)
2026-04-06 23:03:03 |     → Instance 92/100
2026-04-06 23:03:03 |     → ShapleyFlow (Path Sampling): 215 edges, 12 sources
2026-04-06 23:03:03 |     → Sampling 100 paths/source × 50 trials
2026-04-06 23:03:04 |     → Trial 1/50 completed (~2950 evaluations)
2026-04-06 23:03:18 |     → Trial 10/50 completed (~3041 evaluations)
2026-04-06 23:03:34 |     → Trial 20/50 completed (~3095 evaluations)
2026-04-06 23:03:50 |     → Trial 30/50 completed (~3051 evaluations)
2026-04-06 23:04:06 |     → Trial 40/50 completed (~3010 evaluations)
2026-04-06 23:04:21 |     → Trial 50/50 completed (~2999 evaluations)
2026-04-06 23:04:21 |     → Instance 93/100
2026-04-06 23:04:21 |     → ShapleyFlow (Path Sampling): 215 edges, 12 sources
2026-04-06 23:04:21 |     → Sampling 100 paths/source × 50 trials
2026-04-06 23:04:23 |     → Trial 1/50 completed (~3106 evaluations)
2026-04-06 23:04:37 |     → Trial 10/50 completed (~3029 evaluations)
2026-04-06 23:04:53 |     → Trial 20/50 completed (~2941 evaluations)
2026-04-06 23:05:08 |     → Trial 30/50 completed (~3039 evaluations)
2026-04-06 23:05:24 |     → Trial 40/50 completed (~3031 evaluations)
2026-04-06 23:05:39 |     → Trial 50/50 completed (~3025 evaluations)
2026-04-06 23:05:40 |     → Instance 94/100
2026-04-06 23:05:40 |     → ShapleyFlow (Path Sampling): 215 edges, 12 sources
2026-04-06 23:05:40 |     → Sampling 100 paths/source × 50 trials
2026-04-06 23:05:41 |     → Trial 1/50 completed (~2947 evaluations)
2026-04-06 23:05:55 |     → Trial 10/50 completed (~3022 evaluations)
2026-04-06 23:06:11 |     → Trial 20/50 completed (~3030 evaluations)
2026-04-06 23:06:27 |     → Trial 30/50 completed (~3052 evaluations)
2026-04-06 23:06:43 |     → Trial 40/50 completed (~3037 evaluations)
2026-04-06 23:06:58 |     → Trial 50/50 completed (~3046 evaluations)
2026-04-06 23:06:58 |     → Instance 95/100
2026-04-06 23:06:58 |     → ShapleyFlow (Path Sampling): 215 edges, 12 sources
2026-04-06 23:06:58 |     → Sampling 100 paths/source × 50 trials
2026-04-06 23:07:00 |     → Trial 1/50 completed (~2989 evaluations)
2026-04-06 23:07:14 |     → Trial 10/50 completed (~3079 evaluations)
2026-04-06 23:07:30 |     → Trial 20/50 completed (~3094 evaluations)
2026-04-06 23:07:45 |     → Trial 30/50 completed (~2999 evaluations)
2026-04-06 23:08:01 |     → Trial 40/50 completed (~2981 evaluations)
2026-04-06 23:08:17 |     → Trial 50/50 completed (~3019 evaluations)
2026-04-06 23:08:17 |     → Instance 96/100
2026-04-06 23:08:17 |     → ShapleyFlow (Path Sampling): 215 edges, 12 sources
2026-04-06 23:08:17 |     → Sampling 100 paths/source × 50 trials
2026-04-06 23:08:18 |     → Trial 1/50 completed (~2999 evaluations)
2026-04-06 23:08:32 |     → Trial 10/50 completed (~3004 evaluations)
2026-04-06 23:08:48 |     → Trial 20/50 completed (~3001 evaluations)
2026-04-06 23:09:04 |     → Trial 30/50 completed (~3051 evaluations)
2026-04-06 23:09:19 |     → Trial 40/50 completed (~3037 evaluations)
2026-04-06 23:09:35 |     → Trial 50/50 completed (~3101 evaluations)
2026-04-06 23:09:35 |     → Instance 97/100
2026-04-06 23:09:35 |     → ShapleyFlow (Path Sampling): 215 edges, 12 sources
2026-04-06 23:09:35 |     → Sampling 100 paths/source × 50 trials
2026-04-06 23:09:37 |     → Trial 1/50 completed (~2957 evaluations)
2026-04-06 23:09:51 |     → Trial 10/50 completed (~3031 evaluations)
2026-04-06 23:10:06 |     → Trial 20/50 completed (~3006 evaluations)
2026-04-06 23:10:22 |     → Trial 30/50 completed (~2970 evaluations)
2026-04-06 23:10:37 |     → Trial 40/50 completed (~3020 evaluations)
2026-04-06 23:10:53 |     → Trial 50/50 completed (~3022 evaluations)
2026-04-06 23:10:53 |     → Instance 98/100
2026-04-06 23:10:53 |     → ShapleyFlow (Path Sampling): 215 edges, 12 sources
2026-04-06 23:10:53 |     → Sampling 100 paths/source × 50 trials
2026-04-06 23:10:55 |     → Trial 1/50 completed (~3011 evaluations)
2026-04-06 23:11:09 |     → Trial 10/50 completed (~3049 evaluations)
2026-04-06 23:11:24 |     → Trial 20/50 completed (~3087 evaluations)
2026-04-06 23:11:40 |     → Trial 30/50 completed (~3016 evaluations)
2026-04-06 23:11:56 |     → Trial 40/50 completed (~3037 evaluations)
2026-04-06 23:12:11 |     → Trial 50/50 completed (~3061 evaluations)
2026-04-06 23:12:11 |     → Instance 99/100
2026-04-06 23:12:11 |     → ShapleyFlow (Path Sampling): 215 edges, 12 sources
2026-04-06 23:12:11 |     → Sampling 100 paths/source × 50 trials
2026-04-06 23:12:13 |     → Trial 1/50 completed (~3043 evaluations)
2026-04-06 23:12:27 |     → Trial 10/50 completed (~3006 evaluations)
2026-04-06 23:12:43 |     → Trial 20/50 completed (~2976 evaluations)
2026-04-06 23:12:59 |     → Trial 30/50 completed (~3050 evaluations)
2026-04-06 23:13:15 |     → Trial 40/50 completed (~3062 evaluations)
2026-04-06 23:13:30 |     → Trial 50/50 completed (~2928 evaluations)
2026-04-06 23:13:30 |     → Instance 100/100
2026-04-06 23:13:30 |     → ShapleyFlow (Path Sampling): 215 edges, 12 sources
2026-04-06 23:13:30 |     → Sampling 100 paths/source × 50 trials
2026-04-06 23:13:32 |     → Trial 1/50 completed (~3001 evaluations)
2026-04-06 23:13:46 |     → Trial 10/50 completed (~3013 evaluations)
2026-04-06 23:14:02 |     → Trial 20/50 completed (~3003 evaluations)
2026-04-06 23:14:18 |     → Trial 30/50 completed (~3088 evaluations)
2026-04-06 23:14:33 |     → Trial 40/50 completed (~3035 evaluations)
2026-04-06 23:14:49 |     → Trial 50/50 completed (~3044 evaluations)
2026-04-06 23:14:49 |     → All instances completed
2026-04-06 23:14:49 |   ✓ Completed mixed_conf_f50_s1000_p50 in 250.2 minutes
2026-04-06 23:14:49 | 
================================================================================
2026-04-06 23:14:49 | Step 5 Complete: Shapley values calculated for all combinations
2026-04-06 23:14:49 | ================================================================================

2026-04-06 23:14:49 | ================================================================================
2026-04-06 23:14:49 | STEP 6: CREATING PC vs LiNGAM COMPARISON (mixed_no_conf + LGBM)
2026-04-06 23:14:49 | ================================================================================
2026-04-06 23:14:49 | ================================================================================
2026-04-06 23:14:49 | STEP 6: CREATING PC vs LiNGAM COMPARISON (mixed_conf_f50_s1000_p50 + LGBM)
2026-04-06 23:14:49 | ================================================================================
2026-04-06 23:14:49 | 
[Dataset 1/1] Processing mixed_conf_f50_s1000_p50
2026-04-06 23:14:49 |   Creating PC vs LiNGAM comparison for LGBM...
2026-04-06 23:14:49 |   Top 10 features from Scratch: ['X28', 'X44', 'X13', 'X37', 'X35', 'X49', 'X30', 'X48', 'X32', 'X27']
2026-04-06 23:14:49 |   ✓ Saved PC vs LiNGAM comparison visualization
2026-04-06 23:14:49 | 
================================================================================
2026-04-06 23:14:49 | Step 6 Complete: PC vs LiNGAM comparison visualization created
2026-04-06 23:14:49 | ================================================================================

2026-04-06 23:14:49 | 
================================================================================
2026-04-06 23:14:49 | PIPELINE COMPLETED SUCCESSFULLY!
2026-04-06 23:14:49 | ================================================================================
2026-04-06 23:14:49 | 
Total execution time: 251.8 minutes (4.20 hours)
2026-04-06 23:14:49 | 
Results saved in:
2026-04-06 23:14:49 |   - Synthetic data: /Users/juanrios/Documents/master_thesis/data/synthetic
2026-04-06 23:14:49 |   - Processed data: /Users/juanrios/Documents/master_thesis/data/processed
2026-04-06 23:14:49 |   - Causal discovery: /Users/juanrios/Documents/master_thesis/data/causal
2026-04-06 23:14:49 |   - Models: /Users/juanrios/Documents/master_thesis/models
2026-04-06 23:14:49 |   - Explainability: /Users/juanrios/Documents/master_thesis/data/explainability
2026-04-06 23:14:49 |   - Logs: /Users/juanrios/Documents/master_thesis/logs
2026-04-06 23:14:49 | 
================================================================================

