2026-04-09 01:35:51 | Log file: /Users/juanrios/Documents/master_thesis/logs/pipeline_20260409_013551.log
2026-04-09 01:35:51 | 
================================================================================
2026-04-09 01:35:51 | EXPERIMENTAL PIPELINE: CAUSAL FEATURE IMPORTANCE COMPARISON
2026-04-09 01:35:51 | ================================================================================
2026-04-09 01:35:51 | 
================================================================================
2026-04-09 01:35:51 | CONFIGURATION PARAMETERS
2026-04-09 01:35:51 | ================================================================================
2026-04-09 01:35:51 | 
1. DATASET PARAMETERS:
2026-04-09 01:35:51 |    - N_FEATURES: 50
2026-04-09 01:35:51 |    - N_SAMPLES: 1000
2026-04-09 01:35:51 |    - Y_PARENTS_RATIO: 0.5
2026-04-09 01:35:51 |    - NOISE_STD: 0.5
2026-04-09 01:35:51 |    - EDGE_PROBABILITY: 0.2
2026-04-09 01:35:51 |    - MIN_CONNECTED_EDGES: 2
2026-04-09 01:35:51 |    - RANDOM_STATE: 42
2026-04-09 01:35:51 | 
2. MODEL TRAINING PARAMETERS:
2026-04-09 01:35:51 |    - TEST_SIZE: 0.2
2026-04-09 01:35:51 |    - BACKGROUND_RATIO: 0.3
2026-04-09 01:35:51 |    - TEST_INSTANCES_RATIO: 0.5
2026-04-09 01:35:51 | 
3. EXPLAINABILITY PARAMETERS:
2026-04-09 01:35:51 |    - N_SHAPLEY_SAMPLES: 50
2026-04-09 01:35:51 |    - M_INNER_SAMPLES_CAUSAL: 10
2026-04-09 01:35:51 | 
4. CAUSAL DISCOVERY PARAMETERS:
2026-04-09 01:35:51 |    - LINGAM_ALPHA: 0.01
2026-04-09 01:35:51 |    - PC_ALPHA: 0.01
2026-04-09 01:35:51 |    - INDEP_TEST: fisherz
2026-04-09 01:35:51 | 
5. TARGET CONFIGURATION:
2026-04-09 01:35:51 |    - TARGET_DATASETS: ['mixed_conf_f50_s1000_p50', 'mixed_no_conf_f50_s1000_p50']
2026-04-09 01:35:51 |    - MODEL: LGBM (only)
2026-04-09 01:35:51 | 
6. DIRECTORIES:
2026-04-09 01:35:51 |    - BASE_DIR: /Users/juanrios/Documents/master_thesis
2026-04-09 01:35:51 |    - SYNTHETIC_DIR: /Users/juanrios/Documents/master_thesis/data/synthetic
2026-04-09 01:35:51 |    - PROCESSED_DIR: /Users/juanrios/Documents/master_thesis/data/processed
2026-04-09 01:35:51 |    - CAUSAL_DIR: /Users/juanrios/Documents/master_thesis/data/causal
2026-04-09 01:35:51 |    - EXPLAINABILITY_DIR: /Users/juanrios/Documents/master_thesis/data/explainability
2026-04-09 01:35:51 |    - MODELS_DIR: /Users/juanrios/Documents/master_thesis/models
2026-04-09 01:35:51 |    - LOGS_DIR: /Users/juanrios/Documents/master_thesis/logs
2026-04-09 01:35:51 | 
================================================================================

2026-04-09 01:35:51 | ================================================================================
2026-04-09 01:35:51 | STEP 1: GENERATING SYNTHETIC DATASETS
2026-04-09 01:35:51 | ================================================================================
2026-04-09 01:35:51 | 
[Dataset 1/6] Generating linear system without confounders
2026-04-09 01:35:51 |   ✓ Saved: linear_no_conf_f50_s1000_p50 | Features: 50, Samples: 1000, Y parents: 25, Edges: 291, Confounders: 0
2026-04-09 01:35:51 | 
[Dataset 2/6] Generating linear system with confounders
2026-04-09 01:35:51 |   ✓ Saved: linear_conf_f50_s1000_p50 | Features: 50, Samples: 1000, Y parents: 25, Edges: 291, Confounders: 5
2026-04-09 01:35:51 | 
[Dataset 3/6] Generating nonlinear system without confounders
2026-04-09 01:35:51 |   ✓ Saved: nonlinear_no_conf_f50_s1000_p50 | Features: 50, Samples: 1000, Y parents: 25, Edges: 291, Confounders: 0
2026-04-09 01:35:51 | 
[Dataset 4/6] Generating nonlinear system with confounders
2026-04-09 01:35:51 |   ✓ Saved: nonlinear_conf_f50_s1000_p50 | Features: 50, Samples: 1000, Y parents: 25, Edges: 291, Confounders: 5
2026-04-09 01:35:51 | 
[Dataset 5/6] Generating mixed system without confounders
2026-04-09 01:35:51 |   ✓ Saved: mixed_no_conf_f50_s1000_p50 | Features: 50, Samples: 1000, Y parents: 25, Edges: 291, Confounders: 0
2026-04-09 01:35:51 | 
[Dataset 6/6] Generating mixed system with confounders
2026-04-09 01:35:51 |   ✓ Saved: mixed_conf_f50_s1000_p50 | Features: 50, Samples: 1000, Y parents: 25, Edges: 291, Confounders: 5
2026-04-09 01:35:51 | 
================================================================================
2026-04-09 01:35:51 | Step 1 Complete: 6 datasets generated
2026-04-09 01:35:51 | ================================================================================

2026-04-09 01:35:51 | ================================================================================
2026-04-09 01:35:51 | STEP 2: CREATING TRAIN/TEST SPLITS
2026-04-09 01:35:51 | ================================================================================
2026-04-09 01:35:51 | 
[Dataset 1/6] Processing linear_no_conf_f50_s1000_p50...
2026-04-09 01:35:52 |   ✓ Train: (800, 51), Test: (200, 51)
2026-04-09 01:35:52 | 
[Dataset 2/6] Processing linear_conf_f50_s1000_p50...
2026-04-09 01:35:52 |   ✓ Train: (800, 51), Test: (200, 51)
2026-04-09 01:35:52 | 
[Dataset 3/6] Processing nonlinear_no_conf_f50_s1000_p50...
2026-04-09 01:35:52 |   ✓ Train: (800, 51), Test: (200, 51)
2026-04-09 01:35:52 | 
[Dataset 4/6] Processing nonlinear_conf_f50_s1000_p50...
2026-04-09 01:35:52 |   ✓ Train: (800, 51), Test: (200, 51)
2026-04-09 01:35:52 | 
[Dataset 5/6] Processing mixed_no_conf_f50_s1000_p50...
2026-04-09 01:35:52 |   ✓ Train: (800, 51), Test: (200, 51)
2026-04-09 01:35:52 | 
[Dataset 6/6] Processing mixed_conf_f50_s1000_p50...
2026-04-09 01:35:52 |   ✓ Train: (800, 51), Test: (200, 51)
2026-04-09 01:35:52 | 
================================================================================
2026-04-09 01:35:52 | Step 2 Complete: Train/test splits created for 6 datasets
2026-04-09 01:35:52 | ================================================================================

2026-04-09 01:35:52 | ================================================================================
2026-04-09 01:35:52 | STEP 3: RUNNING CAUSAL DISCOVERY
2026-04-09 01:35:52 | ================================================================================
2026-04-09 01:35:52 | 
[Dataset 1/6] Processing linear_no_conf_f50_s1000_p50
2026-04-09 01:35:52 |   Running LiNGAM...
2026-04-09 01:35:58 |   Running PC...
2026-04-09 01:36:02 |   Extracting train adjacency matrices for Step 5...
2026-04-09 01:36:02 |   ✓ LINGAM: F1=0.282, Precision=0.240, Recall=0.340
2026-04-09 01:36:03 |   ✓ PC: F1=0.140, Precision=0.325, Recall=0.089
2026-04-09 01:36:04 | 
[Dataset 2/6] Processing linear_conf_f50_s1000_p50
2026-04-09 01:36:04 |   Running LiNGAM...
2026-04-09 01:36:10 |   Running PC...
2026-04-09 01:36:14 |   Extracting train adjacency matrices for Step 5...
2026-04-09 01:36:14 |   ✓ LINGAM: F1=0.222, Precision=0.188, Recall=0.271
2026-04-09 01:36:15 |   ✓ PC: F1=0.193, Precision=0.434, Recall=0.124
2026-04-09 01:36:15 | 
[Dataset 3/6] Processing nonlinear_no_conf_f50_s1000_p50
2026-04-09 01:36:15 |   Running LiNGAM...
2026-04-09 01:36:21 |   Running PC...
2026-04-09 01:36:23 |   Extracting train adjacency matrices for Step 5...
2026-04-09 01:36:23 |   ✓ LINGAM: F1=0.192, Precision=0.212, Recall=0.175
2026-04-09 01:36:24 |   ✓ PC: F1=0.131, Precision=0.278, Recall=0.086
2026-04-09 01:36:25 | 
[Dataset 4/6] Processing nonlinear_conf_f50_s1000_p50
2026-04-09 01:36:25 |   Running LiNGAM...
2026-04-09 01:36:38 |   Running PC...
2026-04-09 01:36:56 |   Extracting train adjacency matrices for Step 5...
2026-04-09 01:36:56 |   ✓ LINGAM: F1=0.196, Precision=0.236, Recall=0.168
2026-04-09 01:36:57 |   ✓ PC: F1=0.128, Precision=0.286, Recall=0.082
2026-04-09 01:36:58 | 
[Dataset 5/6] Processing mixed_no_conf_f50_s1000_p50
2026-04-09 01:36:58 |   Running LiNGAM...
2026-04-09 01:37:03 |   Running PC...
2026-04-09 01:37:06 |   Extracting train adjacency matrices for Step 5...
2026-04-09 01:37:06 |   ✓ LINGAM: F1=0.174, Precision=0.193, Recall=0.158
2026-04-09 01:37:07 |   ✓ PC: F1=0.183, Precision=0.425, Recall=0.117
2026-04-09 01:37:08 | 
[Dataset 6/6] Processing mixed_conf_f50_s1000_p50
2026-04-09 01:37:08 |   Running LiNGAM...
2026-04-09 01:37:13 |   Running PC...
2026-04-09 01:37:16 |   Extracting train adjacency matrices for Step 5...
2026-04-09 01:37:16 |   ✓ LINGAM: F1=0.173, Precision=0.178, Recall=0.168
2026-04-09 01:37:17 |   ✓ PC: F1=0.180, Precision=0.361, Recall=0.120
2026-04-09 01:37:18 | 
================================================================================
2026-04-09 01:37:18 | Step 3 Complete: Causal discovery completed for 6 datasets
2026-04-09 01:37:18 | ================================================================================

2026-04-09 01:37:18 | ================================================================================
2026-04-09 01:37:18 | STEP 4: TRAINING PREDICTIVE MODELS (LGBM only, 2 datasets)
2026-04-09 01:37:18 | ================================================================================
2026-04-09 01:37:18 | 
[Dataset 1/2] Training LGBM model for mixed_no_conf_f50_s1000_p50
2026-04-09 01:37:18 |   Training LGBM...
2026-04-09 01:37:26 |   ✓ LGBM: R²=0.7617, MSE=0.3109, MAE=0.4372, RMSE=0.5576
2026-04-09 01:37:26 |   ✓ LGBM model saved with the following number of features: 50
2026-04-09 01:37:26 | 
[Dataset 2/2] Training LGBM model for mixed_conf_f50_s1000_p50
2026-04-09 01:37:26 |   Training LGBM...
2026-04-09 01:37:35 |   ✓ LGBM: R²=0.5561, MSE=0.6293, MAE=0.5373, RMSE=0.7933
2026-04-09 01:37:35 |   ✓ LGBM model saved with the following number of features: 50
2026-04-09 01:37:35 | 
================================================================================
2026-04-09 01:37:35 | Step 4 Complete: LGBM model trained for 2 datasets
2026-04-09 01:37:35 | ================================================================================

2026-04-09 01:37:35 | ================================================================================
2026-04-09 01:37:35 | STEP 5: CALCULATING SHAPLEY VALUES (2 datasets + LGBM only)
2026-04-09 01:37:35 | ================================================================================
2026-04-09 01:37:35 | 
[Dataset 1/2] Processing mixed_no_conf_f50_s1000_p50
2026-04-09 01:37:35 |   [Progress: 1/7] LGBM - ShapleyFromScratch
2026-04-09 01:39:43 |   [Progress: 2/7] LGBM + PC - AsymmetricShapley
2026-04-09 01:41:48 |   [Progress: 3/7] LGBM + PC - CausalShapley (SLOW - uses 10 inner samples)
2026-04-09 02:00:37 |   [Progress: 4/7] LGBM + PC - ShapleyFlow
2026-04-09 02:00:37 |     → ShapleyFlowWrapper: 51 features, 80 edges, 2 sources
2026-04-09 02:00:37 |     → Computing Shapley Flow for 100 instances...
2026-04-09 02:00:37 |     → Instance 1/100
2026-04-09 02:00:37 |     → ShapleyFlow (Path Sampling): 80 edges, 2 sources
2026-04-09 02:00:37 |     → Sampling 100 paths/source × 50 trials
2026-04-09 02:00:37 |     → Trial 1/50 completed (~992 evaluations)
2026-04-09 02:00:42 |     → Trial 10/50 completed (~1028 evaluations)
2026-04-09 02:00:47 |     → Trial 20/50 completed (~1033 evaluations)
2026-04-09 02:00:52 |     → Trial 30/50 completed (~1034 evaluations)
2026-04-09 02:00:57 |     → Trial 40/50 completed (~1003 evaluations)
2026-04-09 02:01:01 |     → Trial 50/50 completed (~1028 evaluations)
2026-04-09 02:01:02 |     → Instance 2/100
2026-04-09 02:01:02 |     → ShapleyFlow (Path Sampling): 80 edges, 2 sources
2026-04-09 02:01:02 |     → Sampling 100 paths/source × 50 trials
2026-04-09 02:01:02 |     → Trial 1/50 completed (~1037 evaluations)
2026-04-09 02:01:06 |     → Trial 10/50 completed (~1025 evaluations)
2026-04-09 02:01:11 |     → Trial 20/50 completed (~1038 evaluations)
2026-04-09 02:01:16 |     → Trial 30/50 completed (~1057 evaluations)
2026-04-09 02:01:21 |     → Trial 40/50 completed (~991 evaluations)
2026-04-09 02:01:26 |     → Trial 50/50 completed (~1060 evaluations)
2026-04-09 02:01:26 |     → Instance 3/100
2026-04-09 02:01:26 |     → ShapleyFlow (Path Sampling): 80 edges, 2 sources
2026-04-09 02:01:26 |     → Sampling 100 paths/source × 50 trials
2026-04-09 02:01:27 |     → Trial 1/50 completed (~1015 evaluations)
2026-04-09 02:01:31 |     → Trial 10/50 completed (~1021 evaluations)
2026-04-09 02:01:36 |     → Trial 20/50 completed (~985 evaluations)
2026-04-09 02:01:41 |     → Trial 30/50 completed (~1020 evaluations)
2026-04-09 02:01:46 |     → Trial 40/50 completed (~993 evaluations)
2026-04-09 02:01:51 |     → Trial 50/50 completed (~1009 evaluations)
2026-04-09 02:01:51 |     → Instance 4/100
2026-04-09 02:01:51 |     → ShapleyFlow (Path Sampling): 80 edges, 2 sources
2026-04-09 02:01:51 |     → Sampling 100 paths/source × 50 trials
2026-04-09 02:01:52 |     → Trial 1/50 completed (~1033 evaluations)
2026-04-09 02:01:56 |     → Trial 10/50 completed (~1002 evaluations)
2026-04-09 02:02:01 |     → Trial 20/50 completed (~1004 evaluations)
2026-04-09 02:02:06 |     → Trial 30/50 completed (~1025 evaluations)
2026-04-09 02:02:12 |     → Trial 40/50 completed (~1021 evaluations)
2026-04-09 02:02:17 |     → Trial 50/50 completed (~1049 evaluations)
2026-04-09 02:02:17 |     → Instance 5/100
2026-04-09 02:02:17 |     → ShapleyFlow (Path Sampling): 80 edges, 2 sources
2026-04-09 02:02:17 |     → Sampling 100 paths/source × 50 trials
2026-04-09 02:02:17 |     → Trial 1/50 completed (~997 evaluations)
2026-04-09 02:02:22 |     → Trial 10/50 completed (~978 evaluations)
2026-04-09 02:02:27 |     → Trial 20/50 completed (~1019 evaluations)
2026-04-09 02:02:32 |     → Trial 30/50 completed (~988 evaluations)
2026-04-09 02:02:37 |     → Trial 40/50 completed (~1023 evaluations)
2026-04-09 02:02:42 |     → Trial 50/50 completed (~1052 evaluations)
2026-04-09 02:02:42 |     → Instance 6/100
2026-04-09 02:02:42 |     → ShapleyFlow (Path Sampling): 80 edges, 2 sources
2026-04-09 02:02:42 |     → Sampling 100 paths/source × 50 trials
2026-04-09 02:02:42 |     → Trial 1/50 completed (~1000 evaluations)
2026-04-09 02:02:47 |     → Trial 10/50 completed (~1041 evaluations)
2026-04-09 02:02:52 |     → Trial 20/50 completed (~1001 evaluations)
2026-04-09 02:02:57 |     → Trial 30/50 completed (~996 evaluations)
2026-04-09 02:03:02 |     → Trial 40/50 completed (~999 evaluations)
2026-04-09 02:03:07 |     → Trial 50/50 completed (~1041 evaluations)
2026-04-09 02:03:07 |     → Instance 7/100
2026-04-09 02:03:07 |     → ShapleyFlow (Path Sampling): 80 edges, 2 sources
2026-04-09 02:03:07 |     → Sampling 100 paths/source × 50 trials
2026-04-09 02:03:07 |     → Trial 1/50 completed (~1018 evaluations)
2026-04-09 02:03:12 |     → Trial 10/50 completed (~1044 evaluations)
2026-04-09 02:03:17 |     → Trial 20/50 completed (~1007 evaluations)
2026-04-09 02:03:22 |     → Trial 30/50 completed (~997 evaluations)
2026-04-09 02:03:27 |     → Trial 40/50 completed (~1011 evaluations)
2026-04-09 02:03:32 |     → Trial 50/50 completed (~1030 evaluations)
2026-04-09 02:03:32 |     → Instance 8/100
2026-04-09 02:03:32 |     → ShapleyFlow (Path Sampling): 80 edges, 2 sources
2026-04-09 02:03:32 |     → Sampling 100 paths/source × 50 trials
2026-04-09 02:03:33 |     → Trial 1/50 completed (~1035 evaluations)
2026-04-09 02:03:37 |     → Trial 10/50 completed (~1011 evaluations)
2026-04-09 02:03:42 |     → Trial 20/50 completed (~1025 evaluations)
2026-04-09 02:03:47 |     → Trial 30/50 completed (~1018 evaluations)
2026-04-09 02:03:52 |     → Trial 40/50 completed (~1025 evaluations)
2026-04-09 02:03:57 |     → Trial 50/50 completed (~1003 evaluations)
2026-04-09 02:03:57 |     → Instance 9/100
2026-04-09 02:03:57 |     → ShapleyFlow (Path Sampling): 80 edges, 2 sources
2026-04-09 02:03:57 |     → Sampling 100 paths/source × 50 trials
2026-04-09 02:03:58 |     → Trial 1/50 completed (~1015 evaluations)
2026-04-09 02:04:02 |     → Trial 10/50 completed (~1042 evaluations)
2026-04-09 02:04:07 |     → Trial 20/50 completed (~1000 evaluations)
2026-04-09 02:04:12 |     → Trial 30/50 completed (~1018 evaluations)
2026-04-09 02:04:17 |     → Trial 40/50 completed (~998 evaluations)
2026-04-09 02:04:22 |     → Trial 50/50 completed (~1021 evaluations)
2026-04-09 02:04:22 |     → Instance 10/100
2026-04-09 02:04:22 |     → ShapleyFlow (Path Sampling): 80 edges, 2 sources
2026-04-09 02:04:22 |     → Sampling 100 paths/source × 50 trials
2026-04-09 02:04:23 |     → Trial 1/50 completed (~1004 evaluations)
2026-04-09 02:04:27 |     → Trial 10/50 completed (~1006 evaluations)
2026-04-09 02:04:32 |     → Trial 20/50 completed (~1001 evaluations)
2026-04-09 02:04:37 |     → Trial 30/50 completed (~1026 evaluations)
2026-04-09 02:04:42 |     → Trial 40/50 completed (~1002 evaluations)
2026-04-09 02:04:47 |     → Trial 50/50 completed (~987 evaluations)
2026-04-09 02:04:47 |     → Instance 11/100
2026-04-09 02:04:47 |     → ShapleyFlow (Path Sampling): 80 edges, 2 sources
2026-04-09 02:04:47 |     → Sampling 100 paths/source × 50 trials
2026-04-09 02:04:48 |     → Trial 1/50 completed (~1032 evaluations)
2026-04-09 02:04:52 |     → Trial 10/50 completed (~1007 evaluations)
2026-04-09 02:04:57 |     → Trial 20/50 completed (~1000 evaluations)
2026-04-09 02:05:02 |     → Trial 30/50 completed (~1018 evaluations)
2026-04-09 02:05:07 |     → Trial 40/50 completed (~1019 evaluations)
2026-04-09 02:05:12 |     → Trial 50/50 completed (~997 evaluations)
2026-04-09 02:05:12 |     → Instance 12/100
2026-04-09 02:05:12 |     → ShapleyFlow (Path Sampling): 80 edges, 2 sources
2026-04-09 02:05:12 |     → Sampling 100 paths/source × 50 trials
2026-04-09 02:05:12 |     → Trial 1/50 completed (~1017 evaluations)
2026-04-09 02:05:17 |     → Trial 10/50 completed (~1033 evaluations)
2026-04-09 02:05:22 |     → Trial 20/50 completed (~991 evaluations)
2026-04-09 02:05:27 |     → Trial 30/50 completed (~1044 evaluations)
2026-04-09 02:05:32 |     → Trial 40/50 completed (~1032 evaluations)
2026-04-09 02:05:37 |     → Trial 50/50 completed (~997 evaluations)
2026-04-09 02:05:37 |     → Instance 13/100
2026-04-09 02:05:37 |     → ShapleyFlow (Path Sampling): 80 edges, 2 sources
2026-04-09 02:05:37 |     → Sampling 100 paths/source × 50 trials
2026-04-09 02:05:37 |     → Trial 1/50 completed (~1029 evaluations)
2026-04-09 02:05:42 |     → Trial 10/50 completed (~1032 evaluations)
2026-04-09 02:05:47 |     → Trial 20/50 completed (~1034 evaluations)
2026-04-09 02:05:52 |     → Trial 30/50 completed (~993 evaluations)
2026-04-09 02:05:57 |     → Trial 40/50 completed (~1009 evaluations)
2026-04-09 02:06:02 |     → Trial 50/50 completed (~1010 evaluations)
2026-04-09 02:06:02 |     → Instance 14/100
2026-04-09 02:06:02 |     → ShapleyFlow (Path Sampling): 80 edges, 2 sources
2026-04-09 02:06:02 |     → Sampling 100 paths/source × 50 trials
2026-04-09 02:06:02 |     → Trial 1/50 completed (~994 evaluations)
2026-04-09 02:06:07 |     → Trial 10/50 completed (~1007 evaluations)
2026-04-09 02:06:11 |     → Trial 20/50 completed (~1017 evaluations)
2026-04-09 02:06:17 |     → Trial 30/50 completed (~1005 evaluations)
2026-04-09 02:06:21 |     → Trial 40/50 completed (~1009 evaluations)
2026-04-09 02:06:27 |     → Trial 50/50 completed (~1034 evaluations)
2026-04-09 02:06:27 |     → Instance 15/100
2026-04-09 02:06:27 |     → ShapleyFlow (Path Sampling): 80 edges, 2 sources
2026-04-09 02:06:27 |     → Sampling 100 paths/source × 50 trials
2026-04-09 02:06:27 |     → Trial 1/50 completed (~1020 evaluations)
2026-04-09 02:06:32 |     → Trial 10/50 completed (~1041 evaluations)
2026-04-09 02:06:37 |     → Trial 20/50 completed (~1007 evaluations)
2026-04-09 02:06:42 |     → Trial 30/50 completed (~1025 evaluations)
2026-04-09 02:06:47 |     → Trial 40/50 completed (~1021 evaluations)
2026-04-09 02:06:52 |     → Trial 50/50 completed (~1027 evaluations)
2026-04-09 02:06:52 |     → Instance 16/100
2026-04-09 02:06:52 |     → ShapleyFlow (Path Sampling): 80 edges, 2 sources
2026-04-09 02:06:52 |     → Sampling 100 paths/source × 50 trials
2026-04-09 02:06:52 |     → Trial 1/50 completed (~1021 evaluations)
2026-04-09 02:06:57 |     → Trial 10/50 completed (~1007 evaluations)
2026-04-09 02:07:02 |     → Trial 20/50 completed (~1008 evaluations)
2026-04-09 02:07:07 |     → Trial 30/50 completed (~990 evaluations)
2026-04-09 02:07:12 |     → Trial 40/50 completed (~1008 evaluations)
2026-04-09 02:07:17 |     → Trial 50/50 completed (~1023 evaluations)
2026-04-09 02:07:17 |     → Instance 17/100
2026-04-09 02:07:17 |     → ShapleyFlow (Path Sampling): 80 edges, 2 sources
2026-04-09 02:07:17 |     → Sampling 100 paths/source × 50 trials
2026-04-09 02:07:17 |     → Trial 1/50 completed (~992 evaluations)
2026-04-09 02:07:22 |     → Trial 10/50 completed (~1042 evaluations)
2026-04-09 02:07:27 |     → Trial 20/50 completed (~1003 evaluations)
2026-04-09 02:07:32 |     → Trial 30/50 completed (~1047 evaluations)
2026-04-09 02:07:37 |     → Trial 40/50 completed (~1029 evaluations)
2026-04-09 02:07:42 |     → Trial 50/50 completed (~1035 evaluations)
2026-04-09 02:07:42 |     → Instance 18/100
2026-04-09 02:07:42 |     → ShapleyFlow (Path Sampling): 80 edges, 2 sources
2026-04-09 02:07:42 |     → Sampling 100 paths/source × 50 trials
2026-04-09 02:07:42 |     → Trial 1/50 completed (~999 evaluations)
2026-04-09 02:07:47 |     → Trial 10/50 completed (~1007 evaluations)
2026-04-09 02:07:52 |     → Trial 20/50 completed (~1042 evaluations)
2026-04-09 02:07:57 |     → Trial 30/50 completed (~1021 evaluations)
2026-04-09 02:08:02 |     → Trial 40/50 completed (~1004 evaluations)
2026-04-09 02:08:07 |     → Trial 50/50 completed (~1010 evaluations)
2026-04-09 02:08:07 |     → Instance 19/100
2026-04-09 02:08:07 |     → ShapleyFlow (Path Sampling): 80 edges, 2 sources
2026-04-09 02:08:07 |     → Sampling 100 paths/source × 50 trials
2026-04-09 02:08:08 |     → Trial 1/50 completed (~1014 evaluations)
2026-04-09 02:08:12 |     → Trial 10/50 completed (~1015 evaluations)
2026-04-09 02:08:17 |     → Trial 20/50 completed (~1061 evaluations)
2026-04-09 02:08:22 |     → Trial 30/50 completed (~1025 evaluations)
2026-04-09 02:08:27 |     → Trial 40/50 completed (~998 evaluations)
2026-04-09 02:08:32 |     → Trial 50/50 completed (~1018 evaluations)
2026-04-09 02:08:32 |     → Instance 20/100
2026-04-09 02:08:32 |     → ShapleyFlow (Path Sampling): 80 edges, 2 sources
2026-04-09 02:08:32 |     → Sampling 100 paths/source × 50 trials
2026-04-09 02:08:33 |     → Trial 1/50 completed (~1023 evaluations)
2026-04-09 02:08:37 |     → Trial 10/50 completed (~1053 evaluations)
2026-04-09 02:08:42 |     → Trial 20/50 completed (~991 evaluations)
2026-04-09 02:08:47 |     → Trial 30/50 completed (~1016 evaluations)
2026-04-09 02:08:52 |     → Trial 40/50 completed (~1027 evaluations)
2026-04-09 02:08:57 |     → Trial 50/50 completed (~1013 evaluations)
2026-04-09 02:08:57 |     → Instance 21/100
2026-04-09 02:08:57 |     → ShapleyFlow (Path Sampling): 80 edges, 2 sources
2026-04-09 02:08:57 |     → Sampling 100 paths/source × 50 trials
2026-04-09 02:08:58 |     → Trial 1/50 completed (~1019 evaluations)
2026-04-09 02:09:03 |     → Trial 10/50 completed (~1015 evaluations)
2026-04-09 02:09:08 |     → Trial 20/50 completed (~990 evaluations)
2026-04-09 02:09:13 |     → Trial 30/50 completed (~1018 evaluations)
2026-04-09 02:09:18 |     → Trial 40/50 completed (~984 evaluations)
2026-04-09 02:09:23 |     → Trial 50/50 completed (~1013 evaluations)
2026-04-09 02:09:23 |     → Instance 22/100
2026-04-09 02:09:23 |     → ShapleyFlow (Path Sampling): 80 edges, 2 sources
2026-04-09 02:09:23 |     → Sampling 100 paths/source × 50 trials
2026-04-09 02:09:23 |     → Trial 1/50 completed (~1019 evaluations)
2026-04-09 02:09:28 |     → Trial 10/50 completed (~1022 evaluations)
2026-04-09 02:09:33 |     → Trial 20/50 completed (~1011 evaluations)
2026-04-09 02:09:38 |     → Trial 30/50 completed (~992 evaluations)
2026-04-09 02:09:43 |     → Trial 40/50 completed (~1041 evaluations)
2026-04-09 02:09:48 |     → Trial 50/50 completed (~1008 evaluations)
2026-04-09 02:09:48 |     → Instance 23/100
2026-04-09 02:09:48 |     → ShapleyFlow (Path Sampling): 80 edges, 2 sources
2026-04-09 02:09:48 |     → Sampling 100 paths/source × 50 trials
2026-04-09 02:09:48 |     → Trial 1/50 completed (~1030 evaluations)
2026-04-09 02:09:53 |     → Trial 10/50 completed (~983 evaluations)
2026-04-09 02:09:58 |     → Trial 20/50 completed (~1032 evaluations)
2026-04-09 02:10:03 |     → Trial 30/50 completed (~1028 evaluations)
2026-04-09 02:10:08 |     → Trial 40/50 completed (~1019 evaluations)
2026-04-09 02:10:13 |     → Trial 50/50 completed (~1037 evaluations)
2026-04-09 02:10:13 |     → Instance 24/100
2026-04-09 02:10:13 |     → ShapleyFlow (Path Sampling): 80 edges, 2 sources
2026-04-09 02:10:13 |     → Sampling 100 paths/source × 50 trials
2026-04-09 02:10:13 |     → Trial 1/50 completed (~995 evaluations)
2026-04-09 02:10:18 |     → Trial 10/50 completed (~1025 evaluations)
2026-04-09 02:10:23 |     → Trial 20/50 completed (~1066 evaluations)
2026-04-09 02:10:28 |     → Trial 30/50 completed (~1027 evaluations)
2026-04-09 02:10:33 |     → Trial 40/50 completed (~1010 evaluations)
2026-04-09 02:10:38 |     → Trial 50/50 completed (~1039 evaluations)
2026-04-09 02:10:38 |     → Instance 25/100
2026-04-09 02:10:38 |     → ShapleyFlow (Path Sampling): 80 edges, 2 sources
2026-04-09 02:10:38 |     → Sampling 100 paths/source × 50 trials
2026-04-09 02:10:39 |     → Trial 1/50 completed (~1003 evaluations)
2026-04-09 02:10:43 |     → Trial 10/50 completed (~1022 evaluations)
2026-04-09 02:10:48 |     → Trial 20/50 completed (~1022 evaluations)
2026-04-09 02:10:53 |     → Trial 30/50 completed (~1038 evaluations)
2026-04-09 02:10:58 |     → Trial 40/50 completed (~1022 evaluations)
2026-04-09 02:11:03 |     → Trial 50/50 completed (~1004 evaluations)
2026-04-09 02:11:03 |     → Instance 26/100
2026-04-09 02:11:03 |     → ShapleyFlow (Path Sampling): 80 edges, 2 sources
2026-04-09 02:11:03 |     → Sampling 100 paths/source × 50 trials
2026-04-09 02:11:04 |     → Trial 1/50 completed (~1035 evaluations)
2026-04-09 02:11:08 |     → Trial 10/50 completed (~1044 evaluations)
2026-04-09 02:11:13 |     → Trial 20/50 completed (~996 evaluations)
2026-04-09 02:11:18 |     → Trial 30/50 completed (~1010 evaluations)
2026-04-09 02:11:23 |     → Trial 40/50 completed (~995 evaluations)
2026-04-09 02:11:28 |     → Trial 50/50 completed (~1009 evaluations)
2026-04-09 02:11:28 |     → Instance 27/100
2026-04-09 02:11:28 |     → ShapleyFlow (Path Sampling): 80 edges, 2 sources
2026-04-09 02:11:28 |     → Sampling 100 paths/source × 50 trials
2026-04-09 02:11:29 |     → Trial 1/50 completed (~1036 evaluations)
2026-04-09 02:11:33 |     → Trial 10/50 completed (~1030 evaluations)
2026-04-09 02:11:38 |     → Trial 20/50 completed (~1043 evaluations)
2026-04-09 02:11:43 |     → Trial 30/50 completed (~989 evaluations)
2026-04-09 02:11:48 |     → Trial 40/50 completed (~1025 evaluations)
2026-04-09 02:11:53 |     → Trial 50/50 completed (~1048 evaluations)
2026-04-09 02:11:53 |     → Instance 28/100
2026-04-09 02:11:53 |     → ShapleyFlow (Path Sampling): 80 edges, 2 sources
2026-04-09 02:11:53 |     → Sampling 100 paths/source × 50 trials
2026-04-09 02:11:54 |     → Trial 1/50 completed (~1002 evaluations)
2026-04-09 02:11:58 |     → Trial 10/50 completed (~1049 evaluations)
2026-04-09 02:12:03 |     → Trial 20/50 completed (~1018 evaluations)
2026-04-09 02:12:08 |     → Trial 30/50 completed (~1027 evaluations)
2026-04-09 02:12:13 |     → Trial 40/50 completed (~1044 evaluations)
2026-04-09 02:12:18 |     → Trial 50/50 completed (~988 evaluations)
2026-04-09 02:12:18 |     → Instance 29/100
2026-04-09 02:12:18 |     → ShapleyFlow (Path Sampling): 80 edges, 2 sources
2026-04-09 02:12:18 |     → Sampling 100 paths/source × 50 trials
2026-04-09 02:12:19 |     → Trial 1/50 completed (~1016 evaluations)
2026-04-09 02:12:23 |     → Trial 10/50 completed (~1028 evaluations)
2026-04-09 02:12:28 |     → Trial 20/50 completed (~1060 evaluations)
2026-04-09 02:12:33 |     → Trial 30/50 completed (~1010 evaluations)
2026-04-09 02:12:38 |     → Trial 40/50 completed (~1022 evaluations)
2026-04-09 02:12:43 |     → Trial 50/50 completed (~1016 evaluations)
2026-04-09 02:12:43 |     → Instance 30/100
2026-04-09 02:12:43 |     → ShapleyFlow (Path Sampling): 80 edges, 2 sources
2026-04-09 02:12:43 |     → Sampling 100 paths/source × 50 trials
2026-04-09 02:12:44 |     → Trial 1/50 completed (~1024 evaluations)
2026-04-09 02:12:48 |     → Trial 10/50 completed (~1026 evaluations)
2026-04-09 02:12:53 |     → Trial 20/50 completed (~995 evaluations)
2026-04-09 02:12:58 |     → Trial 30/50 completed (~989 evaluations)
2026-04-09 02:13:03 |     → Trial 40/50 completed (~997 evaluations)
2026-04-09 02:13:08 |     → Trial 50/50 completed (~995 evaluations)
2026-04-09 02:13:08 |     → Instance 31/100
2026-04-09 02:13:08 |     → ShapleyFlow (Path Sampling): 80 edges, 2 sources
2026-04-09 02:13:08 |     → Sampling 100 paths/source × 50 trials
2026-04-09 02:13:09 |     → Trial 1/50 completed (~998 evaluations)
2026-04-09 02:13:13 |     → Trial 10/50 completed (~1038 evaluations)
2026-04-09 02:13:18 |     → Trial 20/50 completed (~979 evaluations)
2026-04-09 02:13:23 |     → Trial 30/50 completed (~1014 evaluations)
2026-04-09 02:13:28 |     → Trial 40/50 completed (~1003 evaluations)
2026-04-09 02:13:34 |     → Trial 50/50 completed (~1011 evaluations)
2026-04-09 02:13:34 |     → Instance 32/100
2026-04-09 02:13:34 |     → ShapleyFlow (Path Sampling): 80 edges, 2 sources
2026-04-09 02:13:34 |     → Sampling 100 paths/source × 50 trials
2026-04-09 02:13:34 |     → Trial 1/50 completed (~1006 evaluations)
2026-04-09 02:13:39 |     → Trial 10/50 completed (~1020 evaluations)
2026-04-09 02:13:44 |     → Trial 20/50 completed (~1019 evaluations)
2026-04-09 02:13:49 |     → Trial 30/50 completed (~983 evaluations)
2026-04-09 02:13:54 |     → Trial 40/50 completed (~1002 evaluations)
2026-04-09 02:13:59 |     → Trial 50/50 completed (~1021 evaluations)
2026-04-09 02:13:59 |     → Instance 33/100
2026-04-09 02:13:59 |     → ShapleyFlow (Path Sampling): 80 edges, 2 sources
2026-04-09 02:13:59 |     → Sampling 100 paths/source × 50 trials
2026-04-09 02:13:59 |     → Trial 1/50 completed (~1019 evaluations)
2026-04-09 02:14:04 |     → Trial 10/50 completed (~1059 evaluations)
2026-04-09 02:14:09 |     → Trial 20/50 completed (~1026 evaluations)
2026-04-09 02:14:14 |     → Trial 30/50 completed (~995 evaluations)
2026-04-09 02:14:19 |     → Trial 40/50 completed (~1040 evaluations)
2026-04-09 02:14:24 |     → Trial 50/50 completed (~1025 evaluations)
2026-04-09 02:14:24 |     → Instance 34/100
2026-04-09 02:14:24 |     → ShapleyFlow (Path Sampling): 80 edges, 2 sources
2026-04-09 02:14:24 |     → Sampling 100 paths/source × 50 trials
2026-04-09 02:14:24 |     → Trial 1/50 completed (~1021 evaluations)
2026-04-09 02:14:29 |     → Trial 10/50 completed (~1020 evaluations)
2026-04-09 02:14:34 |     → Trial 20/50 completed (~1029 evaluations)
2026-04-09 02:14:39 |     → Trial 30/50 completed (~1020 evaluations)
2026-04-09 02:14:44 |     → Trial 40/50 completed (~995 evaluations)
2026-04-09 02:14:49 |     → Trial 50/50 completed (~1009 evaluations)
2026-04-09 02:14:49 |     → Instance 35/100
2026-04-09 02:14:49 |     → ShapleyFlow (Path Sampling): 80 edges, 2 sources
2026-04-09 02:14:49 |     → Sampling 100 paths/source × 50 trials
2026-04-09 02:14:49 |     → Trial 1/50 completed (~1004 evaluations)
2026-04-09 02:14:54 |     → Trial 10/50 completed (~1021 evaluations)
2026-04-09 02:14:59 |     → Trial 20/50 completed (~1035 evaluations)
2026-04-09 02:15:04 |     → Trial 30/50 completed (~1027 evaluations)
2026-04-09 02:15:09 |     → Trial 40/50 completed (~997 evaluations)
2026-04-09 02:15:14 |     → Trial 50/50 completed (~1023 evaluations)
2026-04-09 02:15:14 |     → Instance 36/100
2026-04-09 02:15:14 |     → ShapleyFlow (Path Sampling): 80 edges, 2 sources
2026-04-09 02:15:14 |     → Sampling 100 paths/source × 50 trials
2026-04-09 02:15:14 |     → Trial 1/50 completed (~1011 evaluations)
2026-04-09 02:15:19 |     → Trial 10/50 completed (~994 evaluations)
2026-04-09 02:15:24 |     → Trial 20/50 completed (~1019 evaluations)
2026-04-09 02:15:29 |     → Trial 30/50 completed (~1017 evaluations)
2026-04-09 02:15:34 |     → Trial 40/50 completed (~1033 evaluations)
2026-04-09 02:15:39 |     → Trial 50/50 completed (~1020 evaluations)
2026-04-09 02:15:39 |     → Instance 37/100
2026-04-09 02:15:39 |     → ShapleyFlow (Path Sampling): 80 edges, 2 sources
2026-04-09 02:15:39 |     → Sampling 100 paths/source × 50 trials
2026-04-09 02:15:40 |     → Trial 1/50 completed (~983 evaluations)
2026-04-09 02:15:44 |     → Trial 10/50 completed (~1036 evaluations)
2026-04-09 02:15:49 |     → Trial 20/50 completed (~1016 evaluations)
2026-04-09 02:15:54 |     → Trial 30/50 completed (~1047 evaluations)
2026-04-09 02:15:59 |     → Trial 40/50 completed (~1017 evaluations)
2026-04-09 02:16:04 |     → Trial 50/50 completed (~1030 evaluations)
2026-04-09 02:16:04 |     → Instance 38/100
2026-04-09 02:16:04 |     → ShapleyFlow (Path Sampling): 80 edges, 2 sources
2026-04-09 02:16:04 |     → Sampling 100 paths/source × 50 trials
2026-04-09 02:16:05 |     → Trial 1/50 completed (~1007 evaluations)
2026-04-09 02:16:09 |     → Trial 10/50 completed (~1039 evaluations)
2026-04-09 02:16:14 |     → Trial 20/50 completed (~1009 evaluations)
2026-04-09 02:16:19 |     → Trial 30/50 completed (~1019 evaluations)
2026-04-09 02:16:24 |     → Trial 40/50 completed (~1027 evaluations)
2026-04-09 02:16:29 |     → Trial 50/50 completed (~971 evaluations)
2026-04-09 02:16:29 |     → Instance 39/100
2026-04-09 02:16:29 |     → ShapleyFlow (Path Sampling): 80 edges, 2 sources
2026-04-09 02:16:29 |     → Sampling 100 paths/source × 50 trials
2026-04-09 02:16:30 |     → Trial 1/50 completed (~995 evaluations)
2026-04-09 02:16:34 |     → Trial 10/50 completed (~1010 evaluations)
2026-04-09 02:16:39 |     → Trial 20/50 completed (~1010 evaluations)
2026-04-09 02:16:44 |     → Trial 30/50 completed (~1034 evaluations)
2026-04-09 02:16:49 |     → Trial 40/50 completed (~1028 evaluations)
2026-04-09 02:16:54 |     → Trial 50/50 completed (~1031 evaluations)
2026-04-09 02:16:55 |     → Instance 40/100
2026-04-09 02:16:55 |     → ShapleyFlow (Path Sampling): 80 edges, 2 sources
2026-04-09 02:16:55 |     → Sampling 100 paths/source × 50 trials
2026-04-09 02:16:55 |     → Trial 1/50 completed (~1019 evaluations)
2026-04-09 02:17:00 |     → Trial 10/50 completed (~1035 evaluations)
2026-04-09 02:17:05 |     → Trial 20/50 completed (~1002 evaluations)
2026-04-09 02:17:10 |     → Trial 30/50 completed (~984 evaluations)
2026-04-09 02:17:15 |     → Trial 40/50 completed (~1023 evaluations)
2026-04-09 02:17:20 |     → Trial 50/50 completed (~1021 evaluations)
2026-04-09 02:17:20 |     → Instance 41/100
2026-04-09 02:17:20 |     → ShapleyFlow (Path Sampling): 80 edges, 2 sources
2026-04-09 02:17:20 |     → Sampling 100 paths/source × 50 trials
2026-04-09 02:17:20 |     → Trial 1/50 completed (~1019 evaluations)
2026-04-09 02:17:25 |     → Trial 10/50 completed (~995 evaluations)
2026-04-09 02:17:30 |     → Trial 20/50 completed (~1021 evaluations)
2026-04-09 02:17:35 |     → Trial 30/50 completed (~1022 evaluations)
2026-04-09 02:17:40 |     → Trial 40/50 completed (~1016 evaluations)
2026-04-09 02:17:45 |     → Trial 50/50 completed (~1019 evaluations)
2026-04-09 02:17:45 |     → Instance 42/100
2026-04-09 02:17:45 |     → ShapleyFlow (Path Sampling): 80 edges, 2 sources
2026-04-09 02:17:45 |     → Sampling 100 paths/source × 50 trials
2026-04-09 02:17:45 |     → Trial 1/50 completed (~997 evaluations)
2026-04-09 02:17:50 |     → Trial 10/50 completed (~1038 evaluations)
2026-04-09 02:17:55 |     → Trial 20/50 completed (~999 evaluations)
2026-04-09 02:18:00 |     → Trial 30/50 completed (~1050 evaluations)
2026-04-09 02:18:05 |     → Trial 40/50 completed (~1053 evaluations)
2026-04-09 02:18:10 |     → Trial 50/50 completed (~996 evaluations)
2026-04-09 02:18:10 |     → Instance 43/100
2026-04-09 02:18:10 |     → ShapleyFlow (Path Sampling): 80 edges, 2 sources
2026-04-09 02:18:10 |     → Sampling 100 paths/source × 50 trials
2026-04-09 02:18:10 |     → Trial 1/50 completed (~955 evaluations)
2026-04-09 02:18:15 |     → Trial 10/50 completed (~994 evaluations)
2026-04-09 02:18:20 |     → Trial 20/50 completed (~997 evaluations)
2026-04-09 02:18:25 |     → Trial 30/50 completed (~1007 evaluations)
2026-04-09 02:18:30 |     → Trial 40/50 completed (~1030 evaluations)
2026-04-09 02:18:35 |     → Trial 50/50 completed (~1010 evaluations)
2026-04-09 02:18:35 |     → Instance 44/100
2026-04-09 02:18:35 |     → ShapleyFlow (Path Sampling): 80 edges, 2 sources
2026-04-09 02:18:35 |     → Sampling 100 paths/source × 50 trials
2026-04-09 02:18:36 |     → Trial 1/50 completed (~1014 evaluations)
2026-04-09 02:18:40 |     → Trial 10/50 completed (~1048 evaluations)
2026-04-09 02:18:45 |     → Trial 20/50 completed (~1019 evaluations)
2026-04-09 02:18:50 |     → Trial 30/50 completed (~1018 evaluations)
2026-04-09 02:18:55 |     → Trial 40/50 completed (~1001 evaluations)
2026-04-09 02:19:00 |     → Trial 50/50 completed (~1003 evaluations)
2026-04-09 02:19:00 |     → Instance 45/100
2026-04-09 02:19:00 |     → ShapleyFlow (Path Sampling): 80 edges, 2 sources
2026-04-09 02:19:00 |     → Sampling 100 paths/source × 50 trials
2026-04-09 02:19:01 |     → Trial 1/50 completed (~966 evaluations)
2026-04-09 02:19:05 |     → Trial 10/50 completed (~1000 evaluations)
2026-04-09 02:19:10 |     → Trial 20/50 completed (~1037 evaluations)
2026-04-09 02:19:15 |     → Trial 30/50 completed (~1007 evaluations)
2026-04-09 02:19:20 |     → Trial 40/50 completed (~1083 evaluations)
2026-04-09 02:19:25 |     → Trial 50/50 completed (~1044 evaluations)
2026-04-09 02:19:25 |     → Instance 46/100
2026-04-09 02:19:25 |     → ShapleyFlow (Path Sampling): 80 edges, 2 sources
2026-04-09 02:19:25 |     → Sampling 100 paths/source × 50 trials
2026-04-09 02:19:26 |     → Trial 1/50 completed (~1011 evaluations)
2026-04-09 02:19:31 |     → Trial 10/50 completed (~988 evaluations)
2026-04-09 02:19:36 |     → Trial 20/50 completed (~1017 evaluations)
2026-04-09 02:19:41 |     → Trial 30/50 completed (~1045 evaluations)
2026-04-09 02:19:46 |     → Trial 40/50 completed (~1004 evaluations)
2026-04-09 02:19:51 |     → Trial 50/50 completed (~1035 evaluations)
2026-04-09 02:19:51 |     → Instance 47/100
2026-04-09 02:19:51 |     → ShapleyFlow (Path Sampling): 80 edges, 2 sources
2026-04-09 02:19:51 |     → Sampling 100 paths/source × 50 trials
2026-04-09 02:19:51 |     → Trial 1/50 completed (~1019 evaluations)
2026-04-09 02:19:56 |     → Trial 10/50 completed (~1019 evaluations)
2026-04-09 02:20:01 |     → Trial 20/50 completed (~1008 evaluations)
2026-04-09 02:20:06 |     → Trial 30/50 completed (~1018 evaluations)
2026-04-09 02:20:11 |     → Trial 40/50 completed (~1022 evaluations)
2026-04-09 02:20:16 |     → Trial 50/50 completed (~1048 evaluations)
2026-04-09 02:20:16 |     → Instance 48/100
2026-04-09 02:20:16 |     → ShapleyFlow (Path Sampling): 80 edges, 2 sources
2026-04-09 02:20:16 |     → Sampling 100 paths/source × 50 trials
2026-04-09 02:20:16 |     → Trial 1/50 completed (~977 evaluations)
2026-04-09 02:20:21 |     → Trial 10/50 completed (~985 evaluations)
2026-04-09 02:20:26 |     → Trial 20/50 completed (~985 evaluations)
2026-04-09 02:20:31 |     → Trial 30/50 completed (~974 evaluations)
2026-04-09 02:20:36 |     → Trial 40/50 completed (~1045 evaluations)
2026-04-09 02:20:41 |     → Trial 50/50 completed (~979 evaluations)
2026-04-09 02:20:41 |     → Instance 49/100
2026-04-09 02:20:41 |     → ShapleyFlow (Path Sampling): 80 edges, 2 sources
2026-04-09 02:20:41 |     → Sampling 100 paths/source × 50 trials
2026-04-09 02:20:41 |     → Trial 1/50 completed (~1016 evaluations)
2026-04-09 02:20:46 |     → Trial 10/50 completed (~1014 evaluations)
2026-04-09 02:20:51 |     → Trial 20/50 completed (~1030 evaluations)
2026-04-09 02:20:56 |     → Trial 30/50 completed (~1006 evaluations)
2026-04-09 02:21:01 |     → Trial 40/50 completed (~1025 evaluations)
2026-04-09 02:21:06 |     → Trial 50/50 completed (~1018 evaluations)
2026-04-09 02:21:06 |     → Instance 50/100
2026-04-09 02:21:06 |     → ShapleyFlow (Path Sampling): 80 edges, 2 sources
2026-04-09 02:21:06 |     → Sampling 100 paths/source × 50 trials
2026-04-09 02:21:07 |     → Trial 1/50 completed (~997 evaluations)
2026-04-09 02:21:11 |     → Trial 10/50 completed (~1028 evaluations)
2026-04-09 02:21:16 |     → Trial 20/50 completed (~1014 evaluations)
2026-04-09 02:21:21 |     → Trial 30/50 completed (~1009 evaluations)
2026-04-09 02:21:26 |     → Trial 40/50 completed (~997 evaluations)
2026-04-09 02:21:31 |     → Trial 50/50 completed (~985 evaluations)
2026-04-09 02:21:31 |     → Instance 51/100
2026-04-09 02:21:31 |     → ShapleyFlow (Path Sampling): 80 edges, 2 sources
2026-04-09 02:21:31 |     → Sampling 100 paths/source × 50 trials
2026-04-09 02:21:32 |     → Trial 1/50 completed (~1012 evaluations)
2026-04-09 02:21:36 |     → Trial 10/50 completed (~1011 evaluations)
2026-04-09 02:21:41 |     → Trial 20/50 completed (~1039 evaluations)
2026-04-09 02:21:46 |     → Trial 30/50 completed (~1011 evaluations)
2026-04-09 02:21:52 |     → Trial 40/50 completed (~1044 evaluations)
2026-04-09 02:21:57 |     → Trial 50/50 completed (~992 evaluations)
2026-04-09 02:21:57 |     → Instance 52/100
2026-04-09 02:21:57 |     → ShapleyFlow (Path Sampling): 80 edges, 2 sources
2026-04-09 02:21:57 |     → Sampling 100 paths/source × 50 trials
2026-04-09 02:21:57 |     → Trial 1/50 completed (~995 evaluations)
2026-04-09 02:22:02 |     → Trial 10/50 completed (~987 evaluations)
2026-04-09 02:22:07 |     → Trial 20/50 completed (~1001 evaluations)
2026-04-09 02:22:12 |     → Trial 30/50 completed (~1009 evaluations)
2026-04-09 02:22:17 |     → Trial 40/50 completed (~1032 evaluations)
2026-04-09 02:22:22 |     → Trial 50/50 completed (~1028 evaluations)
2026-04-09 02:22:22 |     → Instance 53/100
2026-04-09 02:22:22 |     → ShapleyFlow (Path Sampling): 80 edges, 2 sources
2026-04-09 02:22:22 |     → Sampling 100 paths/source × 50 trials
2026-04-09 02:22:22 |     → Trial 1/50 completed (~977 evaluations)
2026-04-09 02:22:27 |     → Trial 10/50 completed (~1028 evaluations)
2026-04-09 02:22:32 |     → Trial 20/50 completed (~1002 evaluations)
2026-04-09 02:22:37 |     → Trial 30/50 completed (~1056 evaluations)
2026-04-09 02:22:42 |     → Trial 40/50 completed (~1000 evaluations)
2026-04-09 02:22:47 |     → Trial 50/50 completed (~1035 evaluations)
2026-04-09 02:22:47 |     → Instance 54/100
2026-04-09 02:22:47 |     → ShapleyFlow (Path Sampling): 80 edges, 2 sources
2026-04-09 02:22:47 |     → Sampling 100 paths/source × 50 trials
2026-04-09 02:22:47 |     → Trial 1/50 completed (~1018 evaluations)
2026-04-09 02:22:52 |     → Trial 10/50 completed (~1039 evaluations)
2026-04-09 02:22:57 |     → Trial 20/50 completed (~995 evaluations)
2026-04-09 02:23:02 |     → Trial 30/50 completed (~1024 evaluations)
2026-04-09 02:23:07 |     → Trial 40/50 completed (~975 evaluations)
2026-04-09 02:23:12 |     → Trial 50/50 completed (~1005 evaluations)
2026-04-09 02:23:12 |     → Instance 55/100
2026-04-09 02:23:12 |     → ShapleyFlow (Path Sampling): 80 edges, 2 sources
2026-04-09 02:23:12 |     → Sampling 100 paths/source × 50 trials
2026-04-09 02:23:12 |     → Trial 1/50 completed (~987 evaluations)
2026-04-09 02:23:17 |     → Trial 10/50 completed (~997 evaluations)
2026-04-09 02:23:22 |     → Trial 20/50 completed (~1020 evaluations)
2026-04-09 02:23:27 |     → Trial 30/50 completed (~1059 evaluations)
2026-04-09 02:23:32 |     → Trial 40/50 completed (~1015 evaluations)
2026-04-09 02:23:37 |     → Trial 50/50 completed (~987 evaluations)
2026-04-09 02:23:37 |     → Instance 56/100
2026-04-09 02:23:37 |     → ShapleyFlow (Path Sampling): 80 edges, 2 sources
2026-04-09 02:23:37 |     → Sampling 100 paths/source × 50 trials
2026-04-09 02:23:37 |     → Trial 1/50 completed (~1035 evaluations)
2026-04-09 02:23:42 |     → Trial 10/50 completed (~995 evaluations)
2026-04-09 02:23:47 |     → Trial 20/50 completed (~1047 evaluations)
2026-04-09 02:23:52 |     → Trial 30/50 completed (~982 evaluations)
2026-04-09 02:23:57 |     → Trial 40/50 completed (~1014 evaluations)
2026-04-09 02:24:02 |     → Trial 50/50 completed (~1019 evaluations)
2026-04-09 02:24:02 |     → Instance 57/100
2026-04-09 02:24:02 |     → ShapleyFlow (Path Sampling): 80 edges, 2 sources
2026-04-09 02:24:02 |     → Sampling 100 paths/source × 50 trials
2026-04-09 02:24:02 |     → Trial 1/50 completed (~1014 evaluations)
2026-04-09 02:24:07 |     → Trial 10/50 completed (~1034 evaluations)
2026-04-09 02:24:12 |     → Trial 20/50 completed (~979 evaluations)
2026-04-09 02:24:17 |     → Trial 30/50 completed (~1000 evaluations)
2026-04-09 02:24:22 |     → Trial 40/50 completed (~1024 evaluations)
2026-04-09 02:24:27 |     → Trial 50/50 completed (~999 evaluations)
2026-04-09 02:24:27 |     → Instance 58/100
2026-04-09 02:24:27 |     → ShapleyFlow (Path Sampling): 80 edges, 2 sources
2026-04-09 02:24:27 |     → Sampling 100 paths/source × 50 trials
2026-04-09 02:24:27 |     → Trial 1/50 completed (~981 evaluations)
2026-04-09 02:24:32 |     → Trial 10/50 completed (~1002 evaluations)
2026-04-09 02:24:37 |     → Trial 20/50 completed (~988 evaluations)
2026-04-09 02:24:42 |     → Trial 30/50 completed (~986 evaluations)
2026-04-09 02:24:47 |     → Trial 40/50 completed (~1035 evaluations)
2026-04-09 02:24:52 |     → Trial 50/50 completed (~1010 evaluations)
2026-04-09 02:24:52 |     → Instance 59/100
2026-04-09 02:24:52 |     → ShapleyFlow (Path Sampling): 80 edges, 2 sources
2026-04-09 02:24:52 |     → Sampling 100 paths/source × 50 trials
2026-04-09 02:24:52 |     → Trial 1/50 completed (~1024 evaluations)
2026-04-09 02:24:57 |     → Trial 10/50 completed (~1000 evaluations)
2026-04-09 02:25:02 |     → Trial 20/50 completed (~1036 evaluations)
2026-04-09 02:25:07 |     → Trial 30/50 completed (~959 evaluations)
2026-04-09 02:25:12 |     → Trial 40/50 completed (~1064 evaluations)
2026-04-09 02:25:17 |     → Trial 50/50 completed (~1036 evaluations)
2026-04-09 02:25:17 |     → Instance 60/100
2026-04-09 02:25:17 |     → ShapleyFlow (Path Sampling): 80 edges, 2 sources
2026-04-09 02:25:17 |     → Sampling 100 paths/source × 50 trials
2026-04-09 02:25:18 |     → Trial 1/50 completed (~1001 evaluations)
2026-04-09 02:25:22 |     → Trial 10/50 completed (~1040 evaluations)
2026-04-09 02:25:27 |     → Trial 20/50 completed (~1004 evaluations)
2026-04-09 02:25:32 |     → Trial 30/50 completed (~999 evaluations)
2026-04-09 02:25:37 |     → Trial 40/50 completed (~1012 evaluations)
2026-04-09 02:25:42 |     → Trial 50/50 completed (~985 evaluations)
2026-04-09 02:25:42 |     → Instance 61/100
2026-04-09 02:25:42 |     → ShapleyFlow (Path Sampling): 80 edges, 2 sources
2026-04-09 02:25:42 |     → Sampling 100 paths/source × 50 trials
2026-04-09 02:25:42 |     → Trial 1/50 completed (~981 evaluations)
2026-04-09 02:25:47 |     → Trial 10/50 completed (~1004 evaluations)
2026-04-09 02:25:52 |     → Trial 20/50 completed (~1029 evaluations)
2026-04-09 02:25:57 |     → Trial 30/50 completed (~988 evaluations)
2026-04-09 02:26:02 |     → Trial 40/50 completed (~1007 evaluations)
2026-04-09 02:26:07 |     → Trial 50/50 completed (~993 evaluations)
2026-04-09 02:26:07 |     → Instance 62/100
2026-04-09 02:26:07 |     → ShapleyFlow (Path Sampling): 80 edges, 2 sources
2026-04-09 02:26:07 |     → Sampling 100 paths/source × 50 trials
2026-04-09 02:26:08 |     → Trial 1/50 completed (~1002 evaluations)
2026-04-09 02:26:12 |     → Trial 10/50 completed (~1007 evaluations)
2026-04-09 02:26:17 |     → Trial 20/50 completed (~1019 evaluations)
2026-04-09 02:26:22 |     → Trial 30/50 completed (~1035 evaluations)
2026-04-09 02:26:27 |     → Trial 40/50 completed (~1019 evaluations)
2026-04-09 02:26:32 |     → Trial 50/50 completed (~1026 evaluations)
2026-04-09 02:26:32 |     → Instance 63/100
2026-04-09 02:26:32 |     → ShapleyFlow (Path Sampling): 80 edges, 2 sources
2026-04-09 02:26:32 |     → Sampling 100 paths/source × 50 trials
2026-04-09 02:26:33 |     → Trial 1/50 completed (~1006 evaluations)
2026-04-09 02:26:37 |     → Trial 10/50 completed (~1057 evaluations)
2026-04-09 02:26:42 |     → Trial 20/50 completed (~1034 evaluations)
2026-04-09 02:26:47 |     → Trial 30/50 completed (~990 evaluations)
2026-04-09 02:26:52 |     → Trial 40/50 completed (~1052 evaluations)
2026-04-09 02:26:57 |     → Trial 50/50 completed (~1024 evaluations)
2026-04-09 02:26:58 |     → Instance 64/100
2026-04-09 02:26:58 |     → ShapleyFlow (Path Sampling): 80 edges, 2 sources
2026-04-09 02:26:58 |     → Sampling 100 paths/source × 50 trials
2026-04-09 02:26:58 |     → Trial 1/50 completed (~992 evaluations)
2026-04-09 02:27:03 |     → Trial 10/50 completed (~1007 evaluations)
2026-04-09 02:27:08 |     → Trial 20/50 completed (~995 evaluations)
2026-04-09 02:27:13 |     → Trial 30/50 completed (~1017 evaluations)
2026-04-09 02:27:18 |     → Trial 40/50 completed (~1022 evaluations)
2026-04-09 02:27:23 |     → Trial 50/50 completed (~1007 evaluations)
2026-04-09 02:27:23 |     → Instance 65/100
2026-04-09 02:27:23 |     → ShapleyFlow (Path Sampling): 80 edges, 2 sources
2026-04-09 02:27:23 |     → Sampling 100 paths/source × 50 trials
2026-04-09 02:27:23 |     → Trial 1/50 completed (~1020 evaluations)
2026-04-09 02:27:28 |     → Trial 10/50 completed (~1054 evaluations)
2026-04-09 02:27:33 |     → Trial 20/50 completed (~974 evaluations)
2026-04-09 02:27:38 |     → Trial 30/50 completed (~995 evaluations)
2026-04-09 02:27:43 |     → Trial 40/50 completed (~1026 evaluations)
2026-04-09 02:27:48 |     → Trial 50/50 completed (~1020 evaluations)
2026-04-09 02:27:48 |     → Instance 66/100
2026-04-09 02:27:48 |     → ShapleyFlow (Path Sampling): 80 edges, 2 sources
2026-04-09 02:27:48 |     → Sampling 100 paths/source × 50 trials
2026-04-09 02:27:48 |     → Trial 1/50 completed (~1031 evaluations)
2026-04-09 02:27:53 |     → Trial 10/50 completed (~1007 evaluations)
2026-04-09 02:27:58 |     → Trial 20/50 completed (~1036 evaluations)
2026-04-09 02:28:03 |     → Trial 30/50 completed (~1005 evaluations)
2026-04-09 02:28:08 |     → Trial 40/50 completed (~1031 evaluations)
2026-04-09 02:28:13 |     → Trial 50/50 completed (~1030 evaluations)
2026-04-09 02:28:13 |     → Instance 67/100
2026-04-09 02:28:13 |     → ShapleyFlow (Path Sampling): 80 edges, 2 sources
2026-04-09 02:28:13 |     → Sampling 100 paths/source × 50 trials
2026-04-09 02:28:13 |     → Trial 1/50 completed (~1006 evaluations)
2026-04-09 02:28:18 |     → Trial 10/50 completed (~1029 evaluations)
2026-04-09 02:28:23 |     → Trial 20/50 completed (~998 evaluations)
2026-04-09 02:28:28 |     → Trial 30/50 completed (~1051 evaluations)
2026-04-09 02:28:33 |     → Trial 40/50 completed (~1040 evaluations)
2026-04-09 02:28:38 |     → Trial 50/50 completed (~1000 evaluations)
2026-04-09 02:28:38 |     → Instance 68/100
2026-04-09 02:28:38 |     → ShapleyFlow (Path Sampling): 80 edges, 2 sources
2026-04-09 02:28:38 |     → Sampling 100 paths/source × 50 trials
2026-04-09 02:28:38 |     → Trial 1/50 completed (~1014 evaluations)
2026-04-09 02:28:43 |     → Trial 10/50 completed (~1029 evaluations)
2026-04-09 02:28:48 |     → Trial 20/50 completed (~1022 evaluations)
2026-04-09 02:28:53 |     → Trial 30/50 completed (~1030 evaluations)
2026-04-09 02:28:58 |     → Trial 40/50 completed (~1049 evaluations)
2026-04-09 02:29:03 |     → Trial 50/50 completed (~1021 evaluations)
2026-04-09 02:29:03 |     → Instance 69/100
2026-04-09 02:29:03 |     → ShapleyFlow (Path Sampling): 80 edges, 2 sources
2026-04-09 02:29:03 |     → Sampling 100 paths/source × 50 trials
2026-04-09 02:29:04 |     → Trial 1/50 completed (~999 evaluations)
2026-04-09 02:29:08 |     → Trial 10/50 completed (~1026 evaluations)
2026-04-09 02:29:13 |     → Trial 20/50 completed (~1028 evaluations)
2026-04-09 02:29:18 |     → Trial 30/50 completed (~1028 evaluations)
2026-04-09 02:29:23 |     → Trial 40/50 completed (~1053 evaluations)
2026-04-09 02:29:28 |     → Trial 50/50 completed (~1025 evaluations)
2026-04-09 02:29:28 |     → Instance 70/100
2026-04-09 02:29:28 |     → ShapleyFlow (Path Sampling): 80 edges, 2 sources
2026-04-09 02:29:28 |     → Sampling 100 paths/source × 50 trials
2026-04-09 02:29:29 |     → Trial 1/50 completed (~1026 evaluations)
2026-04-09 02:29:33 |     → Trial 10/50 completed (~1018 evaluations)
2026-04-09 02:29:38 |     → Trial 20/50 completed (~1041 evaluations)
2026-04-09 02:29:43 |     → Trial 30/50 completed (~1028 evaluations)
2026-04-09 02:29:48 |     → Trial 40/50 completed (~1007 evaluations)
2026-04-09 02:29:53 |     → Trial 50/50 completed (~1016 evaluations)
2026-04-09 02:29:53 |     → Instance 71/100
2026-04-09 02:29:53 |     → ShapleyFlow (Path Sampling): 80 edges, 2 sources
2026-04-09 02:29:53 |     → Sampling 100 paths/source × 50 trials
2026-04-09 02:29:54 |     → Trial 1/50 completed (~1009 evaluations)
2026-04-09 02:29:58 |     → Trial 10/50 completed (~993 evaluations)
2026-04-09 02:30:03 |     → Trial 20/50 completed (~1048 evaluations)
2026-04-09 02:30:09 |     → Trial 30/50 completed (~1042 evaluations)
2026-04-09 02:30:14 |     → Trial 40/50 completed (~1058 evaluations)
2026-04-09 02:30:19 |     → Trial 50/50 completed (~1024 evaluations)
2026-04-09 02:30:19 |     → Instance 72/100
2026-04-09 02:30:19 |     → ShapleyFlow (Path Sampling): 80 edges, 2 sources
2026-04-09 02:30:19 |     → Sampling 100 paths/source × 50 trials
2026-04-09 02:30:19 |     → Trial 1/50 completed (~1032 evaluations)
2026-04-09 02:30:24 |     → Trial 10/50 completed (~1023 evaluations)
2026-04-09 02:30:29 |     → Trial 20/50 completed (~996 evaluations)
2026-04-09 02:30:34 |     → Trial 30/50 completed (~1054 evaluations)
2026-04-09 02:30:39 |     → Trial 40/50 completed (~1021 evaluations)
2026-04-09 02:30:44 |     → Trial 50/50 completed (~993 evaluations)
2026-04-09 02:30:44 |     → Instance 73/100
2026-04-09 02:30:44 |     → ShapleyFlow (Path Sampling): 80 edges, 2 sources
2026-04-09 02:30:44 |     → Sampling 100 paths/source × 50 trials
2026-04-09 02:30:44 |     → Trial 1/50 completed (~1016 evaluations)
2026-04-09 02:30:49 |     → Trial 10/50 completed (~1013 evaluations)
2026-04-09 02:30:54 |     → Trial 20/50 completed (~1015 evaluations)
2026-04-09 02:30:59 |     → Trial 30/50 completed (~997 evaluations)
2026-04-09 02:31:04 |     → Trial 40/50 completed (~1033 evaluations)
2026-04-09 02:31:09 |     → Trial 50/50 completed (~1004 evaluations)
2026-04-09 02:31:09 |     → Instance 74/100
2026-04-09 02:31:09 |     → ShapleyFlow (Path Sampling): 80 edges, 2 sources
2026-04-09 02:31:09 |     → Sampling 100 paths/source × 50 trials
2026-04-09 02:31:10 |     → Trial 1/50 completed (~996 evaluations)
2026-04-09 02:31:14 |     → Trial 10/50 completed (~1016 evaluations)
2026-04-09 02:31:19 |     → Trial 20/50 completed (~1024 evaluations)
2026-04-09 02:31:24 |     → Trial 30/50 completed (~1010 evaluations)
2026-04-09 02:31:29 |     → Trial 40/50 completed (~985 evaluations)
2026-04-09 02:31:34 |     → Trial 50/50 completed (~1047 evaluations)
2026-04-09 02:31:34 |     → Instance 75/100
2026-04-09 02:31:34 |     → ShapleyFlow (Path Sampling): 80 edges, 2 sources
2026-04-09 02:31:34 |     → Sampling 100 paths/source × 50 trials
2026-04-09 02:31:35 |     → Trial 1/50 completed (~1009 evaluations)
2026-04-09 02:31:39 |     → Trial 10/50 completed (~1003 evaluations)
2026-04-09 02:31:44 |     → Trial 20/50 completed (~1016 evaluations)
2026-04-09 02:31:49 |     → Trial 30/50 completed (~1008 evaluations)
2026-04-09 02:31:54 |     → Trial 40/50 completed (~1027 evaluations)
2026-04-09 02:31:59 |     → Trial 50/50 completed (~995 evaluations)
2026-04-09 02:31:59 |     → Instance 76/100
2026-04-09 02:31:59 |     → ShapleyFlow (Path Sampling): 80 edges, 2 sources
2026-04-09 02:31:59 |     → Sampling 100 paths/source × 50 trials
2026-04-09 02:32:00 |     → Trial 1/50 completed (~1033 evaluations)
2026-04-09 02:32:04 |     → Trial 10/50 completed (~999 evaluations)
2026-04-09 02:32:09 |     → Trial 20/50 completed (~1005 evaluations)
2026-04-09 02:32:14 |     → Trial 30/50 completed (~995 evaluations)
2026-04-09 02:32:19 |     → Trial 40/50 completed (~1013 evaluations)
2026-04-09 02:32:24 |     → Trial 50/50 completed (~978 evaluations)
2026-04-09 02:32:24 |     → Instance 77/100
2026-04-09 02:32:24 |     → ShapleyFlow (Path Sampling): 80 edges, 2 sources
2026-04-09 02:32:24 |     → Sampling 100 paths/source × 50 trials
2026-04-09 02:32:25 |     → Trial 1/50 completed (~1008 evaluations)
2026-04-09 02:32:29 |     → Trial 10/50 completed (~1014 evaluations)
2026-04-09 02:32:34 |     → Trial 20/50 completed (~1038 evaluations)
2026-04-09 02:32:39 |     → Trial 30/50 completed (~1014 evaluations)
2026-04-09 02:32:44 |     → Trial 40/50 completed (~1071 evaluations)
2026-04-09 02:32:49 |     → Trial 50/50 completed (~1009 evaluations)
2026-04-09 02:32:49 |     → Instance 78/100
2026-04-09 02:32:49 |     → ShapleyFlow (Path Sampling): 80 edges, 2 sources
2026-04-09 02:32:49 |     → Sampling 100 paths/source × 50 trials
2026-04-09 02:32:50 |     → Trial 1/50 completed (~988 evaluations)
2026-04-09 02:32:54 |     → Trial 10/50 completed (~1018 evaluations)
2026-04-09 02:32:59 |     → Trial 20/50 completed (~1021 evaluations)
2026-04-09 02:33:04 |     → Trial 30/50 completed (~1027 evaluations)
2026-04-09 02:33:09 |     → Trial 40/50 completed (~1035 evaluations)
2026-04-09 02:33:14 |     → Trial 50/50 completed (~1027 evaluations)
2026-04-09 02:33:14 |     → Instance 79/100
2026-04-09 02:33:14 |     → ShapleyFlow (Path Sampling): 80 edges, 2 sources
2026-04-09 02:33:14 |     → Sampling 100 paths/source × 50 trials
2026-04-09 02:33:15 |     → Trial 1/50 completed (~997 evaluations)
2026-04-09 02:33:19 |     → Trial 10/50 completed (~1009 evaluations)
2026-04-09 02:33:24 |     → Trial 20/50 completed (~1011 evaluations)
2026-04-09 02:33:29 |     → Trial 30/50 completed (~990 evaluations)
2026-04-09 02:33:34 |     → Trial 40/50 completed (~1011 evaluations)
2026-04-09 02:33:39 |     → Trial 50/50 completed (~1018 evaluations)
2026-04-09 02:33:40 |     → Instance 80/100
2026-04-09 02:33:40 |     → ShapleyFlow (Path Sampling): 80 edges, 2 sources
2026-04-09 02:33:40 |     → Sampling 100 paths/source × 50 trials
2026-04-09 02:33:40 |     → Trial 1/50 completed (~1003 evaluations)
2026-04-09 02:33:45 |     → Trial 10/50 completed (~968 evaluations)
2026-04-09 02:33:50 |     → Trial 20/50 completed (~998 evaluations)
2026-04-09 02:33:55 |     → Trial 30/50 completed (~1013 evaluations)
2026-04-09 02:34:00 |     → Trial 40/50 completed (~1016 evaluations)
2026-04-09 02:34:04 |     → Trial 50/50 completed (~1013 evaluations)
2026-04-09 02:34:04 |     → Instance 81/100
2026-04-09 02:34:04 |     → ShapleyFlow (Path Sampling): 80 edges, 2 sources
2026-04-09 02:34:04 |     → Sampling 100 paths/source × 50 trials
2026-04-09 02:34:05 |     → Trial 1/50 completed (~997 evaluations)
2026-04-09 02:34:09 |     → Trial 10/50 completed (~997 evaluations)
2026-04-09 02:34:14 |     → Trial 20/50 completed (~1009 evaluations)
2026-04-09 02:34:20 |     → Trial 30/50 completed (~1038 evaluations)
2026-04-09 02:34:25 |     → Trial 40/50 completed (~986 evaluations)
2026-04-09 02:34:30 |     → Trial 50/50 completed (~1045 evaluations)
2026-04-09 02:34:30 |     → Instance 82/100
2026-04-09 02:34:30 |     → ShapleyFlow (Path Sampling): 80 edges, 2 sources
2026-04-09 02:34:30 |     → Sampling 100 paths/source × 50 trials
2026-04-09 02:34:30 |     → Trial 1/50 completed (~1009 evaluations)
2026-04-09 02:34:35 |     → Trial 10/50 completed (~1015 evaluations)
2026-04-09 02:34:40 |     → Trial 20/50 completed (~1012 evaluations)
2026-04-09 02:34:45 |     → Trial 30/50 completed (~1042 evaluations)
2026-04-09 02:34:50 |     → Trial 40/50 completed (~1049 evaluations)
2026-04-09 02:34:55 |     → Trial 50/50 completed (~1004 evaluations)
2026-04-09 02:34:55 |     → Instance 83/100
2026-04-09 02:34:55 |     → ShapleyFlow (Path Sampling): 80 edges, 2 sources
2026-04-09 02:34:55 |     → Sampling 100 paths/source × 50 trials
2026-04-09 02:34:55 |     → Trial 1/50 completed (~1017 evaluations)
2026-04-09 02:35:00 |     → Trial 10/50 completed (~1026 evaluations)
2026-04-09 02:35:05 |     → Trial 20/50 completed (~993 evaluations)
2026-04-09 02:35:10 |     → Trial 30/50 completed (~1026 evaluations)
2026-04-09 02:35:15 |     → Trial 40/50 completed (~1021 evaluations)
2026-04-09 02:35:20 |     → Trial 50/50 completed (~1002 evaluations)
2026-04-09 02:35:20 |     → Instance 84/100
2026-04-09 02:35:20 |     → ShapleyFlow (Path Sampling): 80 edges, 2 sources
2026-04-09 02:35:20 |     → Sampling 100 paths/source × 50 trials
2026-04-09 02:35:20 |     → Trial 1/50 completed (~1029 evaluations)
2026-04-09 02:35:25 |     → Trial 10/50 completed (~1048 evaluations)
2026-04-09 02:35:30 |     → Trial 20/50 completed (~1027 evaluations)
2026-04-09 02:35:35 |     → Trial 30/50 completed (~1031 evaluations)
2026-04-09 02:35:40 |     → Trial 40/50 completed (~1036 evaluations)
2026-04-09 02:35:45 |     → Trial 50/50 completed (~1018 evaluations)
2026-04-09 02:35:45 |     → Instance 85/100
2026-04-09 02:35:45 |     → ShapleyFlow (Path Sampling): 80 edges, 2 sources
2026-04-09 02:35:45 |     → Sampling 100 paths/source × 50 trials
2026-04-09 02:35:45 |     → Trial 1/50 completed (~1024 evaluations)
2026-04-09 02:35:50 |     → Trial 10/50 completed (~1041 evaluations)
2026-04-09 02:35:55 |     → Trial 20/50 completed (~1016 evaluations)
2026-04-09 02:36:00 |     → Trial 30/50 completed (~1017 evaluations)
2026-04-09 02:36:05 |     → Trial 40/50 completed (~985 evaluations)
2026-04-09 02:36:10 |     → Trial 50/50 completed (~1022 evaluations)
2026-04-09 02:36:10 |     → Instance 86/100
2026-04-09 02:36:10 |     → ShapleyFlow (Path Sampling): 80 edges, 2 sources
2026-04-09 02:36:10 |     → Sampling 100 paths/source × 50 trials
2026-04-09 02:36:10 |     → Trial 1/50 completed (~1029 evaluations)
2026-04-09 02:36:15 |     → Trial 10/50 completed (~1050 evaluations)
2026-04-09 02:36:20 |     → Trial 20/50 completed (~1015 evaluations)
2026-04-09 02:36:25 |     → Trial 30/50 completed (~1035 evaluations)
2026-04-09 02:36:30 |     → Trial 40/50 completed (~988 evaluations)
2026-04-09 02:36:35 |     → Trial 50/50 completed (~1012 evaluations)
2026-04-09 02:36:35 |     → Instance 87/100
2026-04-09 02:36:35 |     → ShapleyFlow (Path Sampling): 80 edges, 2 sources
2026-04-09 02:36:35 |     → Sampling 100 paths/source × 50 trials
2026-04-09 02:36:35 |     → Trial 1/50 completed (~1036 evaluations)
2026-04-09 02:36:40 |     → Trial 10/50 completed (~1034 evaluations)
2026-04-09 02:36:45 |     → Trial 20/50 completed (~1012 evaluations)
2026-04-09 02:36:50 |     → Trial 30/50 completed (~994 evaluations)
2026-04-09 02:36:55 |     → Trial 40/50 completed (~1028 evaluations)
2026-04-09 02:37:00 |     → Trial 50/50 completed (~986 evaluations)
2026-04-09 02:37:00 |     → Instance 88/100
2026-04-09 02:37:00 |     → ShapleyFlow (Path Sampling): 80 edges, 2 sources
2026-04-09 02:37:00 |     → Sampling 100 paths/source × 50 trials
2026-04-09 02:37:00 |     → Trial 1/50 completed (~980 evaluations)
2026-04-09 02:37:05 |     → Trial 10/50 completed (~1024 evaluations)
2026-04-09 02:37:10 |     → Trial 20/50 completed (~1008 evaluations)
2026-04-09 02:37:15 |     → Trial 30/50 completed (~1012 evaluations)
2026-04-09 02:37:20 |     → Trial 40/50 completed (~1024 evaluations)
2026-04-09 02:37:25 |     → Trial 50/50 completed (~1059 evaluations)
2026-04-09 02:37:25 |     → Instance 89/100
2026-04-09 02:37:25 |     → ShapleyFlow (Path Sampling): 80 edges, 2 sources
2026-04-09 02:37:25 |     → Sampling 100 paths/source × 50 trials
2026-04-09 02:37:25 |     → Trial 1/50 completed (~1016 evaluations)
2026-04-09 02:37:30 |     → Trial 10/50 completed (~1034 evaluations)
2026-04-09 02:37:35 |     → Trial 20/50 completed (~1003 evaluations)
2026-04-09 02:37:40 |     → Trial 30/50 completed (~991 evaluations)
2026-04-09 02:37:45 |     → Trial 40/50 completed (~1010 evaluations)
2026-04-09 02:37:50 |     → Trial 50/50 completed (~1008 evaluations)
2026-04-09 02:37:50 |     → Instance 90/100
2026-04-09 02:37:50 |     → ShapleyFlow (Path Sampling): 80 edges, 2 sources
2026-04-09 02:37:50 |     → Sampling 100 paths/source × 50 trials
2026-04-09 02:37:51 |     → Trial 1/50 completed (~1006 evaluations)
2026-04-09 02:37:55 |     → Trial 10/50 completed (~994 evaluations)
2026-04-09 02:38:00 |     → Trial 20/50 completed (~1028 evaluations)
2026-04-09 02:38:05 |     → Trial 30/50 completed (~1018 evaluations)
2026-04-09 02:38:10 |     → Trial 40/50 completed (~1025 evaluations)
2026-04-09 02:38:15 |     → Trial 50/50 completed (~986 evaluations)
2026-04-09 02:38:15 |     → Instance 91/100
2026-04-09 02:38:15 |     → ShapleyFlow (Path Sampling): 80 edges, 2 sources
2026-04-09 02:38:15 |     → Sampling 100 paths/source × 50 trials
2026-04-09 02:38:16 |     → Trial 1/50 completed (~1018 evaluations)
2026-04-09 02:38:20 |     → Trial 10/50 completed (~1028 evaluations)
2026-04-09 02:38:25 |     → Trial 20/50 completed (~997 evaluations)
2026-04-09 02:38:30 |     → Trial 30/50 completed (~1000 evaluations)
2026-04-09 02:38:35 |     → Trial 40/50 completed (~996 evaluations)
2026-04-09 02:38:40 |     → Trial 50/50 completed (~1021 evaluations)
2026-04-09 02:38:40 |     → Instance 92/100
2026-04-09 02:38:40 |     → ShapleyFlow (Path Sampling): 80 edges, 2 sources
2026-04-09 02:38:40 |     → Sampling 100 paths/source × 50 trials
2026-04-09 02:38:41 |     → Trial 1/50 completed (~1034 evaluations)
2026-04-09 02:38:45 |     → Trial 10/50 completed (~1006 evaluations)
2026-04-09 02:38:50 |     → Trial 20/50 completed (~966 evaluations)
2026-04-09 02:38:55 |     → Trial 30/50 completed (~1023 evaluations)
2026-04-09 02:39:00 |     → Trial 40/50 completed (~1033 evaluations)
2026-04-09 02:39:05 |     → Trial 50/50 completed (~998 evaluations)
2026-04-09 02:39:05 |     → Instance 93/100
2026-04-09 02:39:05 |     → ShapleyFlow (Path Sampling): 80 edges, 2 sources
2026-04-09 02:39:05 |     → Sampling 100 paths/source × 50 trials
2026-04-09 02:39:06 |     → Trial 1/50 completed (~990 evaluations)
2026-04-09 02:39:10 |     → Trial 10/50 completed (~1004 evaluations)
2026-04-09 02:39:15 |     → Trial 20/50 completed (~1027 evaluations)
2026-04-09 02:39:20 |     → Trial 30/50 completed (~994 evaluations)
2026-04-09 02:39:25 |     → Trial 40/50 completed (~1045 evaluations)
2026-04-09 02:39:30 |     → Trial 50/50 completed (~1041 evaluations)
2026-04-09 02:39:30 |     → Instance 94/100
2026-04-09 02:39:30 |     → ShapleyFlow (Path Sampling): 80 edges, 2 sources
2026-04-09 02:39:30 |     → Sampling 100 paths/source × 50 trials
2026-04-09 02:39:31 |     → Trial 1/50 completed (~1008 evaluations)
2026-04-09 02:39:35 |     → Trial 10/50 completed (~1012 evaluations)
2026-04-09 02:39:40 |     → Trial 20/50 completed (~1008 evaluations)
2026-04-09 02:39:45 |     → Trial 30/50 completed (~1019 evaluations)
2026-04-09 02:39:50 |     → Trial 40/50 completed (~1005 evaluations)
2026-04-09 02:39:55 |     → Trial 50/50 completed (~1015 evaluations)
2026-04-09 02:39:55 |     → Instance 95/100
2026-04-09 02:39:55 |     → ShapleyFlow (Path Sampling): 80 edges, 2 sources
2026-04-09 02:39:55 |     → Sampling 100 paths/source × 50 trials
2026-04-09 02:39:56 |     → Trial 1/50 completed (~1008 evaluations)
2026-04-09 02:40:00 |     → Trial 10/50 completed (~981 evaluations)
2026-04-09 02:40:05 |     → Trial 20/50 completed (~1013 evaluations)
2026-04-09 02:40:10 |     → Trial 30/50 completed (~1008 evaluations)
2026-04-09 02:40:15 |     → Trial 40/50 completed (~994 evaluations)
2026-04-09 02:40:20 |     → Trial 50/50 completed (~1008 evaluations)
2026-04-09 02:40:20 |     → Instance 96/100
2026-04-09 02:40:20 |     → ShapleyFlow (Path Sampling): 80 edges, 2 sources
2026-04-09 02:40:20 |     → Sampling 100 paths/source × 50 trials
2026-04-09 02:40:21 |     → Trial 1/50 completed (~1041 evaluations)
2026-04-09 02:40:25 |     → Trial 10/50 completed (~1055 evaluations)
2026-04-09 02:40:30 |     → Trial 20/50 completed (~1024 evaluations)
2026-04-09 02:40:35 |     → Trial 30/50 completed (~1023 evaluations)
2026-04-09 02:40:40 |     → Trial 40/50 completed (~998 evaluations)
2026-04-09 02:40:45 |     → Trial 50/50 completed (~990 evaluations)
2026-04-09 02:40:45 |     → Instance 97/100
2026-04-09 02:40:45 |     → ShapleyFlow (Path Sampling): 80 edges, 2 sources
2026-04-09 02:40:45 |     → Sampling 100 paths/source × 50 trials
2026-04-09 02:40:46 |     → Trial 1/50 completed (~981 evaluations)
2026-04-09 02:40:50 |     → Trial 10/50 completed (~1005 evaluations)
2026-04-09 02:40:55 |     → Trial 20/50 completed (~1050 evaluations)
2026-04-09 02:41:00 |     → Trial 30/50 completed (~1009 evaluations)
2026-04-09 02:41:05 |     → Trial 40/50 completed (~1030 evaluations)
2026-04-09 02:41:10 |     → Trial 50/50 completed (~1008 evaluations)
2026-04-09 02:41:10 |     → Instance 98/100
2026-04-09 02:41:10 |     → ShapleyFlow (Path Sampling): 80 edges, 2 sources
2026-04-09 02:41:10 |     → Sampling 100 paths/source × 50 trials
2026-04-09 02:41:11 |     → Trial 1/50 completed (~998 evaluations)
2026-04-09 02:41:15 |     → Trial 10/50 completed (~990 evaluations)
2026-04-09 02:41:20 |     → Trial 20/50 completed (~1022 evaluations)
2026-04-09 02:41:25 |     → Trial 30/50 completed (~1041 evaluations)
2026-04-09 02:41:30 |     → Trial 40/50 completed (~1008 evaluations)
2026-04-09 02:41:35 |     → Trial 50/50 completed (~1045 evaluations)
2026-04-09 02:41:35 |     → Instance 99/100
2026-04-09 02:41:35 |     → ShapleyFlow (Path Sampling): 80 edges, 2 sources
2026-04-09 02:41:35 |     → Sampling 100 paths/source × 50 trials
2026-04-09 02:41:36 |     → Trial 1/50 completed (~999 evaluations)
2026-04-09 02:41:40 |     → Trial 10/50 completed (~979 evaluations)
2026-04-09 02:41:45 |     → Trial 20/50 completed (~1007 evaluations)
2026-04-09 02:41:50 |     → Trial 30/50 completed (~1068 evaluations)
2026-04-09 02:41:55 |     → Trial 40/50 completed (~1007 evaluations)
2026-04-09 02:42:00 |     → Trial 50/50 completed (~971 evaluations)
2026-04-09 02:42:00 |     → Instance 100/100
2026-04-09 02:42:00 |     → ShapleyFlow (Path Sampling): 80 edges, 2 sources
2026-04-09 02:42:00 |     → Sampling 100 paths/source × 50 trials
2026-04-09 02:42:01 |     → Trial 1/50 completed (~986 evaluations)
2026-04-09 02:42:05 |     → Trial 10/50 completed (~993 evaluations)
2026-04-09 02:42:10 |     → Trial 20/50 completed (~1018 evaluations)
2026-04-09 02:42:15 |     → Trial 30/50 completed (~997 evaluations)
2026-04-09 02:42:20 |     → Trial 40/50 completed (~1039 evaluations)
2026-04-09 02:42:25 |     → Trial 50/50 completed (~1020 evaluations)
2026-04-09 02:42:25 |     → All instances completed
2026-04-09 02:42:25 |   [Progress: 5/7] LGBM + LINGAM - AsymmetricShapley
2026-04-09 02:44:31 |   [Progress: 6/7] LGBM + LINGAM - CausalShapley (SLOW - uses 10 inner samples)
2026-04-09 03:08:23 |   [Progress: 7/7] LGBM + LINGAM - ShapleyFlow
2026-04-09 03:08:23 |     → ShapleyFlowWrapper: 51 features, 238 edges, 5 sources
2026-04-09 03:08:23 |     → Computing Shapley Flow for 100 instances...
2026-04-09 03:08:23 |     → Instance 1/100
2026-04-09 03:08:23 |     → ShapleyFlow (Path Sampling): 238 edges, 5 sources
2026-04-09 03:08:23 |     → Sampling 100 paths/source × 50 trials
2026-04-09 03:08:24 |     → Trial 1/50 completed (~2890 evaluations)
2026-04-09 03:08:37 |     → Trial 10/50 completed (~2996 evaluations)
2026-04-09 03:08:52 |     → Trial 20/50 completed (~3016 evaluations)
2026-04-09 03:09:06 |     → Trial 30/50 completed (~2971 evaluations)
2026-04-09 03:09:21 |     → Trial 40/50 completed (~3005 evaluations)
2026-04-09 03:09:36 |     → Trial 50/50 completed (~2875 evaluations)
2026-04-09 03:09:36 |     → Instance 2/100
2026-04-09 03:09:36 |     → ShapleyFlow (Path Sampling): 238 edges, 5 sources
2026-04-09 03:09:36 |     → Sampling 100 paths/source × 50 trials
2026-04-09 03:09:37 |     → Trial 1/50 completed (~2977 evaluations)
2026-04-09 03:09:50 |     → Trial 10/50 completed (~2910 evaluations)
2026-04-09 03:10:05 |     → Trial 20/50 completed (~3036 evaluations)
2026-04-09 03:10:20 |     → Trial 30/50 completed (~2985 evaluations)
2026-04-09 03:10:34 |     → Trial 40/50 completed (~2950 evaluations)
2026-04-09 03:10:49 |     → Trial 50/50 completed (~3016 evaluations)
2026-04-09 03:10:49 |     → Instance 3/100
2026-04-09 03:10:49 |     → ShapleyFlow (Path Sampling): 238 edges, 5 sources
2026-04-09 03:10:49 |     → Sampling 100 paths/source × 50 trials
2026-04-09 03:10:50 |     → Trial 1/50 completed (~2991 evaluations)
2026-04-09 03:11:04 |     → Trial 10/50 completed (~2981 evaluations)
2026-04-09 03:11:18 |     → Trial 20/50 completed (~2962 evaluations)
2026-04-09 03:11:33 |     → Trial 30/50 completed (~2920 evaluations)
2026-04-09 03:11:48 |     → Trial 40/50 completed (~2969 evaluations)
2026-04-09 03:12:02 |     → Trial 50/50 completed (~3060 evaluations)
2026-04-09 03:12:02 |     → Instance 4/100
2026-04-09 03:12:02 |     → ShapleyFlow (Path Sampling): 238 edges, 5 sources
2026-04-09 03:12:02 |     → Sampling 100 paths/source × 50 trials
2026-04-09 03:12:04 |     → Trial 1/50 completed (~2980 evaluations)
2026-04-09 03:12:17 |     → Trial 10/50 completed (~2976 evaluations)
2026-04-09 03:12:32 |     → Trial 20/50 completed (~2934 evaluations)
2026-04-09 03:12:46 |     → Trial 30/50 completed (~2995 evaluations)
2026-04-09 03:13:01 |     → Trial 40/50 completed (~2964 evaluations)
2026-04-09 03:13:16 |     → Trial 50/50 completed (~3030 evaluations)
2026-04-09 03:13:16 |     → Instance 5/100
2026-04-09 03:13:16 |     → ShapleyFlow (Path Sampling): 238 edges, 5 sources
2026-04-09 03:13:16 |     → Sampling 100 paths/source × 50 trials
2026-04-09 03:13:17 |     → Trial 1/50 completed (~2925 evaluations)
2026-04-09 03:13:30 |     → Trial 10/50 completed (~2954 evaluations)
2026-04-09 03:13:45 |     → Trial 20/50 completed (~2971 evaluations)
2026-04-09 03:14:00 |     → Trial 30/50 completed (~2984 evaluations)
2026-04-09 03:14:14 |     → Trial 40/50 completed (~2958 evaluations)
2026-04-09 03:14:29 |     → Trial 50/50 completed (~2928 evaluations)
2026-04-09 03:14:29 |     → Instance 6/100
2026-04-09 03:14:29 |     → ShapleyFlow (Path Sampling): 238 edges, 5 sources
2026-04-09 03:14:29 |     → Sampling 100 paths/source × 50 trials
2026-04-09 03:14:30 |     → Trial 1/50 completed (~2889 evaluations)
2026-04-09 03:14:44 |     → Trial 10/50 completed (~2941 evaluations)
2026-04-09 03:14:58 |     → Trial 20/50 completed (~2938 evaluations)
2026-04-09 03:15:13 |     → Trial 30/50 completed (~3009 evaluations)
2026-04-09 03:15:28 |     → Trial 40/50 completed (~2863 evaluations)
2026-04-09 03:15:42 |     → Trial 50/50 completed (~2918 evaluations)
2026-04-09 03:15:42 |     → Instance 7/100
2026-04-09 03:15:42 |     → ShapleyFlow (Path Sampling): 238 edges, 5 sources
2026-04-09 03:15:42 |     → Sampling 100 paths/source × 50 trials
2026-04-09 03:15:44 |     → Trial 1/50 completed (~2901 evaluations)
2026-04-09 03:15:57 |     → Trial 10/50 completed (~2963 evaluations)
2026-04-09 03:16:12 |     → Trial 20/50 completed (~2978 evaluations)
2026-04-09 03:16:27 |     → Trial 30/50 completed (~2946 evaluations)
2026-04-09 03:16:41 |     → Trial 40/50 completed (~2988 evaluations)
2026-04-09 03:16:56 |     → Trial 50/50 completed (~3029 evaluations)
2026-04-09 03:16:56 |     → Instance 8/100
2026-04-09 03:16:56 |     → ShapleyFlow (Path Sampling): 238 edges, 5 sources
2026-04-09 03:16:56 |     → Sampling 100 paths/source × 50 trials
2026-04-09 03:16:58 |     → Trial 1/50 completed (~2989 evaluations)
2026-04-09 03:17:11 |     → Trial 10/50 completed (~2991 evaluations)
2026-04-09 03:17:26 |     → Trial 20/50 completed (~3030 evaluations)
2026-04-09 03:17:40 |     → Trial 30/50 completed (~2975 evaluations)
2026-04-09 03:17:55 |     → Trial 40/50 completed (~3023 evaluations)
2026-04-09 03:18:10 |     → Trial 50/50 completed (~2944 evaluations)
2026-04-09 03:18:10 |     → Instance 9/100
2026-04-09 03:18:10 |     → ShapleyFlow (Path Sampling): 238 edges, 5 sources
2026-04-09 03:18:10 |     → Sampling 100 paths/source × 50 trials
2026-04-09 03:18:11 |     → Trial 1/50 completed (~2968 evaluations)
2026-04-09 03:18:24 |     → Trial 10/50 completed (~2937 evaluations)
2026-04-09 03:18:39 |     → Trial 20/50 completed (~2906 evaluations)
2026-04-09 03:18:54 |     → Trial 30/50 completed (~2966 evaluations)
2026-04-09 03:19:08 |     → Trial 40/50 completed (~2997 evaluations)
2026-04-09 03:19:23 |     → Trial 50/50 completed (~2969 evaluations)
2026-04-09 03:19:23 |     → Instance 10/100
2026-04-09 03:19:23 |     → ShapleyFlow (Path Sampling): 238 edges, 5 sources
2026-04-09 03:19:23 |     → Sampling 100 paths/source × 50 trials
2026-04-09 03:19:25 |     → Trial 1/50 completed (~3022 evaluations)
2026-04-09 03:19:38 |     → Trial 10/50 completed (~2956 evaluations)
2026-04-09 03:19:53 |     → Trial 20/50 completed (~3021 evaluations)
2026-04-09 03:20:08 |     → Trial 30/50 completed (~3029 evaluations)
2026-04-09 03:20:22 |     → Trial 40/50 completed (~2963 evaluations)
2026-04-09 03:20:37 |     → Trial 50/50 completed (~2934 evaluations)
2026-04-09 03:20:37 |     → Instance 11/100
2026-04-09 03:20:37 |     → ShapleyFlow (Path Sampling): 238 edges, 5 sources
2026-04-09 03:20:37 |     → Sampling 100 paths/source × 50 trials
2026-04-09 03:20:39 |     → Trial 1/50 completed (~2999 evaluations)
2026-04-09 03:20:52 |     → Trial 10/50 completed (~2959 evaluations)
2026-04-09 03:21:07 |     → Trial 20/50 completed (~3071 evaluations)
2026-04-09 03:21:21 |     → Trial 30/50 completed (~2963 evaluations)
2026-04-09 03:21:36 |     → Trial 40/50 completed (~2977 evaluations)
2026-04-09 03:21:51 |     → Trial 50/50 completed (~2994 evaluations)
2026-04-09 03:21:51 |     → Instance 12/100
2026-04-09 03:21:51 |     → ShapleyFlow (Path Sampling): 238 edges, 5 sources
2026-04-09 03:21:51 |     → Sampling 100 paths/source × 50 trials
2026-04-09 03:21:53 |     → Trial 1/50 completed (~2917 evaluations)
2026-04-09 03:22:06 |     → Trial 10/50 completed (~2891 evaluations)
2026-04-09 03:22:21 |     → Trial 20/50 completed (~2954 evaluations)
2026-04-09 03:22:35 |     → Trial 30/50 completed (~2963 evaluations)
2026-04-09 03:22:50 |     → Trial 40/50 completed (~2930 evaluations)
2026-04-09 03:23:05 |     → Trial 50/50 completed (~2973 evaluations)
2026-04-09 03:23:05 |     → Instance 13/100
2026-04-09 03:23:05 |     → ShapleyFlow (Path Sampling): 238 edges, 5 sources
2026-04-09 03:23:05 |     → Sampling 100 paths/source × 50 trials
2026-04-09 03:23:06 |     → Trial 1/50 completed (~2907 evaluations)
2026-04-09 03:23:19 |     → Trial 10/50 completed (~2997 evaluations)
2026-04-09 03:23:34 |     → Trial 20/50 completed (~3067 evaluations)
2026-04-09 03:23:49 |     → Trial 30/50 completed (~3030 evaluations)
2026-04-09 03:24:04 |     → Trial 40/50 completed (~2971 evaluations)
2026-04-09 03:24:18 |     → Trial 50/50 completed (~2945 evaluations)
2026-04-09 03:24:18 |     → Instance 14/100
2026-04-09 03:24:18 |     → ShapleyFlow (Path Sampling): 238 edges, 5 sources
2026-04-09 03:24:18 |     → Sampling 100 paths/source × 50 trials
2026-04-09 03:24:20 |     → Trial 1/50 completed (~3087 evaluations)
2026-04-09 03:24:33 |     → Trial 10/50 completed (~3034 evaluations)
2026-04-09 03:24:48 |     → Trial 20/50 completed (~3001 evaluations)
2026-04-09 03:25:03 |     → Trial 30/50 completed (~3002 evaluations)
2026-04-09 03:25:17 |     → Trial 40/50 completed (~2980 evaluations)
2026-04-09 03:25:32 |     → Trial 50/50 completed (~2951 evaluations)
2026-04-09 03:25:32 |     → Instance 15/100
2026-04-09 03:25:32 |     → ShapleyFlow (Path Sampling): 238 edges, 5 sources
2026-04-09 03:25:32 |     → Sampling 100 paths/source × 50 trials
2026-04-09 03:25:34 |     → Trial 1/50 completed (~3022 evaluations)
2026-04-09 03:25:47 |     → Trial 10/50 completed (~2964 evaluations)
2026-04-09 03:26:02 |     → Trial 20/50 completed (~2930 evaluations)
2026-04-09 03:26:17 |     → Trial 30/50 completed (~2996 evaluations)
2026-04-09 03:26:31 |     → Trial 40/50 completed (~3043 evaluations)
2026-04-09 03:26:46 |     → Trial 50/50 completed (~2887 evaluations)
2026-04-09 03:26:46 |     → Instance 16/100
2026-04-09 03:26:46 |     → ShapleyFlow (Path Sampling): 238 edges, 5 sources
2026-04-09 03:26:46 |     → Sampling 100 paths/source × 50 trials
2026-04-09 03:26:48 |     → Trial 1/50 completed (~3041 evaluations)
2026-04-09 03:27:01 |     → Trial 10/50 completed (~2937 evaluations)
2026-04-09 03:27:16 |     → Trial 20/50 completed (~2998 evaluations)
2026-04-09 03:27:30 |     → Trial 30/50 completed (~2916 evaluations)
2026-04-09 03:27:45 |     → Trial 40/50 completed (~2976 evaluations)
2026-04-09 03:28:00 |     → Trial 50/50 completed (~2964 evaluations)
2026-04-09 03:28:00 |     → Instance 17/100
2026-04-09 03:28:00 |     → ShapleyFlow (Path Sampling): 238 edges, 5 sources
2026-04-09 03:28:00 |     → Sampling 100 paths/source × 50 trials
2026-04-09 03:28:01 |     → Trial 1/50 completed (~2985 evaluations)
2026-04-09 03:28:15 |     → Trial 10/50 completed (~2938 evaluations)
2026-04-09 03:28:29 |     → Trial 20/50 completed (~2995 evaluations)
2026-04-09 03:28:44 |     → Trial 30/50 completed (~2878 evaluations)
2026-04-09 03:28:59 |     → Trial 40/50 completed (~2963 evaluations)
2026-04-09 03:29:13 |     → Trial 50/50 completed (~2989 evaluations)
2026-04-09 03:29:13 |     → Instance 18/100
2026-04-09 03:29:13 |     → ShapleyFlow (Path Sampling): 238 edges, 5 sources
2026-04-09 03:29:13 |     → Sampling 100 paths/source × 50 trials
2026-04-09 03:29:15 |     → Trial 1/50 completed (~3010 evaluations)
2026-04-09 03:29:28 |     → Trial 10/50 completed (~2980 evaluations)
2026-04-09 03:29:43 |     → Trial 20/50 completed (~2958 evaluations)
2026-04-09 03:29:58 |     → Trial 30/50 completed (~2982 evaluations)
2026-04-09 03:30:12 |     → Trial 40/50 completed (~2983 evaluations)
2026-04-09 03:30:27 |     → Trial 50/50 completed (~2981 evaluations)
2026-04-09 03:30:27 |     → Instance 19/100
2026-04-09 03:30:27 |     → ShapleyFlow (Path Sampling): 238 edges, 5 sources
2026-04-09 03:30:27 |     → Sampling 100 paths/source × 50 trials
2026-04-09 03:30:28 |     → Trial 1/50 completed (~3065 evaluations)
2026-04-09 03:30:42 |     → Trial 10/50 completed (~2936 evaluations)
2026-04-09 03:30:56 |     → Trial 20/50 completed (~2942 evaluations)
2026-04-09 03:31:11 |     → Trial 30/50 completed (~2928 evaluations)
2026-04-09 03:31:26 |     → Trial 40/50 completed (~3014 evaluations)
2026-04-09 03:31:41 |     → Trial 50/50 completed (~3004 evaluations)
2026-04-09 03:31:41 |     → Instance 20/100
2026-04-09 03:31:41 |     → ShapleyFlow (Path Sampling): 238 edges, 5 sources
2026-04-09 03:31:41 |     → Sampling 100 paths/source × 50 trials
2026-04-09 03:31:42 |     → Trial 1/50 completed (~2923 evaluations)
2026-04-09 03:31:55 |     → Trial 10/50 completed (~3017 evaluations)
2026-04-09 03:32:10 |     → Trial 20/50 completed (~2996 evaluations)
2026-04-09 03:32:25 |     → Trial 30/50 completed (~3045 evaluations)
2026-04-09 03:32:40 |     → Trial 40/50 completed (~3002 evaluations)
2026-04-09 03:32:54 |     → Trial 50/50 completed (~2888 evaluations)
2026-04-09 03:32:54 |     → Instance 21/100
2026-04-09 03:32:54 |     → ShapleyFlow (Path Sampling): 238 edges, 5 sources
2026-04-09 03:32:54 |     → Sampling 100 paths/source × 50 trials
2026-04-09 03:32:56 |     → Trial 1/50 completed (~2830 evaluations)
2026-04-09 03:33:09 |     → Trial 10/50 completed (~2920 evaluations)
2026-04-09 03:33:24 |     → Trial 20/50 completed (~2931 evaluations)
2026-04-09 03:33:38 |     → Trial 30/50 completed (~2963 evaluations)
2026-04-09 03:33:53 |     → Trial 40/50 completed (~2928 evaluations)
2026-04-09 03:34:08 |     → Trial 50/50 completed (~2958 evaluations)
2026-04-09 03:34:08 |     → Instance 22/100
2026-04-09 03:34:08 |     → ShapleyFlow (Path Sampling): 238 edges, 5 sources
2026-04-09 03:34:08 |     → Sampling 100 paths/source × 50 trials
2026-04-09 03:34:09 |     → Trial 1/50 completed (~2977 evaluations)
2026-04-09 03:34:23 |     → Trial 10/50 completed (~3013 evaluations)
2026-04-09 03:34:37 |     → Trial 20/50 completed (~2890 evaluations)
2026-04-09 03:34:52 |     → Trial 30/50 completed (~2951 evaluations)
2026-04-09 03:35:07 |     → Trial 40/50 completed (~2996 evaluations)
2026-04-09 03:35:22 |     → Trial 50/50 completed (~2967 evaluations)
2026-04-09 03:35:22 |     → Instance 23/100
2026-04-09 03:35:22 |     → ShapleyFlow (Path Sampling): 238 edges, 5 sources
2026-04-09 03:35:22 |     → Sampling 100 paths/source × 50 trials
2026-04-09 03:35:23 |     → Trial 1/50 completed (~2903 evaluations)
2026-04-09 03:35:37 |     → Trial 10/50 completed (~2952 evaluations)
2026-04-09 03:35:51 |     → Trial 20/50 completed (~2992 evaluations)
2026-04-09 03:36:06 |     → Trial 30/50 completed (~2993 evaluations)
2026-04-09 03:36:21 |     → Trial 40/50 completed (~2919 evaluations)
2026-04-09 03:36:36 |     → Trial 50/50 completed (~2956 evaluations)
2026-04-09 03:36:36 |     → Instance 24/100
2026-04-09 03:36:36 |     → ShapleyFlow (Path Sampling): 238 edges, 5 sources
2026-04-09 03:36:36 |     → Sampling 100 paths/source × 50 trials
2026-04-09 03:36:37 |     → Trial 1/50 completed (~2997 evaluations)
2026-04-09 03:36:50 |     → Trial 10/50 completed (~2977 evaluations)
2026-04-09 03:37:05 |     → Trial 20/50 completed (~3015 evaluations)
2026-04-09 03:37:20 |     → Trial 30/50 completed (~2904 evaluations)
2026-04-09 03:37:35 |     → Trial 40/50 completed (~2947 evaluations)
2026-04-09 03:37:49 |     → Trial 50/50 completed (~2982 evaluations)
2026-04-09 03:37:49 |     → Instance 25/100
2026-04-09 03:37:49 |     → ShapleyFlow (Path Sampling): 238 edges, 5 sources
2026-04-09 03:37:49 |     → Sampling 100 paths/source × 50 trials
2026-04-09 03:37:51 |     → Trial 1/50 completed (~3014 evaluations)
2026-04-09 03:38:04 |     → Trial 10/50 completed (~3002 evaluations)
2026-04-09 03:38:19 |     → Trial 20/50 completed (~2969 evaluations)
2026-04-09 03:38:34 |     → Trial 30/50 completed (~2933 evaluations)
2026-04-09 03:38:48 |     → Trial 40/50 completed (~2945 evaluations)
2026-04-09 03:39:03 |     → Trial 50/50 completed (~2950 evaluations)
2026-04-09 03:39:03 |     → Instance 26/100
2026-04-09 03:39:03 |     → ShapleyFlow (Path Sampling): 238 edges, 5 sources
2026-04-09 03:39:03 |     → Sampling 100 paths/source × 50 trials
2026-04-09 03:39:05 |     → Trial 1/50 completed (~2999 evaluations)
2026-04-09 03:39:18 |     → Trial 10/50 completed (~2979 evaluations)
2026-04-09 03:39:33 |     → Trial 20/50 completed (~3024 evaluations)
2026-04-09 03:39:47 |     → Trial 30/50 completed (~2990 evaluations)
2026-04-09 03:40:02 |     → Trial 40/50 completed (~2929 evaluations)
2026-04-09 03:40:17 |     → Trial 50/50 completed (~2959 evaluations)
2026-04-09 03:40:17 |     → Instance 27/100
2026-04-09 03:40:17 |     → ShapleyFlow (Path Sampling): 238 edges, 5 sources
2026-04-09 03:40:17 |     → Sampling 100 paths/source × 50 trials
2026-04-09 03:40:18 |     → Trial 1/50 completed (~2958 evaluations)
2026-04-09 03:40:31 |     → Trial 10/50 completed (~2962 evaluations)
2026-04-09 03:40:46 |     → Trial 20/50 completed (~3026 evaluations)
2026-04-09 03:41:01 |     → Trial 30/50 completed (~2930 evaluations)
2026-04-09 03:41:16 |     → Trial 40/50 completed (~2953 evaluations)
2026-04-09 03:41:30 |     → Trial 50/50 completed (~2992 evaluations)
2026-04-09 03:41:30 |     → Instance 28/100
2026-04-09 03:41:30 |     → ShapleyFlow (Path Sampling): 238 edges, 5 sources
2026-04-09 03:41:30 |     → Sampling 100 paths/source × 50 trials
2026-04-09 03:41:32 |     → Trial 1/50 completed (~3040 evaluations)
2026-04-09 03:41:45 |     → Trial 10/50 completed (~3019 evaluations)
2026-04-09 03:42:00 |     → Trial 20/50 completed (~2990 evaluations)
2026-04-09 03:42:15 |     → Trial 30/50 completed (~2955 evaluations)
2026-04-09 03:42:30 |     → Trial 40/50 completed (~2945 evaluations)
2026-04-09 03:42:44 |     → Trial 50/50 completed (~2919 evaluations)
2026-04-09 03:42:44 |     → Instance 29/100
2026-04-09 03:42:44 |     → ShapleyFlow (Path Sampling): 238 edges, 5 sources
2026-04-09 03:42:44 |     → Sampling 100 paths/source × 50 trials
2026-04-09 03:42:46 |     → Trial 1/50 completed (~2956 evaluations)
2026-04-09 03:42:59 |     → Trial 10/50 completed (~3000 evaluations)
2026-04-09 03:43:14 |     → Trial 20/50 completed (~2994 evaluations)
2026-04-09 03:43:28 |     → Trial 30/50 completed (~2936 evaluations)
2026-04-09 03:43:43 |     → Trial 40/50 completed (~2931 evaluations)
2026-04-09 03:43:58 |     → Trial 50/50 completed (~2952 evaluations)
2026-04-09 03:43:58 |     → Instance 30/100
2026-04-09 03:43:58 |     → ShapleyFlow (Path Sampling): 238 edges, 5 sources
2026-04-09 03:43:58 |     → Sampling 100 paths/source × 50 trials
2026-04-09 03:44:00 |     → Trial 1/50 completed (~3037 evaluations)
2026-04-09 03:44:13 |     → Trial 10/50 completed (~2955 evaluations)
2026-04-09 03:44:28 |     → Trial 20/50 completed (~2982 evaluations)
2026-04-09 03:44:42 |     → Trial 30/50 completed (~3020 evaluations)
2026-04-09 03:44:57 |     → Trial 40/50 completed (~2879 evaluations)
2026-04-09 03:45:12 |     → Trial 50/50 completed (~2986 evaluations)
2026-04-09 03:45:12 |     → Instance 31/100
2026-04-09 03:45:12 |     → ShapleyFlow (Path Sampling): 238 edges, 5 sources
2026-04-09 03:45:12 |     → Sampling 100 paths/source × 50 trials
2026-04-09 03:45:13 |     → Trial 1/50 completed (~2931 evaluations)
2026-04-09 03:45:27 |     → Trial 10/50 completed (~3005 evaluations)
2026-04-09 03:45:41 |     → Trial 20/50 completed (~3033 evaluations)
2026-04-09 03:45:56 |     → Trial 30/50 completed (~2954 evaluations)
2026-04-09 03:46:11 |     → Trial 40/50 completed (~2946 evaluations)
2026-04-09 03:46:26 |     → Trial 50/50 completed (~3036 evaluations)
2026-04-09 03:46:26 |     → Instance 32/100
2026-04-09 03:46:26 |     → ShapleyFlow (Path Sampling): 238 edges, 5 sources
2026-04-09 03:46:26 |     → Sampling 100 paths/source × 50 trials
2026-04-09 03:46:27 |     → Trial 1/50 completed (~2943 evaluations)
2026-04-09 03:46:41 |     → Trial 10/50 completed (~3051 evaluations)
2026-04-09 03:46:55 |     → Trial 20/50 completed (~2918 evaluations)
2026-04-09 03:47:10 |     → Trial 30/50 completed (~2941 evaluations)
2026-04-09 03:47:25 |     → Trial 40/50 completed (~2972 evaluations)
2026-04-09 03:47:40 |     → Trial 50/50 completed (~2966 evaluations)
2026-04-09 03:47:40 |     → Instance 33/100
2026-04-09 03:47:40 |     → ShapleyFlow (Path Sampling): 238 edges, 5 sources
2026-04-09 03:47:40 |     → Sampling 100 paths/source × 50 trials
2026-04-09 03:47:41 |     → Trial 1/50 completed (~2955 evaluations)
2026-04-09 03:47:55 |     → Trial 10/50 completed (~3075 evaluations)
2026-04-09 03:48:09 |     → Trial 20/50 completed (~2981 evaluations)
2026-04-09 03:48:24 |     → Trial 30/50 completed (~3005 evaluations)
2026-04-09 03:48:39 |     → Trial 40/50 completed (~2970 evaluations)
2026-04-09 03:48:53 |     → Trial 50/50 completed (~2933 evaluations)
2026-04-09 03:48:53 |     → Instance 34/100
2026-04-09 03:48:53 |     → ShapleyFlow (Path Sampling): 238 edges, 5 sources
2026-04-09 03:48:53 |     → Sampling 100 paths/source × 50 trials
2026-04-09 03:48:55 |     → Trial 1/50 completed (~2919 evaluations)
2026-04-09 03:49:08 |     → Trial 10/50 completed (~2980 evaluations)
2026-04-09 03:49:23 |     → Trial 20/50 completed (~2902 evaluations)
2026-04-09 03:49:38 |     → Trial 30/50 completed (~2929 evaluations)
2026-04-09 03:49:53 |     → Trial 40/50 completed (~2981 evaluations)
2026-04-09 03:50:07 |     → Trial 50/50 completed (~2936 evaluations)
2026-04-09 03:50:07 |     → Instance 35/100
2026-04-09 03:50:07 |     → ShapleyFlow (Path Sampling): 238 edges, 5 sources
2026-04-09 03:50:07 |     → Sampling 100 paths/source × 50 trials
2026-04-09 03:50:09 |     → Trial 1/50 completed (~2945 evaluations)
2026-04-09 03:50:22 |     → Trial 10/50 completed (~2876 evaluations)
2026-04-09 03:50:37 |     → Trial 20/50 completed (~2980 evaluations)
2026-04-09 03:50:51 |     → Trial 30/50 completed (~2986 evaluations)
2026-04-09 03:51:06 |     → Trial 40/50 completed (~2938 evaluations)
2026-04-09 03:51:21 |     → Trial 50/50 completed (~2950 evaluations)
2026-04-09 03:51:21 |     → Instance 36/100
2026-04-09 03:51:21 |     → ShapleyFlow (Path Sampling): 238 edges, 5 sources
2026-04-09 03:51:21 |     → Sampling 100 paths/source × 50 trials
2026-04-09 03:51:22 |     → Trial 1/50 completed (~2926 evaluations)
2026-04-09 03:51:36 |     → Trial 10/50 completed (~2995 evaluations)
2026-04-09 03:51:50 |     → Trial 20/50 completed (~3007 evaluations)
2026-04-09 03:52:05 |     → Trial 30/50 completed (~2968 evaluations)
2026-04-09 03:52:20 |     → Trial 40/50 completed (~2979 evaluations)
2026-04-09 03:52:35 |     → Trial 50/50 completed (~2991 evaluations)
2026-04-09 03:52:35 |     → Instance 37/100
2026-04-09 03:52:35 |     → ShapleyFlow (Path Sampling): 238 edges, 5 sources
2026-04-09 03:52:35 |     → Sampling 100 paths/source × 50 trials
2026-04-09 03:52:36 |     → Trial 1/50 completed (~2971 evaluations)
2026-04-09 03:52:49 |     → Trial 10/50 completed (~2994 evaluations)
2026-04-09 03:53:04 |     → Trial 20/50 completed (~2929 evaluations)
2026-04-09 03:53:19 |     → Trial 30/50 completed (~2939 evaluations)
2026-04-09 03:53:33 |     → Trial 40/50 completed (~2973 evaluations)
2026-04-09 03:53:48 |     → Trial 50/50 completed (~2962 evaluations)
2026-04-09 03:53:48 |     → Instance 38/100
2026-04-09 03:53:48 |     → ShapleyFlow (Path Sampling): 238 edges, 5 sources
2026-04-09 03:53:48 |     → Sampling 100 paths/source × 50 trials
2026-04-09 03:53:50 |     → Trial 1/50 completed (~2892 evaluations)
2026-04-09 03:54:03 |     → Trial 10/50 completed (~2983 evaluations)
2026-04-09 03:54:18 |     → Trial 20/50 completed (~2958 evaluations)
2026-04-09 03:54:32 |     → Trial 30/50 completed (~3006 evaluations)
2026-04-09 03:54:47 |     → Trial 40/50 completed (~2967 evaluations)
2026-04-09 03:55:02 |     → Trial 50/50 completed (~3073 evaluations)
2026-04-09 03:55:02 |     → Instance 39/100
2026-04-09 03:55:02 |     → ShapleyFlow (Path Sampling): 238 edges, 5 sources
2026-04-09 03:55:02 |     → Sampling 100 paths/source × 50 trials
2026-04-09 03:55:04 |     → Trial 1/50 completed (~3000 evaluations)
2026-04-09 03:55:17 |     → Trial 10/50 completed (~3003 evaluations)
2026-04-09 03:55:31 |     → Trial 20/50 completed (~2981 evaluations)
2026-04-09 03:55:46 |     → Trial 30/50 completed (~2983 evaluations)
2026-04-09 03:56:01 |     → Trial 40/50 completed (~2980 evaluations)
2026-04-09 03:56:16 |     → Trial 50/50 completed (~2931 evaluations)
2026-04-09 03:56:16 |     → Instance 40/100
2026-04-09 03:56:16 |     → ShapleyFlow (Path Sampling): 238 edges, 5 sources
2026-04-09 03:56:16 |     → Sampling 100 paths/source × 50 trials
2026-04-09 03:56:17 |     → Trial 1/50 completed (~2994 evaluations)
2026-04-09 03:56:30 |     → Trial 10/50 completed (~2964 evaluations)
2026-04-09 03:56:45 |     → Trial 20/50 completed (~2992 evaluations)
2026-04-09 03:57:00 |     → Trial 30/50 completed (~3020 evaluations)
2026-04-09 03:57:15 |     → Trial 40/50 completed (~2980 evaluations)
2026-04-09 03:57:29 |     → Trial 50/50 completed (~3032 evaluations)
2026-04-09 03:57:29 |     → Instance 41/100
2026-04-09 03:57:29 |     → ShapleyFlow (Path Sampling): 238 edges, 5 sources
2026-04-09 03:57:29 |     → Sampling 100 paths/source × 50 trials
2026-04-09 03:57:31 |     → Trial 1/50 completed (~3001 evaluations)
2026-04-09 03:57:44 |     → Trial 10/50 completed (~3027 evaluations)
2026-04-09 03:57:59 |     → Trial 20/50 completed (~2954 evaluations)
2026-04-09 03:58:14 |     → Trial 30/50 completed (~3017 evaluations)
2026-04-09 03:58:29 |     → Trial 40/50 completed (~2956 evaluations)
2026-04-09 03:58:43 |     → Trial 50/50 completed (~2920 evaluations)
2026-04-09 03:58:43 |     → Instance 42/100
2026-04-09 03:58:43 |     → ShapleyFlow (Path Sampling): 238 edges, 5 sources
2026-04-09 03:58:43 |     → Sampling 100 paths/source × 50 trials
2026-04-09 03:58:45 |     → Trial 1/50 completed (~2933 evaluations)
2026-04-09 03:58:58 |     → Trial 10/50 completed (~3010 evaluations)
2026-04-09 03:59:13 |     → Trial 20/50 completed (~2959 evaluations)
2026-04-09 03:59:27 |     → Trial 30/50 completed (~2962 evaluations)
2026-04-09 03:59:42 |     → Trial 40/50 completed (~2967 evaluations)
2026-04-09 03:59:57 |     → Trial 50/50 completed (~2936 evaluations)
2026-04-09 03:59:57 |     → Instance 43/100
2026-04-09 03:59:57 |     → ShapleyFlow (Path Sampling): 238 edges, 5 sources
2026-04-09 03:59:57 |     → Sampling 100 paths/source × 50 trials
2026-04-09 03:59:59 |     → Trial 1/50 completed (~3033 evaluations)
2026-04-09 04:00:12 |     → Trial 10/50 completed (~2949 evaluations)
2026-04-09 04:00:27 |     → Trial 20/50 completed (~2918 evaluations)
2026-04-09 04:00:41 |     → Trial 30/50 completed (~2891 evaluations)
2026-04-09 04:00:56 |     → Trial 40/50 completed (~2915 evaluations)
2026-04-09 04:01:11 |     → Trial 50/50 completed (~2901 evaluations)
2026-04-09 04:01:11 |     → Instance 44/100
2026-04-09 04:01:11 |     → ShapleyFlow (Path Sampling): 238 edges, 5 sources
2026-04-09 04:01:11 |     → Sampling 100 paths/source × 50 trials
2026-04-09 04:01:12 |     → Trial 1/50 completed (~2987 evaluations)
2026-04-09 04:01:25 |     → Trial 10/50 completed (~2936 evaluations)
2026-04-09 04:01:40 |     → Trial 20/50 completed (~2935 evaluations)
2026-04-09 04:01:55 |     → Trial 30/50 completed (~2893 evaluations)
2026-04-09 04:02:10 |     → Trial 40/50 completed (~2997 evaluations)
2026-04-09 04:02:24 |     → Trial 50/50 completed (~2964 evaluations)
2026-04-09 04:02:24 |     → Instance 45/100
2026-04-09 04:02:24 |     → ShapleyFlow (Path Sampling): 238 edges, 5 sources
2026-04-09 04:02:24 |     → Sampling 100 paths/source × 50 trials
2026-04-09 04:02:26 |     → Trial 1/50 completed (~2923 evaluations)
2026-04-09 04:02:39 |     → Trial 10/50 completed (~2880 evaluations)
2026-04-09 04:02:54 |     → Trial 20/50 completed (~2979 evaluations)
2026-04-09 04:03:08 |     → Trial 30/50 completed (~2886 evaluations)
2026-04-09 04:03:23 |     → Trial 40/50 completed (~2965 evaluations)
2026-04-09 04:03:38 |     → Trial 50/50 completed (~3016 evaluations)
2026-04-09 04:03:38 |     → Instance 46/100
2026-04-09 04:03:38 |     → ShapleyFlow (Path Sampling): 238 edges, 5 sources
2026-04-09 04:03:38 |     → Sampling 100 paths/source × 50 trials
2026-04-09 04:03:39 |     → Trial 1/50 completed (~2979 evaluations)
2026-04-09 04:03:53 |     → Trial 10/50 completed (~2909 evaluations)
2026-04-09 04:04:07 |     → Trial 20/50 completed (~3027 evaluations)
2026-04-09 04:04:22 |     → Trial 30/50 completed (~3062 evaluations)
2026-04-09 04:04:37 |     → Trial 40/50 completed (~3005 evaluations)
2026-04-09 04:04:52 |     → Trial 50/50 completed (~3021 evaluations)
2026-04-09 04:04:52 |     → Instance 47/100
2026-04-09 04:04:52 |     → ShapleyFlow (Path Sampling): 238 edges, 5 sources
2026-04-09 04:04:52 |     → Sampling 100 paths/source × 50 trials
2026-04-09 04:04:53 |     → Trial 1/50 completed (~2993 evaluations)
2026-04-09 04:05:06 |     → Trial 10/50 completed (~2957 evaluations)
2026-04-09 04:05:21 |     → Trial 20/50 completed (~2972 evaluations)
2026-04-09 04:05:36 |     → Trial 30/50 completed (~2983 evaluations)
2026-04-09 04:05:51 |     → Trial 40/50 completed (~2948 evaluations)
2026-04-09 04:06:05 |     → Trial 50/50 completed (~2936 evaluations)
2026-04-09 04:06:06 |     → Instance 48/100
2026-04-09 04:06:06 |     → ShapleyFlow (Path Sampling): 238 edges, 5 sources
2026-04-09 04:06:06 |     → Sampling 100 paths/source × 50 trials
2026-04-09 04:06:07 |     → Trial 1/50 completed (~2941 evaluations)
2026-04-09 04:06:20 |     → Trial 10/50 completed (~3011 evaluations)
2026-04-09 04:06:35 |     → Trial 20/50 completed (~3009 evaluations)
2026-04-09 04:06:50 |     → Trial 30/50 completed (~2980 evaluations)
2026-04-09 04:07:04 |     → Trial 40/50 completed (~2964 evaluations)
2026-04-09 04:07:19 |     → Trial 50/50 completed (~2987 evaluations)
2026-04-09 04:07:19 |     → Instance 49/100
2026-04-09 04:07:19 |     → ShapleyFlow (Path Sampling): 238 edges, 5 sources
2026-04-09 04:07:19 |     → Sampling 100 paths/source × 50 trials
2026-04-09 04:07:21 |     → Trial 1/50 completed (~2970 evaluations)
2026-04-09 04:07:34 |     → Trial 10/50 completed (~2940 evaluations)
2026-04-09 04:07:49 |     → Trial 20/50 completed (~3056 evaluations)
2026-04-09 04:08:04 |     → Trial 30/50 completed (~3018 evaluations)
2026-04-09 04:08:19 |     → Trial 40/50 completed (~3073 evaluations)
2026-04-09 04:08:33 |     → Trial 50/50 completed (~2870 evaluations)
2026-04-09 04:08:33 |     → Instance 50/100
2026-04-09 04:08:33 |     → ShapleyFlow (Path Sampling): 238 edges, 5 sources
2026-04-09 04:08:33 |     → Sampling 100 paths/source × 50 trials
2026-04-09 04:08:35 |     → Trial 1/50 completed (~2966 evaluations)
2026-04-09 04:08:48 |     → Trial 10/50 completed (~3006 evaluations)
2026-04-09 04:09:03 |     → Trial 20/50 completed (~2952 evaluations)
2026-04-09 04:09:17 |     → Trial 30/50 completed (~3021 evaluations)
2026-04-09 04:09:32 |     → Trial 40/50 completed (~2919 evaluations)
2026-04-09 04:09:47 |     → Trial 50/50 completed (~2939 evaluations)
2026-04-09 04:09:47 |     → Instance 51/100
2026-04-09 04:09:47 |     → ShapleyFlow (Path Sampling): 238 edges, 5 sources
2026-04-09 04:09:47 |     → Sampling 100 paths/source × 50 trials
2026-04-09 04:09:48 |     → Trial 1/50 completed (~3023 evaluations)
2026-04-09 04:10:02 |     → Trial 10/50 completed (~2943 evaluations)
2026-04-09 04:10:16 |     → Trial 20/50 completed (~2932 evaluations)
2026-04-09 04:10:31 |     → Trial 30/50 completed (~2946 evaluations)
2026-04-09 04:10:46 |     → Trial 40/50 completed (~3079 evaluations)
2026-04-09 04:11:01 |     → Trial 50/50 completed (~2967 evaluations)
2026-04-09 04:11:01 |     → Instance 52/100
2026-04-09 04:11:01 |     → ShapleyFlow (Path Sampling): 238 edges, 5 sources
2026-04-09 04:11:01 |     → Sampling 100 paths/source × 50 trials
2026-04-09 04:11:02 |     → Trial 1/50 completed (~2999 evaluations)
2026-04-09 04:11:15 |     → Trial 10/50 completed (~2906 evaluations)
2026-04-09 04:11:30 |     → Trial 20/50 completed (~2950 evaluations)
2026-04-09 04:11:45 |     → Trial 30/50 completed (~2968 evaluations)
2026-04-09 04:11:59 |     → Trial 40/50 completed (~3001 evaluations)
2026-04-09 04:12:14 |     → Trial 50/50 completed (~2971 evaluations)
2026-04-09 04:12:14 |     → Instance 53/100
2026-04-09 04:12:14 |     → ShapleyFlow (Path Sampling): 238 edges, 5 sources
2026-04-09 04:12:14 |     → Sampling 100 paths/source × 50 trials
2026-04-09 04:12:16 |     → Trial 1/50 completed (~3051 evaluations)
2026-04-09 04:12:29 |     → Trial 10/50 completed (~2971 evaluations)
2026-04-09 04:12:44 |     → Trial 20/50 completed (~2955 evaluations)
2026-04-09 04:12:58 |     → Trial 30/50 completed (~2987 evaluations)
2026-04-09 04:13:13 |     → Trial 40/50 completed (~3021 evaluations)
2026-04-09 04:13:28 |     → Trial 50/50 completed (~3017 evaluations)
2026-04-09 04:13:28 |     → Instance 54/100
2026-04-09 04:13:28 |     → ShapleyFlow (Path Sampling): 238 edges, 5 sources
2026-04-09 04:13:28 |     → Sampling 100 paths/source × 50 trials
2026-04-09 04:13:29 |     → Trial 1/50 completed (~2906 evaluations)
2026-04-09 04:13:43 |     → Trial 10/50 completed (~3015 evaluations)
2026-04-09 04:13:57 |     → Trial 20/50 completed (~3001 evaluations)
2026-04-09 04:14:12 |     → Trial 30/50 completed (~2990 evaluations)
2026-04-09 04:14:27 |     → Trial 40/50 completed (~2929 evaluations)
2026-04-09 04:14:42 |     → Trial 50/50 completed (~2976 evaluations)
2026-04-09 04:14:42 |     → Instance 55/100
2026-04-09 04:14:42 |     → ShapleyFlow (Path Sampling): 238 edges, 5 sources
2026-04-09 04:14:42 |     → Sampling 100 paths/source × 50 trials
2026-04-09 04:14:43 |     → Trial 1/50 completed (~2930 evaluations)
2026-04-09 04:14:57 |     → Trial 10/50 completed (~3017 evaluations)
2026-04-09 04:15:11 |     → Trial 20/50 completed (~2891 evaluations)
2026-04-09 04:15:26 |     → Trial 30/50 completed (~3035 evaluations)
2026-04-09 04:15:41 |     → Trial 40/50 completed (~2977 evaluations)
2026-04-09 04:15:55 |     → Trial 50/50 completed (~3020 evaluations)
2026-04-09 04:15:55 |     → Instance 56/100
2026-04-09 04:15:55 |     → ShapleyFlow (Path Sampling): 238 edges, 5 sources
2026-04-09 04:15:55 |     → Sampling 100 paths/source × 50 trials
2026-04-09 04:15:57 |     → Trial 1/50 completed (~2981 evaluations)
2026-04-09 04:16:10 |     → Trial 10/50 completed (~3047 evaluations)
2026-04-09 04:16:25 |     → Trial 20/50 completed (~2967 evaluations)
2026-04-09 04:16:40 |     → Trial 30/50 completed (~2906 evaluations)
2026-04-09 04:16:54 |     → Trial 40/50 completed (~2967 evaluations)
2026-04-09 04:17:09 |     → Trial 50/50 completed (~2973 evaluations)
2026-04-09 04:17:09 |     → Instance 57/100
2026-04-09 04:17:09 |     → ShapleyFlow (Path Sampling): 238 edges, 5 sources
2026-04-09 04:17:09 |     → Sampling 100 paths/source × 50 trials
2026-04-09 04:17:11 |     → Trial 1/50 completed (~2988 evaluations)
2026-04-09 04:17:24 |     → Trial 10/50 completed (~2940 evaluations)
2026-04-09 04:17:39 |     → Trial 20/50 completed (~2913 evaluations)
2026-04-09 04:17:53 |     → Trial 30/50 completed (~2928 evaluations)
2026-04-09 04:18:08 |     → Trial 40/50 completed (~2959 evaluations)
2026-04-09 04:18:23 |     → Trial 50/50 completed (~2934 evaluations)
2026-04-09 04:18:23 |     → Instance 58/100
2026-04-09 04:18:23 |     → ShapleyFlow (Path Sampling): 238 edges, 5 sources
2026-04-09 04:18:23 |     → Sampling 100 paths/source × 50 trials
2026-04-09 04:18:24 |     → Trial 1/50 completed (~2994 evaluations)
2026-04-09 04:18:37 |     → Trial 10/50 completed (~2973 evaluations)
2026-04-09 04:18:52 |     → Trial 20/50 completed (~3027 evaluations)
2026-04-09 04:19:07 |     → Trial 30/50 completed (~3006 evaluations)
2026-04-09 04:19:22 |     → Trial 40/50 completed (~3023 evaluations)
2026-04-09 04:19:37 |     → Trial 50/50 completed (~3003 evaluations)
2026-04-09 04:19:37 |     → Instance 59/100
2026-04-09 04:19:37 |     → ShapleyFlow (Path Sampling): 238 edges, 5 sources
2026-04-09 04:19:37 |     → Sampling 100 paths/source × 50 trials
2026-04-09 04:19:38 |     → Trial 1/50 completed (~2988 evaluations)
2026-04-09 04:19:51 |     → Trial 10/50 completed (~2950 evaluations)
2026-04-09 04:20:06 |     → Trial 20/50 completed (~3044 evaluations)
2026-04-09 04:20:21 |     → Trial 30/50 completed (~2977 evaluations)
2026-04-09 04:20:36 |     → Trial 40/50 completed (~3007 evaluations)
2026-04-09 04:20:50 |     → Trial 50/50 completed (~2977 evaluations)
2026-04-09 04:20:50 |     → Instance 60/100
2026-04-09 04:20:50 |     → ShapleyFlow (Path Sampling): 238 edges, 5 sources
2026-04-09 04:20:50 |     → Sampling 100 paths/source × 50 trials
2026-04-09 04:20:52 |     → Trial 1/50 completed (~2920 evaluations)
2026-04-09 04:21:05 |     → Trial 10/50 completed (~2963 evaluations)
2026-04-09 04:21:20 |     → Trial 20/50 completed (~2967 evaluations)
2026-04-09 04:21:35 |     → Trial 30/50 completed (~3018 evaluations)
2026-04-09 04:21:49 |     → Trial 40/50 completed (~2959 evaluations)
2026-04-09 04:22:04 |     → Trial 50/50 completed (~2985 evaluations)
2026-04-09 04:22:04 |     → Instance 61/100
2026-04-09 04:22:04 |     → ShapleyFlow (Path Sampling): 238 edges, 5 sources
2026-04-09 04:22:04 |     → Sampling 100 paths/source × 50 trials
2026-04-09 04:22:06 |     → Trial 1/50 completed (~2956 evaluations)
2026-04-09 04:22:19 |     → Trial 10/50 completed (~3007 evaluations)
2026-04-09 04:22:34 |     → Trial 20/50 completed (~2979 evaluations)
2026-04-09 04:22:49 |     → Trial 30/50 completed (~2945 evaluations)
2026-04-09 04:23:03 |     → Trial 40/50 completed (~2973 evaluations)
2026-04-09 04:23:18 |     → Trial 50/50 completed (~3029 evaluations)
2026-04-09 04:23:18 |     → Instance 62/100
2026-04-09 04:23:18 |     → ShapleyFlow (Path Sampling): 238 edges, 5 sources
2026-04-09 04:23:18 |     → Sampling 100 paths/source × 50 trials
2026-04-09 04:23:20 |     → Trial 1/50 completed (~3002 evaluations)
2026-04-09 04:23:33 |     → Trial 10/50 completed (~2935 evaluations)
2026-04-09 04:23:47 |     → Trial 20/50 completed (~3005 evaluations)
2026-04-09 04:24:02 |     → Trial 30/50 completed (~2975 evaluations)
2026-04-09 04:24:17 |     → Trial 40/50 completed (~2947 evaluations)
2026-04-09 04:24:32 |     → Trial 50/50 completed (~2962 evaluations)
2026-04-09 04:24:32 |     → Instance 63/100
2026-04-09 04:24:32 |     → ShapleyFlow (Path Sampling): 238 edges, 5 sources
2026-04-09 04:24:32 |     → Sampling 100 paths/source × 50 trials
2026-04-09 04:24:33 |     → Trial 1/50 completed (~2997 evaluations)
2026-04-09 04:24:47 |     → Trial 10/50 completed (~3005 evaluations)
2026-04-09 04:25:01 |     → Trial 20/50 completed (~3119 evaluations)
2026-04-09 04:25:16 |     → Trial 30/50 completed (~2903 evaluations)
2026-04-09 04:25:31 |     → Trial 40/50 completed (~2950 evaluations)
2026-04-09 04:25:45 |     → Trial 50/50 completed (~3022 evaluations)
2026-04-09 04:25:45 |     → Instance 64/100
2026-04-09 04:25:45 |     → ShapleyFlow (Path Sampling): 238 edges, 5 sources
2026-04-09 04:25:45 |     → Sampling 100 paths/source × 50 trials
2026-04-09 04:25:47 |     → Trial 1/50 completed (~2992 evaluations)
2026-04-09 04:26:00 |     → Trial 10/50 completed (~2927 evaluations)
2026-04-09 04:26:14 |     → Trial 20/50 completed (~2912 evaluations)
2026-04-09 04:26:29 |     → Trial 30/50 completed (~2991 evaluations)
2026-04-09 04:26:44 |     → Trial 40/50 completed (~3033 evaluations)
2026-04-09 04:26:59 |     → Trial 50/50 completed (~2981 evaluations)
2026-04-09 04:26:59 |     → Instance 65/100
2026-04-09 04:26:59 |     → ShapleyFlow (Path Sampling): 238 edges, 5 sources
2026-04-09 04:26:59 |     → Sampling 100 paths/source × 50 trials
2026-04-09 04:27:00 |     → Trial 1/50 completed (~2967 evaluations)
2026-04-09 04:27:13 |     → Trial 10/50 completed (~2955 evaluations)
2026-04-09 04:27:28 |     → Trial 20/50 completed (~2951 evaluations)
2026-04-09 04:27:43 |     → Trial 30/50 completed (~2925 evaluations)
2026-04-09 04:27:58 |     → Trial 40/50 completed (~2990 evaluations)
2026-04-09 04:28:12 |     → Trial 50/50 completed (~2966 evaluations)
2026-04-09 04:28:12 |     → Instance 66/100
2026-04-09 04:28:12 |     → ShapleyFlow (Path Sampling): 238 edges, 5 sources
2026-04-09 04:28:12 |     → Sampling 100 paths/source × 50 trials
2026-04-09 04:28:14 |     → Trial 1/50 completed (~2953 evaluations)
2026-04-09 04:28:27 |     → Trial 10/50 completed (~2987 evaluations)
2026-04-09 04:28:42 |     → Trial 20/50 completed (~2963 evaluations)
2026-04-09 04:28:57 |     → Trial 30/50 completed (~3025 evaluations)
2026-04-09 04:29:11 |     → Trial 40/50 completed (~2953 evaluations)
2026-04-09 04:29:26 |     → Trial 50/50 completed (~3004 evaluations)
2026-04-09 04:29:26 |     → Instance 67/100
2026-04-09 04:29:26 |     → ShapleyFlow (Path Sampling): 238 edges, 5 sources
2026-04-09 04:29:26 |     → Sampling 100 paths/source × 50 trials
2026-04-09 04:29:28 |     → Trial 1/50 completed (~3070 evaluations)
2026-04-09 04:29:41 |     → Trial 10/50 completed (~2960 evaluations)
2026-04-09 04:29:55 |     → Trial 20/50 completed (~2959 evaluations)
2026-04-09 04:30:10 |     → Trial 30/50 completed (~2998 evaluations)
2026-04-09 04:30:25 |     → Trial 40/50 completed (~2927 evaluations)
2026-04-09 04:30:40 |     → Trial 50/50 completed (~2973 evaluations)
2026-04-09 04:30:40 |     → Instance 68/100
2026-04-09 04:30:40 |     → ShapleyFlow (Path Sampling): 238 edges, 5 sources
2026-04-09 04:30:40 |     → Sampling 100 paths/source × 50 trials
2026-04-09 04:30:41 |     → Trial 1/50 completed (~2895 evaluations)
2026-04-09 04:30:54 |     → Trial 10/50 completed (~3011 evaluations)
2026-04-09 04:31:09 |     → Trial 20/50 completed (~2897 evaluations)
2026-04-09 04:31:24 |     → Trial 30/50 completed (~2970 evaluations)
2026-04-09 04:31:38 |     → Trial 40/50 completed (~2971 evaluations)
2026-04-09 04:31:53 |     → Trial 50/50 completed (~2943 evaluations)
2026-04-09 04:31:53 |     → Instance 69/100
2026-04-09 04:31:53 |     → ShapleyFlow (Path Sampling): 238 edges, 5 sources
2026-04-09 04:31:53 |     → Sampling 100 paths/source × 50 trials
2026-04-09 04:31:55 |     → Trial 1/50 completed (~2986 evaluations)
2026-04-09 04:32:08 |     → Trial 10/50 completed (~2961 evaluations)
2026-04-09 04:32:23 |     → Trial 20/50 completed (~3014 evaluations)
2026-04-09 04:32:37 |     → Trial 30/50 completed (~2927 evaluations)
2026-04-09 04:32:52 |     → Trial 40/50 completed (~2943 evaluations)
2026-04-09 04:33:07 |     → Trial 50/50 completed (~2978 evaluations)
2026-04-09 04:33:07 |     → Instance 70/100
2026-04-09 04:33:07 |     → ShapleyFlow (Path Sampling): 238 edges, 5 sources
2026-04-09 04:33:07 |     → Sampling 100 paths/source × 50 trials
2026-04-09 04:33:08 |     → Trial 1/50 completed (~3029 evaluations)
2026-04-09 04:33:22 |     → Trial 10/50 completed (~2921 evaluations)
2026-04-09 04:33:36 |     → Trial 20/50 completed (~2918 evaluations)
2026-04-09 04:33:51 |     → Trial 30/50 completed (~2988 evaluations)
2026-04-09 04:34:06 |     → Trial 40/50 completed (~2985 evaluations)
2026-04-09 04:34:20 |     → Trial 50/50 completed (~2917 evaluations)
2026-04-09 04:34:20 |     → Instance 71/100
2026-04-09 04:34:20 |     → ShapleyFlow (Path Sampling): 238 edges, 5 sources
2026-04-09 04:34:20 |     → Sampling 100 paths/source × 50 trials
2026-04-09 04:34:22 |     → Trial 1/50 completed (~2980 evaluations)
2026-04-09 04:34:35 |     → Trial 10/50 completed (~2908 evaluations)
2026-04-09 04:34:50 |     → Trial 20/50 completed (~2972 evaluations)
2026-04-09 04:35:05 |     → Trial 30/50 completed (~2909 evaluations)
2026-04-09 04:35:19 |     → Trial 40/50 completed (~2966 evaluations)
2026-04-09 04:35:34 |     → Trial 50/50 completed (~2941 evaluations)
2026-04-09 04:35:34 |     → Instance 72/100
2026-04-09 04:35:34 |     → ShapleyFlow (Path Sampling): 238 edges, 5 sources
2026-04-09 04:35:34 |     → Sampling 100 paths/source × 50 trials
2026-04-09 04:35:36 |     → Trial 1/50 completed (~2961 evaluations)
2026-04-09 04:35:49 |     → Trial 10/50 completed (~2970 evaluations)
2026-04-09 04:36:03 |     → Trial 20/50 completed (~2970 evaluations)
2026-04-09 04:36:18 |     → Trial 30/50 completed (~3004 evaluations)
2026-04-09 04:36:33 |     → Trial 40/50 completed (~2999 evaluations)
2026-04-09 04:36:48 |     → Trial 50/50 completed (~3038 evaluations)
2026-04-09 04:36:48 |     → Instance 73/100
2026-04-09 04:36:48 |     → ShapleyFlow (Path Sampling): 238 edges, 5 sources
2026-04-09 04:36:48 |     → Sampling 100 paths/source × 50 trials
2026-04-09 04:36:49 |     → Trial 1/50 completed (~2994 evaluations)
2026-04-09 04:37:02 |     → Trial 10/50 completed (~2972 evaluations)
2026-04-09 04:37:17 |     → Trial 20/50 completed (~3088 evaluations)
2026-04-09 04:37:32 |     → Trial 30/50 completed (~3060 evaluations)
2026-04-09 04:37:47 |     → Trial 40/50 completed (~2927 evaluations)
2026-04-09 04:38:01 |     → Trial 50/50 completed (~2995 evaluations)
2026-04-09 04:38:01 |     → Instance 74/100
2026-04-09 04:38:01 |     → ShapleyFlow (Path Sampling): 238 edges, 5 sources
2026-04-09 04:38:01 |     → Sampling 100 paths/source × 50 trials
2026-04-09 04:38:03 |     → Trial 1/50 completed (~2906 evaluations)
2026-04-09 04:38:16 |     → Trial 10/50 completed (~2975 evaluations)
2026-04-09 04:38:31 |     → Trial 20/50 completed (~2913 evaluations)
2026-04-09 04:38:46 |     → Trial 30/50 completed (~2962 evaluations)
2026-04-09 04:39:01 |     → Trial 40/50 completed (~3052 evaluations)
2026-04-09 04:39:15 |     → Trial 50/50 completed (~3090 evaluations)
2026-04-09 04:39:15 |     → Instance 75/100
2026-04-09 04:39:15 |     → ShapleyFlow (Path Sampling): 238 edges, 5 sources
2026-04-09 04:39:15 |     → Sampling 100 paths/source × 50 trials
2026-04-09 04:39:17 |     → Trial 1/50 completed (~3033 evaluations)
2026-04-09 04:39:30 |     → Trial 10/50 completed (~2961 evaluations)
2026-04-09 04:39:45 |     → Trial 20/50 completed (~2963 evaluations)
2026-04-09 04:40:00 |     → Trial 30/50 completed (~3005 evaluations)
2026-04-09 04:40:14 |     → Trial 40/50 completed (~2922 evaluations)
2026-04-09 04:40:29 |     → Trial 50/50 completed (~3026 evaluations)
2026-04-09 04:40:29 |     → Instance 76/100
2026-04-09 04:40:29 |     → ShapleyFlow (Path Sampling): 238 edges, 5 sources
2026-04-09 04:40:29 |     → Sampling 100 paths/source × 50 trials
2026-04-09 04:40:31 |     → Trial 1/50 completed (~2985 evaluations)
2026-04-09 04:40:44 |     → Trial 10/50 completed (~3026 evaluations)
2026-04-09 04:40:59 |     → Trial 20/50 completed (~2992 evaluations)
2026-04-09 04:41:13 |     → Trial 30/50 completed (~3003 evaluations)
2026-04-09 04:41:28 |     → Trial 40/50 completed (~2934 evaluations)
2026-04-09 04:41:43 |     → Trial 50/50 completed (~2966 evaluations)
2026-04-09 04:41:43 |     → Instance 77/100
2026-04-09 04:41:43 |     → ShapleyFlow (Path Sampling): 238 edges, 5 sources
2026-04-09 04:41:43 |     → Sampling 100 paths/source × 50 trials
2026-04-09 04:41:44 |     → Trial 1/50 completed (~2891 evaluations)
2026-04-09 04:41:58 |     → Trial 10/50 completed (~2957 evaluations)
2026-04-09 04:42:12 |     → Trial 20/50 completed (~2918 evaluations)
2026-04-09 04:42:27 |     → Trial 30/50 completed (~2924 evaluations)
2026-04-09 04:42:42 |     → Trial 40/50 completed (~2939 evaluations)
2026-04-09 04:42:57 |     → Trial 50/50 completed (~2899 evaluations)
2026-04-09 04:42:57 |     → Instance 78/100
2026-04-09 04:42:57 |     → ShapleyFlow (Path Sampling): 238 edges, 5 sources
2026-04-09 04:42:57 |     → Sampling 100 paths/source × 50 trials
2026-04-09 04:42:58 |     → Trial 1/50 completed (~3025 evaluations)
2026-04-09 04:43:11 |     → Trial 10/50 completed (~3028 evaluations)
2026-04-09 04:43:26 |     → Trial 20/50 completed (~2972 evaluations)
2026-04-09 04:43:41 |     → Trial 30/50 completed (~3072 evaluations)
2026-04-09 04:43:56 |     → Trial 40/50 completed (~3038 evaluations)
2026-04-09 04:44:10 |     → Trial 50/50 completed (~2896 evaluations)
2026-04-09 04:44:10 |     → Instance 79/100
2026-04-09 04:44:10 |     → ShapleyFlow (Path Sampling): 238 edges, 5 sources
2026-04-09 04:44:10 |     → Sampling 100 paths/source × 50 trials
2026-04-09 04:44:12 |     → Trial 1/50 completed (~3060 evaluations)
2026-04-09 04:44:25 |     → Trial 10/50 completed (~2943 evaluations)
2026-04-09 04:44:40 |     → Trial 20/50 completed (~2929 evaluations)
2026-04-09 04:44:54 |     → Trial 30/50 completed (~2937 evaluations)
2026-04-09 04:45:09 |     → Trial 40/50 completed (~2960 evaluations)
2026-04-09 04:45:24 |     → Trial 50/50 completed (~2931 evaluations)
2026-04-09 04:45:24 |     → Instance 80/100
2026-04-09 04:45:24 |     → ShapleyFlow (Path Sampling): 238 edges, 5 sources
2026-04-09 04:45:24 |     → Sampling 100 paths/source × 50 trials
2026-04-09 04:45:25 |     → Trial 1/50 completed (~2966 evaluations)
2026-04-09 04:45:38 |     → Trial 10/50 completed (~2988 evaluations)
2026-04-09 04:45:53 |     → Trial 20/50 completed (~3014 evaluations)
2026-04-09 04:46:08 |     → Trial 30/50 completed (~2925 evaluations)
2026-04-09 04:46:23 |     → Trial 40/50 completed (~2936 evaluations)
2026-04-09 04:46:37 |     → Trial 50/50 completed (~2977 evaluations)
2026-04-09 04:46:37 |     → Instance 81/100
2026-04-09 04:46:37 |     → ShapleyFlow (Path Sampling): 238 edges, 5 sources
2026-04-09 04:46:37 |     → Sampling 100 paths/source × 50 trials
2026-04-09 04:46:39 |     → Trial 1/50 completed (~2994 evaluations)
2026-04-09 04:46:52 |     → Trial 10/50 completed (~3057 evaluations)
2026-04-09 04:47:07 |     → Trial 20/50 completed (~3052 evaluations)
2026-04-09 04:47:22 |     → Trial 30/50 completed (~2994 evaluations)
2026-04-09 04:47:37 |     → Trial 40/50 completed (~2975 evaluations)
2026-04-09 04:47:51 |     → Trial 50/50 completed (~3011 evaluations)
2026-04-09 04:47:52 |     → Instance 82/100
2026-04-09 04:47:52 |     → ShapleyFlow (Path Sampling): 238 edges, 5 sources
2026-04-09 04:47:52 |     → Sampling 100 paths/source × 50 trials
2026-04-09 04:47:53 |     → Trial 1/50 completed (~2909 evaluations)
2026-04-09 04:48:06 |     → Trial 10/50 completed (~2909 evaluations)
2026-04-09 04:48:21 |     → Trial 20/50 completed (~2945 evaluations)
2026-04-09 04:48:36 |     → Trial 30/50 completed (~3034 evaluations)
2026-04-09 04:48:50 |     → Trial 40/50 completed (~2932 evaluations)
2026-04-09 04:49:05 |     → Trial 50/50 completed (~2926 evaluations)
2026-04-09 04:49:05 |     → Instance 83/100
2026-04-09 04:49:05 |     → ShapleyFlow (Path Sampling): 238 edges, 5 sources
2026-04-09 04:49:05 |     → Sampling 100 paths/source × 50 trials
2026-04-09 04:49:06 |     → Trial 1/50 completed (~2961 evaluations)
2026-04-09 04:49:20 |     → Trial 10/50 completed (~2967 evaluations)
2026-04-09 04:49:35 |     → Trial 20/50 completed (~2897 evaluations)
2026-04-09 04:49:49 |     → Trial 30/50 completed (~2988 evaluations)
2026-04-09 04:50:04 |     → Trial 40/50 completed (~2981 evaluations)
2026-04-09 04:50:19 |     → Trial 50/50 completed (~2954 evaluations)
2026-04-09 04:50:19 |     → Instance 84/100
2026-04-09 04:50:19 |     → ShapleyFlow (Path Sampling): 238 edges, 5 sources
2026-04-09 04:50:19 |     → Sampling 100 paths/source × 50 trials
2026-04-09 04:50:20 |     → Trial 1/50 completed (~2939 evaluations)
2026-04-09 04:50:34 |     → Trial 10/50 completed (~2976 evaluations)
2026-04-09 04:50:48 |     → Trial 20/50 completed (~3034 evaluations)
2026-04-09 04:51:03 |     → Trial 30/50 completed (~2983 evaluations)
2026-04-09 04:51:18 |     → Trial 40/50 completed (~2987 evaluations)
2026-04-09 04:51:33 |     → Trial 50/50 completed (~2975 evaluations)
2026-04-09 04:51:33 |     → Instance 85/100
2026-04-09 04:51:33 |     → ShapleyFlow (Path Sampling): 238 edges, 5 sources
2026-04-09 04:51:33 |     → Sampling 100 paths/source × 50 trials
2026-04-09 04:51:34 |     → Trial 1/50 completed (~2964 evaluations)
2026-04-09 04:51:47 |     → Trial 10/50 completed (~2949 evaluations)
2026-04-09 04:52:02 |     → Trial 20/50 completed (~2965 evaluations)
2026-04-09 04:52:17 |     → Trial 30/50 completed (~2928 evaluations)
2026-04-09 04:52:32 |     → Trial 40/50 completed (~2954 evaluations)
2026-04-09 04:52:46 |     → Trial 50/50 completed (~2961 evaluations)
2026-04-09 04:52:46 |     → Instance 86/100
2026-04-09 04:52:46 |     → ShapleyFlow (Path Sampling): 238 edges, 5 sources
2026-04-09 04:52:46 |     → Sampling 100 paths/source × 50 trials
2026-04-09 04:52:48 |     → Trial 1/50 completed (~3032 evaluations)
2026-04-09 04:53:01 |     → Trial 10/50 completed (~2943 evaluations)
2026-04-09 04:53:16 |     → Trial 20/50 completed (~2956 evaluations)
2026-04-09 04:53:31 |     → Trial 30/50 completed (~2957 evaluations)
2026-04-09 04:53:45 |     → Trial 40/50 completed (~2964 evaluations)
2026-04-09 04:54:00 |     → Trial 50/50 completed (~3036 evaluations)
2026-04-09 04:54:00 |     → Instance 87/100
2026-04-09 04:54:00 |     → ShapleyFlow (Path Sampling): 238 edges, 5 sources
2026-04-09 04:54:00 |     → Sampling 100 paths/source × 50 trials
2026-04-09 04:54:02 |     → Trial 1/50 completed (~2946 evaluations)
2026-04-09 04:54:15 |     → Trial 10/50 completed (~2901 evaluations)
2026-04-09 04:54:30 |     → Trial 20/50 completed (~2927 evaluations)
2026-04-09 04:54:45 |     → Trial 30/50 completed (~3051 evaluations)
2026-04-09 04:54:59 |     → Trial 40/50 completed (~2986 evaluations)
2026-04-09 04:55:14 |     → Trial 50/50 completed (~3048 evaluations)
2026-04-09 04:55:14 |     → Instance 88/100
2026-04-09 04:55:14 |     → ShapleyFlow (Path Sampling): 238 edges, 5 sources
2026-04-09 04:55:14 |     → Sampling 100 paths/source × 50 trials
2026-04-09 04:55:16 |     → Trial 1/50 completed (~2878 evaluations)
2026-04-09 04:55:29 |     → Trial 10/50 completed (~2962 evaluations)
2026-04-09 04:55:44 |     → Trial 20/50 completed (~2936 evaluations)
2026-04-09 04:55:58 |     → Trial 30/50 completed (~3032 evaluations)
2026-04-09 04:56:13 |     → Trial 40/50 completed (~2986 evaluations)
2026-04-09 04:56:28 |     → Trial 50/50 completed (~2980 evaluations)
2026-04-09 04:56:28 |     → Instance 89/100
2026-04-09 04:56:28 |     → ShapleyFlow (Path Sampling): 238 edges, 5 sources
2026-04-09 04:56:28 |     → Sampling 100 paths/source × 50 trials
2026-04-09 04:56:29 |     → Trial 1/50 completed (~2958 evaluations)
2026-04-09 04:56:43 |     → Trial 10/50 completed (~2996 evaluations)
2026-04-09 04:56:57 |     → Trial 20/50 completed (~2969 evaluations)
2026-04-09 04:57:12 |     → Trial 30/50 completed (~2933 evaluations)
2026-04-09 04:57:27 |     → Trial 40/50 completed (~2994 evaluations)
2026-04-09 04:57:42 |     → Trial 50/50 completed (~2988 evaluations)
2026-04-09 04:57:42 |     → Instance 90/100
2026-04-09 04:57:42 |     → ShapleyFlow (Path Sampling): 238 edges, 5 sources
2026-04-09 04:57:42 |     → Sampling 100 paths/source × 50 trials
2026-04-09 04:57:43 |     → Trial 1/50 completed (~3055 evaluations)
2026-04-09 04:57:56 |     → Trial 10/50 completed (~2953 evaluations)
2026-04-09 04:58:11 |     → Trial 20/50 completed (~2976 evaluations)
2026-04-09 04:58:26 |     → Trial 30/50 completed (~2939 evaluations)
2026-04-09 04:58:41 |     → Trial 40/50 completed (~2959 evaluations)
2026-04-09 04:58:55 |     → Trial 50/50 completed (~2999 evaluations)
2026-04-09 04:58:55 |     → Instance 91/100
2026-04-09 04:58:55 |     → ShapleyFlow (Path Sampling): 238 edges, 5 sources
2026-04-09 04:58:55 |     → Sampling 100 paths/source × 50 trials
2026-04-09 04:58:57 |     → Trial 1/50 completed (~2942 evaluations)
2026-04-09 04:59:10 |     → Trial 10/50 completed (~2980 evaluations)
2026-04-09 04:59:25 |     → Trial 20/50 completed (~2953 evaluations)
2026-04-09 04:59:40 |     → Trial 30/50 completed (~3033 evaluations)
2026-04-09 04:59:54 |     → Trial 40/50 completed (~2937 evaluations)
2026-04-09 05:00:09 |     → Trial 50/50 completed (~2948 evaluations)
2026-04-09 05:00:09 |     → Instance 92/100
2026-04-09 05:00:09 |     → ShapleyFlow (Path Sampling): 238 edges, 5 sources
2026-04-09 05:00:09 |     → Sampling 100 paths/source × 50 trials
2026-04-09 05:00:11 |     → Trial 1/50 completed (~2925 evaluations)
2026-04-09 05:00:24 |     → Trial 10/50 completed (~2993 evaluations)
2026-04-09 05:00:39 |     → Trial 20/50 completed (~2990 evaluations)
2026-04-09 05:00:53 |     → Trial 30/50 completed (~3005 evaluations)
2026-04-09 05:01:08 |     → Trial 40/50 completed (~2965 evaluations)
2026-04-09 05:01:23 |     → Trial 50/50 completed (~3050 evaluations)
2026-04-09 05:01:23 |     → Instance 93/100
2026-04-09 05:01:23 |     → ShapleyFlow (Path Sampling): 238 edges, 5 sources
2026-04-09 05:01:23 |     → Sampling 100 paths/source × 50 trials
2026-04-09 05:01:24 |     → Trial 1/50 completed (~2968 evaluations)
2026-04-09 05:01:38 |     → Trial 10/50 completed (~3031 evaluations)
2026-04-09 05:01:53 |     → Trial 20/50 completed (~2947 evaluations)
2026-04-09 05:02:07 |     → Trial 30/50 completed (~2896 evaluations)
2026-04-09 05:02:22 |     → Trial 40/50 completed (~2952 evaluations)
2026-04-09 05:02:37 |     → Trial 50/50 completed (~2955 evaluations)
2026-04-09 05:02:37 |     → Instance 94/100
2026-04-09 05:02:37 |     → ShapleyFlow (Path Sampling): 238 edges, 5 sources
2026-04-09 05:02:37 |     → Sampling 100 paths/source × 50 trials
2026-04-09 05:02:38 |     → Trial 1/50 completed (~3000 evaluations)
2026-04-09 05:02:51 |     → Trial 10/50 completed (~2955 evaluations)
2026-04-09 05:03:06 |     → Trial 20/50 completed (~2959 evaluations)
2026-04-09 05:03:21 |     → Trial 30/50 completed (~2980 evaluations)
2026-04-09 05:03:35 |     → Trial 40/50 completed (~2984 evaluations)
2026-04-09 05:03:50 |     → Trial 50/50 completed (~2989 evaluations)
2026-04-09 05:03:50 |     → Instance 95/100
2026-04-09 05:03:50 |     → ShapleyFlow (Path Sampling): 238 edges, 5 sources
2026-04-09 05:03:50 |     → Sampling 100 paths/source × 50 trials
2026-04-09 05:03:52 |     → Trial 1/50 completed (~2935 evaluations)
2026-04-09 05:04:05 |     → Trial 10/50 completed (~2918 evaluations)
2026-04-09 05:04:19 |     → Trial 20/50 completed (~2930 evaluations)
2026-04-09 05:04:34 |     → Trial 30/50 completed (~2952 evaluations)
2026-04-09 05:04:49 |     → Trial 40/50 completed (~2970 evaluations)
2026-04-09 05:05:04 |     → Trial 50/50 completed (~2923 evaluations)
2026-04-09 05:05:04 |     → Instance 96/100
2026-04-09 05:05:04 |     → ShapleyFlow (Path Sampling): 238 edges, 5 sources
2026-04-09 05:05:04 |     → Sampling 100 paths/source × 50 trials
2026-04-09 05:05:05 |     → Trial 1/50 completed (~2982 evaluations)
2026-04-09 05:05:19 |     → Trial 10/50 completed (~2951 evaluations)
2026-04-09 05:05:33 |     → Trial 20/50 completed (~2977 evaluations)
2026-04-09 05:05:48 |     → Trial 30/50 completed (~3053 evaluations)
2026-04-09 05:06:03 |     → Trial 40/50 completed (~2997 evaluations)
2026-04-09 05:06:18 |     → Trial 50/50 completed (~2968 evaluations)
2026-04-09 05:06:18 |     → Instance 97/100
2026-04-09 05:06:18 |     → ShapleyFlow (Path Sampling): 238 edges, 5 sources
2026-04-09 05:06:18 |     → Sampling 100 paths/source × 50 trials
2026-04-09 05:06:19 |     → Trial 1/50 completed (~2981 evaluations)
2026-04-09 05:06:32 |     → Trial 10/50 completed (~3035 evaluations)
2026-04-09 05:06:47 |     → Trial 20/50 completed (~2946 evaluations)
2026-04-09 05:07:02 |     → Trial 30/50 completed (~2943 evaluations)
2026-04-09 05:07:17 |     → Trial 40/50 completed (~2973 evaluations)
2026-04-09 05:07:31 |     → Trial 50/50 completed (~2938 evaluations)
2026-04-09 05:07:31 |     → Instance 98/100
2026-04-09 05:07:31 |     → ShapleyFlow (Path Sampling): 238 edges, 5 sources
2026-04-09 05:07:31 |     → Sampling 100 paths/source × 50 trials
2026-04-09 05:07:33 |     → Trial 1/50 completed (~2878 evaluations)
2026-04-09 05:07:46 |     → Trial 10/50 completed (~3043 evaluations)
2026-04-09 05:08:01 |     → Trial 20/50 completed (~2971 evaluations)
2026-04-09 05:08:16 |     → Trial 30/50 completed (~3007 evaluations)
2026-04-09 05:08:30 |     → Trial 40/50 completed (~3044 evaluations)
2026-04-09 05:08:45 |     → Trial 50/50 completed (~2991 evaluations)
2026-04-09 05:08:45 |     → Instance 99/100
2026-04-09 05:08:45 |     → ShapleyFlow (Path Sampling): 238 edges, 5 sources
2026-04-09 05:08:45 |     → Sampling 100 paths/source × 50 trials
2026-04-09 05:08:47 |     → Trial 1/50 completed (~2964 evaluations)
2026-04-09 05:09:00 |     → Trial 10/50 completed (~2953 evaluations)
2026-04-09 05:09:15 |     → Trial 20/50 completed (~3051 evaluations)
2026-04-09 05:09:29 |     → Trial 30/50 completed (~3000 evaluations)
2026-04-09 05:09:44 |     → Trial 40/50 completed (~3000 evaluations)
2026-04-09 05:09:59 |     → Trial 50/50 completed (~2913 evaluations)
2026-04-09 05:09:59 |     → Instance 100/100
2026-04-09 05:09:59 |     → ShapleyFlow (Path Sampling): 238 edges, 5 sources
2026-04-09 05:09:59 |     → Sampling 100 paths/source × 50 trials
2026-04-09 05:10:00 |     → Trial 1/50 completed (~3067 evaluations)
2026-04-09 05:10:13 |     → Trial 10/50 completed (~2923 evaluations)
2026-04-09 05:10:28 |     → Trial 20/50 completed (~2951 evaluations)
2026-04-09 05:10:43 |     → Trial 30/50 completed (~2977 evaluations)
2026-04-09 05:10:58 |     → Trial 40/50 completed (~2932 evaluations)
2026-04-09 05:11:12 |     → Trial 50/50 completed (~2915 evaluations)
2026-04-09 05:11:12 |     → All instances completed
2026-04-09 05:11:12 |   ✓ Completed mixed_no_conf_f50_s1000_p50 in 213.6 minutes
2026-04-09 05:11:12 | 
[Dataset 2/2] Processing mixed_conf_f50_s1000_p50
2026-04-09 05:11:12 |   [Progress: 1/7] LGBM - ShapleyFromScratch
2026-04-09 05:13:38 |   [Progress: 2/7] LGBM + PC - AsymmetricShapley
2026-04-09 05:16:05 |   [Progress: 3/7] LGBM + PC - CausalShapley (SLOW - uses 10 inner samples)
2026-04-09 05:40:08 |   [Progress: 4/7] LGBM + PC - ShapleyFlow
2026-04-09 05:40:08 |     → ShapleyFlowWrapper: 51 features, 97 edges, 4 sources
2026-04-09 05:40:08 |     → Computing Shapley Flow for 100 instances...
2026-04-09 05:40:08 |     → Instance 1/100
2026-04-09 05:40:08 |     → ShapleyFlow (Path Sampling): 97 edges, 4 sources
2026-04-09 05:40:08 |     → Sampling 100 paths/source × 50 trials
2026-04-09 05:40:09 |     → Trial 1/50 completed (~1539 evaluations)
2026-04-09 05:40:16 |     → Trial 10/50 completed (~1581 evaluations)
2026-04-09 05:40:23 |     → Trial 20/50 completed (~1560 evaluations)
2026-04-09 05:40:31 |     → Trial 30/50 completed (~1608 evaluations)
2026-04-09 05:40:38 |     → Trial 40/50 completed (~1528 evaluations)
2026-04-09 05:40:46 |     → Trial 50/50 completed (~1631 evaluations)
2026-04-09 05:40:46 |     → Instance 2/100
2026-04-09 05:40:46 |     → ShapleyFlow (Path Sampling): 97 edges, 4 sources
2026-04-09 05:40:46 |     → Sampling 100 paths/source × 50 trials
2026-04-09 05:40:47 |     → Trial 1/50 completed (~1568 evaluations)
2026-04-09 05:40:53 |     → Trial 10/50 completed (~1560 evaluations)
2026-04-09 05:41:01 |     → Trial 20/50 completed (~1602 evaluations)
2026-04-09 05:41:08 |     → Trial 30/50 completed (~1603 evaluations)
2026-04-09 05:41:16 |     → Trial 40/50 completed (~1622 evaluations)
2026-04-09 05:41:23 |     → Trial 50/50 completed (~1583 evaluations)
2026-04-09 05:41:23 |     → Instance 3/100
2026-04-09 05:41:23 |     → ShapleyFlow (Path Sampling): 97 edges, 4 sources
2026-04-09 05:41:23 |     → Sampling 100 paths/source × 50 trials
2026-04-09 05:41:24 |     → Trial 1/50 completed (~1572 evaluations)
2026-04-09 05:41:31 |     → Trial 10/50 completed (~1597 evaluations)
2026-04-09 05:41:38 |     → Trial 20/50 completed (~1626 evaluations)
2026-04-09 05:41:46 |     → Trial 30/50 completed (~1579 evaluations)
2026-04-09 05:41:54 |     → Trial 40/50 completed (~1586 evaluations)
2026-04-09 05:42:01 |     → Trial 50/50 completed (~1589 evaluations)
2026-04-09 05:42:01 |     → Instance 4/100
2026-04-09 05:42:01 |     → ShapleyFlow (Path Sampling): 97 edges, 4 sources
2026-04-09 05:42:01 |     → Sampling 100 paths/source × 50 trials
2026-04-09 05:42:02 |     → Trial 1/50 completed (~1564 evaluations)
2026-04-09 05:42:09 |     → Trial 10/50 completed (~1660 evaluations)
2026-04-09 05:42:16 |     → Trial 20/50 completed (~1621 evaluations)
2026-04-09 05:42:24 |     → Trial 30/50 completed (~1582 evaluations)
2026-04-09 05:42:31 |     → Trial 40/50 completed (~1600 evaluations)
2026-04-09 05:42:39 |     → Trial 50/50 completed (~1535 evaluations)
2026-04-09 05:42:39 |     → Instance 5/100
2026-04-09 05:42:39 |     → ShapleyFlow (Path Sampling): 97 edges, 4 sources
2026-04-09 05:42:39 |     → Sampling 100 paths/source × 50 trials
2026-04-09 05:42:40 |     → Trial 1/50 completed (~1596 evaluations)
2026-04-09 05:42:46 |     → Trial 10/50 completed (~1570 evaluations)
2026-04-09 05:42:54 |     → Trial 20/50 completed (~1603 evaluations)
2026-04-09 05:43:02 |     → Trial 30/50 completed (~1620 evaluations)
2026-04-09 05:43:09 |     → Trial 40/50 completed (~1616 evaluations)
2026-04-09 05:43:17 |     → Trial 50/50 completed (~1592 evaluations)
2026-04-09 05:43:17 |     → Instance 6/100
2026-04-09 05:43:17 |     → ShapleyFlow (Path Sampling): 97 edges, 4 sources
2026-04-09 05:43:17 |     → Sampling 100 paths/source × 50 trials
2026-04-09 05:43:17 |     → Trial 1/50 completed (~1590 evaluations)
2026-04-09 05:43:24 |     → Trial 10/50 completed (~1589 evaluations)
2026-04-09 05:43:32 |     → Trial 20/50 completed (~1594 evaluations)
2026-04-09 05:43:39 |     → Trial 30/50 completed (~1580 evaluations)
2026-04-09 05:43:47 |     → Trial 40/50 completed (~1587 evaluations)
2026-04-09 05:43:54 |     → Trial 50/50 completed (~1559 evaluations)
2026-04-09 05:43:54 |     → Instance 7/100
2026-04-09 05:43:54 |     → ShapleyFlow (Path Sampling): 97 edges, 4 sources
2026-04-09 05:43:54 |     → Sampling 100 paths/source × 50 trials
2026-04-09 05:43:55 |     → Trial 1/50 completed (~1611 evaluations)
2026-04-09 05:44:02 |     → Trial 10/50 completed (~1495 evaluations)
2026-04-09 05:44:10 |     → Trial 20/50 completed (~1629 evaluations)
2026-04-09 05:44:17 |     → Trial 30/50 completed (~1600 evaluations)
2026-04-09 05:44:25 |     → Trial 40/50 completed (~1602 evaluations)
2026-04-09 05:44:32 |     → Trial 50/50 completed (~1594 evaluations)
2026-04-09 05:44:32 |     → Instance 8/100
2026-04-09 05:44:32 |     → ShapleyFlow (Path Sampling): 97 edges, 4 sources
2026-04-09 05:44:32 |     → Sampling 100 paths/source × 50 trials
2026-04-09 05:44:33 |     → Trial 1/50 completed (~1628 evaluations)
2026-04-09 05:44:40 |     → Trial 10/50 completed (~1611 evaluations)
2026-04-09 05:44:47 |     → Trial 20/50 completed (~1603 evaluations)
2026-04-09 05:44:55 |     → Trial 30/50 completed (~1589 evaluations)
2026-04-09 05:45:02 |     → Trial 40/50 completed (~1584 evaluations)
2026-04-09 05:45:10 |     → Trial 50/50 completed (~1561 evaluations)
2026-04-09 05:45:10 |     → Instance 9/100
2026-04-09 05:45:10 |     → ShapleyFlow (Path Sampling): 97 edges, 4 sources
2026-04-09 05:45:10 |     → Sampling 100 paths/source × 50 trials
2026-04-09 05:45:11 |     → Trial 1/50 completed (~1542 evaluations)
2026-04-09 05:45:18 |     → Trial 10/50 completed (~1604 evaluations)
2026-04-09 05:45:25 |     → Trial 20/50 completed (~1602 evaluations)
2026-04-09 05:45:33 |     → Trial 30/50 completed (~1558 evaluations)
2026-04-09 05:45:40 |     → Trial 40/50 completed (~1608 evaluations)
2026-04-09 05:45:48 |     → Trial 50/50 completed (~1613 evaluations)
2026-04-09 05:45:48 |     → Instance 10/100
2026-04-09 05:45:48 |     → ShapleyFlow (Path Sampling): 97 edges, 4 sources
2026-04-09 05:45:48 |     → Sampling 100 paths/source × 50 trials
2026-04-09 05:45:49 |     → Trial 1/50 completed (~1577 evaluations)
2026-04-09 05:45:56 |     → Trial 10/50 completed (~1577 evaluations)
2026-04-09 05:46:03 |     → Trial 20/50 completed (~1605 evaluations)
2026-04-09 05:46:11 |     → Trial 30/50 completed (~1596 evaluations)
2026-04-09 05:46:18 |     → Trial 40/50 completed (~1586 evaluations)
2026-04-09 05:46:26 |     → Trial 50/50 completed (~1546 evaluations)
2026-04-09 05:46:26 |     → Instance 11/100
2026-04-09 05:46:26 |     → ShapleyFlow (Path Sampling): 97 edges, 4 sources
2026-04-09 05:46:26 |     → Sampling 100 paths/source × 50 trials
2026-04-09 05:46:27 |     → Trial 1/50 completed (~1586 evaluations)
2026-04-09 05:46:33 |     → Trial 10/50 completed (~1629 evaluations)
2026-04-09 05:46:41 |     → Trial 20/50 completed (~1537 evaluations)
2026-04-09 05:46:49 |     → Trial 30/50 completed (~1581 evaluations)
2026-04-09 05:46:56 |     → Trial 40/50 completed (~1583 evaluations)
2026-04-09 05:47:04 |     → Trial 50/50 completed (~1566 evaluations)
2026-04-09 05:47:04 |     → Instance 12/100
2026-04-09 05:47:04 |     → ShapleyFlow (Path Sampling): 97 edges, 4 sources
2026-04-09 05:47:04 |     → Sampling 100 paths/source × 50 trials
2026-04-09 05:47:04 |     → Trial 1/50 completed (~1523 evaluations)
2026-04-09 05:47:11 |     → Trial 10/50 completed (~1558 evaluations)
2026-04-09 05:47:19 |     → Trial 20/50 completed (~1535 evaluations)
2026-04-09 05:47:26 |     → Trial 30/50 completed (~1609 evaluations)
2026-04-09 05:47:34 |     → Trial 40/50 completed (~1569 evaluations)
2026-04-09 05:47:42 |     → Trial 50/50 completed (~1540 evaluations)
2026-04-09 05:47:42 |     → Instance 13/100
2026-04-09 05:47:42 |     → ShapleyFlow (Path Sampling): 97 edges, 4 sources
2026-04-09 05:47:42 |     → Sampling 100 paths/source × 50 trials
2026-04-09 05:47:42 |     → Trial 1/50 completed (~1579 evaluations)
2026-04-09 05:47:49 |     → Trial 10/50 completed (~1605 evaluations)
2026-04-09 05:47:57 |     → Trial 20/50 completed (~1605 evaluations)
2026-04-09 05:48:04 |     → Trial 30/50 completed (~1575 evaluations)
2026-04-09 05:48:12 |     → Trial 40/50 completed (~1594 evaluations)
2026-04-09 05:48:19 |     → Trial 50/50 completed (~1584 evaluations)
2026-04-09 05:48:19 |     → Instance 14/100
2026-04-09 05:48:19 |     → ShapleyFlow (Path Sampling): 97 edges, 4 sources
2026-04-09 05:48:19 |     → Sampling 100 paths/source × 50 trials
2026-04-09 05:48:20 |     → Trial 1/50 completed (~1561 evaluations)
2026-04-09 05:48:27 |     → Trial 10/50 completed (~1559 evaluations)
2026-04-09 05:48:35 |     → Trial 20/50 completed (~1533 evaluations)
2026-04-09 05:48:42 |     → Trial 30/50 completed (~1573 evaluations)
2026-04-09 05:48:50 |     → Trial 40/50 completed (~1604 evaluations)
2026-04-09 05:48:57 |     → Trial 50/50 completed (~1604 evaluations)
2026-04-09 05:48:57 |     → Instance 15/100
2026-04-09 05:48:57 |     → ShapleyFlow (Path Sampling): 97 edges, 4 sources
2026-04-09 05:48:57 |     → Sampling 100 paths/source × 50 trials
2026-04-09 05:48:58 |     → Trial 1/50 completed (~1591 evaluations)
2026-04-09 05:49:05 |     → Trial 10/50 completed (~1578 evaluations)
2026-04-09 05:49:13 |     → Trial 20/50 completed (~1614 evaluations)
2026-04-09 05:49:20 |     → Trial 30/50 completed (~1541 evaluations)
2026-04-09 05:49:28 |     → Trial 40/50 completed (~1567 evaluations)
2026-04-09 05:49:35 |     → Trial 50/50 completed (~1569 evaluations)
2026-04-09 05:49:35 |     → Instance 16/100
2026-04-09 05:49:35 |     → ShapleyFlow (Path Sampling): 97 edges, 4 sources
2026-04-09 05:49:35 |     → Sampling 100 paths/source × 50 trials
2026-04-09 05:49:36 |     → Trial 1/50 completed (~1511 evaluations)
2026-04-09 05:49:43 |     → Trial 10/50 completed (~1604 evaluations)
2026-04-09 05:49:51 |     → Trial 20/50 completed (~1560 evaluations)
2026-04-09 05:49:58 |     → Trial 30/50 completed (~1558 evaluations)
2026-04-09 05:50:06 |     → Trial 40/50 completed (~1560 evaluations)
2026-04-09 05:50:13 |     → Trial 50/50 completed (~1591 evaluations)
2026-04-09 05:50:13 |     → Instance 17/100
2026-04-09 05:50:13 |     → ShapleyFlow (Path Sampling): 97 edges, 4 sources
2026-04-09 05:50:13 |     → Sampling 100 paths/source × 50 trials
2026-04-09 05:50:14 |     → Trial 1/50 completed (~1633 evaluations)
2026-04-09 05:50:21 |     → Trial 10/50 completed (~1559 evaluations)
2026-04-09 05:50:28 |     → Trial 20/50 completed (~1596 evaluations)
2026-04-09 05:50:36 |     → Trial 30/50 completed (~1561 evaluations)
2026-04-09 05:50:44 |     → Trial 40/50 completed (~1580 evaluations)
2026-04-09 05:50:51 |     → Trial 50/50 completed (~1640 evaluations)
2026-04-09 05:50:51 |     → Instance 18/100
2026-04-09 05:50:51 |     → ShapleyFlow (Path Sampling): 97 edges, 4 sources
2026-04-09 05:50:51 |     → Sampling 100 paths/source × 50 trials
2026-04-09 05:50:52 |     → Trial 1/50 completed (~1582 evaluations)
2026-04-09 05:50:59 |     → Trial 10/50 completed (~1557 evaluations)
2026-04-09 05:51:06 |     → Trial 20/50 completed (~1572 evaluations)
2026-04-09 05:51:14 |     → Trial 30/50 completed (~1573 evaluations)
2026-04-09 05:51:22 |     → Trial 40/50 completed (~1576 evaluations)
2026-04-09 05:51:29 |     → Trial 50/50 completed (~1572 evaluations)
2026-04-09 05:51:29 |     → Instance 19/100
2026-04-09 05:51:29 |     → ShapleyFlow (Path Sampling): 97 edges, 4 sources
2026-04-09 05:51:29 |     → Sampling 100 paths/source × 50 trials
2026-04-09 05:51:30 |     → Trial 1/50 completed (~1553 evaluations)
2026-04-09 05:51:37 |     → Trial 10/50 completed (~1533 evaluations)
2026-04-09 05:51:44 |     → Trial 20/50 completed (~1547 evaluations)
2026-04-09 05:51:52 |     → Trial 30/50 completed (~1526 evaluations)
2026-04-09 05:51:59 |     → Trial 40/50 completed (~1603 evaluations)
2026-04-09 05:52:07 |     → Trial 50/50 completed (~1531 evaluations)
2026-04-09 05:52:07 |     → Instance 20/100
2026-04-09 05:52:07 |     → ShapleyFlow (Path Sampling): 97 edges, 4 sources
2026-04-09 05:52:07 |     → Sampling 100 paths/source × 50 trials
2026-04-09 05:52:08 |     → Trial 1/50 completed (~1603 evaluations)
2026-04-09 05:52:15 |     → Trial 10/50 completed (~1596 evaluations)
2026-04-09 05:52:22 |     → Trial 20/50 completed (~1530 evaluations)
2026-04-09 05:52:30 |     → Trial 30/50 completed (~1614 evaluations)
2026-04-09 05:52:37 |     → Trial 40/50 completed (~1560 evaluations)
2026-04-09 05:52:45 |     → Trial 50/50 completed (~1604 evaluations)
2026-04-09 05:52:45 |     → Instance 21/100
2026-04-09 05:52:45 |     → ShapleyFlow (Path Sampling): 97 edges, 4 sources
2026-04-09 05:52:45 |     → Sampling 100 paths/source × 50 trials
2026-04-09 05:52:46 |     → Trial 1/50 completed (~1623 evaluations)
2026-04-09 05:52:53 |     → Trial 10/50 completed (~1516 evaluations)
2026-04-09 05:53:00 |     → Trial 20/50 completed (~1574 evaluations)
2026-04-09 05:53:08 |     → Trial 30/50 completed (~1521 evaluations)
2026-04-09 05:53:15 |     → Trial 40/50 completed (~1570 evaluations)
2026-04-09 05:53:23 |     → Trial 50/50 completed (~1592 evaluations)
2026-04-09 05:53:23 |     → Instance 22/100
2026-04-09 05:53:23 |     → ShapleyFlow (Path Sampling): 97 edges, 4 sources
2026-04-09 05:53:23 |     → Sampling 100 paths/source × 50 trials
2026-04-09 05:53:24 |     → Trial 1/50 completed (~1607 evaluations)
2026-04-09 05:53:30 |     → Trial 10/50 completed (~1566 evaluations)
2026-04-09 05:53:38 |     → Trial 20/50 completed (~1591 evaluations)
2026-04-09 05:53:46 |     → Trial 30/50 completed (~1602 evaluations)
2026-04-09 05:53:53 |     → Trial 40/50 completed (~1572 evaluations)
2026-04-09 05:54:01 |     → Trial 50/50 completed (~1599 evaluations)
2026-04-09 05:54:01 |     → Instance 23/100
2026-04-09 05:54:01 |     → ShapleyFlow (Path Sampling): 97 edges, 4 sources
2026-04-09 05:54:01 |     → Sampling 100 paths/source × 50 trials
2026-04-09 05:54:01 |     → Trial 1/50 completed (~1589 evaluations)
2026-04-09 05:54:08 |     → Trial 10/50 completed (~1517 evaluations)
2026-04-09 05:54:16 |     → Trial 20/50 completed (~1590 evaluations)
2026-04-09 05:54:23 |     → Trial 30/50 completed (~1641 evaluations)
2026-04-09 05:54:31 |     → Trial 40/50 completed (~1594 evaluations)
2026-04-09 05:54:39 |     → Trial 50/50 completed (~1628 evaluations)
2026-04-09 05:54:39 |     → Instance 24/100
2026-04-09 05:54:39 |     → ShapleyFlow (Path Sampling): 97 edges, 4 sources
2026-04-09 05:54:39 |     → Sampling 100 paths/source × 50 trials
2026-04-09 05:54:40 |     → Trial 1/50 completed (~1601 evaluations)
2026-04-09 05:54:46 |     → Trial 10/50 completed (~1591 evaluations)
2026-04-09 05:54:54 |     → Trial 20/50 completed (~1537 evaluations)
2026-04-09 05:55:02 |     → Trial 30/50 completed (~1597 evaluations)
2026-04-09 05:55:09 |     → Trial 40/50 completed (~1558 evaluations)
2026-04-09 05:55:17 |     → Trial 50/50 completed (~1489 evaluations)
2026-04-09 05:55:17 |     → Instance 25/100
2026-04-09 05:55:17 |     → ShapleyFlow (Path Sampling): 97 edges, 4 sources
2026-04-09 05:55:17 |     → Sampling 100 paths/source × 50 trials
2026-04-09 05:55:18 |     → Trial 1/50 completed (~1632 evaluations)
2026-04-09 05:55:24 |     → Trial 10/50 completed (~1550 evaluations)
2026-04-09 05:55:32 |     → Trial 20/50 completed (~1530 evaluations)
2026-04-09 05:55:40 |     → Trial 30/50 completed (~1604 evaluations)
2026-04-09 05:55:47 |     → Trial 40/50 completed (~1583 evaluations)
2026-04-09 05:55:55 |     → Trial 50/50 completed (~1548 evaluations)
2026-04-09 05:55:55 |     → Instance 26/100
2026-04-09 05:55:55 |     → ShapleyFlow (Path Sampling): 97 edges, 4 sources
2026-04-09 05:55:55 |     → Sampling 100 paths/source × 50 trials
2026-04-09 05:55:55 |     → Trial 1/50 completed (~1561 evaluations)
2026-04-09 05:56:02 |     → Trial 10/50 completed (~1564 evaluations)
2026-04-09 05:56:10 |     → Trial 20/50 completed (~1588 evaluations)
2026-04-09 05:56:17 |     → Trial 30/50 completed (~1565 evaluations)
2026-04-09 05:56:25 |     → Trial 40/50 completed (~1602 evaluations)
2026-04-09 05:56:32 |     → Trial 50/50 completed (~1549 evaluations)
2026-04-09 05:56:32 |     → Instance 27/100
2026-04-09 05:56:32 |     → ShapleyFlow (Path Sampling): 97 edges, 4 sources
2026-04-09 05:56:32 |     → Sampling 100 paths/source × 50 trials
2026-04-09 05:56:33 |     → Trial 1/50 completed (~1599 evaluations)
2026-04-09 05:56:40 |     → Trial 10/50 completed (~1545 evaluations)
2026-04-09 05:56:48 |     → Trial 20/50 completed (~1566 evaluations)
2026-04-09 05:56:55 |     → Trial 30/50 completed (~1572 evaluations)
2026-04-09 05:57:03 |     → Trial 40/50 completed (~1550 evaluations)
2026-04-09 05:57:10 |     → Trial 50/50 completed (~1543 evaluations)
2026-04-09 05:57:10 |     → Instance 28/100
2026-04-09 05:57:10 |     → ShapleyFlow (Path Sampling): 97 edges, 4 sources
2026-04-09 05:57:10 |     → Sampling 100 paths/source × 50 trials
2026-04-09 05:57:11 |     → Trial 1/50 completed (~1602 evaluations)
2026-04-09 05:57:18 |     → Trial 10/50 completed (~1566 evaluations)
2026-04-09 05:57:25 |     → Trial 20/50 completed (~1584 evaluations)
2026-04-09 05:57:33 |     → Trial 30/50 completed (~1594 evaluations)
2026-04-09 05:57:40 |     → Trial 40/50 completed (~1568 evaluations)
2026-04-09 05:57:48 |     → Trial 50/50 completed (~1560 evaluations)
2026-04-09 05:57:48 |     → Instance 29/100
2026-04-09 05:57:48 |     → ShapleyFlow (Path Sampling): 97 edges, 4 sources
2026-04-09 05:57:48 |     → Sampling 100 paths/source × 50 trials
2026-04-09 05:57:49 |     → Trial 1/50 completed (~1588 evaluations)
2026-04-09 05:57:56 |     → Trial 10/50 completed (~1598 evaluations)
2026-04-09 05:58:03 |     → Trial 20/50 completed (~1565 evaluations)
2026-04-09 05:58:11 |     → Trial 30/50 completed (~1559 evaluations)
2026-04-09 05:58:18 |     → Trial 40/50 completed (~1599 evaluations)
2026-04-09 05:58:26 |     → Trial 50/50 completed (~1529 evaluations)
2026-04-09 05:58:26 |     → Instance 30/100
2026-04-09 05:58:26 |     → ShapleyFlow (Path Sampling): 97 edges, 4 sources
2026-04-09 05:58:26 |     → Sampling 100 paths/source × 50 trials
2026-04-09 05:58:27 |     → Trial 1/50 completed (~1576 evaluations)
2026-04-09 05:58:34 |     → Trial 10/50 completed (~1559 evaluations)
2026-04-09 05:58:41 |     → Trial 20/50 completed (~1582 evaluations)
2026-04-09 05:58:49 |     → Trial 30/50 completed (~1547 evaluations)
2026-04-09 05:58:57 |     → Trial 40/50 completed (~1558 evaluations)
2026-04-09 05:59:04 |     → Trial 50/50 completed (~1603 evaluations)
2026-04-09 05:59:04 |     → Instance 31/100
2026-04-09 05:59:04 |     → ShapleyFlow (Path Sampling): 97 edges, 4 sources
2026-04-09 05:59:04 |     → Sampling 100 paths/source × 50 trials
2026-04-09 05:59:05 |     → Trial 1/50 completed (~1639 evaluations)
2026-04-09 05:59:12 |     → Trial 10/50 completed (~1571 evaluations)
2026-04-09 05:59:20 |     → Trial 20/50 completed (~1557 evaluations)
2026-04-09 05:59:27 |     → Trial 30/50 completed (~1563 evaluations)
2026-04-09 05:59:35 |     → Trial 40/50 completed (~1550 evaluations)
2026-04-09 05:59:42 |     → Trial 50/50 completed (~1561 evaluations)
2026-04-09 05:59:42 |     → Instance 32/100
2026-04-09 05:59:42 |     → ShapleyFlow (Path Sampling): 97 edges, 4 sources
2026-04-09 05:59:42 |     → Sampling 100 paths/source × 50 trials
2026-04-09 05:59:43 |     → Trial 1/50 completed (~1589 evaluations)
2026-04-09 05:59:50 |     → Trial 10/50 completed (~1584 evaluations)
2026-04-09 05:59:58 |     → Trial 20/50 completed (~1643 evaluations)
2026-04-09 06:00:05 |     → Trial 30/50 completed (~1570 evaluations)
2026-04-09 06:00:13 |     → Trial 40/50 completed (~1602 evaluations)
2026-04-09 06:00:20 |     → Trial 50/50 completed (~1571 evaluations)
2026-04-09 06:00:20 |     → Instance 33/100
2026-04-09 06:00:20 |     → ShapleyFlow (Path Sampling): 97 edges, 4 sources
2026-04-09 06:00:20 |     → Sampling 100 paths/source × 50 trials
2026-04-09 06:00:21 |     → Trial 1/50 completed (~1598 evaluations)
2026-04-09 06:00:28 |     → Trial 10/50 completed (~1550 evaluations)
2026-04-09 06:00:35 |     → Trial 20/50 completed (~1600 evaluations)
2026-04-09 06:00:43 |     → Trial 30/50 completed (~1578 evaluations)
2026-04-09 06:00:50 |     → Trial 40/50 completed (~1619 evaluations)
2026-04-09 06:00:58 |     → Trial 50/50 completed (~1564 evaluations)
2026-04-09 06:00:58 |     → Instance 34/100
2026-04-09 06:00:58 |     → ShapleyFlow (Path Sampling): 97 edges, 4 sources
2026-04-09 06:00:58 |     → Sampling 100 paths/source × 50 trials
2026-04-09 06:00:59 |     → Trial 1/50 completed (~1569 evaluations)
2026-04-09 06:01:06 |     → Trial 10/50 completed (~1562 evaluations)
2026-04-09 06:01:13 |     → Trial 20/50 completed (~1560 evaluations)
2026-04-09 06:01:21 |     → Trial 30/50 completed (~1617 evaluations)
2026-04-09 06:01:28 |     → Trial 40/50 completed (~1582 evaluations)
2026-04-09 06:01:36 |     → Trial 50/50 completed (~1595 evaluations)
2026-04-09 06:01:36 |     → Instance 35/100
2026-04-09 06:01:36 |     → ShapleyFlow (Path Sampling): 97 edges, 4 sources
2026-04-09 06:01:36 |     → Sampling 100 paths/source × 50 trials
2026-04-09 06:01:37 |     → Trial 1/50 completed (~1566 evaluations)
2026-04-09 06:01:43 |     → Trial 10/50 completed (~1519 evaluations)
2026-04-09 06:01:51 |     → Trial 20/50 completed (~1593 evaluations)
2026-04-09 06:01:59 |     → Trial 30/50 completed (~1629 evaluations)
2026-04-09 06:02:06 |     → Trial 40/50 completed (~1600 evaluations)
2026-04-09 06:02:14 |     → Trial 50/50 completed (~1581 evaluations)
2026-04-09 06:02:14 |     → Instance 36/100
2026-04-09 06:02:14 |     → ShapleyFlow (Path Sampling): 97 edges, 4 sources
2026-04-09 06:02:14 |     → Sampling 100 paths/source × 50 trials
2026-04-09 06:02:15 |     → Trial 1/50 completed (~1594 evaluations)
2026-04-09 06:02:22 |     → Trial 10/50 completed (~1578 evaluations)
2026-04-09 06:02:29 |     → Trial 20/50 completed (~1545 evaluations)
2026-04-09 06:02:37 |     → Trial 30/50 completed (~1604 evaluations)
2026-04-09 06:02:45 |     → Trial 40/50 completed (~1608 evaluations)
2026-04-09 06:02:52 |     → Trial 50/50 completed (~1541 evaluations)
2026-04-09 06:02:52 |     → Instance 37/100
2026-04-09 06:02:52 |     → ShapleyFlow (Path Sampling): 97 edges, 4 sources
2026-04-09 06:02:52 |     → Sampling 100 paths/source × 50 trials
2026-04-09 06:02:53 |     → Trial 1/50 completed (~1576 evaluations)
2026-04-09 06:03:00 |     → Trial 10/50 completed (~1615 evaluations)
2026-04-09 06:03:07 |     → Trial 20/50 completed (~1615 evaluations)
2026-04-09 06:03:15 |     → Trial 30/50 completed (~1633 evaluations)
2026-04-09 06:03:22 |     → Trial 40/50 completed (~1562 evaluations)
2026-04-09 06:03:30 |     → Trial 50/50 completed (~1527 evaluations)
2026-04-09 06:03:30 |     → Instance 38/100
2026-04-09 06:03:30 |     → ShapleyFlow (Path Sampling): 97 edges, 4 sources
2026-04-09 06:03:30 |     → Sampling 100 paths/source × 50 trials
2026-04-09 06:03:31 |     → Trial 1/50 completed (~1622 evaluations)
2026-04-09 06:03:38 |     → Trial 10/50 completed (~1587 evaluations)
2026-04-09 06:03:45 |     → Trial 20/50 completed (~1608 evaluations)
2026-04-09 06:03:53 |     → Trial 30/50 completed (~1616 evaluations)
2026-04-09 06:04:00 |     → Trial 40/50 completed (~1557 evaluations)
2026-04-09 06:04:08 |     → Trial 50/50 completed (~1611 evaluations)
2026-04-09 06:04:08 |     → Instance 39/100
2026-04-09 06:04:08 |     → ShapleyFlow (Path Sampling): 97 edges, 4 sources
2026-04-09 06:04:08 |     → Sampling 100 paths/source × 50 trials
2026-04-09 06:04:09 |     → Trial 1/50 completed (~1577 evaluations)
2026-04-09 06:04:16 |     → Trial 10/50 completed (~1542 evaluations)
2026-04-09 06:04:23 |     → Trial 20/50 completed (~1528 evaluations)
2026-04-09 06:04:31 |     → Trial 30/50 completed (~1583 evaluations)
2026-04-09 06:04:39 |     → Trial 40/50 completed (~1553 evaluations)
2026-04-09 06:04:46 |     → Trial 50/50 completed (~1584 evaluations)
2026-04-09 06:04:46 |     → Instance 40/100
2026-04-09 06:04:46 |     → ShapleyFlow (Path Sampling): 97 edges, 4 sources
2026-04-09 06:04:46 |     → Sampling 100 paths/source × 50 trials
2026-04-09 06:04:47 |     → Trial 1/50 completed (~1540 evaluations)
2026-04-09 06:04:54 |     → Trial 10/50 completed (~1571 evaluations)
2026-04-09 06:05:01 |     → Trial 20/50 completed (~1618 evaluations)
2026-04-09 06:05:09 |     → Trial 30/50 completed (~1513 evaluations)
2026-04-09 06:05:17 |     → Trial 40/50 completed (~1547 evaluations)
2026-04-09 06:05:24 |     → Trial 50/50 completed (~1597 evaluations)
2026-04-09 06:05:24 |     → Instance 41/100
2026-04-09 06:05:24 |     → ShapleyFlow (Path Sampling): 97 edges, 4 sources
2026-04-09 06:05:24 |     → Sampling 100 paths/source × 50 trials
2026-04-09 06:05:25 |     → Trial 1/50 completed (~1516 evaluations)
2026-04-09 06:05:32 |     → Trial 10/50 completed (~1610 evaluations)
2026-04-09 06:05:39 |     → Trial 20/50 completed (~1647 evaluations)
2026-04-09 06:05:47 |     → Trial 30/50 completed (~1585 evaluations)
2026-04-09 06:05:54 |     → Trial 40/50 completed (~1572 evaluations)
2026-04-09 06:06:02 |     → Trial 50/50 completed (~1630 evaluations)
2026-04-09 06:06:02 |     → Instance 42/100
2026-04-09 06:06:02 |     → ShapleyFlow (Path Sampling): 97 edges, 4 sources
2026-04-09 06:06:02 |     → Sampling 100 paths/source × 50 trials
2026-04-09 06:06:03 |     → Trial 1/50 completed (~1549 evaluations)
2026-04-09 06:06:10 |     → Trial 10/50 completed (~1650 evaluations)
2026-04-09 06:06:17 |     → Trial 20/50 completed (~1584 evaluations)
2026-04-09 06:06:25 |     → Trial 30/50 completed (~1567 evaluations)
2026-04-09 06:06:32 |     → Trial 40/50 completed (~1569 evaluations)
2026-04-09 06:06:40 |     → Trial 50/50 completed (~1566 evaluations)
2026-04-09 06:06:40 |     → Instance 43/100
2026-04-09 06:06:40 |     → ShapleyFlow (Path Sampling): 97 edges, 4 sources
2026-04-09 06:06:40 |     → Sampling 100 paths/source × 50 trials
2026-04-09 06:06:41 |     → Trial 1/50 completed (~1581 evaluations)
2026-04-09 06:06:47 |     → Trial 10/50 completed (~1595 evaluations)
2026-04-09 06:06:55 |     → Trial 20/50 completed (~1641 evaluations)
2026-04-09 06:07:03 |     → Trial 30/50 completed (~1557 evaluations)
2026-04-09 06:07:10 |     → Trial 40/50 completed (~1526 evaluations)
2026-04-09 06:07:18 |     → Trial 50/50 completed (~1575 evaluations)
2026-04-09 06:07:18 |     → Instance 44/100
2026-04-09 06:07:18 |     → ShapleyFlow (Path Sampling): 97 edges, 4 sources
2026-04-09 06:07:18 |     → Sampling 100 paths/source × 50 trials
2026-04-09 06:07:18 |     → Trial 1/50 completed (~1607 evaluations)
2026-04-09 06:07:25 |     → Trial 10/50 completed (~1582 evaluations)
2026-04-09 06:07:33 |     → Trial 20/50 completed (~1573 evaluations)
2026-04-09 06:07:40 |     → Trial 30/50 completed (~1541 evaluations)
2026-04-09 06:07:48 |     → Trial 40/50 completed (~1575 evaluations)
2026-04-09 06:07:55 |     → Trial 50/50 completed (~1552 evaluations)
2026-04-09 06:07:56 |     → Instance 45/100
2026-04-09 06:07:56 |     → ShapleyFlow (Path Sampling): 97 edges, 4 sources
2026-04-09 06:07:56 |     → Sampling 100 paths/source × 50 trials
2026-04-09 06:07:56 |     → Trial 1/50 completed (~1579 evaluations)
2026-04-09 06:08:03 |     → Trial 10/50 completed (~1558 evaluations)
2026-04-09 06:08:11 |     → Trial 20/50 completed (~1659 evaluations)
2026-04-09 06:08:18 |     → Trial 30/50 completed (~1622 evaluations)
2026-04-09 06:08:26 |     → Trial 40/50 completed (~1585 evaluations)
2026-04-09 06:08:33 |     → Trial 50/50 completed (~1582 evaluations)
2026-04-09 06:08:33 |     → Instance 46/100
2026-04-09 06:08:33 |     → ShapleyFlow (Path Sampling): 97 edges, 4 sources
2026-04-09 06:08:33 |     → Sampling 100 paths/source × 50 trials
2026-04-09 06:08:34 |     → Trial 1/50 completed (~1578 evaluations)
2026-04-09 06:08:41 |     → Trial 10/50 completed (~1592 evaluations)
2026-04-09 06:08:49 |     → Trial 20/50 completed (~1586 evaluations)
2026-04-09 06:08:56 |     → Trial 30/50 completed (~1549 evaluations)
2026-04-09 06:09:04 |     → Trial 40/50 completed (~1625 evaluations)
2026-04-09 06:09:11 |     → Trial 50/50 completed (~1622 evaluations)
2026-04-09 06:09:11 |     → Instance 47/100
2026-04-09 06:09:11 |     → ShapleyFlow (Path Sampling): 97 edges, 4 sources
2026-04-09 06:09:11 |     → Sampling 100 paths/source × 50 trials
2026-04-09 06:09:12 |     → Trial 1/50 completed (~1593 evaluations)
2026-04-09 06:09:19 |     → Trial 10/50 completed (~1645 evaluations)
2026-04-09 06:09:27 |     → Trial 20/50 completed (~1622 evaluations)
2026-04-09 06:09:34 |     → Trial 30/50 completed (~1574 evaluations)
2026-04-09 06:09:42 |     → Trial 40/50 completed (~1545 evaluations)
2026-04-09 06:09:49 |     → Trial 50/50 completed (~1551 evaluations)
2026-04-09 06:09:49 |     → Instance 48/100
2026-04-09 06:09:49 |     → ShapleyFlow (Path Sampling): 97 edges, 4 sources
2026-04-09 06:09:49 |     → Sampling 100 paths/source × 50 trials
2026-04-09 06:09:50 |     → Trial 1/50 completed (~1578 evaluations)
2026-04-09 06:09:57 |     → Trial 10/50 completed (~1602 evaluations)
2026-04-09 06:10:05 |     → Trial 20/50 completed (~1620 evaluations)
2026-04-09 06:10:12 |     → Trial 30/50 completed (~1575 evaluations)
2026-04-09 06:10:20 |     → Trial 40/50 completed (~1610 evaluations)
2026-04-09 06:10:27 |     → Trial 50/50 completed (~1569 evaluations)
2026-04-09 06:10:27 |     → Instance 49/100
2026-04-09 06:10:27 |     → ShapleyFlow (Path Sampling): 97 edges, 4 sources
2026-04-09 06:10:27 |     → Sampling 100 paths/source × 50 trials
2026-04-09 06:10:28 |     → Trial 1/50 completed (~1587 evaluations)
2026-04-09 06:10:35 |     → Trial 10/50 completed (~1580 evaluations)
2026-04-09 06:10:42 |     → Trial 20/50 completed (~1561 evaluations)
2026-04-09 06:10:50 |     → Trial 30/50 completed (~1650 evaluations)
2026-04-09 06:10:58 |     → Trial 40/50 completed (~1559 evaluations)
2026-04-09 06:11:05 |     → Trial 50/50 completed (~1651 evaluations)
2026-04-09 06:11:05 |     → Instance 50/100
2026-04-09 06:11:05 |     → ShapleyFlow (Path Sampling): 97 edges, 4 sources
2026-04-09 06:11:05 |     → Sampling 100 paths/source × 50 trials
2026-04-09 06:11:06 |     → Trial 1/50 completed (~1572 evaluations)
2026-04-09 06:11:13 |     → Trial 10/50 completed (~1559 evaluations)
2026-04-09 06:11:20 |     → Trial 20/50 completed (~1572 evaluations)
2026-04-09 06:11:28 |     → Trial 30/50 completed (~1598 evaluations)
2026-04-09 06:11:35 |     → Trial 40/50 completed (~1589 evaluations)
2026-04-09 06:11:43 |     → Trial 50/50 completed (~1615 evaluations)
2026-04-09 06:11:43 |     → Instance 51/100
2026-04-09 06:11:43 |     → ShapleyFlow (Path Sampling): 97 edges, 4 sources
2026-04-09 06:11:43 |     → Sampling 100 paths/source × 50 trials
2026-04-09 06:11:44 |     → Trial 1/50 completed (~1589 evaluations)
2026-04-09 06:11:51 |     → Trial 10/50 completed (~1602 evaluations)
2026-04-09 06:11:58 |     → Trial 20/50 completed (~1633 evaluations)
2026-04-09 06:12:06 |     → Trial 30/50 completed (~1594 evaluations)
2026-04-09 06:12:13 |     → Trial 40/50 completed (~1559 evaluations)
2026-04-09 06:12:21 |     → Trial 50/50 completed (~1595 evaluations)
2026-04-09 06:12:21 |     → Instance 52/100
2026-04-09 06:12:21 |     → ShapleyFlow (Path Sampling): 97 edges, 4 sources
2026-04-09 06:12:21 |     → Sampling 100 paths/source × 50 trials
2026-04-09 06:12:22 |     → Trial 1/50 completed (~1560 evaluations)
2026-04-09 06:12:29 |     → Trial 10/50 completed (~1581 evaluations)
2026-04-09 06:12:36 |     → Trial 20/50 completed (~1573 evaluations)
2026-04-09 06:12:44 |     → Trial 30/50 completed (~1538 evaluations)
2026-04-09 06:12:51 |     → Trial 40/50 completed (~1578 evaluations)
2026-04-09 06:12:59 |     → Trial 50/50 completed (~1536 evaluations)
2026-04-09 06:12:59 |     → Instance 53/100
2026-04-09 06:12:59 |     → ShapleyFlow (Path Sampling): 97 edges, 4 sources
2026-04-09 06:12:59 |     → Sampling 100 paths/source × 50 trials
2026-04-09 06:13:00 |     → Trial 1/50 completed (~1592 evaluations)
2026-04-09 06:13:06 |     → Trial 10/50 completed (~1529 evaluations)
2026-04-09 06:13:14 |     → Trial 20/50 completed (~1623 evaluations)
2026-04-09 06:13:21 |     → Trial 30/50 completed (~1547 evaluations)
2026-04-09 06:13:29 |     → Trial 40/50 completed (~1534 evaluations)
2026-04-09 06:13:37 |     → Trial 50/50 completed (~1544 evaluations)
2026-04-09 06:13:37 |     → Instance 54/100
2026-04-09 06:13:37 |     → ShapleyFlow (Path Sampling): 97 edges, 4 sources
2026-04-09 06:13:37 |     → Sampling 100 paths/source × 50 trials
2026-04-09 06:13:38 |     → Trial 1/50 completed (~1570 evaluations)
2026-04-09 06:13:44 |     → Trial 10/50 completed (~1603 evaluations)
2026-04-09 06:13:52 |     → Trial 20/50 completed (~1575 evaluations)
2026-04-09 06:13:59 |     → Trial 30/50 completed (~1570 evaluations)
2026-04-09 06:14:07 |     → Trial 40/50 completed (~1590 evaluations)
2026-04-09 06:14:15 |     → Trial 50/50 completed (~1599 evaluations)
2026-04-09 06:14:15 |     → Instance 55/100
2026-04-09 06:14:15 |     → ShapleyFlow (Path Sampling): 97 edges, 4 sources
2026-04-09 06:14:15 |     → Sampling 100 paths/source × 50 trials
2026-04-09 06:14:16 |     → Trial 1/50 completed (~1609 evaluations)
2026-04-09 06:14:22 |     → Trial 10/50 completed (~1533 evaluations)
2026-04-09 06:14:30 |     → Trial 20/50 completed (~1558 evaluations)
2026-04-09 06:14:37 |     → Trial 30/50 completed (~1559 evaluations)
2026-04-09 06:14:45 |     → Trial 40/50 completed (~1616 evaluations)
2026-04-09 06:14:53 |     → Trial 50/50 completed (~1608 evaluations)
2026-04-09 06:14:53 |     → Instance 56/100
2026-04-09 06:14:53 |     → ShapleyFlow (Path Sampling): 97 edges, 4 sources
2026-04-09 06:14:53 |     → Sampling 100 paths/source × 50 trials
2026-04-09 06:14:53 |     → Trial 1/50 completed (~1541 evaluations)
2026-04-09 06:15:00 |     → Trial 10/50 completed (~1556 evaluations)
2026-04-09 06:15:08 |     → Trial 20/50 completed (~1601 evaluations)
2026-04-09 06:15:15 |     → Trial 30/50 completed (~1583 evaluations)
2026-04-09 06:15:23 |     → Trial 40/50 completed (~1528 evaluations)
2026-04-09 06:15:31 |     → Trial 50/50 completed (~1597 evaluations)
2026-04-09 06:15:31 |     → Instance 57/100
2026-04-09 06:15:31 |     → ShapleyFlow (Path Sampling): 97 edges, 4 sources
2026-04-09 06:15:31 |     → Sampling 100 paths/source × 50 trials
2026-04-09 06:15:31 |     → Trial 1/50 completed (~1565 evaluations)
2026-04-09 06:15:38 |     → Trial 10/50 completed (~1597 evaluations)
2026-04-09 06:15:46 |     → Trial 20/50 completed (~1574 evaluations)
2026-04-09 06:15:53 |     → Trial 30/50 completed (~1594 evaluations)
2026-04-09 06:16:01 |     → Trial 40/50 completed (~1523 evaluations)
2026-04-09 06:16:09 |     → Trial 50/50 completed (~1609 evaluations)
2026-04-09 06:16:09 |     → Instance 58/100
2026-04-09 06:16:09 |     → ShapleyFlow (Path Sampling): 97 edges, 4 sources
2026-04-09 06:16:09 |     → Sampling 100 paths/source × 50 trials
2026-04-09 06:16:09 |     → Trial 1/50 completed (~1628 evaluations)
2026-04-09 06:16:16 |     → Trial 10/50 completed (~1534 evaluations)
2026-04-09 06:16:24 |     → Trial 20/50 completed (~1561 evaluations)
2026-04-09 06:16:31 |     → Trial 30/50 completed (~1595 evaluations)
2026-04-09 06:16:39 |     → Trial 40/50 completed (~1557 evaluations)
2026-04-09 06:16:46 |     → Trial 50/50 completed (~1601 evaluations)
2026-04-09 06:16:47 |     → Instance 59/100
2026-04-09 06:16:47 |     → ShapleyFlow (Path Sampling): 97 edges, 4 sources
2026-04-09 06:16:47 |     → Sampling 100 paths/source × 50 trials
2026-04-09 06:16:47 |     → Trial 1/50 completed (~1596 evaluations)
2026-04-09 06:16:54 |     → Trial 10/50 completed (~1597 evaluations)
2026-04-09 06:17:02 |     → Trial 20/50 completed (~1610 evaluations)
2026-04-09 06:17:09 |     → Trial 30/50 completed (~1571 evaluations)
2026-04-09 06:17:17 |     → Trial 40/50 completed (~1605 evaluations)
2026-04-09 06:17:25 |     → Trial 50/50 completed (~1590 evaluations)
2026-04-09 06:17:25 |     → Instance 60/100
2026-04-09 06:17:25 |     → ShapleyFlow (Path Sampling): 97 edges, 4 sources
2026-04-09 06:17:25 |     → Sampling 100 paths/source × 50 trials
2026-04-09 06:17:25 |     → Trial 1/50 completed (~1617 evaluations)
2026-04-09 06:17:32 |     → Trial 10/50 completed (~1583 evaluations)
2026-04-09 06:17:40 |     → Trial 20/50 completed (~1579 evaluations)
2026-04-09 06:17:47 |     → Trial 30/50 completed (~1518 evaluations)
2026-04-09 06:17:55 |     → Trial 40/50 completed (~1595 evaluations)
2026-04-09 06:18:02 |     → Trial 50/50 completed (~1569 evaluations)
2026-04-09 06:18:02 |     → Instance 61/100
2026-04-09 06:18:02 |     → ShapleyFlow (Path Sampling): 97 edges, 4 sources
2026-04-09 06:18:02 |     → Sampling 100 paths/source × 50 trials
2026-04-09 06:18:03 |     → Trial 1/50 completed (~1560 evaluations)
2026-04-09 06:18:10 |     → Trial 10/50 completed (~1574 evaluations)
2026-04-09 06:18:17 |     → Trial 20/50 completed (~1550 evaluations)
2026-04-09 06:18:25 |     → Trial 30/50 completed (~1608 evaluations)
2026-04-09 06:18:32 |     → Trial 40/50 completed (~1609 evaluations)
2026-04-09 06:18:40 |     → Trial 50/50 completed (~1603 evaluations)
2026-04-09 06:18:40 |     → Instance 62/100
2026-04-09 06:18:40 |     → ShapleyFlow (Path Sampling): 97 edges, 4 sources
2026-04-09 06:18:40 |     → Sampling 100 paths/source × 50 trials
2026-04-09 06:18:41 |     → Trial 1/50 completed (~1565 evaluations)
2026-04-09 06:18:48 |     → Trial 10/50 completed (~1605 evaluations)
2026-04-09 06:18:55 |     → Trial 20/50 completed (~1560 evaluations)
2026-04-09 06:19:03 |     → Trial 30/50 completed (~1536 evaluations)
2026-04-09 06:19:10 |     → Trial 40/50 completed (~1589 evaluations)
2026-04-09 06:19:18 |     → Trial 50/50 completed (~1562 evaluations)
2026-04-09 06:19:18 |     → Instance 63/100
2026-04-09 06:19:18 |     → ShapleyFlow (Path Sampling): 97 edges, 4 sources
2026-04-09 06:19:18 |     → Sampling 100 paths/source × 50 trials
2026-04-09 06:19:19 |     → Trial 1/50 completed (~1580 evaluations)
2026-04-09 06:19:26 |     → Trial 10/50 completed (~1578 evaluations)
2026-04-09 06:19:33 |     → Trial 20/50 completed (~1614 evaluations)
2026-04-09 06:19:41 |     → Trial 30/50 completed (~1532 evaluations)
2026-04-09 06:19:48 |     → Trial 40/50 completed (~1538 evaluations)
2026-04-09 06:19:56 |     → Trial 50/50 completed (~1578 evaluations)
2026-04-09 06:19:56 |     → Instance 64/100
2026-04-09 06:19:56 |     → ShapleyFlow (Path Sampling): 97 edges, 4 sources
2026-04-09 06:19:56 |     → Sampling 100 paths/source × 50 trials
2026-04-09 06:19:57 |     → Trial 1/50 completed (~1581 evaluations)
2026-04-09 06:20:03 |     → Trial 10/50 completed (~1594 evaluations)
2026-04-09 06:20:11 |     → Trial 20/50 completed (~1591 evaluations)
2026-04-09 06:20:19 |     → Trial 30/50 completed (~1593 evaluations)
2026-04-09 06:20:26 |     → Trial 40/50 completed (~1568 evaluations)
2026-04-09 06:20:34 |     → Trial 50/50 completed (~1569 evaluations)
2026-04-09 06:20:34 |     → Instance 65/100
2026-04-09 06:20:34 |     → ShapleyFlow (Path Sampling): 97 edges, 4 sources
2026-04-09 06:20:34 |     → Sampling 100 paths/source × 50 trials
2026-04-09 06:20:34 |     → Trial 1/50 completed (~1554 evaluations)
2026-04-09 06:20:41 |     → Trial 10/50 completed (~1607 evaluations)
2026-04-09 06:20:49 |     → Trial 20/50 completed (~1600 evaluations)
2026-04-09 06:20:57 |     → Trial 30/50 completed (~1559 evaluations)
2026-04-09 06:21:04 |     → Trial 40/50 completed (~1553 evaluations)
2026-04-09 06:21:12 |     → Trial 50/50 completed (~1558 evaluations)
2026-04-09 06:21:12 |     → Instance 66/100
2026-04-09 06:21:12 |     → ShapleyFlow (Path Sampling): 97 edges, 4 sources
2026-04-09 06:21:12 |     → Sampling 100 paths/source × 50 trials
2026-04-09 06:21:13 |     → Trial 1/50 completed (~1598 evaluations)
2026-04-09 06:21:20 |     → Trial 10/50 completed (~1587 evaluations)
2026-04-09 06:21:27 |     → Trial 20/50 completed (~1491 evaluations)
2026-04-09 06:21:35 |     → Trial 30/50 completed (~1521 evaluations)
2026-04-09 06:21:42 |     → Trial 40/50 completed (~1601 evaluations)
2026-04-09 06:21:50 |     → Trial 50/50 completed (~1563 evaluations)
2026-04-09 06:21:50 |     → Instance 67/100
2026-04-09 06:21:50 |     → ShapleyFlow (Path Sampling): 97 edges, 4 sources
2026-04-09 06:21:50 |     → Sampling 100 paths/source × 50 trials
2026-04-09 06:21:51 |     → Trial 1/50 completed (~1568 evaluations)
2026-04-09 06:21:58 |     → Trial 10/50 completed (~1533 evaluations)
2026-04-09 06:22:05 |     → Trial 20/50 completed (~1574 evaluations)
2026-04-09 06:22:13 |     → Trial 30/50 completed (~1552 evaluations)
2026-04-09 06:22:21 |     → Trial 40/50 completed (~1567 evaluations)
2026-04-09 06:22:28 |     → Trial 50/50 completed (~1546 evaluations)
2026-04-09 06:22:28 |     → Instance 68/100
2026-04-09 06:22:28 |     → ShapleyFlow (Path Sampling): 97 edges, 4 sources
2026-04-09 06:22:28 |     → Sampling 100 paths/source × 50 trials
2026-04-09 06:22:29 |     → Trial 1/50 completed (~1598 evaluations)
2026-04-09 06:22:36 |     → Trial 10/50 completed (~1620 evaluations)
2026-04-09 06:22:43 |     → Trial 20/50 completed (~1575 evaluations)
2026-04-09 06:22:51 |     → Trial 30/50 completed (~1537 evaluations)
2026-04-09 06:22:58 |     → Trial 40/50 completed (~1575 evaluations)
2026-04-09 06:23:06 |     → Trial 50/50 completed (~1566 evaluations)
2026-04-09 06:23:06 |     → Instance 69/100
2026-04-09 06:23:06 |     → ShapleyFlow (Path Sampling): 97 edges, 4 sources
2026-04-09 06:23:06 |     → Sampling 100 paths/source × 50 trials
2026-04-09 06:23:07 |     → Trial 1/50 completed (~1582 evaluations)
2026-04-09 06:23:14 |     → Trial 10/50 completed (~1569 evaluations)
2026-04-09 06:23:21 |     → Trial 20/50 completed (~1577 evaluations)
2026-04-09 06:23:29 |     → Trial 30/50 completed (~1557 evaluations)
2026-04-09 06:23:36 |     → Trial 40/50 completed (~1553 evaluations)
2026-04-09 06:23:44 |     → Trial 50/50 completed (~1645 evaluations)
2026-04-09 06:23:44 |     → Instance 70/100
2026-04-09 06:23:44 |     → ShapleyFlow (Path Sampling): 97 edges, 4 sources
2026-04-09 06:23:44 |     → Sampling 100 paths/source × 50 trials
2026-04-09 06:23:45 |     → Trial 1/50 completed (~1568 evaluations)
2026-04-09 06:23:52 |     → Trial 10/50 completed (~1628 evaluations)
2026-04-09 06:23:59 |     → Trial 20/50 completed (~1570 evaluations)
2026-04-09 06:24:07 |     → Trial 30/50 completed (~1600 evaluations)
2026-04-09 06:24:14 |     → Trial 40/50 completed (~1618 evaluations)
2026-04-09 06:24:22 |     → Trial 50/50 completed (~1614 evaluations)
2026-04-09 06:24:22 |     → Instance 71/100
2026-04-09 06:24:22 |     → ShapleyFlow (Path Sampling): 97 edges, 4 sources
2026-04-09 06:24:22 |     → Sampling 100 paths/source × 50 trials
2026-04-09 06:24:23 |     → Trial 1/50 completed (~1563 evaluations)
2026-04-09 06:24:29 |     → Trial 10/50 completed (~1550 evaluations)
2026-04-09 06:24:37 |     → Trial 20/50 completed (~1582 evaluations)
2026-04-09 06:24:45 |     → Trial 30/50 completed (~1619 evaluations)
2026-04-09 06:24:52 |     → Trial 40/50 completed (~1589 evaluations)
2026-04-09 06:25:00 |     → Trial 50/50 completed (~1596 evaluations)
2026-04-09 06:25:00 |     → Instance 72/100
2026-04-09 06:25:00 |     → ShapleyFlow (Path Sampling): 97 edges, 4 sources
2026-04-09 06:25:00 |     → Sampling 100 paths/source × 50 trials
2026-04-09 06:25:01 |     → Trial 1/50 completed (~1550 evaluations)
2026-04-09 06:25:07 |     → Trial 10/50 completed (~1593 evaluations)
2026-04-09 06:25:15 |     → Trial 20/50 completed (~1548 evaluations)
2026-04-09 06:25:23 |     → Trial 30/50 completed (~1593 evaluations)
2026-04-09 06:25:30 |     → Trial 40/50 completed (~1566 evaluations)
2026-04-09 06:25:38 |     → Trial 50/50 completed (~1545 evaluations)
2026-04-09 06:25:38 |     → Instance 73/100
2026-04-09 06:25:38 |     → ShapleyFlow (Path Sampling): 97 edges, 4 sources
2026-04-09 06:25:38 |     → Sampling 100 paths/source × 50 trials
2026-04-09 06:25:38 |     → Trial 1/50 completed (~1566 evaluations)
2026-04-09 06:25:45 |     → Trial 10/50 completed (~1561 evaluations)
2026-04-09 06:25:53 |     → Trial 20/50 completed (~1613 evaluations)
2026-04-09 06:26:00 |     → Trial 30/50 completed (~1590 evaluations)
2026-04-09 06:26:08 |     → Trial 40/50 completed (~1613 evaluations)
2026-04-09 06:26:16 |     → Trial 50/50 completed (~1492 evaluations)
2026-04-09 06:26:16 |     → Instance 74/100
2026-04-09 06:26:16 |     → ShapleyFlow (Path Sampling): 97 edges, 4 sources
2026-04-09 06:26:16 |     → Sampling 100 paths/source × 50 trials
2026-04-09 06:26:16 |     → Trial 1/50 completed (~1558 evaluations)
2026-04-09 06:26:23 |     → Trial 10/50 completed (~1641 evaluations)
2026-04-09 06:26:31 |     → Trial 20/50 completed (~1605 evaluations)
2026-04-09 06:26:38 |     → Trial 30/50 completed (~1566 evaluations)
2026-04-09 06:26:46 |     → Trial 40/50 completed (~1590 evaluations)
2026-04-09 06:26:54 |     → Trial 50/50 completed (~1609 evaluations)
2026-04-09 06:26:54 |     → Instance 75/100
2026-04-09 06:26:54 |     → ShapleyFlow (Path Sampling): 97 edges, 4 sources
2026-04-09 06:26:54 |     → Sampling 100 paths/source × 50 trials
2026-04-09 06:26:54 |     → Trial 1/50 completed (~1563 evaluations)
2026-04-09 06:27:01 |     → Trial 10/50 completed (~1545 evaluations)
2026-04-09 06:27:09 |     → Trial 20/50 completed (~1605 evaluations)
2026-04-09 06:27:16 |     → Trial 30/50 completed (~1612 evaluations)
2026-04-09 06:27:24 |     → Trial 40/50 completed (~1494 evaluations)
2026-04-09 06:27:32 |     → Trial 50/50 completed (~1582 evaluations)
2026-04-09 06:27:32 |     → Instance 76/100
2026-04-09 06:27:32 |     → ShapleyFlow (Path Sampling): 97 edges, 4 sources
2026-04-09 06:27:32 |     → Sampling 100 paths/source × 50 trials
2026-04-09 06:27:32 |     → Trial 1/50 completed (~1640 evaluations)
2026-04-09 06:27:39 |     → Trial 10/50 completed (~1550 evaluations)
2026-04-09 06:27:47 |     → Trial 20/50 completed (~1625 evaluations)
2026-04-09 06:27:54 |     → Trial 30/50 completed (~1562 evaluations)
2026-04-09 06:28:02 |     → Trial 40/50 completed (~1582 evaluations)
2026-04-09 06:28:09 |     → Trial 50/50 completed (~1588 evaluations)
2026-04-09 06:28:09 |     → Instance 77/100
2026-04-09 06:28:09 |     → ShapleyFlow (Path Sampling): 97 edges, 4 sources
2026-04-09 06:28:09 |     → Sampling 100 paths/source × 50 trials
2026-04-09 06:28:10 |     → Trial 1/50 completed (~1578 evaluations)
2026-04-09 06:28:17 |     → Trial 10/50 completed (~1554 evaluations)
2026-04-09 06:28:24 |     → Trial 20/50 completed (~1564 evaluations)
2026-04-09 06:28:32 |     → Trial 30/50 completed (~1528 evaluations)
2026-04-09 06:28:40 |     → Trial 40/50 completed (~1606 evaluations)
2026-04-09 06:28:47 |     → Trial 50/50 completed (~1623 evaluations)
2026-04-09 06:28:47 |     → Instance 78/100
2026-04-09 06:28:47 |     → ShapleyFlow (Path Sampling): 97 edges, 4 sources
2026-04-09 06:28:47 |     → Sampling 100 paths/source × 50 trials
2026-04-09 06:28:48 |     → Trial 1/50 completed (~1566 evaluations)
2026-04-09 06:28:55 |     → Trial 10/50 completed (~1507 evaluations)
2026-04-09 06:29:02 |     → Trial 20/50 completed (~1523 evaluations)
2026-04-09 06:29:10 |     → Trial 30/50 completed (~1533 evaluations)
2026-04-09 06:29:17 |     → Trial 40/50 completed (~1529 evaluations)
2026-04-09 06:29:25 |     → Trial 50/50 completed (~1492 evaluations)
2026-04-09 06:29:25 |     → Instance 79/100
2026-04-09 06:29:25 |     → ShapleyFlow (Path Sampling): 97 edges, 4 sources
2026-04-09 06:29:25 |     → Sampling 100 paths/source × 50 trials
2026-04-09 06:29:26 |     → Trial 1/50 completed (~1549 evaluations)
2026-04-09 06:29:32 |     → Trial 10/50 completed (~1588 evaluations)
2026-04-09 06:29:40 |     → Trial 20/50 completed (~1570 evaluations)
2026-04-09 06:29:48 |     → Trial 30/50 completed (~1567 evaluations)
2026-04-09 06:29:55 |     → Trial 40/50 completed (~1642 evaluations)
2026-04-09 06:30:03 |     → Trial 50/50 completed (~1589 evaluations)
2026-04-09 06:30:03 |     → Instance 80/100
2026-04-09 06:30:03 |     → ShapleyFlow (Path Sampling): 97 edges, 4 sources
2026-04-09 06:30:03 |     → Sampling 100 paths/source × 50 trials
2026-04-09 06:30:03 |     → Trial 1/50 completed (~1571 evaluations)
2026-04-09 06:30:10 |     → Trial 10/50 completed (~1591 evaluations)
2026-04-09 06:30:18 |     → Trial 20/50 completed (~1619 evaluations)
2026-04-09 06:30:26 |     → Trial 30/50 completed (~1596 evaluations)
2026-04-09 06:30:33 |     → Trial 40/50 completed (~1551 evaluations)
2026-04-09 06:30:41 |     → Trial 50/50 completed (~1647 evaluations)
2026-04-09 06:30:41 |     → Instance 81/100
2026-04-09 06:30:41 |     → ShapleyFlow (Path Sampling): 97 edges, 4 sources
2026-04-09 06:30:41 |     → Sampling 100 paths/source × 50 trials
2026-04-09 06:30:41 |     → Trial 1/50 completed (~1571 evaluations)
2026-04-09 06:30:48 |     → Trial 10/50 completed (~1603 evaluations)
2026-04-09 06:30:56 |     → Trial 20/50 completed (~1588 evaluations)
2026-04-09 06:31:03 |     → Trial 30/50 completed (~1572 evaluations)
2026-04-09 06:31:11 |     → Trial 40/50 completed (~1624 evaluations)
2026-04-09 06:31:18 |     → Trial 50/50 completed (~1562 evaluations)
2026-04-09 06:31:18 |     → Instance 82/100
2026-04-09 06:31:18 |     → ShapleyFlow (Path Sampling): 97 edges, 4 sources
2026-04-09 06:31:18 |     → Sampling 100 paths/source × 50 trials
2026-04-09 06:31:19 |     → Trial 1/50 completed (~1510 evaluations)
2026-04-09 06:31:26 |     → Trial 10/50 completed (~1596 evaluations)
2026-04-09 06:31:33 |     → Trial 20/50 completed (~1570 evaluations)
2026-04-09 06:31:41 |     → Trial 30/50 completed (~1547 evaluations)
2026-04-09 06:31:49 |     → Trial 40/50 completed (~1592 evaluations)
2026-04-09 06:31:56 |     → Trial 50/50 completed (~1605 evaluations)
2026-04-09 06:31:56 |     → Instance 83/100
2026-04-09 06:31:56 |     → ShapleyFlow (Path Sampling): 97 edges, 4 sources
2026-04-09 06:31:56 |     → Sampling 100 paths/source × 50 trials
2026-04-09 06:31:57 |     → Trial 1/50 completed (~1556 evaluations)
2026-04-09 06:32:04 |     → Trial 10/50 completed (~1555 evaluations)
2026-04-09 06:32:12 |     → Trial 20/50 completed (~1565 evaluations)
2026-04-09 06:32:19 |     → Trial 30/50 completed (~1591 evaluations)
2026-04-09 06:32:27 |     → Trial 40/50 completed (~1583 evaluations)
2026-04-09 06:32:34 |     → Trial 50/50 completed (~1568 evaluations)
2026-04-09 06:32:34 |     → Instance 84/100
2026-04-09 06:32:34 |     → ShapleyFlow (Path Sampling): 97 edges, 4 sources
2026-04-09 06:32:34 |     → Sampling 100 paths/source × 50 trials
2026-04-09 06:32:35 |     → Trial 1/50 completed (~1572 evaluations)
2026-04-09 06:32:42 |     → Trial 10/50 completed (~1527 evaluations)
2026-04-09 06:32:50 |     → Trial 20/50 completed (~1620 evaluations)
2026-04-09 06:32:57 |     → Trial 30/50 completed (~1522 evaluations)
2026-04-09 06:33:05 |     → Trial 40/50 completed (~1585 evaluations)
2026-04-09 06:33:12 |     → Trial 50/50 completed (~1643 evaluations)
2026-04-09 06:33:12 |     → Instance 85/100
2026-04-09 06:33:12 |     → ShapleyFlow (Path Sampling): 97 edges, 4 sources
2026-04-09 06:33:12 |     → Sampling 100 paths/source × 50 trials
2026-04-09 06:33:13 |     → Trial 1/50 completed (~1619 evaluations)
2026-04-09 06:33:20 |     → Trial 10/50 completed (~1529 evaluations)
2026-04-09 06:33:28 |     → Trial 20/50 completed (~1568 evaluations)
2026-04-09 06:33:35 |     → Trial 30/50 completed (~1583 evaluations)
2026-04-09 06:33:43 |     → Trial 40/50 completed (~1585 evaluations)
2026-04-09 06:33:50 |     → Trial 50/50 completed (~1567 evaluations)
2026-04-09 06:33:50 |     → Instance 86/100
2026-04-09 06:33:50 |     → ShapleyFlow (Path Sampling): 97 edges, 4 sources
2026-04-09 06:33:50 |     → Sampling 100 paths/source × 50 trials
2026-04-09 06:33:51 |     → Trial 1/50 completed (~1554 evaluations)
2026-04-09 06:33:58 |     → Trial 10/50 completed (~1570 evaluations)
2026-04-09 06:34:05 |     → Trial 20/50 completed (~1631 evaluations)
2026-04-09 06:34:13 |     → Trial 30/50 completed (~1579 evaluations)
2026-04-09 06:34:21 |     → Trial 40/50 completed (~1582 evaluations)
2026-04-09 06:34:28 |     → Trial 50/50 completed (~1579 evaluations)
2026-04-09 06:34:28 |     → Instance 87/100
2026-04-09 06:34:28 |     → ShapleyFlow (Path Sampling): 97 edges, 4 sources
2026-04-09 06:34:28 |     → Sampling 100 paths/source × 50 trials
2026-04-09 06:34:29 |     → Trial 1/50 completed (~1598 evaluations)
2026-04-09 06:34:36 |     → Trial 10/50 completed (~1527 evaluations)
2026-04-09 06:34:43 |     → Trial 20/50 completed (~1580 evaluations)
2026-04-09 06:34:51 |     → Trial 30/50 completed (~1583 evaluations)
2026-04-09 06:34:59 |     → Trial 40/50 completed (~1570 evaluations)
2026-04-09 06:35:06 |     → Trial 50/50 completed (~1571 evaluations)
2026-04-09 06:35:06 |     → Instance 88/100
2026-04-09 06:35:06 |     → ShapleyFlow (Path Sampling): 97 edges, 4 sources
2026-04-09 06:35:06 |     → Sampling 100 paths/source × 50 trials
2026-04-09 06:35:07 |     → Trial 1/50 completed (~1586 evaluations)
2026-04-09 06:35:14 |     → Trial 10/50 completed (~1552 evaluations)
2026-04-09 06:35:22 |     → Trial 20/50 completed (~1564 evaluations)
2026-04-09 06:35:29 |     → Trial 30/50 completed (~1617 evaluations)
2026-04-09 06:35:37 |     → Trial 40/50 completed (~1535 evaluations)
2026-04-09 06:35:45 |     → Trial 50/50 completed (~1629 evaluations)
2026-04-09 06:35:45 |     → Instance 89/100
2026-04-09 06:35:45 |     → ShapleyFlow (Path Sampling): 97 edges, 4 sources
2026-04-09 06:35:45 |     → Sampling 100 paths/source × 50 trials
2026-04-09 06:35:45 |     → Trial 1/50 completed (~1565 evaluations)
2026-04-09 06:35:52 |     → Trial 10/50 completed (~1527 evaluations)
2026-04-09 06:36:00 |     → Trial 20/50 completed (~1556 evaluations)
2026-04-09 06:36:07 |     → Trial 30/50 completed (~1647 evaluations)
2026-04-09 06:36:15 |     → Trial 40/50 completed (~1561 evaluations)
2026-04-09 06:36:22 |     → Trial 50/50 completed (~1586 evaluations)
2026-04-09 06:36:22 |     → Instance 90/100
2026-04-09 06:36:22 |     → ShapleyFlow (Path Sampling): 97 edges, 4 sources
2026-04-09 06:36:22 |     → Sampling 100 paths/source × 50 trials
2026-04-09 06:36:23 |     → Trial 1/50 completed (~1570 evaluations)
2026-04-09 06:36:30 |     → Trial 10/50 completed (~1513 evaluations)
2026-04-09 06:36:38 |     → Trial 20/50 completed (~1581 evaluations)
2026-04-09 06:36:45 |     → Trial 30/50 completed (~1604 evaluations)
2026-04-09 06:36:53 |     → Trial 40/50 completed (~1548 evaluations)
2026-04-09 06:37:00 |     → Trial 50/50 completed (~1592 evaluations)
2026-04-09 06:37:00 |     → Instance 91/100
2026-04-09 06:37:00 |     → ShapleyFlow (Path Sampling): 97 edges, 4 sources
2026-04-09 06:37:00 |     → Sampling 100 paths/source × 50 trials
2026-04-09 06:37:01 |     → Trial 1/50 completed (~1554 evaluations)
2026-04-09 06:37:08 |     → Trial 10/50 completed (~1583 evaluations)
2026-04-09 06:37:16 |     → Trial 20/50 completed (~1598 evaluations)
2026-04-09 06:37:23 |     → Trial 30/50 completed (~1601 evaluations)
2026-04-09 06:37:31 |     → Trial 40/50 completed (~1640 evaluations)
2026-04-09 06:37:38 |     → Trial 50/50 completed (~1590 evaluations)
2026-04-09 06:37:38 |     → Instance 92/100
2026-04-09 06:37:38 |     → ShapleyFlow (Path Sampling): 97 edges, 4 sources
2026-04-09 06:37:38 |     → Sampling 100 paths/source × 50 trials
2026-04-09 06:37:39 |     → Trial 1/50 completed (~1549 evaluations)
2026-04-09 06:37:46 |     → Trial 10/50 completed (~1585 evaluations)
2026-04-09 06:37:54 |     → Trial 20/50 completed (~1519 evaluations)
2026-04-09 06:38:01 |     → Trial 30/50 completed (~1554 evaluations)
2026-04-09 06:38:09 |     → Trial 40/50 completed (~1617 evaluations)
2026-04-09 06:38:16 |     → Trial 50/50 completed (~1593 evaluations)
2026-04-09 06:38:16 |     → Instance 93/100
2026-04-09 06:38:16 |     → ShapleyFlow (Path Sampling): 97 edges, 4 sources
2026-04-09 06:38:16 |     → Sampling 100 paths/source × 50 trials
2026-04-09 06:38:17 |     → Trial 1/50 completed (~1567 evaluations)
2026-04-09 06:38:24 |     → Trial 10/50 completed (~1529 evaluations)
2026-04-09 06:38:31 |     → Trial 20/50 completed (~1611 evaluations)
2026-04-09 06:38:39 |     → Trial 30/50 completed (~1621 evaluations)
2026-04-09 06:38:46 |     → Trial 40/50 completed (~1464 evaluations)
2026-04-09 06:38:54 |     → Trial 50/50 completed (~1570 evaluations)
2026-04-09 06:38:54 |     → Instance 94/100
2026-04-09 06:38:54 |     → ShapleyFlow (Path Sampling): 97 edges, 4 sources
2026-04-09 06:38:54 |     → Sampling 100 paths/source × 50 trials
2026-04-09 06:38:55 |     → Trial 1/50 completed (~1661 evaluations)
2026-04-09 06:39:02 |     → Trial 10/50 completed (~1587 evaluations)
2026-04-09 06:39:09 |     → Trial 20/50 completed (~1636 evaluations)
2026-04-09 06:39:17 |     → Trial 30/50 completed (~1563 evaluations)
2026-04-09 06:39:24 |     → Trial 40/50 completed (~1554 evaluations)
2026-04-09 06:39:32 |     → Trial 50/50 completed (~1538 evaluations)
2026-04-09 06:39:32 |     → Instance 95/100
2026-04-09 06:39:32 |     → ShapleyFlow (Path Sampling): 97 edges, 4 sources
2026-04-09 06:39:32 |     → Sampling 100 paths/source × 50 trials
2026-04-09 06:39:33 |     → Trial 1/50 completed (~1607 evaluations)
2026-04-09 06:39:40 |     → Trial 10/50 completed (~1522 evaluations)
2026-04-09 06:39:47 |     → Trial 20/50 completed (~1572 evaluations)
2026-04-09 06:39:55 |     → Trial 30/50 completed (~1505 evaluations)
2026-04-09 06:40:02 |     → Trial 40/50 completed (~1583 evaluations)
2026-04-09 06:40:10 |     → Trial 50/50 completed (~1607 evaluations)
2026-04-09 06:40:10 |     → Instance 96/100
2026-04-09 06:40:10 |     → ShapleyFlow (Path Sampling): 97 edges, 4 sources
2026-04-09 06:40:10 |     → Sampling 100 paths/source × 50 trials
2026-04-09 06:40:11 |     → Trial 1/50 completed (~1524 evaluations)
2026-04-09 06:40:18 |     → Trial 10/50 completed (~1549 evaluations)
2026-04-09 06:40:25 |     → Trial 20/50 completed (~1578 evaluations)
2026-04-09 06:40:33 |     → Trial 30/50 completed (~1584 evaluations)
2026-04-09 06:40:40 |     → Trial 40/50 completed (~1554 evaluations)
2026-04-09 06:40:48 |     → Trial 50/50 completed (~1529 evaluations)
2026-04-09 06:40:48 |     → Instance 97/100
2026-04-09 06:40:48 |     → ShapleyFlow (Path Sampling): 97 edges, 4 sources
2026-04-09 06:40:48 |     → Sampling 100 paths/source × 50 trials
2026-04-09 06:40:48 |     → Trial 1/50 completed (~1603 evaluations)
2026-04-09 06:40:55 |     → Trial 10/50 completed (~1567 evaluations)
2026-04-09 06:41:03 |     → Trial 20/50 completed (~1612 evaluations)
2026-04-09 06:41:10 |     → Trial 30/50 completed (~1557 evaluations)
2026-04-09 06:41:18 |     → Trial 40/50 completed (~1630 evaluations)
2026-04-09 06:41:25 |     → Trial 50/50 completed (~1547 evaluations)
2026-04-09 06:41:25 |     → Instance 98/100
2026-04-09 06:41:25 |     → ShapleyFlow (Path Sampling): 97 edges, 4 sources
2026-04-09 06:41:25 |     → Sampling 100 paths/source × 50 trials
2026-04-09 06:41:26 |     → Trial 1/50 completed (~1584 evaluations)
2026-04-09 06:41:33 |     → Trial 10/50 completed (~1574 evaluations)
2026-04-09 06:41:40 |     → Trial 20/50 completed (~1586 evaluations)
2026-04-09 06:41:48 |     → Trial 30/50 completed (~1559 evaluations)
2026-04-09 06:41:56 |     → Trial 40/50 completed (~1601 evaluations)
2026-04-09 06:42:03 |     → Trial 50/50 completed (~1639 evaluations)
2026-04-09 06:42:03 |     → Instance 99/100
2026-04-09 06:42:03 |     → ShapleyFlow (Path Sampling): 97 edges, 4 sources
2026-04-09 06:42:03 |     → Sampling 100 paths/source × 50 trials
2026-04-09 06:42:04 |     → Trial 1/50 completed (~1582 evaluations)
2026-04-09 06:42:11 |     → Trial 10/50 completed (~1612 evaluations)
2026-04-09 06:42:18 |     → Trial 20/50 completed (~1533 evaluations)
2026-04-09 06:42:26 |     → Trial 30/50 completed (~1545 evaluations)
2026-04-09 06:42:34 |     → Trial 40/50 completed (~1590 evaluations)
2026-04-09 06:42:41 |     → Trial 50/50 completed (~1523 evaluations)
2026-04-09 06:42:41 |     → Instance 100/100
2026-04-09 06:42:41 |     → ShapleyFlow (Path Sampling): 97 edges, 4 sources
2026-04-09 06:42:41 |     → Sampling 100 paths/source × 50 trials
2026-04-09 06:42:42 |     → Trial 1/50 completed (~1554 evaluations)
2026-04-09 06:42:49 |     → Trial 10/50 completed (~1592 evaluations)
2026-04-09 06:42:56 |     → Trial 20/50 completed (~1588 evaluations)
2026-04-09 06:43:04 |     → Trial 30/50 completed (~1583 evaluations)
2026-04-09 06:43:11 |     → Trial 40/50 completed (~1609 evaluations)
2026-04-09 06:43:19 |     → Trial 50/50 completed (~1579 evaluations)
2026-04-09 06:43:19 |     → All instances completed
2026-04-09 06:43:19 |   [Progress: 5/7] LGBM + LINGAM - AsymmetricShapley
2026-04-09 06:45:45 |   [Progress: 6/7] LGBM + LINGAM - CausalShapley (SLOW - uses 10 inner samples)
2026-04-09 07:17:49 |   [Progress: 7/7] LGBM + LINGAM - ShapleyFlow
2026-04-09 07:17:49 |     → ShapleyFlowWrapper: 51 features, 275 edges, 5 sources
2026-04-09 07:17:49 |     → Computing Shapley Flow for 100 instances...
2026-04-09 07:17:49 |     → Instance 1/100
2026-04-09 07:17:49 |     → ShapleyFlow (Path Sampling): 275 edges, 5 sources
2026-04-09 07:17:49 |     → Sampling 100 paths/source × 50 trials
2026-04-09 07:17:50 |     → Trial 1/50 completed (~2280 evaluations)
2026-04-09 07:18:00 |     → Trial 10/50 completed (~2272 evaluations)
2026-04-09 07:18:11 |     → Trial 20/50 completed (~2301 evaluations)
2026-04-09 07:18:22 |     → Trial 30/50 completed (~2267 evaluations)
2026-04-09 07:18:33 |     → Trial 40/50 completed (~2259 evaluations)
2026-04-09 07:18:44 |     → Trial 50/50 completed (~2237 evaluations)
2026-04-09 07:18:44 |     → Instance 2/100
2026-04-09 07:18:44 |     → ShapleyFlow (Path Sampling): 275 edges, 5 sources
2026-04-09 07:18:44 |     → Sampling 100 paths/source × 50 trials
2026-04-09 07:18:46 |     → Trial 1/50 completed (~2384 evaluations)
2026-04-09 07:18:56 |     → Trial 10/50 completed (~2329 evaluations)
2026-04-09 07:19:07 |     → Trial 20/50 completed (~2280 evaluations)
2026-04-09 07:19:19 |     → Trial 30/50 completed (~2318 evaluations)
2026-04-09 07:19:30 |     → Trial 40/50 completed (~2298 evaluations)
2026-04-09 07:19:41 |     → Trial 50/50 completed (~2321 evaluations)
2026-04-09 07:19:42 |     → Instance 3/100
2026-04-09 07:19:42 |     → ShapleyFlow (Path Sampling): 275 edges, 5 sources
2026-04-09 07:19:42 |     → Sampling 100 paths/source × 50 trials
2026-04-09 07:19:43 |     → Trial 1/50 completed (~2264 evaluations)
2026-04-09 07:19:53 |     → Trial 10/50 completed (~2323 evaluations)
2026-04-09 07:20:04 |     → Trial 20/50 completed (~2335 evaluations)
2026-04-09 07:20:16 |     → Trial 30/50 completed (~2269 evaluations)
2026-04-09 07:20:27 |     → Trial 40/50 completed (~2341 evaluations)
2026-04-09 07:20:39 |     → Trial 50/50 completed (~2289 evaluations)
2026-04-09 07:20:39 |     → Instance 4/100
2026-04-09 07:20:39 |     → ShapleyFlow (Path Sampling): 275 edges, 5 sources
2026-04-09 07:20:39 |     → Sampling 100 paths/source × 50 trials
2026-04-09 07:20:40 |     → Trial 1/50 completed (~2330 evaluations)
2026-04-09 07:20:50 |     → Trial 10/50 completed (~2306 evaluations)
2026-04-09 07:21:02 |     → Trial 20/50 completed (~2380 evaluations)
2026-04-09 07:21:13 |     → Trial 30/50 completed (~2297 evaluations)
2026-04-09 07:21:24 |     → Trial 40/50 completed (~2331 evaluations)
2026-04-09 07:21:36 |     → Trial 50/50 completed (~2348 evaluations)
2026-04-09 07:21:36 |     → Instance 5/100
2026-04-09 07:21:36 |     → ShapleyFlow (Path Sampling): 275 edges, 5 sources
2026-04-09 07:21:36 |     → Sampling 100 paths/source × 50 trials
2026-04-09 07:21:37 |     → Trial 1/50 completed (~2380 evaluations)
2026-04-09 07:21:47 |     → Trial 10/50 completed (~2261 evaluations)
2026-04-09 07:21:58 |     → Trial 20/50 completed (~2278 evaluations)
2026-04-09 07:22:09 |     → Trial 30/50 completed (~2330 evaluations)
2026-04-09 07:22:20 |     → Trial 40/50 completed (~2337 evaluations)
2026-04-09 07:22:32 |     → Trial 50/50 completed (~2301 evaluations)
2026-04-09 07:22:32 |     → Instance 6/100
2026-04-09 07:22:32 |     → ShapleyFlow (Path Sampling): 275 edges, 5 sources
2026-04-09 07:22:32 |     → Sampling 100 paths/source × 50 trials
2026-04-09 07:22:33 |     → Trial 1/50 completed (~2372 evaluations)
2026-04-09 07:22:43 |     → Trial 10/50 completed (~2222 evaluations)
2026-04-09 07:22:54 |     → Trial 20/50 completed (~2324 evaluations)
2026-04-09 07:23:06 |     → Trial 30/50 completed (~2273 evaluations)
2026-04-09 07:23:17 |     → Trial 40/50 completed (~2267 evaluations)
2026-04-09 07:23:28 |     → Trial 50/50 completed (~2367 evaluations)
2026-04-09 07:23:28 |     → Instance 7/100
2026-04-09 07:23:28 |     → ShapleyFlow (Path Sampling): 275 edges, 5 sources
2026-04-09 07:23:28 |     → Sampling 100 paths/source × 50 trials
2026-04-09 07:23:29 |     → Trial 1/50 completed (~2305 evaluations)
2026-04-09 07:23:39 |     → Trial 10/50 completed (~2264 evaluations)
2026-04-09 07:23:50 |     → Trial 20/50 completed (~2295 evaluations)
2026-04-09 07:24:02 |     → Trial 30/50 completed (~2366 evaluations)
2026-04-09 07:24:13 |     → Trial 40/50 completed (~2382 evaluations)
2026-04-09 07:24:24 |     → Trial 50/50 completed (~2319 evaluations)
2026-04-09 07:24:24 |     → Instance 8/100
2026-04-09 07:24:24 |     → ShapleyFlow (Path Sampling): 275 edges, 5 sources
2026-04-09 07:24:24 |     → Sampling 100 paths/source × 50 trials
2026-04-09 07:24:26 |     → Trial 1/50 completed (~2352 evaluations)
2026-04-09 07:24:36 |     → Trial 10/50 completed (~2373 evaluations)
2026-04-09 07:24:47 |     → Trial 20/50 completed (~2338 evaluations)
2026-04-09 07:24:58 |     → Trial 30/50 completed (~2306 evaluations)
2026-04-09 07:25:09 |     → Trial 40/50 completed (~2340 evaluations)
2026-04-09 07:25:21 |     → Trial 50/50 completed (~2319 evaluations)
2026-04-09 07:25:21 |     → Instance 9/100
2026-04-09 07:25:21 |     → ShapleyFlow (Path Sampling): 275 edges, 5 sources
2026-04-09 07:25:21 |     → Sampling 100 paths/source × 50 trials
2026-04-09 07:25:22 |     → Trial 1/50 completed (~2316 evaluations)
2026-04-09 07:25:32 |     → Trial 10/50 completed (~2355 evaluations)
2026-04-09 07:25:43 |     → Trial 20/50 completed (~2354 evaluations)
2026-04-09 07:25:54 |     → Trial 30/50 completed (~2306 evaluations)
2026-04-09 07:26:06 |     → Trial 40/50 completed (~2354 evaluations)
2026-04-09 07:26:17 |     → Trial 50/50 completed (~2370 evaluations)
2026-04-09 07:26:17 |     → Instance 10/100
2026-04-09 07:26:17 |     → ShapleyFlow (Path Sampling): 275 edges, 5 sources
2026-04-09 07:26:17 |     → Sampling 100 paths/source × 50 trials
2026-04-09 07:26:18 |     → Trial 1/50 completed (~2314 evaluations)
2026-04-09 07:26:28 |     → Trial 10/50 completed (~2328 evaluations)
2026-04-09 07:26:40 |     → Trial 20/50 completed (~2290 evaluations)
2026-04-09 07:26:51 |     → Trial 30/50 completed (~2328 evaluations)
2026-04-09 07:27:02 |     → Trial 40/50 completed (~2287 evaluations)
2026-04-09 07:27:14 |     → Trial 50/50 completed (~2319 evaluations)
2026-04-09 07:27:14 |     → Instance 11/100
2026-04-09 07:27:14 |     → ShapleyFlow (Path Sampling): 275 edges, 5 sources
2026-04-09 07:27:14 |     → Sampling 100 paths/source × 50 trials
2026-04-09 07:27:15 |     → Trial 1/50 completed (~2256 evaluations)
2026-04-09 07:27:25 |     → Trial 10/50 completed (~2349 evaluations)
2026-04-09 07:27:36 |     → Trial 20/50 completed (~2391 evaluations)
2026-04-09 07:27:47 |     → Trial 30/50 completed (~2312 evaluations)
2026-04-09 07:27:59 |     → Trial 40/50 completed (~2311 evaluations)
2026-04-09 07:28:10 |     → Trial 50/50 completed (~2240 evaluations)
2026-04-09 07:28:10 |     → Instance 12/100
2026-04-09 07:28:10 |     → ShapleyFlow (Path Sampling): 275 edges, 5 sources
2026-04-09 07:28:10 |     → Sampling 100 paths/source × 50 trials
2026-04-09 07:28:11 |     → Trial 1/50 completed (~2296 evaluations)
2026-04-09 07:28:21 |     → Trial 10/50 completed (~2283 evaluations)
2026-04-09 07:28:32 |     → Trial 20/50 completed (~2301 evaluations)
2026-04-09 07:28:44 |     → Trial 30/50 completed (~2355 evaluations)
2026-04-09 07:28:55 |     → Trial 40/50 completed (~2278 evaluations)
2026-04-09 07:29:06 |     → Trial 50/50 completed (~2297 evaluations)
2026-04-09 07:29:06 |     → Instance 13/100
2026-04-09 07:29:06 |     → ShapleyFlow (Path Sampling): 275 edges, 5 sources
2026-04-09 07:29:06 |     → Sampling 100 paths/source × 50 trials
2026-04-09 07:29:07 |     → Trial 1/50 completed (~2319 evaluations)
2026-04-09 07:29:17 |     → Trial 10/50 completed (~2203 evaluations)
2026-04-09 07:29:28 |     → Trial 20/50 completed (~2348 evaluations)
2026-04-09 07:29:40 |     → Trial 30/50 completed (~2352 evaluations)
2026-04-09 07:29:51 |     → Trial 40/50 completed (~2352 evaluations)
2026-04-09 07:30:02 |     → Trial 50/50 completed (~2368 evaluations)
2026-04-09 07:30:02 |     → Instance 14/100
2026-04-09 07:30:02 |     → ShapleyFlow (Path Sampling): 275 edges, 5 sources
2026-04-09 07:30:02 |     → Sampling 100 paths/source × 50 trials
2026-04-09 07:30:03 |     → Trial 1/50 completed (~2312 evaluations)
2026-04-09 07:30:14 |     → Trial 10/50 completed (~2301 evaluations)
2026-04-09 07:30:25 |     → Trial 20/50 completed (~2266 evaluations)
2026-04-09 07:30:36 |     → Trial 30/50 completed (~2308 evaluations)
2026-04-09 07:30:47 |     → Trial 40/50 completed (~2302 evaluations)
2026-04-09 07:30:58 |     → Trial 50/50 completed (~2357 evaluations)
2026-04-09 07:30:59 |     → Instance 15/100
2026-04-09 07:30:59 |     → ShapleyFlow (Path Sampling): 275 edges, 5 sources
2026-04-09 07:30:59 |     → Sampling 100 paths/source × 50 trials
2026-04-09 07:31:00 |     → Trial 1/50 completed (~2333 evaluations)
2026-04-09 07:31:10 |     → Trial 10/50 completed (~2288 evaluations)
2026-04-09 07:31:21 |     → Trial 20/50 completed (~2321 evaluations)
2026-04-09 07:31:32 |     → Trial 30/50 completed (~2378 evaluations)
2026-04-09 07:31:44 |     → Trial 40/50 completed (~2399 evaluations)
2026-04-09 07:31:55 |     → Trial 50/50 completed (~2297 evaluations)
2026-04-09 07:31:55 |     → Instance 16/100
2026-04-09 07:31:55 |     → ShapleyFlow (Path Sampling): 275 edges, 5 sources
2026-04-09 07:31:55 |     → Sampling 100 paths/source × 50 trials
2026-04-09 07:31:56 |     → Trial 1/50 completed (~2241 evaluations)
2026-04-09 07:32:06 |     → Trial 10/50 completed (~2311 evaluations)
2026-04-09 07:32:17 |     → Trial 20/50 completed (~2293 evaluations)
2026-04-09 07:32:28 |     → Trial 30/50 completed (~2327 evaluations)
2026-04-09 07:32:40 |     → Trial 40/50 completed (~2314 evaluations)
2026-04-09 07:32:51 |     → Trial 50/50 completed (~2317 evaluations)
2026-04-09 07:32:51 |     → Instance 17/100
2026-04-09 07:32:51 |     → ShapleyFlow (Path Sampling): 275 edges, 5 sources
2026-04-09 07:32:51 |     → Sampling 100 paths/source × 50 trials
2026-04-09 07:32:52 |     → Trial 1/50 completed (~2361 evaluations)
2026-04-09 07:33:03 |     → Trial 10/50 completed (~2313 evaluations)
2026-04-09 07:33:14 |     → Trial 20/50 completed (~2316 evaluations)
2026-04-09 07:33:25 |     → Trial 30/50 completed (~2321 evaluations)
2026-04-09 07:33:36 |     → Trial 40/50 completed (~2271 evaluations)
2026-04-09 07:33:48 |     → Trial 50/50 completed (~2331 evaluations)
2026-04-09 07:33:48 |     → Instance 18/100
2026-04-09 07:33:48 |     → ShapleyFlow (Path Sampling): 275 edges, 5 sources
2026-04-09 07:33:48 |     → Sampling 100 paths/source × 50 trials
2026-04-09 07:33:49 |     → Trial 1/50 completed (~2383 evaluations)
2026-04-09 07:33:59 |     → Trial 10/50 completed (~2343 evaluations)
2026-04-09 07:34:10 |     → Trial 20/50 completed (~2393 evaluations)
2026-04-09 07:34:22 |     → Trial 30/50 completed (~2271 evaluations)
2026-04-09 07:34:33 |     → Trial 40/50 completed (~2286 evaluations)
2026-04-09 07:34:44 |     → Trial 50/50 completed (~2403 evaluations)
2026-04-09 07:34:44 |     → Instance 19/100
2026-04-09 07:34:44 |     → ShapleyFlow (Path Sampling): 275 edges, 5 sources
2026-04-09 07:34:44 |     → Sampling 100 paths/source × 50 trials
2026-04-09 07:34:45 |     → Trial 1/50 completed (~2277 evaluations)
2026-04-09 07:34:55 |     → Trial 10/50 completed (~2343 evaluations)
2026-04-09 07:35:07 |     → Trial 20/50 completed (~2267 evaluations)
2026-04-09 07:35:18 |     → Trial 30/50 completed (~2267 evaluations)
2026-04-09 07:35:29 |     → Trial 40/50 completed (~2384 evaluations)
2026-04-09 07:35:40 |     → Trial 50/50 completed (~2256 evaluations)
2026-04-09 07:35:40 |     → Instance 20/100
2026-04-09 07:35:40 |     → ShapleyFlow (Path Sampling): 275 edges, 5 sources
2026-04-09 07:35:40 |     → Sampling 100 paths/source × 50 trials
2026-04-09 07:35:42 |     → Trial 1/50 completed (~2347 evaluations)
2026-04-09 07:35:52 |     → Trial 10/50 completed (~2296 evaluations)
2026-04-09 07:36:03 |     → Trial 20/50 completed (~2293 evaluations)
2026-04-09 07:36:14 |     → Trial 30/50 completed (~2310 evaluations)
2026-04-09 07:36:26 |     → Trial 40/50 completed (~2280 evaluations)
2026-04-09 07:36:37 |     → Trial 50/50 completed (~2290 evaluations)
2026-04-09 07:36:37 |     → Instance 21/100
2026-04-09 07:36:37 |     → ShapleyFlow (Path Sampling): 275 edges, 5 sources
2026-04-09 07:36:37 |     → Sampling 100 paths/source × 50 trials
2026-04-09 07:36:38 |     → Trial 1/50 completed (~2274 evaluations)
2026-04-09 07:36:48 |     → Trial 10/50 completed (~2337 evaluations)
2026-04-09 07:36:59 |     → Trial 20/50 completed (~2281 evaluations)
2026-04-09 07:37:11 |     → Trial 30/50 completed (~2396 evaluations)
2026-04-09 07:37:22 |     → Trial 40/50 completed (~2370 evaluations)
2026-04-09 07:37:33 |     → Trial 50/50 completed (~2341 evaluations)
2026-04-09 07:37:33 |     → Instance 22/100
2026-04-09 07:37:33 |     → ShapleyFlow (Path Sampling): 275 edges, 5 sources
2026-04-09 07:37:33 |     → Sampling 100 paths/source × 50 trials
2026-04-09 07:37:35 |     → Trial 1/50 completed (~2344 evaluations)
2026-04-09 07:37:45 |     → Trial 10/50 completed (~2278 evaluations)
2026-04-09 07:37:56 |     → Trial 20/50 completed (~2330 evaluations)
2026-04-09 07:38:07 |     → Trial 30/50 completed (~2285 evaluations)
2026-04-09 07:38:18 |     → Trial 40/50 completed (~2253 evaluations)
2026-04-09 07:38:30 |     → Trial 50/50 completed (~2291 evaluations)
2026-04-09 07:38:30 |     → Instance 23/100
2026-04-09 07:38:30 |     → ShapleyFlow (Path Sampling): 275 edges, 5 sources
2026-04-09 07:38:30 |     → Sampling 100 paths/source × 50 trials
2026-04-09 07:38:31 |     → Trial 1/50 completed (~2265 evaluations)
2026-04-09 07:38:41 |     → Trial 10/50 completed (~2313 evaluations)
2026-04-09 07:38:52 |     → Trial 20/50 completed (~2306 evaluations)
2026-04-09 07:39:04 |     → Trial 30/50 completed (~2276 evaluations)
2026-04-09 07:39:15 |     → Trial 40/50 completed (~2338 evaluations)
2026-04-09 07:39:27 |     → Trial 50/50 completed (~2344 evaluations)
2026-04-09 07:39:27 |     → Instance 24/100
2026-04-09 07:39:27 |     → ShapleyFlow (Path Sampling): 275 edges, 5 sources
2026-04-09 07:39:27 |     → Sampling 100 paths/source × 50 trials
2026-04-09 07:39:28 |     → Trial 1/50 completed (~2437 evaluations)
2026-04-09 07:39:38 |     → Trial 10/50 completed (~2331 evaluations)
2026-04-09 07:39:50 |     → Trial 20/50 completed (~2420 evaluations)
2026-04-09 07:40:01 |     → Trial 30/50 completed (~2290 evaluations)
2026-04-09 07:40:12 |     → Trial 40/50 completed (~2272 evaluations)
2026-04-09 07:40:23 |     → Trial 50/50 completed (~2363 evaluations)
2026-04-09 07:40:23 |     → Instance 25/100
2026-04-09 07:40:23 |     → ShapleyFlow (Path Sampling): 275 edges, 5 sources
2026-04-09 07:40:23 |     → Sampling 100 paths/source × 50 trials
2026-04-09 07:40:25 |     → Trial 1/50 completed (~2325 evaluations)
2026-04-09 07:40:35 |     → Trial 10/50 completed (~2293 evaluations)
2026-04-09 07:40:46 |     → Trial 20/50 completed (~2258 evaluations)
2026-04-09 07:40:57 |     → Trial 30/50 completed (~2269 evaluations)
2026-04-09 07:41:08 |     → Trial 40/50 completed (~2287 evaluations)
2026-04-09 07:41:20 |     → Trial 50/50 completed (~2313 evaluations)
2026-04-09 07:41:20 |     → Instance 26/100
2026-04-09 07:41:20 |     → ShapleyFlow (Path Sampling): 275 edges, 5 sources
2026-04-09 07:41:20 |     → Sampling 100 paths/source × 50 trials
2026-04-09 07:41:21 |     → Trial 1/50 completed (~2305 evaluations)
2026-04-09 07:41:31 |     → Trial 10/50 completed (~2342 evaluations)
2026-04-09 07:41:42 |     → Trial 20/50 completed (~2341 evaluations)
2026-04-09 07:41:53 |     → Trial 30/50 completed (~2260 evaluations)
2026-04-09 07:42:05 |     → Trial 40/50 completed (~2241 evaluations)
2026-04-09 07:42:16 |     → Trial 50/50 completed (~2300 evaluations)
2026-04-09 07:42:16 |     → Instance 27/100
2026-04-09 07:42:16 |     → ShapleyFlow (Path Sampling): 275 edges, 5 sources
2026-04-09 07:42:16 |     → Sampling 100 paths/source × 50 trials
2026-04-09 07:42:17 |     → Trial 1/50 completed (~2372 evaluations)
2026-04-09 07:42:27 |     → Trial 10/50 completed (~2322 evaluations)
2026-04-09 07:42:38 |     → Trial 20/50 completed (~2334 evaluations)
2026-04-09 07:42:50 |     → Trial 30/50 completed (~2352 evaluations)
2026-04-09 07:43:01 |     → Trial 40/50 completed (~2346 evaluations)
2026-04-09 07:43:12 |     → Trial 50/50 completed (~2304 evaluations)
2026-04-09 07:43:12 |     → Instance 28/100
2026-04-09 07:43:12 |     → ShapleyFlow (Path Sampling): 275 edges, 5 sources
2026-04-09 07:43:12 |     → Sampling 100 paths/source × 50 trials
2026-04-09 07:43:13 |     → Trial 1/50 completed (~2325 evaluations)
2026-04-09 07:43:24 |     → Trial 10/50 completed (~2331 evaluations)
2026-04-09 07:43:35 |     → Trial 20/50 completed (~2277 evaluations)
2026-04-09 07:43:46 |     → Trial 30/50 completed (~2313 evaluations)
2026-04-09 07:43:57 |     → Trial 40/50 completed (~2261 evaluations)
2026-04-09 07:44:09 |     → Trial 50/50 completed (~2266 evaluations)
2026-04-09 07:44:09 |     → Instance 29/100
2026-04-09 07:44:09 |     → ShapleyFlow (Path Sampling): 275 edges, 5 sources
2026-04-09 07:44:09 |     → Sampling 100 paths/source × 50 trials
2026-04-09 07:44:10 |     → Trial 1/50 completed (~2321 evaluations)
2026-04-09 07:44:20 |     → Trial 10/50 completed (~2357 evaluations)
2026-04-09 07:44:31 |     → Trial 20/50 completed (~2276 evaluations)
2026-04-09 07:44:43 |     → Trial 30/50 completed (~2334 evaluations)
2026-04-09 07:44:54 |     → Trial 40/50 completed (~2372 evaluations)
2026-04-09 07:45:05 |     → Trial 50/50 completed (~2320 evaluations)
2026-04-09 07:45:05 |     → Instance 30/100
2026-04-09 07:45:05 |     → ShapleyFlow (Path Sampling): 275 edges, 5 sources
2026-04-09 07:45:05 |     → Sampling 100 paths/source × 50 trials
2026-04-09 07:45:06 |     → Trial 1/50 completed (~2343 evaluations)
2026-04-09 07:45:17 |     → Trial 10/50 completed (~2271 evaluations)
2026-04-09 07:45:28 |     → Trial 20/50 completed (~2371 evaluations)
2026-04-09 07:45:39 |     → Trial 30/50 completed (~2310 evaluations)
2026-04-09 07:45:51 |     → Trial 40/50 completed (~2363 evaluations)
2026-04-09 07:46:02 |     → Trial 50/50 completed (~2291 evaluations)
2026-04-09 07:46:02 |     → Instance 31/100
2026-04-09 07:46:02 |     → ShapleyFlow (Path Sampling): 275 edges, 5 sources
2026-04-09 07:46:02 |     → Sampling 100 paths/source × 50 trials
2026-04-09 07:46:03 |     → Trial 1/50 completed (~2317 evaluations)
2026-04-09 07:46:13 |     → Trial 10/50 completed (~2336 evaluations)
2026-04-09 07:46:25 |     → Trial 20/50 completed (~2249 evaluations)
2026-04-09 07:46:36 |     → Trial 30/50 completed (~2326 evaluations)
2026-04-09 07:46:47 |     → Trial 40/50 completed (~2371 evaluations)
2026-04-09 07:46:58 |     → Trial 50/50 completed (~2317 evaluations)
2026-04-09 07:46:58 |     → Instance 32/100
2026-04-09 07:46:58 |     → ShapleyFlow (Path Sampling): 275 edges, 5 sources
2026-04-09 07:46:58 |     → Sampling 100 paths/source × 50 trials
2026-04-09 07:46:59 |     → Trial 1/50 completed (~2253 evaluations)
2026-04-09 07:47:10 |     → Trial 10/50 completed (~2381 evaluations)
2026-04-09 07:47:21 |     → Trial 20/50 completed (~2260 evaluations)
2026-04-09 07:47:32 |     → Trial 30/50 completed (~2328 evaluations)
2026-04-09 07:47:43 |     → Trial 40/50 completed (~2305 evaluations)
2026-04-09 07:47:55 |     → Trial 50/50 completed (~2290 evaluations)
2026-04-09 07:47:55 |     → Instance 33/100
2026-04-09 07:47:55 |     → ShapleyFlow (Path Sampling): 275 edges, 5 sources
2026-04-09 07:47:55 |     → Sampling 100 paths/source × 50 trials
2026-04-09 07:47:56 |     → Trial 1/50 completed (~2376 evaluations)
2026-04-09 07:48:06 |     → Trial 10/50 completed (~2271 evaluations)
2026-04-09 07:48:17 |     → Trial 20/50 completed (~2323 evaluations)
2026-04-09 07:48:28 |     → Trial 30/50 completed (~2213 evaluations)
2026-04-09 07:48:40 |     → Trial 40/50 completed (~2313 evaluations)
2026-04-09 07:48:51 |     → Trial 50/50 completed (~2370 evaluations)
2026-04-09 07:48:51 |     → Instance 34/100
2026-04-09 07:48:51 |     → ShapleyFlow (Path Sampling): 275 edges, 5 sources
2026-04-09 07:48:51 |     → Sampling 100 paths/source × 50 trials
2026-04-09 07:48:52 |     → Trial 1/50 completed (~2351 evaluations)
2026-04-09 07:49:02 |     → Trial 10/50 completed (~2404 evaluations)
2026-04-09 07:49:13 |     → Trial 20/50 completed (~2300 evaluations)
2026-04-09 07:49:25 |     → Trial 30/50 completed (~2366 evaluations)
2026-04-09 07:49:36 |     → Trial 40/50 completed (~2372 evaluations)
2026-04-09 07:49:47 |     → Trial 50/50 completed (~2358 evaluations)
2026-04-09 07:49:47 |     → Instance 35/100
2026-04-09 07:49:47 |     → ShapleyFlow (Path Sampling): 275 edges, 5 sources
2026-04-09 07:49:47 |     → Sampling 100 paths/source × 50 trials
2026-04-09 07:49:49 |     → Trial 1/50 completed (~2342 evaluations)
2026-04-09 07:49:59 |     → Trial 10/50 completed (~2326 evaluations)
2026-04-09 07:50:10 |     → Trial 20/50 completed (~2221 evaluations)
2026-04-09 07:50:21 |     → Trial 30/50 completed (~2227 evaluations)
2026-04-09 07:50:33 |     → Trial 40/50 completed (~2314 evaluations)
2026-04-09 07:50:44 |     → Trial 50/50 completed (~2336 evaluations)
2026-04-09 07:50:44 |     → Instance 36/100
2026-04-09 07:50:44 |     → ShapleyFlow (Path Sampling): 275 edges, 5 sources
2026-04-09 07:50:44 |     → Sampling 100 paths/source × 50 trials
2026-04-09 07:50:45 |     → Trial 1/50 completed (~2297 evaluations)
2026-04-09 07:50:55 |     → Trial 10/50 completed (~2313 evaluations)
2026-04-09 07:51:07 |     → Trial 20/50 completed (~2375 evaluations)
2026-04-09 07:51:18 |     → Trial 30/50 completed (~2322 evaluations)
2026-04-09 07:51:29 |     → Trial 40/50 completed (~2303 evaluations)
2026-04-09 07:51:41 |     → Trial 50/50 completed (~2354 evaluations)
2026-04-09 07:51:41 |     → Instance 37/100
2026-04-09 07:51:41 |     → ShapleyFlow (Path Sampling): 275 edges, 5 sources
2026-04-09 07:51:41 |     → Sampling 100 paths/source × 50 trials
2026-04-09 07:51:42 |     → Trial 1/50 completed (~2302 evaluations)
2026-04-09 07:51:52 |     → Trial 10/50 completed (~2314 evaluations)
2026-04-09 07:52:03 |     → Trial 20/50 completed (~2296 evaluations)
2026-04-09 07:52:14 |     → Trial 30/50 completed (~2257 evaluations)
2026-04-09 07:52:26 |     → Trial 40/50 completed (~2185 evaluations)
2026-04-09 07:52:37 |     → Trial 50/50 completed (~2330 evaluations)
2026-04-09 07:52:37 |     → Instance 38/100
2026-04-09 07:52:37 |     → ShapleyFlow (Path Sampling): 275 edges, 5 sources
2026-04-09 07:52:37 |     → Sampling 100 paths/source × 50 trials
2026-04-09 07:52:38 |     → Trial 1/50 completed (~2321 evaluations)
2026-04-09 07:52:48 |     → Trial 10/50 completed (~2259 evaluations)
2026-04-09 07:52:59 |     → Trial 20/50 completed (~2304 evaluations)
2026-04-09 07:53:11 |     → Trial 30/50 completed (~2280 evaluations)
2026-04-09 07:53:22 |     → Trial 40/50 completed (~2286 evaluations)
2026-04-09 07:53:33 |     → Trial 50/50 completed (~2268 evaluations)
2026-04-09 07:53:33 |     → Instance 39/100
2026-04-09 07:53:33 |     → ShapleyFlow (Path Sampling): 275 edges, 5 sources
2026-04-09 07:53:33 |     → Sampling 100 paths/source × 50 trials
2026-04-09 07:53:34 |     → Trial 1/50 completed (~2350 evaluations)
2026-04-09 07:53:44 |     → Trial 10/50 completed (~2355 evaluations)
2026-04-09 07:53:56 |     → Trial 20/50 completed (~2412 evaluations)
2026-04-09 07:54:07 |     → Trial 30/50 completed (~2372 evaluations)
2026-04-09 07:54:18 |     → Trial 40/50 completed (~2278 evaluations)
2026-04-09 07:54:29 |     → Trial 50/50 completed (~2299 evaluations)
2026-04-09 07:54:29 |     → Instance 40/100
2026-04-09 07:54:29 |     → ShapleyFlow (Path Sampling): 275 edges, 5 sources
2026-04-09 07:54:29 |     → Sampling 100 paths/source × 50 trials
2026-04-09 07:54:31 |     → Trial 1/50 completed (~2330 evaluations)
2026-04-09 07:54:41 |     → Trial 10/50 completed (~2384 evaluations)
2026-04-09 07:54:52 |     → Trial 20/50 completed (~2278 evaluations)
2026-04-09 07:55:03 |     → Trial 30/50 completed (~2351 evaluations)
2026-04-09 07:55:15 |     → Trial 40/50 completed (~2261 evaluations)
2026-04-09 07:55:26 |     → Trial 50/50 completed (~2377 evaluations)
2026-04-09 07:55:26 |     → Instance 41/100
2026-04-09 07:55:26 |     → ShapleyFlow (Path Sampling): 275 edges, 5 sources
2026-04-09 07:55:26 |     → Sampling 100 paths/source × 50 trials
2026-04-09 07:55:27 |     → Trial 1/50 completed (~2364 evaluations)
2026-04-09 07:55:37 |     → Trial 10/50 completed (~2352 evaluations)
2026-04-09 07:55:48 |     → Trial 20/50 completed (~2313 evaluations)
2026-04-09 07:56:00 |     → Trial 30/50 completed (~2329 evaluations)
2026-04-09 07:56:11 |     → Trial 40/50 completed (~2344 evaluations)
2026-04-09 07:56:22 |     → Trial 50/50 completed (~2286 evaluations)
2026-04-09 07:56:22 |     → Instance 42/100
2026-04-09 07:56:22 |     → ShapleyFlow (Path Sampling): 275 edges, 5 sources
2026-04-09 07:56:22 |     → Sampling 100 paths/source × 50 trials
2026-04-09 07:56:23 |     → Trial 1/50 completed (~2372 evaluations)
2026-04-09 07:56:33 |     → Trial 10/50 completed (~2327 evaluations)
2026-04-09 07:56:45 |     → Trial 20/50 completed (~2305 evaluations)
2026-04-09 07:56:56 |     → Trial 30/50 completed (~2318 evaluations)
2026-04-09 07:57:07 |     → Trial 40/50 completed (~2327 evaluations)
2026-04-09 07:57:19 |     → Trial 50/50 completed (~2331 evaluations)
2026-04-09 07:57:19 |     → Instance 43/100
2026-04-09 07:57:19 |     → ShapleyFlow (Path Sampling): 275 edges, 5 sources
2026-04-09 07:57:19 |     → Sampling 100 paths/source × 50 trials
2026-04-09 07:57:20 |     → Trial 1/50 completed (~2298 evaluations)
2026-04-09 07:57:30 |     → Trial 10/50 completed (~2308 evaluations)
2026-04-09 07:57:41 |     → Trial 20/50 completed (~2236 evaluations)
2026-04-09 07:57:52 |     → Trial 30/50 completed (~2258 evaluations)
2026-04-09 07:58:04 |     → Trial 40/50 completed (~2276 evaluations)
2026-04-09 07:58:15 |     → Trial 50/50 completed (~2342 evaluations)
2026-04-09 07:58:15 |     → Instance 44/100
2026-04-09 07:58:15 |     → ShapleyFlow (Path Sampling): 275 edges, 5 sources
2026-04-09 07:58:15 |     → Sampling 100 paths/source × 50 trials
2026-04-09 07:58:16 |     → Trial 1/50 completed (~2325 evaluations)
2026-04-09 07:58:26 |     → Trial 10/50 completed (~2313 evaluations)
2026-04-09 07:58:37 |     → Trial 20/50 completed (~2325 evaluations)
2026-04-09 07:58:49 |     → Trial 30/50 completed (~2244 evaluations)
2026-04-09 07:59:00 |     → Trial 40/50 completed (~2308 evaluations)
2026-04-09 07:59:11 |     → Trial 50/50 completed (~2268 evaluations)
2026-04-09 07:59:11 |     → Instance 45/100
2026-04-09 07:59:11 |     → ShapleyFlow (Path Sampling): 275 edges, 5 sources
2026-04-09 07:59:11 |     → Sampling 100 paths/source × 50 trials
2026-04-09 07:59:12 |     → Trial 1/50 completed (~2349 evaluations)
2026-04-09 07:59:22 |     → Trial 10/50 completed (~2353 evaluations)
2026-04-09 07:59:34 |     → Trial 20/50 completed (~2295 evaluations)
2026-04-09 07:59:45 |     → Trial 30/50 completed (~2341 evaluations)
2026-04-09 07:59:56 |     → Trial 40/50 completed (~2351 evaluations)
2026-04-09 08:00:07 |     → Trial 50/50 completed (~2329 evaluations)
2026-04-09 08:00:07 |     → Instance 46/100
2026-04-09 08:00:07 |     → ShapleyFlow (Path Sampling): 275 edges, 5 sources
2026-04-09 08:00:07 |     → Sampling 100 paths/source × 50 trials
2026-04-09 08:00:09 |     → Trial 1/50 completed (~2316 evaluations)
2026-04-09 08:00:19 |     → Trial 10/50 completed (~2333 evaluations)
2026-04-09 08:00:30 |     → Trial 20/50 completed (~2326 evaluations)
2026-04-09 08:00:41 |     → Trial 30/50 completed (~2300 evaluations)
2026-04-09 08:00:52 |     → Trial 40/50 completed (~2288 evaluations)
2026-04-09 08:01:04 |     → Trial 50/50 completed (~2332 evaluations)
2026-04-09 08:01:04 |     → Instance 47/100
2026-04-09 08:01:04 |     → ShapleyFlow (Path Sampling): 275 edges, 5 sources
2026-04-09 08:01:04 |     → Sampling 100 paths/source × 50 trials
2026-04-09 08:01:05 |     → Trial 1/50 completed (~2300 evaluations)
2026-04-09 08:01:15 |     → Trial 10/50 completed (~2297 evaluations)
2026-04-09 08:01:26 |     → Trial 20/50 completed (~2330 evaluations)
2026-04-09 08:01:37 |     → Trial 30/50 completed (~2356 evaluations)
2026-04-09 08:01:49 |     → Trial 40/50 completed (~2316 evaluations)
2026-04-09 08:02:00 |     → Trial 50/50 completed (~2365 evaluations)
2026-04-09 08:02:00 |     → Instance 48/100
2026-04-09 08:02:00 |     → ShapleyFlow (Path Sampling): 275 edges, 5 sources
2026-04-09 08:02:00 |     → Sampling 100 paths/source × 50 trials
2026-04-09 08:02:01 |     → Trial 1/50 completed (~2276 evaluations)
2026-04-09 08:02:11 |     → Trial 10/50 completed (~2350 evaluations)
2026-04-09 08:02:22 |     → Trial 20/50 completed (~2416 evaluations)
2026-04-09 08:02:34 |     → Trial 30/50 completed (~2416 evaluations)
2026-04-09 08:02:45 |     → Trial 40/50 completed (~2236 evaluations)
2026-04-09 08:02:56 |     → Trial 50/50 completed (~2390 evaluations)
2026-04-09 08:02:57 |     → Instance 49/100
2026-04-09 08:02:57 |     → ShapleyFlow (Path Sampling): 275 edges, 5 sources
2026-04-09 08:02:57 |     → Sampling 100 paths/source × 50 trials
2026-04-09 08:02:58 |     → Trial 1/50 completed (~2278 evaluations)
2026-04-09 08:03:08 |     → Trial 10/50 completed (~2236 evaluations)
2026-04-09 08:03:19 |     → Trial 20/50 completed (~2253 evaluations)
2026-04-09 08:03:30 |     → Trial 30/50 completed (~2282 evaluations)
2026-04-09 08:03:42 |     → Trial 40/50 completed (~2345 evaluations)
2026-04-09 08:03:53 |     → Trial 50/50 completed (~2308 evaluations)
2026-04-09 08:03:53 |     → Instance 50/100
2026-04-09 08:03:53 |     → ShapleyFlow (Path Sampling): 275 edges, 5 sources
2026-04-09 08:03:53 |     → Sampling 100 paths/source × 50 trials
2026-04-09 08:03:54 |     → Trial 1/50 completed (~2345 evaluations)
2026-04-09 08:04:04 |     → Trial 10/50 completed (~2366 evaluations)
2026-04-09 08:04:15 |     → Trial 20/50 completed (~2392 evaluations)
2026-04-09 08:04:27 |     → Trial 30/50 completed (~2310 evaluations)
2026-04-09 08:04:38 |     → Trial 40/50 completed (~2354 evaluations)
2026-04-09 08:04:49 |     → Trial 50/50 completed (~2279 evaluations)
2026-04-09 08:04:49 |     → Instance 51/100
2026-04-09 08:04:49 |     → ShapleyFlow (Path Sampling): 275 edges, 5 sources
2026-04-09 08:04:49 |     → Sampling 100 paths/source × 50 trials
2026-04-09 08:04:51 |     → Trial 1/50 completed (~2291 evaluations)
2026-04-09 08:05:01 |     → Trial 10/50 completed (~2264 evaluations)
2026-04-09 08:05:12 |     → Trial 20/50 completed (~2252 evaluations)
2026-04-09 08:05:23 |     → Trial 30/50 completed (~2362 evaluations)
2026-04-09 08:05:35 |     → Trial 40/50 completed (~2210 evaluations)
2026-04-09 08:05:46 |     → Trial 50/50 completed (~2267 evaluations)
2026-04-09 08:05:46 |     → Instance 52/100
2026-04-09 08:05:46 |     → ShapleyFlow (Path Sampling): 275 edges, 5 sources
2026-04-09 08:05:46 |     → Sampling 100 paths/source × 50 trials
2026-04-09 08:05:47 |     → Trial 1/50 completed (~2403 evaluations)
2026-04-09 08:05:57 |     → Trial 10/50 completed (~2391 evaluations)
2026-04-09 08:06:09 |     → Trial 20/50 completed (~2243 evaluations)
2026-04-09 08:06:20 |     → Trial 30/50 completed (~2370 evaluations)
2026-04-09 08:06:31 |     → Trial 40/50 completed (~2316 evaluations)
2026-04-09 08:06:43 |     → Trial 50/50 completed (~2293 evaluations)
2026-04-09 08:06:43 |     → Instance 53/100
2026-04-09 08:06:43 |     → ShapleyFlow (Path Sampling): 275 edges, 5 sources
2026-04-09 08:06:43 |     → Sampling 100 paths/source × 50 trials
2026-04-09 08:06:44 |     → Trial 1/50 completed (~2361 evaluations)
2026-04-09 08:06:54 |     → Trial 10/50 completed (~2346 evaluations)
2026-04-09 08:07:05 |     → Trial 20/50 completed (~2376 evaluations)
2026-04-09 08:07:17 |     → Trial 30/50 completed (~2378 evaluations)
2026-04-09 08:07:28 |     → Trial 40/50 completed (~2326 evaluations)
2026-04-09 08:07:39 |     → Trial 50/50 completed (~2322 evaluations)
2026-04-09 08:07:39 |     → Instance 54/100
2026-04-09 08:07:39 |     → ShapleyFlow (Path Sampling): 275 edges, 5 sources
2026-04-09 08:07:39 |     → Sampling 100 paths/source × 50 trials
2026-04-09 08:07:41 |     → Trial 1/50 completed (~2421 evaluations)
2026-04-09 08:07:51 |     → Trial 10/50 completed (~2313 evaluations)
2026-04-09 08:08:02 |     → Trial 20/50 completed (~2334 evaluations)
2026-04-09 08:08:13 |     → Trial 30/50 completed (~2381 evaluations)
2026-04-09 08:08:25 |     → Trial 40/50 completed (~2311 evaluations)
2026-04-09 08:08:36 |     → Trial 50/50 completed (~2373 evaluations)
2026-04-09 08:08:36 |     → Instance 55/100
2026-04-09 08:08:36 |     → ShapleyFlow (Path Sampling): 275 edges, 5 sources
2026-04-09 08:08:36 |     → Sampling 100 paths/source × 50 trials
2026-04-09 08:08:37 |     → Trial 1/50 completed (~2346 evaluations)
2026-04-09 08:08:47 |     → Trial 10/50 completed (~2315 evaluations)
2026-04-09 08:08:59 |     → Trial 20/50 completed (~2440 evaluations)
2026-04-09 08:09:10 |     → Trial 30/50 completed (~2365 evaluations)
2026-04-09 08:09:21 |     → Trial 40/50 completed (~2361 evaluations)
2026-04-09 08:09:32 |     → Trial 50/50 completed (~2293 evaluations)
2026-04-09 08:09:32 |     → Instance 56/100
2026-04-09 08:09:32 |     → ShapleyFlow (Path Sampling): 275 edges, 5 sources
2026-04-09 08:09:32 |     → Sampling 100 paths/source × 50 trials
2026-04-09 08:09:34 |     → Trial 1/50 completed (~2279 evaluations)
2026-04-09 08:09:44 |     → Trial 10/50 completed (~2366 evaluations)
2026-04-09 08:09:55 |     → Trial 20/50 completed (~2364 evaluations)
2026-04-09 08:10:06 |     → Trial 30/50 completed (~2322 evaluations)
2026-04-09 08:10:17 |     → Trial 40/50 completed (~2352 evaluations)
2026-04-09 08:10:29 |     → Trial 50/50 completed (~2303 evaluations)
2026-04-09 08:10:29 |     → Instance 57/100
2026-04-09 08:10:29 |     → ShapleyFlow (Path Sampling): 275 edges, 5 sources
2026-04-09 08:10:29 |     → Sampling 100 paths/source × 50 trials
2026-04-09 08:10:30 |     → Trial 1/50 completed (~2329 evaluations)
2026-04-09 08:10:40 |     → Trial 10/50 completed (~2316 evaluations)
2026-04-09 08:10:51 |     → Trial 20/50 completed (~2392 evaluations)
2026-04-09 08:11:02 |     → Trial 30/50 completed (~2309 evaluations)
2026-04-09 08:11:14 |     → Trial 40/50 completed (~2251 evaluations)
2026-04-09 08:11:25 |     → Trial 50/50 completed (~2315 evaluations)
2026-04-09 08:11:25 |     → Instance 58/100
2026-04-09 08:11:25 |     → ShapleyFlow (Path Sampling): 275 edges, 5 sources
2026-04-09 08:11:25 |     → Sampling 100 paths/source × 50 trials
2026-04-09 08:11:26 |     → Trial 1/50 completed (~2374 evaluations)
2026-04-09 08:11:36 |     → Trial 10/50 completed (~2319 evaluations)
2026-04-09 08:11:47 |     → Trial 20/50 completed (~2230 evaluations)
2026-04-09 08:11:58 |     → Trial 30/50 completed (~2330 evaluations)
2026-04-09 08:12:10 |     → Trial 40/50 completed (~2281 evaluations)
2026-04-09 08:12:21 |     → Trial 50/50 completed (~2371 evaluations)
2026-04-09 08:12:21 |     → Instance 59/100
2026-04-09 08:12:21 |     → ShapleyFlow (Path Sampling): 275 edges, 5 sources
2026-04-09 08:12:21 |     → Sampling 100 paths/source × 50 trials
2026-04-09 08:12:22 |     → Trial 1/50 completed (~2303 evaluations)
2026-04-09 08:12:32 |     → Trial 10/50 completed (~2270 evaluations)
2026-04-09 08:12:44 |     → Trial 20/50 completed (~2359 evaluations)
2026-04-09 08:12:55 |     → Trial 30/50 completed (~2311 evaluations)
2026-04-09 08:13:06 |     → Trial 40/50 completed (~2307 evaluations)
2026-04-09 08:13:18 |     → Trial 50/50 completed (~2317 evaluations)
2026-04-09 08:13:18 |     → Instance 60/100
2026-04-09 08:13:18 |     → ShapleyFlow (Path Sampling): 275 edges, 5 sources
2026-04-09 08:13:18 |     → Sampling 100 paths/source × 50 trials
2026-04-09 08:13:19 |     → Trial 1/50 completed (~2303 evaluations)
2026-04-09 08:13:29 |     → Trial 10/50 completed (~2337 evaluations)
2026-04-09 08:13:40 |     → Trial 20/50 completed (~2269 evaluations)
2026-04-09 08:13:51 |     → Trial 30/50 completed (~2291 evaluations)
2026-04-09 08:14:03 |     → Trial 40/50 completed (~2368 evaluations)
2026-04-09 08:14:14 |     → Trial 50/50 completed (~2287 evaluations)
2026-04-09 08:14:14 |     → Instance 61/100
2026-04-09 08:14:14 |     → ShapleyFlow (Path Sampling): 275 edges, 5 sources
2026-04-09 08:14:14 |     → Sampling 100 paths/source × 50 trials
2026-04-09 08:14:15 |     → Trial 1/50 completed (~2293 evaluations)
2026-04-09 08:14:25 |     → Trial 10/50 completed (~2307 evaluations)
2026-04-09 08:14:36 |     → Trial 20/50 completed (~2324 evaluations)
2026-04-09 08:14:48 |     → Trial 30/50 completed (~2359 evaluations)
2026-04-09 08:14:59 |     → Trial 40/50 completed (~2301 evaluations)
2026-04-09 08:15:10 |     → Trial 50/50 completed (~2268 evaluations)
2026-04-09 08:15:10 |     → Instance 62/100
2026-04-09 08:15:10 |     → ShapleyFlow (Path Sampling): 275 edges, 5 sources
2026-04-09 08:15:10 |     → Sampling 100 paths/source × 50 trials
2026-04-09 08:15:12 |     → Trial 1/50 completed (~2329 evaluations)
2026-04-09 08:15:22 |     → Trial 10/50 completed (~2310 evaluations)
2026-04-09 08:15:33 |     → Trial 20/50 completed (~2387 evaluations)
2026-04-09 08:15:44 |     → Trial 30/50 completed (~2297 evaluations)
2026-04-09 08:15:56 |     → Trial 40/50 completed (~2299 evaluations)
2026-04-09 08:16:07 |     → Trial 50/50 completed (~2314 evaluations)
2026-04-09 08:16:07 |     → Instance 63/100
2026-04-09 08:16:07 |     → ShapleyFlow (Path Sampling): 275 edges, 5 sources
2026-04-09 08:16:07 |     → Sampling 100 paths/source × 50 trials
2026-04-09 08:16:08 |     → Trial 1/50 completed (~2282 evaluations)
2026-04-09 08:16:18 |     → Trial 10/50 completed (~2312 evaluations)
2026-04-09 08:16:29 |     → Trial 20/50 completed (~2326 evaluations)
2026-04-09 08:16:41 |     → Trial 30/50 completed (~2301 evaluations)
2026-04-09 08:16:52 |     → Trial 40/50 completed (~2347 evaluations)
2026-04-09 08:17:03 |     → Trial 50/50 completed (~2433 evaluations)
2026-04-09 08:17:03 |     → Instance 64/100
2026-04-09 08:17:03 |     → ShapleyFlow (Path Sampling): 275 edges, 5 sources
2026-04-09 08:17:03 |     → Sampling 100 paths/source × 50 trials
2026-04-09 08:17:04 |     → Trial 1/50 completed (~2348 evaluations)
2026-04-09 08:17:15 |     → Trial 10/50 completed (~2321 evaluations)
2026-04-09 08:17:26 |     → Trial 20/50 completed (~2229 evaluations)
2026-04-09 08:17:37 |     → Trial 30/50 completed (~2346 evaluations)
2026-04-09 08:17:48 |     → Trial 40/50 completed (~2274 evaluations)
2026-04-09 08:18:00 |     → Trial 50/50 completed (~2339 evaluations)
2026-04-09 08:18:00 |     → Instance 65/100
2026-04-09 08:18:00 |     → ShapleyFlow (Path Sampling): 275 edges, 5 sources
2026-04-09 08:18:00 |     → Sampling 100 paths/source × 50 trials
2026-04-09 08:18:01 |     → Trial 1/50 completed (~2383 evaluations)
2026-04-09 08:18:11 |     → Trial 10/50 completed (~2310 evaluations)
2026-04-09 08:18:22 |     → Trial 20/50 completed (~2339 evaluations)
2026-04-09 08:18:34 |     → Trial 30/50 completed (~2377 evaluations)
2026-04-09 08:18:45 |     → Trial 40/50 completed (~2263 evaluations)
2026-04-09 08:18:57 |     → Trial 50/50 completed (~2286 evaluations)
2026-04-09 08:18:57 |     → Instance 66/100
2026-04-09 08:18:57 |     → ShapleyFlow (Path Sampling): 275 edges, 5 sources
2026-04-09 08:18:57 |     → Sampling 100 paths/source × 50 trials
2026-04-09 08:18:58 |     → Trial 1/50 completed (~2339 evaluations)
2026-04-09 08:19:08 |     → Trial 10/50 completed (~2374 evaluations)
2026-04-09 08:19:19 |     → Trial 20/50 completed (~2327 evaluations)
2026-04-09 08:19:31 |     → Trial 30/50 completed (~2355 evaluations)
2026-04-09 08:19:42 |     → Trial 40/50 completed (~2358 evaluations)
2026-04-09 08:19:53 |     → Trial 50/50 completed (~2338 evaluations)
2026-04-09 08:19:53 |     → Instance 67/100
2026-04-09 08:19:53 |     → ShapleyFlow (Path Sampling): 275 edges, 5 sources
2026-04-09 08:19:53 |     → Sampling 100 paths/source × 50 trials
2026-04-09 08:19:55 |     → Trial 1/50 completed (~2316 evaluations)
2026-04-09 08:20:05 |     → Trial 10/50 completed (~2300 evaluations)
2026-04-09 08:20:16 |     → Trial 20/50 completed (~2304 evaluations)
2026-04-09 08:20:27 |     → Trial 30/50 completed (~2296 evaluations)
2026-04-09 08:20:39 |     → Trial 40/50 completed (~2286 evaluations)
2026-04-09 08:20:50 |     → Trial 50/50 completed (~2313 evaluations)
2026-04-09 08:20:50 |     → Instance 68/100
2026-04-09 08:20:50 |     → ShapleyFlow (Path Sampling): 275 edges, 5 sources
2026-04-09 08:20:50 |     → Sampling 100 paths/source × 50 trials
2026-04-09 08:20:51 |     → Trial 1/50 completed (~2328 evaluations)
2026-04-09 08:21:01 |     → Trial 10/50 completed (~2293 evaluations)
2026-04-09 08:21:13 |     → Trial 20/50 completed (~2377 evaluations)
2026-04-09 08:21:24 |     → Trial 30/50 completed (~2345 evaluations)
2026-04-09 08:21:35 |     → Trial 40/50 completed (~2314 evaluations)
2026-04-09 08:21:46 |     → Trial 50/50 completed (~2308 evaluations)
2026-04-09 08:21:47 |     → Instance 69/100
2026-04-09 08:21:47 |     → ShapleyFlow (Path Sampling): 275 edges, 5 sources
2026-04-09 08:21:47 |     → Sampling 100 paths/source × 50 trials
2026-04-09 08:21:48 |     → Trial 1/50 completed (~2319 evaluations)
2026-04-09 08:21:58 |     → Trial 10/50 completed (~2373 evaluations)
2026-04-09 08:22:09 |     → Trial 20/50 completed (~2255 evaluations)
2026-04-09 08:22:20 |     → Trial 30/50 completed (~2374 evaluations)
2026-04-09 08:22:32 |     → Trial 40/50 completed (~2377 evaluations)
2026-04-09 08:22:43 |     → Trial 50/50 completed (~2325 evaluations)
2026-04-09 08:22:43 |     → Instance 70/100
2026-04-09 08:22:43 |     → ShapleyFlow (Path Sampling): 275 edges, 5 sources
2026-04-09 08:22:43 |     → Sampling 100 paths/source × 50 trials
2026-04-09 08:22:44 |     → Trial 1/50 completed (~2288 evaluations)
2026-04-09 08:22:54 |     → Trial 10/50 completed (~2301 evaluations)
2026-04-09 08:23:06 |     → Trial 20/50 completed (~2307 evaluations)
2026-04-09 08:23:17 |     → Trial 30/50 completed (~2351 evaluations)
2026-04-09 08:23:28 |     → Trial 40/50 completed (~2311 evaluations)
2026-04-09 08:23:40 |     → Trial 50/50 completed (~2384 evaluations)
2026-04-09 08:23:40 |     → Instance 71/100
2026-04-09 08:23:40 |     → ShapleyFlow (Path Sampling): 275 edges, 5 sources
2026-04-09 08:23:40 |     → Sampling 100 paths/source × 50 trials
2026-04-09 08:23:41 |     → Trial 1/50 completed (~2339 evaluations)
2026-04-09 08:23:51 |     → Trial 10/50 completed (~2291 evaluations)
2026-04-09 08:24:02 |     → Trial 20/50 completed (~2321 evaluations)
2026-04-09 08:24:13 |     → Trial 30/50 completed (~2366 evaluations)
2026-04-09 08:24:25 |     → Trial 40/50 completed (~2348 evaluations)
2026-04-09 08:24:36 |     → Trial 50/50 completed (~2288 evaluations)
2026-04-09 08:24:36 |     → Instance 72/100
2026-04-09 08:24:36 |     → ShapleyFlow (Path Sampling): 275 edges, 5 sources
2026-04-09 08:24:36 |     → Sampling 100 paths/source × 50 trials
2026-04-09 08:24:37 |     → Trial 1/50 completed (~2302 evaluations)
2026-04-09 08:24:47 |     → Trial 10/50 completed (~2401 evaluations)
2026-04-09 08:24:59 |     → Trial 20/50 completed (~2346 evaluations)
2026-04-09 08:25:10 |     → Trial 30/50 completed (~2295 evaluations)
2026-04-09 08:25:21 |     → Trial 40/50 completed (~2397 evaluations)
2026-04-09 08:25:32 |     → Trial 50/50 completed (~2381 evaluations)
2026-04-09 08:25:33 |     → Instance 73/100
2026-04-09 08:25:33 |     → ShapleyFlow (Path Sampling): 275 edges, 5 sources
2026-04-09 08:25:33 |     → Sampling 100 paths/source × 50 trials
2026-04-09 08:25:34 |     → Trial 1/50 completed (~2343 evaluations)
2026-04-09 08:25:44 |     → Trial 10/50 completed (~2308 evaluations)
2026-04-09 08:25:55 |     → Trial 20/50 completed (~2230 evaluations)
2026-04-09 08:26:06 |     → Trial 30/50 completed (~2263 evaluations)
2026-04-09 08:26:17 |     → Trial 40/50 completed (~2401 evaluations)
2026-04-09 08:26:29 |     → Trial 50/50 completed (~2284 evaluations)
2026-04-09 08:26:29 |     → Instance 74/100
2026-04-09 08:26:29 |     → ShapleyFlow (Path Sampling): 275 edges, 5 sources
2026-04-09 08:26:29 |     → Sampling 100 paths/source × 50 trials
2026-04-09 08:26:30 |     → Trial 1/50 completed (~2276 evaluations)
2026-04-09 08:26:40 |     → Trial 10/50 completed (~2366 evaluations)
2026-04-09 08:26:51 |     → Trial 20/50 completed (~2339 evaluations)
2026-04-09 08:27:02 |     → Trial 30/50 completed (~2283 evaluations)
2026-04-09 08:27:14 |     → Trial 40/50 completed (~2347 evaluations)
2026-04-09 08:27:25 |     → Trial 50/50 completed (~2330 evaluations)
2026-04-09 08:27:25 |     → Instance 75/100
2026-04-09 08:27:25 |     → ShapleyFlow (Path Sampling): 275 edges, 5 sources
2026-04-09 08:27:25 |     → Sampling 100 paths/source × 50 trials
2026-04-09 08:27:26 |     → Trial 1/50 completed (~2329 evaluations)
2026-04-09 08:27:36 |     → Trial 10/50 completed (~2419 evaluations)
2026-04-09 08:27:48 |     → Trial 20/50 completed (~2374 evaluations)
2026-04-09 08:27:59 |     → Trial 30/50 completed (~2369 evaluations)
2026-04-09 08:28:10 |     → Trial 40/50 completed (~2337 evaluations)
2026-04-09 08:28:22 |     → Trial 50/50 completed (~2374 evaluations)
2026-04-09 08:28:22 |     → Instance 76/100
2026-04-09 08:28:22 |     → ShapleyFlow (Path Sampling): 275 edges, 5 sources
2026-04-09 08:28:22 |     → Sampling 100 paths/source × 50 trials
2026-04-09 08:28:23 |     → Trial 1/50 completed (~2303 evaluations)
2026-04-09 08:28:33 |     → Trial 10/50 completed (~2326 evaluations)
2026-04-09 08:28:44 |     → Trial 20/50 completed (~2394 evaluations)
2026-04-09 08:28:56 |     → Trial 30/50 completed (~2350 evaluations)
2026-04-09 08:29:07 |     → Trial 40/50 completed (~2286 evaluations)
2026-04-09 08:29:18 |     → Trial 50/50 completed (~2288 evaluations)
2026-04-09 08:29:18 |     → Instance 77/100
2026-04-09 08:29:18 |     → ShapleyFlow (Path Sampling): 275 edges, 5 sources
2026-04-09 08:29:18 |     → Sampling 100 paths/source × 50 trials
2026-04-09 08:29:20 |     → Trial 1/50 completed (~2353 evaluations)
2026-04-09 08:29:30 |     → Trial 10/50 completed (~2310 evaluations)
2026-04-09 08:29:41 |     → Trial 20/50 completed (~2366 evaluations)
2026-04-09 08:29:52 |     → Trial 30/50 completed (~2316 evaluations)
2026-04-09 08:30:03 |     → Trial 40/50 completed (~2336 evaluations)
2026-04-09 08:30:15 |     → Trial 50/50 completed (~2291 evaluations)
2026-04-09 08:30:15 |     → Instance 78/100
2026-04-09 08:30:15 |     → ShapleyFlow (Path Sampling): 275 edges, 5 sources
2026-04-09 08:30:15 |     → Sampling 100 paths/source × 50 trials
2026-04-09 08:30:16 |     → Trial 1/50 completed (~2334 evaluations)
2026-04-09 08:30:26 |     → Trial 10/50 completed (~2360 evaluations)
2026-04-09 08:30:37 |     → Trial 20/50 completed (~2382 evaluations)
2026-04-09 08:30:49 |     → Trial 30/50 completed (~2283 evaluations)
2026-04-09 08:31:00 |     → Trial 40/50 completed (~2307 evaluations)
2026-04-09 08:31:11 |     → Trial 50/50 completed (~2267 evaluations)
2026-04-09 08:31:11 |     → Instance 79/100
2026-04-09 08:31:11 |     → ShapleyFlow (Path Sampling): 275 edges, 5 sources
2026-04-09 08:31:11 |     → Sampling 100 paths/source × 50 trials
2026-04-09 08:31:13 |     → Trial 1/50 completed (~2303 evaluations)
2026-04-09 08:31:23 |     → Trial 10/50 completed (~2322 evaluations)
2026-04-09 08:31:34 |     → Trial 20/50 completed (~2318 evaluations)
2026-04-09 08:31:45 |     → Trial 30/50 completed (~2318 evaluations)
2026-04-09 08:31:56 |     → Trial 40/50 completed (~2368 evaluations)
2026-04-09 08:32:08 |     → Trial 50/50 completed (~2298 evaluations)
2026-04-09 08:32:08 |     → Instance 80/100
2026-04-09 08:32:08 |     → ShapleyFlow (Path Sampling): 275 edges, 5 sources
2026-04-09 08:32:08 |     → Sampling 100 paths/source × 50 trials
2026-04-09 08:32:09 |     → Trial 1/50 completed (~2319 evaluations)
2026-04-09 08:32:19 |     → Trial 10/50 completed (~2326 evaluations)
2026-04-09 08:32:30 |     → Trial 20/50 completed (~2384 evaluations)
2026-04-09 08:32:41 |     → Trial 30/50 completed (~2337 evaluations)
2026-04-09 08:32:53 |     → Trial 40/50 completed (~2287 evaluations)
2026-04-09 08:33:04 |     → Trial 50/50 completed (~2382 evaluations)
2026-04-09 08:33:04 |     → Instance 81/100
2026-04-09 08:33:04 |     → ShapleyFlow (Path Sampling): 275 edges, 5 sources
2026-04-09 08:33:04 |     → Sampling 100 paths/source × 50 trials
2026-04-09 08:33:05 |     → Trial 1/50 completed (~2332 evaluations)
2026-04-09 08:33:15 |     → Trial 10/50 completed (~2265 evaluations)
2026-04-09 08:33:27 |     → Trial 20/50 completed (~2346 evaluations)
2026-04-09 08:33:38 |     → Trial 30/50 completed (~2387 evaluations)
2026-04-09 08:33:49 |     → Trial 40/50 completed (~2395 evaluations)
2026-04-09 08:34:00 |     → Trial 50/50 completed (~2311 evaluations)
2026-04-09 08:34:00 |     → Instance 82/100
2026-04-09 08:34:00 |     → ShapleyFlow (Path Sampling): 275 edges, 5 sources
2026-04-09 08:34:00 |     → Sampling 100 paths/source × 50 trials
2026-04-09 08:34:01 |     → Trial 1/50 completed (~2323 evaluations)
2026-04-09 08:34:12 |     → Trial 10/50 completed (~2359 evaluations)
2026-04-09 08:34:23 |     → Trial 20/50 completed (~2286 evaluations)
2026-04-09 08:34:34 |     → Trial 30/50 completed (~2390 evaluations)
2026-04-09 08:34:46 |     → Trial 40/50 completed (~2273 evaluations)
2026-04-09 08:34:57 |     → Trial 50/50 completed (~2301 evaluations)
2026-04-09 08:34:57 |     → Instance 83/100
2026-04-09 08:34:57 |     → ShapleyFlow (Path Sampling): 275 edges, 5 sources
2026-04-09 08:34:57 |     → Sampling 100 paths/source × 50 trials
2026-04-09 08:34:58 |     → Trial 1/50 completed (~2234 evaluations)
2026-04-09 08:35:08 |     → Trial 10/50 completed (~2302 evaluations)
2026-04-09 08:35:20 |     → Trial 20/50 completed (~2338 evaluations)
2026-04-09 08:35:31 |     → Trial 30/50 completed (~2349 evaluations)
2026-04-09 08:35:42 |     → Trial 40/50 completed (~2357 evaluations)
2026-04-09 08:35:54 |     → Trial 50/50 completed (~2349 evaluations)
2026-04-09 08:35:54 |     → Instance 84/100
2026-04-09 08:35:54 |     → ShapleyFlow (Path Sampling): 275 edges, 5 sources
2026-04-09 08:35:54 |     → Sampling 100 paths/source × 50 trials
2026-04-09 08:35:55 |     → Trial 1/50 completed (~2309 evaluations)
2026-04-09 08:36:05 |     → Trial 10/50 completed (~2285 evaluations)
2026-04-09 08:36:16 |     → Trial 20/50 completed (~2262 evaluations)
2026-04-09 08:36:27 |     → Trial 30/50 completed (~2310 evaluations)
2026-04-09 08:36:39 |     → Trial 40/50 completed (~2353 evaluations)
2026-04-09 08:36:50 |     → Trial 50/50 completed (~2284 evaluations)
2026-04-09 08:36:50 |     → Instance 85/100
2026-04-09 08:36:50 |     → ShapleyFlow (Path Sampling): 275 edges, 5 sources
2026-04-09 08:36:50 |     → Sampling 100 paths/source × 50 trials
2026-04-09 08:36:51 |     → Trial 1/50 completed (~2321 evaluations)
2026-04-09 08:37:01 |     → Trial 10/50 completed (~2397 evaluations)
2026-04-09 08:37:12 |     → Trial 20/50 completed (~2262 evaluations)
2026-04-09 08:37:24 |     → Trial 30/50 completed (~2311 evaluations)
2026-04-09 08:37:35 |     → Trial 40/50 completed (~2382 evaluations)
2026-04-09 08:37:46 |     → Trial 50/50 completed (~2251 evaluations)
2026-04-09 08:37:46 |     → Instance 86/100
2026-04-09 08:37:46 |     → ShapleyFlow (Path Sampling): 275 edges, 5 sources
2026-04-09 08:37:46 |     → Sampling 100 paths/source × 50 trials
2026-04-09 08:37:47 |     → Trial 1/50 completed (~2407 evaluations)
2026-04-09 08:37:58 |     → Trial 10/50 completed (~2331 evaluations)
2026-04-09 08:38:09 |     → Trial 20/50 completed (~2300 evaluations)
2026-04-09 08:38:20 |     → Trial 30/50 completed (~2365 evaluations)
2026-04-09 08:38:32 |     → Trial 40/50 completed (~2437 evaluations)
2026-04-09 08:38:43 |     → Trial 50/50 completed (~2315 evaluations)
2026-04-09 08:38:43 |     → Instance 87/100
2026-04-09 08:38:43 |     → ShapleyFlow (Path Sampling): 275 edges, 5 sources
2026-04-09 08:38:43 |     → Sampling 100 paths/source × 50 trials
2026-04-09 08:38:44 |     → Trial 1/50 completed (~2299 evaluations)
2026-04-09 08:38:54 |     → Trial 10/50 completed (~2385 evaluations)
2026-04-09 08:39:06 |     → Trial 20/50 completed (~2334 evaluations)
2026-04-09 08:39:17 |     → Trial 30/50 completed (~2317 evaluations)
2026-04-09 08:39:28 |     → Trial 40/50 completed (~2338 evaluations)
2026-04-09 08:39:39 |     → Trial 50/50 completed (~2356 evaluations)
2026-04-09 08:39:40 |     → Instance 88/100
2026-04-09 08:39:40 |     → ShapleyFlow (Path Sampling): 275 edges, 5 sources
2026-04-09 08:39:40 |     → Sampling 100 paths/source × 50 trials
2026-04-09 08:39:41 |     → Trial 1/50 completed (~2320 evaluations)
2026-04-09 08:39:51 |     → Trial 10/50 completed (~2263 evaluations)
2026-04-09 08:40:02 |     → Trial 20/50 completed (~2302 evaluations)
2026-04-09 08:40:14 |     → Trial 30/50 completed (~2326 evaluations)
2026-04-09 08:40:25 |     → Trial 40/50 completed (~2270 evaluations)
2026-04-09 08:40:37 |     → Trial 50/50 completed (~2231 evaluations)
2026-04-09 08:40:37 |     → Instance 89/100
2026-04-09 08:40:37 |     → ShapleyFlow (Path Sampling): 275 edges, 5 sources
2026-04-09 08:40:37 |     → Sampling 100 paths/source × 50 trials
2026-04-09 08:40:38 |     → Trial 1/50 completed (~2400 evaluations)
2026-04-09 08:40:48 |     → Trial 10/50 completed (~2239 evaluations)
2026-04-09 08:40:59 |     → Trial 20/50 completed (~2334 evaluations)
2026-04-09 08:41:11 |     → Trial 30/50 completed (~2384 evaluations)
2026-04-09 08:41:22 |     → Trial 40/50 completed (~2302 evaluations)
2026-04-09 08:41:33 |     → Trial 50/50 completed (~2381 evaluations)
2026-04-09 08:41:33 |     → Instance 90/100
2026-04-09 08:41:33 |     → ShapleyFlow (Path Sampling): 275 edges, 5 sources
2026-04-09 08:41:33 |     → Sampling 100 paths/source × 50 trials
2026-04-09 08:41:34 |     → Trial 1/50 completed (~2395 evaluations)
2026-04-09 08:41:45 |     → Trial 10/50 completed (~2391 evaluations)
2026-04-09 08:41:56 |     → Trial 20/50 completed (~2300 evaluations)
2026-04-09 08:42:07 |     → Trial 30/50 completed (~2359 evaluations)
2026-04-09 08:42:19 |     → Trial 40/50 completed (~2317 evaluations)
2026-04-09 08:42:30 |     → Trial 50/50 completed (~2293 evaluations)
2026-04-09 08:42:30 |     → Instance 91/100
2026-04-09 08:42:30 |     → ShapleyFlow (Path Sampling): 275 edges, 5 sources
2026-04-09 08:42:30 |     → Sampling 100 paths/source × 50 trials
2026-04-09 08:42:31 |     → Trial 1/50 completed (~2321 evaluations)
2026-04-09 08:42:41 |     → Trial 10/50 completed (~2296 evaluations)
2026-04-09 08:42:53 |     → Trial 20/50 completed (~2342 evaluations)
2026-04-09 08:43:04 |     → Trial 30/50 completed (~2375 evaluations)
2026-04-09 08:43:15 |     → Trial 40/50 completed (~2304 evaluations)
2026-04-09 08:43:26 |     → Trial 50/50 completed (~2264 evaluations)
2026-04-09 08:43:26 |     → Instance 92/100
2026-04-09 08:43:26 |     → ShapleyFlow (Path Sampling): 275 edges, 5 sources
2026-04-09 08:43:26 |     → Sampling 100 paths/source × 50 trials
2026-04-09 08:43:28 |     → Trial 1/50 completed (~2350 evaluations)
2026-04-09 08:43:38 |     → Trial 10/50 completed (~2289 evaluations)
2026-04-09 08:43:49 |     → Trial 20/50 completed (~2366 evaluations)
2026-04-09 08:44:00 |     → Trial 30/50 completed (~2256 evaluations)
2026-04-09 08:44:12 |     → Trial 40/50 completed (~2286 evaluations)
2026-04-09 08:44:23 |     → Trial 50/50 completed (~2303 evaluations)
2026-04-09 08:44:23 |     → Instance 93/100
2026-04-09 08:44:23 |     → ShapleyFlow (Path Sampling): 275 edges, 5 sources
2026-04-09 08:44:23 |     → Sampling 100 paths/source × 50 trials
2026-04-09 08:44:24 |     → Trial 1/50 completed (~2245 evaluations)
2026-04-09 08:44:34 |     → Trial 10/50 completed (~2369 evaluations)
2026-04-09 08:44:45 |     → Trial 20/50 completed (~2352 evaluations)
2026-04-09 08:44:56 |     → Trial 30/50 completed (~2288 evaluations)
2026-04-09 08:45:08 |     → Trial 40/50 completed (~2288 evaluations)
2026-04-09 08:45:19 |     → Trial 50/50 completed (~2349 evaluations)
2026-04-09 08:45:19 |     → Instance 94/100
2026-04-09 08:45:19 |     → ShapleyFlow (Path Sampling): 275 edges, 5 sources
2026-04-09 08:45:19 |     → Sampling 100 paths/source × 50 trials
2026-04-09 08:45:20 |     → Trial 1/50 completed (~2279 evaluations)
2026-04-09 08:45:30 |     → Trial 10/50 completed (~2298 evaluations)
2026-04-09 08:45:41 |     → Trial 20/50 completed (~2322 evaluations)
2026-04-09 08:45:53 |     → Trial 30/50 completed (~2302 evaluations)
2026-04-09 08:46:04 |     → Trial 40/50 completed (~2378 evaluations)
2026-04-09 08:46:15 |     → Trial 50/50 completed (~2315 evaluations)
2026-04-09 08:46:15 |     → Instance 95/100
2026-04-09 08:46:15 |     → ShapleyFlow (Path Sampling): 275 edges, 5 sources
2026-04-09 08:46:15 |     → Sampling 100 paths/source × 50 trials
2026-04-09 08:46:17 |     → Trial 1/50 completed (~2335 evaluations)
2026-04-09 08:46:27 |     → Trial 10/50 completed (~2344 evaluations)
2026-04-09 08:46:38 |     → Trial 20/50 completed (~2333 evaluations)
2026-04-09 08:46:49 |     → Trial 30/50 completed (~2296 evaluations)
2026-04-09 08:47:00 |     → Trial 40/50 completed (~2317 evaluations)
2026-04-09 08:47:12 |     → Trial 50/50 completed (~2317 evaluations)
2026-04-09 08:47:12 |     → Instance 96/100
2026-04-09 08:47:12 |     → ShapleyFlow (Path Sampling): 275 edges, 5 sources
2026-04-09 08:47:12 |     → Sampling 100 paths/source × 50 trials
2026-04-09 08:47:13 |     → Trial 1/50 completed (~2308 evaluations)
2026-04-09 08:47:23 |     → Trial 10/50 completed (~2336 evaluations)
2026-04-09 08:47:34 |     → Trial 20/50 completed (~2342 evaluations)
2026-04-09 08:47:45 |     → Trial 30/50 completed (~2323 evaluations)
2026-04-09 08:47:57 |     → Trial 40/50 completed (~2364 evaluations)
2026-04-09 08:48:08 |     → Trial 50/50 completed (~2309 evaluations)
2026-04-09 08:48:08 |     → Instance 97/100
2026-04-09 08:48:08 |     → ShapleyFlow (Path Sampling): 275 edges, 5 sources
2026-04-09 08:48:08 |     → Sampling 100 paths/source × 50 trials
2026-04-09 08:48:09 |     → Trial 1/50 completed (~2314 evaluations)
2026-04-09 08:48:20 |     → Trial 10/50 completed (~2315 evaluations)
2026-04-09 08:48:31 |     → Trial 20/50 completed (~2274 evaluations)
2026-04-09 08:48:42 |     → Trial 30/50 completed (~2330 evaluations)
2026-04-09 08:48:53 |     → Trial 40/50 completed (~2313 evaluations)
2026-04-09 08:49:04 |     → Trial 50/50 completed (~2320 evaluations)
2026-04-09 08:49:04 |     → Instance 98/100
2026-04-09 08:49:04 |     → ShapleyFlow (Path Sampling): 275 edges, 5 sources
2026-04-09 08:49:04 |     → Sampling 100 paths/source × 50 trials
2026-04-09 08:49:06 |     → Trial 1/50 completed (~2289 evaluations)
2026-04-09 08:49:16 |     → Trial 10/50 completed (~2277 evaluations)
2026-04-09 08:49:27 |     → Trial 20/50 completed (~2333 evaluations)
2026-04-09 08:49:39 |     → Trial 30/50 completed (~2329 evaluations)
2026-04-09 08:49:50 |     → Trial 40/50 completed (~2318 evaluations)
2026-04-09 08:50:01 |     → Trial 50/50 completed (~2350 evaluations)
2026-04-09 08:50:01 |     → Instance 99/100
2026-04-09 08:50:01 |     → ShapleyFlow (Path Sampling): 275 edges, 5 sources
2026-04-09 08:50:01 |     → Sampling 100 paths/source × 50 trials
2026-04-09 08:50:02 |     → Trial 1/50 completed (~2256 evaluations)
2026-04-09 08:50:12 |     → Trial 10/50 completed (~2336 evaluations)
2026-04-09 08:50:24 |     → Trial 20/50 completed (~2295 evaluations)
2026-04-09 08:50:35 |     → Trial 30/50 completed (~2247 evaluations)
2026-04-09 08:50:46 |     → Trial 40/50 completed (~2445 evaluations)
2026-04-09 08:50:57 |     → Trial 50/50 completed (~2346 evaluations)
2026-04-09 08:50:57 |     → Instance 100/100
2026-04-09 08:50:57 |     → ShapleyFlow (Path Sampling): 275 edges, 5 sources
2026-04-09 08:50:57 |     → Sampling 100 paths/source × 50 trials
2026-04-09 08:50:58 |     → Trial 1/50 completed (~2366 evaluations)
2026-04-09 08:51:09 |     → Trial 10/50 completed (~2272 evaluations)
2026-04-09 08:51:20 |     → Trial 20/50 completed (~2393 evaluations)
2026-04-09 08:51:31 |     → Trial 30/50 completed (~2296 evaluations)
2026-04-09 08:51:42 |     → Trial 40/50 completed (~2292 evaluations)
2026-04-09 08:51:53 |     → Trial 50/50 completed (~2288 evaluations)
2026-04-09 08:51:54 |     → All instances completed
2026-04-09 08:51:54 |   ✓ Completed mixed_conf_f50_s1000_p50 in 220.7 minutes
2026-04-09 08:51:54 | 
================================================================================
2026-04-09 08:51:54 | Step 5 Complete: Shapley values calculated for all combinations
2026-04-09 08:51:54 | ================================================================================

2026-04-09 08:51:54 | ================================================================================
2026-04-09 08:51:54 | STEP 6: CREATING PC vs LiNGAM COMPARISON (2 datasets + LGBM)
2026-04-09 08:51:54 | ================================================================================
2026-04-09 08:51:54 | 
[Dataset 1/2] Processing mixed_no_conf_f50_s1000_p50
2026-04-09 08:51:54 |   Creating PC vs LiNGAM comparison for LGBM...
2026-04-09 08:51:54 |   Top 10 features from Scratch: ['X3', 'X45', 'X49', 'X11', 'X30', 'X43', 'X40', 'X46', 'X8', 'X22']
2026-04-09 08:51:54 |   ✓ Saved PC vs LiNGAM comparison visualization
2026-04-09 08:51:54 | 
[Dataset 2/2] Processing mixed_conf_f50_s1000_p50
2026-04-09 08:51:54 |   Creating PC vs LiNGAM comparison for LGBM...
2026-04-09 08:51:54 |   Top 10 features from Scratch: ['X28', 'X23', 'X35', 'X44', 'X36', 'X39', 'X32', 'X40', 'X48', 'X41']
2026-04-09 08:51:54 |   ✓ Saved PC vs LiNGAM comparison visualization
2026-04-09 08:51:54 | 
================================================================================
2026-04-09 08:51:54 | Step 6 Complete: PC vs LiNGAM comparison visualization created
2026-04-09 08:51:54 | ================================================================================

2026-04-09 08:51:54 | 
================================================================================
2026-04-09 08:51:54 | PIPELINE COMPLETED SUCCESSFULLY!
2026-04-09 08:51:54 | ================================================================================
2026-04-09 08:51:54 | 
Total execution time: 436.0 minutes (7.27 hours)
2026-04-09 08:51:54 | 
Results saved in:
2026-04-09 08:51:54 |   - Synthetic data: /Users/juanrios/Documents/master_thesis/data/synthetic
2026-04-09 08:51:54 |   - Processed data: /Users/juanrios/Documents/master_thesis/data/processed
2026-04-09 08:51:54 |   - Causal discovery: /Users/juanrios/Documents/master_thesis/data/causal
2026-04-09 08:51:54 |   - Models: /Users/juanrios/Documents/master_thesis/models
2026-04-09 08:51:54 |   - Explainability: /Users/juanrios/Documents/master_thesis/data/explainability
2026-04-09 08:51:54 |   - Logs: /Users/juanrios/Documents/master_thesis/logs
2026-04-09 08:51:54 | 
================================================================================

