2026-05-06 17:22:53 | Log file: /Users/juanrios/Documents/master_thesis/logs/pipeline_20260506_172253.log
2026-05-06 17:22:53 | 
================================================================================
2026-05-06 17:22:53 | EXPERIMENTAL PIPELINE: CAUSAL FEATURE IMPORTANCE COMPARISON
2026-05-06 17:22:53 | ================================================================================
2026-05-06 17:22:53 | 
================================================================================
2026-05-06 17:22:53 | CONFIGURATION PARAMETERS
2026-05-06 17:22:53 | ================================================================================
2026-05-06 17:22:53 | 
1. DATASET PARAMETERS:
2026-05-06 17:22:53 |    - N_FEATURES: 50
2026-05-06 17:22:53 |    - N_SAMPLES: 1000
2026-05-06 17:22:53 |    - Y_PARENTS_RATIO: 0.5
2026-05-06 17:22:53 |    - NOISE_STD: 0.5
2026-05-06 17:22:53 |    - EDGE_PROBABILITY: 0.2
2026-05-06 17:22:53 |    - MIN_CONNECTED_EDGES: 2
2026-05-06 17:22:53 |    - RANDOM_STATE: 42
2026-05-06 17:22:53 | 
2. MODEL TRAINING PARAMETERS:
2026-05-06 17:22:53 |    - TEST_SIZE: 0.2
2026-05-06 17:22:53 |    - BACKGROUND_RATIO: 0.3
2026-05-06 17:22:53 |    - TEST_INSTANCES_RATIO: 0.5
2026-05-06 17:22:53 | 
3. EXPLAINABILITY PARAMETERS:
2026-05-06 17:22:53 |    - N_SHAPLEY_SAMPLES: 100
2026-05-06 17:22:53 |    - M_INNER_SAMPLES_CAUSAL: 10
2026-05-06 17:22:53 | 
4. CAUSAL DISCOVERY PARAMETERS:
2026-05-06 17:22:53 |    - LINGAM_ALPHA: 0.05
2026-05-06 17:22:53 |    - PC_ALPHA: 0.05
2026-05-06 17:22:53 |    - INDEP_TEST: fisherz
2026-05-06 17:22:53 | 
5. TARGET CONFIGURATION:
2026-05-06 17:22:53 |    - TARGET_DATASETS: ['mixed_no_conf_f50_s1000_p50']
2026-05-06 17:22:53 |    - MODEL: LGBM (only)
2026-05-06 17:22:53 | 
6. DIRECTORIES:
2026-05-06 17:22:53 |    - BASE_DIR: /Users/juanrios/Documents/master_thesis
2026-05-06 17:22:53 |    - SYNTHETIC_DIR: /Users/juanrios/Documents/master_thesis/data/synthetic
2026-05-06 17:22:53 |    - PROCESSED_DIR: /Users/juanrios/Documents/master_thesis/data/processed
2026-05-06 17:22:53 |    - CAUSAL_DIR: /Users/juanrios/Documents/master_thesis/data/causal
2026-05-06 17:22:53 |    - EXPLAINABILITY_DIR: /Users/juanrios/Documents/master_thesis/data/explainability
2026-05-06 17:22:53 |    - MODELS_DIR: /Users/juanrios/Documents/master_thesis/models
2026-05-06 17:22:53 |    - LOGS_DIR: /Users/juanrios/Documents/master_thesis/logs
2026-05-06 17:22:53 | 
================================================================================

2026-05-06 17:22:53 | ================================================================================
2026-05-06 17:22:53 | STEP 1: GENERATING SYNTHETIC DATASETS
2026-05-06 17:22:53 | ================================================================================
2026-05-06 17:22:53 | 
[Dataset 1/6] Generating linear system without confounders
2026-05-06 17:22:53 |   ✓ Saved: linear_no_conf_f50_s1000_p50 | Features: 50, Samples: 1000, Y parents: 25, Edges: 291, Confounders: 0
2026-05-06 17:22:53 | 
[Dataset 2/6] Generating linear system with confounders
2026-05-06 17:22:53 |   ✓ Saved: linear_conf_f50_s1000_p50 | Features: 50, Samples: 1000, Y parents: 25, Edges: 291, Confounders: 5
2026-05-06 17:22:53 | 
[Dataset 3/6] Generating nonlinear system without confounders
2026-05-06 17:22:53 |   ✓ Saved: nonlinear_no_conf_f50_s1000_p50 | Features: 50, Samples: 1000, Y parents: 25, Edges: 291, Confounders: 0
2026-05-06 17:22:53 | 
[Dataset 4/6] Generating nonlinear system with confounders
2026-05-06 17:22:53 |   ✓ Saved: nonlinear_conf_f50_s1000_p50 | Features: 50, Samples: 1000, Y parents: 25, Edges: 291, Confounders: 5
2026-05-06 17:22:53 | 
[Dataset 5/6] Generating mixed system without confounders
2026-05-06 17:22:53 |   ✓ Saved: mixed_no_conf_f50_s1000_p50 | Features: 50, Samples: 1000, Y parents: 25, Edges: 291, Confounders: 0
2026-05-06 17:22:53 | 
[Dataset 6/6] Generating mixed system with confounders
2026-05-06 17:22:53 |   ✓ Saved: mixed_conf_f50_s1000_p50 | Features: 50, Samples: 1000, Y parents: 25, Edges: 291, Confounders: 5
2026-05-06 17:22:53 | 
================================================================================
2026-05-06 17:22:53 | Step 1 Complete: 6 datasets generated
2026-05-06 17:22:53 | ================================================================================

2026-05-06 17:22:53 | ================================================================================
2026-05-06 17:22:53 | STEP 2: CREATING TRAIN/TEST SPLITS
2026-05-06 17:22:53 | ================================================================================
2026-05-06 17:22:53 | 
[Dataset 1/6] Processing linear_no_conf_f50_s1000_p50...
2026-05-06 17:22:53 |   ✓ Train: (800, 51), Test: (200, 51)
2026-05-06 17:22:53 | 
[Dataset 2/6] Processing linear_conf_f50_s1000_p50...
2026-05-06 17:22:53 |   ✓ Train: (800, 51), Test: (200, 51)
2026-05-06 17:22:53 | 
[Dataset 3/6] Processing nonlinear_no_conf_f50_s1000_p50...
2026-05-06 17:22:53 |   ✓ Train: (800, 51), Test: (200, 51)
2026-05-06 17:22:53 | 
[Dataset 4/6] Processing nonlinear_conf_f50_s1000_p50...
2026-05-06 17:22:53 |   ✓ Train: (800, 51), Test: (200, 51)
2026-05-06 17:22:53 | 
[Dataset 5/6] Processing mixed_no_conf_f50_s1000_p50...
2026-05-06 17:22:53 |   ✓ Train: (800, 51), Test: (200, 51)
2026-05-06 17:22:53 | 
[Dataset 6/6] Processing mixed_conf_f50_s1000_p50...
2026-05-06 17:22:53 |   ✓ Train: (800, 51), Test: (200, 51)
2026-05-06 17:22:53 | 
================================================================================
2026-05-06 17:22:53 | Step 2 Complete: Train/test splits created for 6 datasets
2026-05-06 17:22:53 | ================================================================================

2026-05-06 17:22:53 | ================================================================================
2026-05-06 17:22:53 | STEP 4: TRAINING PREDICTIVE MODELS (LGBM only, 1 datasets)
2026-05-06 17:22:53 | ================================================================================
2026-05-06 17:22:53 | 
[Dataset 1/1] Training LGBM model for mixed_no_conf_f50_s1000_p50
2026-05-06 17:22:53 |   Training LGBM...
2026-05-06 17:23:01 |   ✓ LGBM: R²=0.7617, MSE=0.3109, MAE=0.4372, RMSE=0.5576
2026-05-06 17:23:01 |   ✓ LGBM model saved with the following number of features: 50
2026-05-06 17:23:01 | 
================================================================================
2026-05-06 17:23:01 | Step 4 Complete: LGBM model trained for 1 datasets
2026-05-06 17:23:01 | ================================================================================

2026-05-06 17:23:01 | ================================================================================
2026-05-06 17:23:01 | STEP 4 (was 3): RUNNING CAUSAL DISCOVERY
2026-05-06 17:23:01 | ================================================================================
2026-05-06 17:23:01 | 
[Dataset 1/6] Processing linear_no_conf_f50_s1000_p50
2026-05-06 17:23:01 |   Running LiNGAM...
2026-05-06 17:23:07 |   Running PC...
2026-05-06 17:23:12 |   Extracting X-only train adjacency matrices for Step 5...
2026-05-06 17:23:12 |   ✓ LINGAM: F1=0.271, Precision=0.243, Recall=0.306
2026-05-06 17:23:15 |   ✓ PC: F1=0.128, Precision=0.286, Recall=0.082
2026-05-06 17:23:16 | 
[Dataset 2/6] Processing linear_conf_f50_s1000_p50
2026-05-06 17:23:16 |   Running LiNGAM...
2026-05-06 17:23:23 |   Running PC...
2026-05-06 17:23:28 |   Extracting X-only train adjacency matrices for Step 5...
2026-05-06 17:23:28 |   ✓ LINGAM: F1=0.239, Precision=0.213, Recall=0.271
2026-05-06 17:23:30 |   ✓ PC: F1=0.129, Precision=0.293, Recall=0.082
2026-05-06 17:23:31 | 
[Dataset 3/6] Processing nonlinear_no_conf_f50_s1000_p50
2026-05-06 17:23:31 |   Running LiNGAM...
2026-05-06 17:23:37 |   Running PC...
2026-05-06 17:23:41 |   Extracting X-only train adjacency matrices for Step 5...
2026-05-06 17:23:41 |   ✓ LINGAM: F1=0.194, Precision=0.217, Recall=0.175
2026-05-06 17:23:43 |   ✓ PC: F1=0.122, Precision=0.238, Recall=0.082
2026-05-06 17:23:44 | 
[Dataset 4/6] Processing nonlinear_conf_f50_s1000_p50
2026-05-06 17:23:45 |   Running LiNGAM...
2026-05-06 17:24:08 |   Running PC...
2026-05-06 17:24:44 |   Extracting X-only train adjacency matrices for Step 5...
2026-05-06 17:24:44 |   ✓ LINGAM: F1=0.170, Precision=0.195, Recall=0.151
2026-05-06 17:24:46 |   ✓ PC: F1=0.126, Precision=0.238, Recall=0.086
2026-05-06 17:24:48 | 
[Dataset 5/6] Processing mixed_no_conf_f50_s1000_p50
2026-05-06 17:24:48 |   Loaded LGBM model (50 features used for Y edges)
2026-05-06 17:24:48 |   Running LiNGAM...
2026-05-06 17:24:53 |   Running PC...
2026-05-06 17:24:57 |   Extracting X-only train adjacency matrices for Step 5...
2026-05-06 17:24:57 |   ✓ LINGAM: F1=0.246, Precision=0.247, Recall=0.244
2026-05-06 17:24:59 |   ✓ PC: F1=0.256, Precision=0.399, Recall=0.189
2026-05-06 17:25:00 | 
[Dataset 6/6] Processing mixed_conf_f50_s1000_p50
2026-05-06 17:25:00 |   Running LiNGAM...
2026-05-06 17:25:06 |   Running PC...
2026-05-06 17:25:10 |   Extracting X-only train adjacency matrices for Step 5...
2026-05-06 17:25:10 |   ✓ LINGAM: F1=0.155, Precision=0.160, Recall=0.151
2026-05-06 17:25:12 |   ✓ PC: F1=0.157, Precision=0.301, Recall=0.107
2026-05-06 17:25:14 | 
================================================================================
2026-05-06 17:25:14 | Step 4 Complete: Causal discovery completed for 6 datasets
2026-05-06 17:25:14 | ================================================================================

2026-05-06 17:25:14 | ================================================================================
2026-05-06 17:25:14 | STEP 5: CALCULATING SHAPLEY VALUES (1 datasets + LGBM only)
2026-05-06 17:25:14 | ================================================================================
2026-05-06 17:25:14 | 
[Dataset 1/1] Processing mixed_no_conf_f50_s1000_p50
2026-05-06 17:25:14 |   [Progress: 1/9] LGBM - ShapleyFromScratch
2026-05-06 17:25:14 | Starting ShapleyFromScratch computation for 100 instances
2026-05-06 17:25:14 | Using 100 samples per instance
2026-05-06 17:25:16 |     Sample 100/100 completed
2026-05-06 17:25:19 |     Sample 100/100 completed
2026-05-06 17:25:22 |     Sample 100/100 completed
2026-05-06 17:25:24 |     Sample 100/100 completed
2026-05-06 17:25:27 |     Sample 100/100 completed
2026-05-06 17:25:30 |     Sample 100/100 completed
2026-05-06 17:25:32 |     Sample 100/100 completed
2026-05-06 17:25:35 |     Sample 100/100 completed
2026-05-06 17:25:37 |     Sample 100/100 completed
2026-05-06 17:25:40 |     Sample 100/100 completed
2026-05-06 17:25:42 |     Sample 100/100 completed
2026-05-06 17:25:45 |     Sample 100/100 completed
2026-05-06 17:25:48 |     Sample 100/100 completed
2026-05-06 17:25:50 |     Sample 100/100 completed
2026-05-06 17:25:53 |     Sample 100/100 completed
2026-05-06 17:25:56 |     Sample 100/100 completed
2026-05-06 17:25:58 |     Sample 100/100 completed
2026-05-06 17:26:01 |     Sample 100/100 completed
2026-05-06 17:26:04 |     Sample 100/100 completed
2026-05-06 17:26:06 |     Sample 100/100 completed
2026-05-06 17:26:06 |   Completed 20/100 instances
2026-05-06 17:26:09 |     Sample 100/100 completed
2026-05-06 17:26:11 |     Sample 100/100 completed
2026-05-06 17:26:14 |     Sample 100/100 completed
2026-05-06 17:26:17 |     Sample 100/100 completed
2026-05-06 17:26:19 |     Sample 100/100 completed
2026-05-06 17:26:22 |     Sample 100/100 completed
2026-05-06 17:26:24 |     Sample 100/100 completed
2026-05-06 17:26:27 |     Sample 100/100 completed
2026-05-06 17:26:29 |     Sample 100/100 completed
2026-05-06 17:26:32 |     Sample 100/100 completed
2026-05-06 17:26:35 |     Sample 100/100 completed
2026-05-06 17:26:37 |     Sample 100/100 completed
2026-05-06 17:26:40 |     Sample 100/100 completed
2026-05-06 17:26:42 |     Sample 100/100 completed
2026-05-06 17:26:45 |     Sample 100/100 completed
2026-05-06 17:26:47 |     Sample 100/100 completed
2026-05-06 17:26:50 |     Sample 100/100 completed
2026-05-06 17:26:52 |     Sample 100/100 completed
2026-05-06 17:26:55 |     Sample 100/100 completed
2026-05-06 17:26:58 |     Sample 100/100 completed
2026-05-06 17:26:58 |   Completed 40/100 instances
2026-05-06 17:27:00 |     Sample 100/100 completed
2026-05-06 17:27:03 |     Sample 100/100 completed
2026-05-06 17:27:05 |     Sample 100/100 completed
2026-05-06 17:27:08 |     Sample 100/100 completed
2026-05-06 17:27:10 |     Sample 100/100 completed
2026-05-06 17:27:13 |     Sample 100/100 completed
2026-05-06 17:27:15 |     Sample 100/100 completed
2026-05-06 17:27:18 |     Sample 100/100 completed
2026-05-06 17:27:20 |     Sample 100/100 completed
2026-05-06 17:27:23 |     Sample 100/100 completed
2026-05-06 17:27:25 |     Sample 100/100 completed
2026-05-06 17:27:28 |     Sample 100/100 completed
2026-05-06 17:27:31 |     Sample 100/100 completed
2026-05-06 17:27:33 |     Sample 100/100 completed
2026-05-06 17:27:36 |     Sample 100/100 completed
2026-05-06 17:27:38 |     Sample 100/100 completed
2026-05-06 17:27:41 |     Sample 100/100 completed
2026-05-06 17:27:43 |     Sample 100/100 completed
2026-05-06 17:27:46 |     Sample 100/100 completed
2026-05-06 17:27:48 |     Sample 100/100 completed
2026-05-06 17:27:48 |   Completed 60/100 instances
2026-05-06 17:27:51 |     Sample 100/100 completed
2026-05-06 17:27:54 |     Sample 100/100 completed
2026-05-06 17:27:56 |     Sample 100/100 completed
2026-05-06 17:27:59 |     Sample 100/100 completed
2026-05-06 17:28:01 |     Sample 100/100 completed
2026-05-06 17:28:04 |     Sample 100/100 completed
2026-05-06 17:28:06 |     Sample 100/100 completed
2026-05-06 17:28:09 |     Sample 100/100 completed
2026-05-06 17:28:11 |     Sample 100/100 completed
2026-05-06 17:28:14 |     Sample 100/100 completed
2026-05-06 17:28:16 |     Sample 100/100 completed
2026-05-06 17:28:19 |     Sample 100/100 completed
2026-05-06 17:28:22 |     Sample 100/100 completed
2026-05-06 17:28:24 |     Sample 100/100 completed
2026-05-06 17:28:27 |     Sample 100/100 completed
2026-05-06 17:28:29 |     Sample 100/100 completed
2026-05-06 17:28:32 |     Sample 100/100 completed
2026-05-06 17:28:34 |     Sample 100/100 completed
2026-05-06 17:28:37 |     Sample 100/100 completed
2026-05-06 17:28:39 |     Sample 100/100 completed
2026-05-06 17:28:39 |   Completed 80/100 instances
2026-05-06 17:28:42 |     Sample 100/100 completed
2026-05-06 17:28:45 |     Sample 100/100 completed
2026-05-06 17:28:47 |     Sample 100/100 completed
2026-05-06 17:28:50 |     Sample 100/100 completed
2026-05-06 17:28:52 |     Sample 100/100 completed
2026-05-06 17:28:55 |     Sample 100/100 completed
2026-05-06 17:28:57 |     Sample 100/100 completed
2026-05-06 17:29:00 |     Sample 100/100 completed
2026-05-06 17:29:02 |     Sample 100/100 completed
2026-05-06 17:29:05 |     Sample 100/100 completed
2026-05-06 17:29:08 |     Sample 100/100 completed
2026-05-06 17:29:10 |     Sample 100/100 completed
2026-05-06 17:29:13 |     Sample 100/100 completed
2026-05-06 17:29:15 |     Sample 100/100 completed
2026-05-06 17:29:18 |     Sample 100/100 completed
2026-05-06 17:29:20 |     Sample 100/100 completed
2026-05-06 17:29:23 |     Sample 100/100 completed
2026-05-06 17:29:25 |     Sample 100/100 completed
2026-05-06 17:29:28 |     Sample 100/100 completed
2026-05-06 17:29:31 |     Sample 100/100 completed
2026-05-06 17:29:31 |   Completed 100/100 instances
2026-05-06 17:29:31 | Completed all 100 instances
2026-05-06 17:29:31 |   [Progress: 2/9] LGBM + PC - AsymmetricShapley
2026-05-06 17:29:31 |  Calculating asymmetric SHAP values
2026-05-06 17:29:31 | Starting Asymmetric Shapley (topo-ordering) computation for 100 instances
2026-05-06 17:29:31 | Using 100 samples per instance
2026-05-06 17:29:31 |     Sample 10/100 completed
2026-05-06 17:29:31 |     Sample 20/100 completed
2026-05-06 17:29:31 |     Sample 30/100 completed
2026-05-06 17:29:32 |     Sample 40/100 completed
2026-05-06 17:29:32 |     Sample 50/100 completed
2026-05-06 17:29:32 |     Sample 60/100 completed
2026-05-06 17:29:32 |     Sample 70/100 completed
2026-05-06 17:29:33 |     Sample 80/100 completed
2026-05-06 17:29:33 |     Sample 90/100 completed
2026-05-06 17:29:33 |     Sample 100/100 completed
2026-05-06 17:29:33 |     Sample 10/100 completed
2026-05-06 17:29:34 |     Sample 20/100 completed
2026-05-06 17:29:34 |     Sample 30/100 completed
2026-05-06 17:29:34 |     Sample 40/100 completed
2026-05-06 17:29:34 |     Sample 50/100 completed
2026-05-06 17:29:35 |     Sample 60/100 completed
2026-05-06 17:29:35 |     Sample 70/100 completed
2026-05-06 17:29:35 |     Sample 80/100 completed
2026-05-06 17:29:35 |     Sample 90/100 completed
2026-05-06 17:29:36 |     Sample 100/100 completed
2026-05-06 17:29:36 |     Sample 10/100 completed
2026-05-06 17:29:36 |     Sample 20/100 completed
2026-05-06 17:29:36 |     Sample 30/100 completed
2026-05-06 17:29:37 |     Sample 40/100 completed
2026-05-06 17:29:37 |     Sample 50/100 completed
2026-05-06 17:29:37 |     Sample 60/100 completed
2026-05-06 17:29:37 |     Sample 70/100 completed
2026-05-06 17:29:38 |     Sample 80/100 completed
2026-05-06 17:29:38 |     Sample 90/100 completed
2026-05-06 17:29:38 |     Sample 100/100 completed
2026-05-06 17:29:38 |     Sample 10/100 completed
2026-05-06 17:29:39 |     Sample 20/100 completed
2026-05-06 17:29:39 |     Sample 30/100 completed
2026-05-06 17:29:39 |     Sample 40/100 completed
2026-05-06 17:29:39 |     Sample 50/100 completed
2026-05-06 17:29:40 |     Sample 60/100 completed
2026-05-06 17:29:40 |     Sample 70/100 completed
2026-05-06 17:29:40 |     Sample 80/100 completed
2026-05-06 17:29:40 |     Sample 90/100 completed
2026-05-06 17:29:41 |     Sample 100/100 completed
2026-05-06 17:29:41 |     Sample 10/100 completed
2026-05-06 17:29:41 |     Sample 20/100 completed
2026-05-06 17:29:41 |     Sample 30/100 completed
2026-05-06 17:29:42 |     Sample 40/100 completed
2026-05-06 17:29:42 |     Sample 50/100 completed
2026-05-06 17:29:42 |     Sample 60/100 completed
2026-05-06 17:29:42 |     Sample 70/100 completed
2026-05-06 17:29:43 |     Sample 80/100 completed
2026-05-06 17:29:43 |     Sample 90/100 completed
2026-05-06 17:29:43 |     Sample 100/100 completed
2026-05-06 17:29:44 |     Sample 10/100 completed
2026-05-06 17:29:44 |     Sample 20/100 completed
2026-05-06 17:29:44 |     Sample 30/100 completed
2026-05-06 17:29:44 |     Sample 40/100 completed
2026-05-06 17:29:45 |     Sample 50/100 completed
2026-05-06 17:29:45 |     Sample 60/100 completed
2026-05-06 17:29:45 |     Sample 70/100 completed
2026-05-06 17:29:45 |     Sample 80/100 completed
2026-05-06 17:29:46 |     Sample 90/100 completed
2026-05-06 17:29:46 |     Sample 100/100 completed
2026-05-06 17:29:46 |     Sample 10/100 completed
2026-05-06 17:29:46 |     Sample 20/100 completed
2026-05-06 17:29:47 |     Sample 30/100 completed
2026-05-06 17:29:47 |     Sample 40/100 completed
2026-05-06 17:29:47 |     Sample 50/100 completed
2026-05-06 17:29:47 |     Sample 60/100 completed
2026-05-06 17:29:48 |     Sample 70/100 completed
2026-05-06 17:29:48 |     Sample 80/100 completed
2026-05-06 17:29:48 |     Sample 90/100 completed
2026-05-06 17:29:48 |     Sample 100/100 completed
2026-05-06 17:29:49 |     Sample 10/100 completed
2026-05-06 17:29:49 |     Sample 20/100 completed
2026-05-06 17:29:49 |     Sample 30/100 completed
2026-05-06 17:29:49 |     Sample 40/100 completed
2026-05-06 17:29:50 |     Sample 50/100 completed
2026-05-06 17:29:50 |     Sample 60/100 completed
2026-05-06 17:29:50 |     Sample 70/100 completed
2026-05-06 17:29:50 |     Sample 80/100 completed
2026-05-06 17:29:51 |     Sample 90/100 completed
2026-05-06 17:29:51 |     Sample 100/100 completed
2026-05-06 17:29:51 |     Sample 10/100 completed
2026-05-06 17:29:51 |     Sample 20/100 completed
2026-05-06 17:29:52 |     Sample 30/100 completed
2026-05-06 17:29:52 |     Sample 40/100 completed
2026-05-06 17:29:52 |     Sample 50/100 completed
2026-05-06 17:29:52 |     Sample 60/100 completed
2026-05-06 17:29:53 |     Sample 70/100 completed
2026-05-06 17:29:53 |     Sample 80/100 completed
2026-05-06 17:29:53 |     Sample 90/100 completed
2026-05-06 17:29:53 |     Sample 100/100 completed
2026-05-06 17:29:54 |     Sample 10/100 completed
2026-05-06 17:29:54 |     Sample 20/100 completed
2026-05-06 17:29:54 |     Sample 30/100 completed
2026-05-06 17:29:54 |     Sample 40/100 completed
2026-05-06 17:29:55 |     Sample 50/100 completed
2026-05-06 17:29:55 |     Sample 60/100 completed
2026-05-06 17:29:55 |     Sample 70/100 completed
2026-05-06 17:29:55 |     Sample 80/100 completed
2026-05-06 17:29:56 |     Sample 90/100 completed
2026-05-06 17:29:56 |     Sample 100/100 completed
2026-05-06 17:29:56 |     Sample 10/100 completed
2026-05-06 17:29:56 |     Sample 20/100 completed
2026-05-06 17:29:57 |     Sample 30/100 completed
2026-05-06 17:29:57 |     Sample 40/100 completed
2026-05-06 17:29:57 |     Sample 50/100 completed
2026-05-06 17:29:57 |     Sample 60/100 completed
2026-05-06 17:29:58 |     Sample 70/100 completed
2026-05-06 17:29:58 |     Sample 80/100 completed
2026-05-06 17:29:58 |     Sample 90/100 completed
2026-05-06 17:29:59 |     Sample 100/100 completed
2026-05-06 17:29:59 |     Sample 10/100 completed
2026-05-06 17:29:59 |     Sample 20/100 completed
2026-05-06 17:29:59 |     Sample 30/100 completed
2026-05-06 17:30:00 |     Sample 40/100 completed
2026-05-06 17:30:00 |     Sample 50/100 completed
2026-05-06 17:30:00 |     Sample 60/100 completed
2026-05-06 17:30:00 |     Sample 70/100 completed
2026-05-06 17:30:01 |     Sample 80/100 completed
2026-05-06 17:30:01 |     Sample 90/100 completed
2026-05-06 17:30:01 |     Sample 100/100 completed
2026-05-06 17:30:01 |     Sample 10/100 completed
2026-05-06 17:30:02 |     Sample 20/100 completed
2026-05-06 17:30:02 |     Sample 30/100 completed
2026-05-06 17:30:02 |     Sample 40/100 completed
2026-05-06 17:30:02 |     Sample 50/100 completed
2026-05-06 17:30:03 |     Sample 60/100 completed
2026-05-06 17:30:03 |     Sample 70/100 completed
2026-05-06 17:30:03 |     Sample 80/100 completed
2026-05-06 17:30:03 |     Sample 90/100 completed
2026-05-06 17:30:04 |     Sample 100/100 completed
2026-05-06 17:30:04 |     Sample 10/100 completed
2026-05-06 17:30:04 |     Sample 20/100 completed
2026-05-06 17:30:04 |     Sample 30/100 completed
2026-05-06 17:30:05 |     Sample 40/100 completed
2026-05-06 17:30:05 |     Sample 50/100 completed
2026-05-06 17:30:05 |     Sample 60/100 completed
2026-05-06 17:30:05 |     Sample 70/100 completed
2026-05-06 17:30:06 |     Sample 80/100 completed
2026-05-06 17:30:06 |     Sample 90/100 completed
2026-05-06 17:30:06 |     Sample 100/100 completed
2026-05-06 17:30:06 |     Sample 10/100 completed
2026-05-06 17:30:07 |     Sample 20/100 completed
2026-05-06 17:30:07 |     Sample 30/100 completed
2026-05-06 17:30:07 |     Sample 40/100 completed
2026-05-06 17:30:07 |     Sample 50/100 completed
2026-05-06 17:30:08 |     Sample 60/100 completed
2026-05-06 17:30:08 |     Sample 70/100 completed
2026-05-06 17:30:08 |     Sample 80/100 completed
2026-05-06 17:30:08 |     Sample 90/100 completed
2026-05-06 17:30:09 |     Sample 100/100 completed
2026-05-06 17:30:09 |     Sample 10/100 completed
2026-05-06 17:30:09 |     Sample 20/100 completed
2026-05-06 17:30:09 |     Sample 30/100 completed
2026-05-06 17:30:10 |     Sample 40/100 completed
2026-05-06 17:30:10 |     Sample 50/100 completed
2026-05-06 17:30:10 |     Sample 60/100 completed
2026-05-06 17:30:10 |     Sample 70/100 completed
2026-05-06 17:30:11 |     Sample 80/100 completed
2026-05-06 17:30:11 |     Sample 90/100 completed
2026-05-06 17:30:11 |     Sample 100/100 completed
2026-05-06 17:30:11 |     Sample 10/100 completed
2026-05-06 17:30:12 |     Sample 20/100 completed
2026-05-06 17:30:12 |     Sample 30/100 completed
2026-05-06 17:30:12 |     Sample 40/100 completed
2026-05-06 17:30:12 |     Sample 50/100 completed
2026-05-06 17:30:13 |     Sample 60/100 completed
2026-05-06 17:30:13 |     Sample 70/100 completed
2026-05-06 17:30:13 |     Sample 80/100 completed
2026-05-06 17:30:13 |     Sample 90/100 completed
2026-05-06 17:30:14 |     Sample 100/100 completed
2026-05-06 17:30:14 |     Sample 10/100 completed
2026-05-06 17:30:14 |     Sample 20/100 completed
2026-05-06 17:30:15 |     Sample 30/100 completed
2026-05-06 17:30:15 |     Sample 40/100 completed
2026-05-06 17:30:15 |     Sample 50/100 completed
2026-05-06 17:30:15 |     Sample 60/100 completed
2026-05-06 17:30:16 |     Sample 70/100 completed
2026-05-06 17:30:16 |     Sample 80/100 completed
2026-05-06 17:30:16 |     Sample 90/100 completed
2026-05-06 17:30:16 |     Sample 100/100 completed
2026-05-06 17:30:17 |     Sample 10/100 completed
2026-05-06 17:30:17 |     Sample 20/100 completed
2026-05-06 17:30:17 |     Sample 30/100 completed
2026-05-06 17:30:17 |     Sample 40/100 completed
2026-05-06 17:30:18 |     Sample 50/100 completed
2026-05-06 17:30:18 |     Sample 60/100 completed
2026-05-06 17:30:18 |     Sample 70/100 completed
2026-05-06 17:30:18 |     Sample 80/100 completed
2026-05-06 17:30:19 |     Sample 90/100 completed
2026-05-06 17:30:19 |     Sample 100/100 completed
2026-05-06 17:30:19 |     Sample 10/100 completed
2026-05-06 17:30:19 |     Sample 20/100 completed
2026-05-06 17:30:20 |     Sample 30/100 completed
2026-05-06 17:30:20 |     Sample 40/100 completed
2026-05-06 17:30:20 |     Sample 50/100 completed
2026-05-06 17:30:20 |     Sample 60/100 completed
2026-05-06 17:30:21 |     Sample 70/100 completed
2026-05-06 17:30:21 |     Sample 80/100 completed
2026-05-06 17:30:21 |     Sample 90/100 completed
2026-05-06 17:30:21 |     Sample 100/100 completed
2026-05-06 17:30:22 |     Sample 10/100 completed
2026-05-06 17:30:22 |     Sample 20/100 completed
2026-05-06 17:30:22 |     Sample 30/100 completed
2026-05-06 17:30:22 |     Sample 40/100 completed
2026-05-06 17:30:23 |     Sample 50/100 completed
2026-05-06 17:30:23 |     Sample 60/100 completed
2026-05-06 17:30:23 |     Sample 70/100 completed
2026-05-06 17:30:23 |     Sample 80/100 completed
2026-05-06 17:30:24 |     Sample 90/100 completed
2026-05-06 17:30:24 |     Sample 100/100 completed
2026-05-06 17:30:24 |     Sample 10/100 completed
2026-05-06 17:30:24 |     Sample 20/100 completed
2026-05-06 17:30:25 |     Sample 30/100 completed
2026-05-06 17:30:25 |     Sample 40/100 completed
2026-05-06 17:30:25 |     Sample 50/100 completed
2026-05-06 17:30:25 |     Sample 60/100 completed
2026-05-06 17:30:26 |     Sample 70/100 completed
2026-05-06 17:30:26 |     Sample 80/100 completed
2026-05-06 17:30:26 |     Sample 90/100 completed
2026-05-06 17:30:26 |     Sample 100/100 completed
2026-05-06 17:30:27 |     Sample 10/100 completed
2026-05-06 17:30:27 |     Sample 20/100 completed
2026-05-06 17:30:27 |     Sample 30/100 completed
2026-05-06 17:30:27 |     Sample 40/100 completed
2026-05-06 17:30:28 |     Sample 50/100 completed
2026-05-06 17:30:28 |     Sample 60/100 completed
2026-05-06 17:30:28 |     Sample 70/100 completed
2026-05-06 17:30:28 |     Sample 80/100 completed
2026-05-06 17:30:29 |     Sample 90/100 completed
2026-05-06 17:30:29 |     Sample 100/100 completed
2026-05-06 17:30:29 |     Sample 10/100 completed
2026-05-06 17:30:30 |     Sample 20/100 completed
2026-05-06 17:30:30 |     Sample 30/100 completed
2026-05-06 17:30:30 |     Sample 40/100 completed
2026-05-06 17:30:30 |     Sample 50/100 completed
2026-05-06 17:30:31 |     Sample 60/100 completed
2026-05-06 17:30:31 |     Sample 70/100 completed
2026-05-06 17:30:31 |     Sample 80/100 completed
2026-05-06 17:30:31 |     Sample 90/100 completed
2026-05-06 17:30:32 |     Sample 100/100 completed
2026-05-06 17:30:32 |     Sample 10/100 completed
2026-05-06 17:30:32 |     Sample 20/100 completed
2026-05-06 17:30:32 |     Sample 30/100 completed
2026-05-06 17:30:33 |     Sample 40/100 completed
2026-05-06 17:30:33 |     Sample 50/100 completed
2026-05-06 17:30:33 |     Sample 60/100 completed
2026-05-06 17:30:33 |     Sample 70/100 completed
2026-05-06 17:30:34 |     Sample 80/100 completed
2026-05-06 17:30:34 |     Sample 90/100 completed
2026-05-06 17:30:34 |     Sample 100/100 completed
2026-05-06 17:30:34 |     Sample 10/100 completed
2026-05-06 17:30:35 |     Sample 20/100 completed
2026-05-06 17:30:35 |     Sample 30/100 completed
2026-05-06 17:30:35 |     Sample 40/100 completed
2026-05-06 17:30:35 |     Sample 50/100 completed
2026-05-06 17:30:36 |     Sample 60/100 completed
2026-05-06 17:30:36 |     Sample 70/100 completed
2026-05-06 17:30:36 |     Sample 80/100 completed
2026-05-06 17:30:36 |     Sample 90/100 completed
2026-05-06 17:30:37 |     Sample 100/100 completed
2026-05-06 17:30:37 |     Sample 10/100 completed
2026-05-06 17:30:37 |     Sample 20/100 completed
2026-05-06 17:30:37 |     Sample 30/100 completed
2026-05-06 17:30:38 |     Sample 40/100 completed
2026-05-06 17:30:38 |     Sample 50/100 completed
2026-05-06 17:30:38 |     Sample 60/100 completed
2026-05-06 17:30:38 |     Sample 70/100 completed
2026-05-06 17:30:39 |     Sample 80/100 completed
2026-05-06 17:30:39 |     Sample 90/100 completed
2026-05-06 17:30:39 |     Sample 100/100 completed
2026-05-06 17:30:39 |     Sample 10/100 completed
2026-05-06 17:30:40 |     Sample 20/100 completed
2026-05-06 17:30:40 |     Sample 30/100 completed
2026-05-06 17:30:40 |     Sample 40/100 completed
2026-05-06 17:30:40 |     Sample 50/100 completed
2026-05-06 17:30:41 |     Sample 60/100 completed
2026-05-06 17:30:41 |     Sample 70/100 completed
2026-05-06 17:30:41 |     Sample 80/100 completed
2026-05-06 17:30:41 |     Sample 90/100 completed
2026-05-06 17:30:42 |     Sample 100/100 completed
2026-05-06 17:30:42 |     Sample 10/100 completed
2026-05-06 17:30:42 |     Sample 20/100 completed
2026-05-06 17:30:43 |     Sample 30/100 completed
2026-05-06 17:30:43 |     Sample 40/100 completed
2026-05-06 17:30:43 |     Sample 50/100 completed
2026-05-06 17:30:43 |     Sample 60/100 completed
2026-05-06 17:30:44 |     Sample 70/100 completed
2026-05-06 17:30:44 |     Sample 80/100 completed
2026-05-06 17:30:44 |     Sample 90/100 completed
2026-05-06 17:30:44 |     Sample 100/100 completed
2026-05-06 17:30:45 |     Sample 10/100 completed
2026-05-06 17:30:45 |     Sample 20/100 completed
2026-05-06 17:30:45 |     Sample 30/100 completed
2026-05-06 17:30:45 |     Sample 40/100 completed
2026-05-06 17:30:46 |     Sample 50/100 completed
2026-05-06 17:30:46 |     Sample 60/100 completed
2026-05-06 17:30:46 |     Sample 70/100 completed
2026-05-06 17:30:46 |     Sample 80/100 completed
2026-05-06 17:30:47 |     Sample 90/100 completed
2026-05-06 17:30:47 |     Sample 100/100 completed
2026-05-06 17:30:47 |     Sample 10/100 completed
2026-05-06 17:30:47 |     Sample 20/100 completed
2026-05-06 17:30:48 |     Sample 30/100 completed
2026-05-06 17:30:48 |     Sample 40/100 completed
2026-05-06 17:30:48 |     Sample 50/100 completed
2026-05-06 17:30:48 |     Sample 60/100 completed
2026-05-06 17:30:49 |     Sample 70/100 completed
2026-05-06 17:30:49 |     Sample 80/100 completed
2026-05-06 17:30:49 |     Sample 90/100 completed
2026-05-06 17:30:49 |     Sample 100/100 completed
2026-05-06 17:30:50 |     Sample 10/100 completed
2026-05-06 17:30:50 |     Sample 20/100 completed
2026-05-06 17:30:50 |     Sample 30/100 completed
2026-05-06 17:30:50 |     Sample 40/100 completed
2026-05-06 17:30:51 |     Sample 50/100 completed
2026-05-06 17:30:51 |     Sample 60/100 completed
2026-05-06 17:30:51 |     Sample 70/100 completed
2026-05-06 17:30:51 |     Sample 80/100 completed
2026-05-06 17:30:52 |     Sample 90/100 completed
2026-05-06 17:30:52 |     Sample 100/100 completed
2026-05-06 17:30:52 |     Sample 10/100 completed
2026-05-06 17:30:52 |     Sample 20/100 completed
2026-05-06 17:30:53 |     Sample 30/100 completed
2026-05-06 17:30:53 |     Sample 40/100 completed
2026-05-06 17:30:53 |     Sample 50/100 completed
2026-05-06 17:30:53 |     Sample 60/100 completed
2026-05-06 17:30:54 |     Sample 70/100 completed
2026-05-06 17:30:54 |     Sample 80/100 completed
2026-05-06 17:30:54 |     Sample 90/100 completed
2026-05-06 17:30:54 |     Sample 100/100 completed
2026-05-06 17:30:55 |     Sample 10/100 completed
2026-05-06 17:30:55 |     Sample 20/100 completed
2026-05-06 17:30:55 |     Sample 30/100 completed
2026-05-06 17:30:55 |     Sample 40/100 completed
2026-05-06 17:30:56 |     Sample 50/100 completed
2026-05-06 17:30:56 |     Sample 60/100 completed
2026-05-06 17:30:56 |     Sample 70/100 completed
2026-05-06 17:30:56 |     Sample 80/100 completed
2026-05-06 17:30:57 |     Sample 90/100 completed
2026-05-06 17:30:57 |     Sample 100/100 completed
2026-05-06 17:30:57 |     Sample 10/100 completed
2026-05-06 17:30:57 |     Sample 20/100 completed
2026-05-06 17:30:58 |     Sample 30/100 completed
2026-05-06 17:30:58 |     Sample 40/100 completed
2026-05-06 17:30:58 |     Sample 50/100 completed
2026-05-06 17:30:59 |     Sample 60/100 completed
2026-05-06 17:30:59 |     Sample 70/100 completed
2026-05-06 17:30:59 |     Sample 80/100 completed
2026-05-06 17:30:59 |     Sample 90/100 completed
2026-05-06 17:31:00 |     Sample 100/100 completed
2026-05-06 17:31:00 |     Sample 10/100 completed
2026-05-06 17:31:00 |     Sample 20/100 completed
2026-05-06 17:31:00 |     Sample 30/100 completed
2026-05-06 17:31:01 |     Sample 40/100 completed
2026-05-06 17:31:01 |     Sample 50/100 completed
2026-05-06 17:31:01 |     Sample 60/100 completed
2026-05-06 17:31:01 |     Sample 70/100 completed
2026-05-06 17:31:02 |     Sample 80/100 completed
2026-05-06 17:31:02 |     Sample 90/100 completed
2026-05-06 17:31:02 |     Sample 100/100 completed
2026-05-06 17:31:02 |     Sample 10/100 completed
2026-05-06 17:31:03 |     Sample 20/100 completed
2026-05-06 17:31:03 |     Sample 30/100 completed
2026-05-06 17:31:03 |     Sample 40/100 completed
2026-05-06 17:31:03 |     Sample 50/100 completed
2026-05-06 17:31:04 |     Sample 60/100 completed
2026-05-06 17:31:04 |     Sample 70/100 completed
2026-05-06 17:31:04 |     Sample 80/100 completed
2026-05-06 17:31:04 |     Sample 90/100 completed
2026-05-06 17:31:05 |     Sample 100/100 completed
2026-05-06 17:31:05 |     Sample 10/100 completed
2026-05-06 17:31:05 |     Sample 20/100 completed
2026-05-06 17:31:05 |     Sample 30/100 completed
2026-05-06 17:31:06 |     Sample 40/100 completed
2026-05-06 17:31:06 |     Sample 50/100 completed
2026-05-06 17:31:06 |     Sample 60/100 completed
2026-05-06 17:31:06 |     Sample 70/100 completed
2026-05-06 17:31:07 |     Sample 80/100 completed
2026-05-06 17:31:07 |     Sample 90/100 completed
2026-05-06 17:31:07 |     Sample 100/100 completed
2026-05-06 17:31:07 |     Sample 10/100 completed
2026-05-06 17:31:08 |     Sample 20/100 completed
2026-05-06 17:31:08 |     Sample 30/100 completed
2026-05-06 17:31:08 |     Sample 40/100 completed
2026-05-06 17:31:08 |     Sample 50/100 completed
2026-05-06 17:31:09 |     Sample 60/100 completed
2026-05-06 17:31:09 |     Sample 70/100 completed
2026-05-06 17:31:09 |     Sample 80/100 completed
2026-05-06 17:31:09 |     Sample 90/100 completed
2026-05-06 17:31:10 |     Sample 100/100 completed
2026-05-06 17:31:10 |     Sample 10/100 completed
2026-05-06 17:31:10 |     Sample 20/100 completed
2026-05-06 17:31:10 |     Sample 30/100 completed
2026-05-06 17:31:11 |     Sample 40/100 completed
2026-05-06 17:31:11 |     Sample 50/100 completed
2026-05-06 17:31:11 |     Sample 60/100 completed
2026-05-06 17:31:11 |     Sample 70/100 completed
2026-05-06 17:31:12 |     Sample 80/100 completed
2026-05-06 17:31:12 |     Sample 90/100 completed
2026-05-06 17:31:12 |     Sample 100/100 completed
2026-05-06 17:31:12 |     Sample 10/100 completed
2026-05-06 17:31:13 |     Sample 20/100 completed
2026-05-06 17:31:13 |     Sample 30/100 completed
2026-05-06 17:31:13 |     Sample 40/100 completed
2026-05-06 17:31:13 |     Sample 50/100 completed
2026-05-06 17:31:14 |     Sample 60/100 completed
2026-05-06 17:31:14 |     Sample 70/100 completed
2026-05-06 17:31:14 |     Sample 80/100 completed
2026-05-06 17:31:14 |     Sample 90/100 completed
2026-05-06 17:31:15 |     Sample 100/100 completed
2026-05-06 17:31:15 |     Sample 10/100 completed
2026-05-06 17:31:15 |     Sample 20/100 completed
2026-05-06 17:31:15 |     Sample 30/100 completed
2026-05-06 17:31:16 |     Sample 40/100 completed
2026-05-06 17:31:16 |     Sample 50/100 completed
2026-05-06 17:31:16 |     Sample 60/100 completed
2026-05-06 17:31:17 |     Sample 70/100 completed
2026-05-06 17:31:17 |     Sample 80/100 completed
2026-05-06 17:31:17 |     Sample 90/100 completed
2026-05-06 17:31:17 |     Sample 100/100 completed
2026-05-06 17:31:18 |     Sample 10/100 completed
2026-05-06 17:31:18 |     Sample 20/100 completed
2026-05-06 17:31:18 |     Sample 30/100 completed
2026-05-06 17:31:18 |     Sample 40/100 completed
2026-05-06 17:31:19 |     Sample 50/100 completed
2026-05-06 17:31:19 |     Sample 60/100 completed
2026-05-06 17:31:19 |     Sample 70/100 completed
2026-05-06 17:31:19 |     Sample 80/100 completed
2026-05-06 17:31:20 |     Sample 90/100 completed
2026-05-06 17:31:20 |     Sample 100/100 completed
2026-05-06 17:31:20 |     Sample 10/100 completed
2026-05-06 17:31:20 |     Sample 20/100 completed
2026-05-06 17:31:21 |     Sample 30/100 completed
2026-05-06 17:31:21 |     Sample 40/100 completed
2026-05-06 17:31:21 |     Sample 50/100 completed
2026-05-06 17:31:21 |     Sample 60/100 completed
2026-05-06 17:31:22 |     Sample 70/100 completed
2026-05-06 17:31:22 |     Sample 80/100 completed
2026-05-06 17:31:22 |     Sample 90/100 completed
2026-05-06 17:31:22 |     Sample 100/100 completed
2026-05-06 17:31:23 |     Sample 10/100 completed
2026-05-06 17:31:23 |     Sample 20/100 completed
2026-05-06 17:31:23 |     Sample 30/100 completed
2026-05-06 17:31:23 |     Sample 40/100 completed
2026-05-06 17:31:24 |     Sample 50/100 completed
2026-05-06 17:31:24 |     Sample 60/100 completed
2026-05-06 17:31:24 |     Sample 70/100 completed
2026-05-06 17:31:24 |     Sample 80/100 completed
2026-05-06 17:31:25 |     Sample 90/100 completed
2026-05-06 17:31:25 |     Sample 100/100 completed
2026-05-06 17:31:25 |     Sample 10/100 completed
2026-05-06 17:31:25 |     Sample 20/100 completed
2026-05-06 17:31:26 |     Sample 30/100 completed
2026-05-06 17:31:26 |     Sample 40/100 completed
2026-05-06 17:31:26 |     Sample 50/100 completed
2026-05-06 17:31:26 |     Sample 60/100 completed
2026-05-06 17:31:27 |     Sample 70/100 completed
2026-05-06 17:31:27 |     Sample 80/100 completed
2026-05-06 17:31:27 |     Sample 90/100 completed
2026-05-06 17:31:27 |     Sample 100/100 completed
2026-05-06 17:31:28 |     Sample 10/100 completed
2026-05-06 17:31:28 |     Sample 20/100 completed
2026-05-06 17:31:28 |     Sample 30/100 completed
2026-05-06 17:31:28 |     Sample 40/100 completed
2026-05-06 17:31:29 |     Sample 50/100 completed
2026-05-06 17:31:29 |     Sample 60/100 completed
2026-05-06 17:31:29 |     Sample 70/100 completed
2026-05-06 17:31:29 |     Sample 80/100 completed
2026-05-06 17:31:30 |     Sample 90/100 completed
2026-05-06 17:31:30 |     Sample 100/100 completed
2026-05-06 17:31:30 |     Sample 10/100 completed
2026-05-06 17:31:30 |     Sample 20/100 completed
2026-05-06 17:31:31 |     Sample 30/100 completed
2026-05-06 17:31:31 |     Sample 40/100 completed
2026-05-06 17:31:31 |     Sample 50/100 completed
2026-05-06 17:31:31 |     Sample 60/100 completed
2026-05-06 17:31:32 |     Sample 70/100 completed
2026-05-06 17:31:32 |     Sample 80/100 completed
2026-05-06 17:31:32 |     Sample 90/100 completed
2026-05-06 17:31:33 |     Sample 100/100 completed
2026-05-06 17:31:33 |     Sample 10/100 completed
2026-05-06 17:31:33 |     Sample 20/100 completed
2026-05-06 17:31:33 |     Sample 30/100 completed
2026-05-06 17:31:34 |     Sample 40/100 completed
2026-05-06 17:31:34 |     Sample 50/100 completed
2026-05-06 17:31:34 |     Sample 60/100 completed
2026-05-06 17:31:34 |     Sample 70/100 completed
2026-05-06 17:31:35 |     Sample 80/100 completed
2026-05-06 17:31:35 |     Sample 90/100 completed
2026-05-06 17:31:35 |     Sample 100/100 completed
2026-05-06 17:31:35 |     Sample 10/100 completed
2026-05-06 17:31:36 |     Sample 20/100 completed
2026-05-06 17:31:36 |     Sample 30/100 completed
2026-05-06 17:31:36 |     Sample 40/100 completed
2026-05-06 17:31:36 |     Sample 50/100 completed
2026-05-06 17:31:37 |     Sample 60/100 completed
2026-05-06 17:31:37 |     Sample 70/100 completed
2026-05-06 17:31:37 |     Sample 80/100 completed
2026-05-06 17:31:37 |     Sample 90/100 completed
2026-05-06 17:31:38 |     Sample 100/100 completed
2026-05-06 17:31:38 |     Sample 10/100 completed
2026-05-06 17:31:38 |     Sample 20/100 completed
2026-05-06 17:31:38 |     Sample 30/100 completed
2026-05-06 17:31:39 |     Sample 40/100 completed
2026-05-06 17:31:39 |     Sample 50/100 completed
2026-05-06 17:31:39 |     Sample 60/100 completed
2026-05-06 17:31:39 |     Sample 70/100 completed
2026-05-06 17:31:40 |     Sample 80/100 completed
2026-05-06 17:31:40 |     Sample 90/100 completed
2026-05-06 17:31:40 |     Sample 100/100 completed
2026-05-06 17:31:40 |     Sample 10/100 completed
2026-05-06 17:31:41 |     Sample 20/100 completed
2026-05-06 17:31:41 |     Sample 30/100 completed
2026-05-06 17:31:41 |     Sample 40/100 completed
2026-05-06 17:31:41 |     Sample 50/100 completed
2026-05-06 17:31:42 |     Sample 60/100 completed
2026-05-06 17:31:42 |     Sample 70/100 completed
2026-05-06 17:31:42 |     Sample 80/100 completed
2026-05-06 17:31:42 |     Sample 90/100 completed
2026-05-06 17:31:43 |     Sample 100/100 completed
2026-05-06 17:31:43 |     Sample 10/100 completed
2026-05-06 17:31:43 |     Sample 20/100 completed
2026-05-06 17:31:43 |     Sample 30/100 completed
2026-05-06 17:31:44 |     Sample 40/100 completed
2026-05-06 17:31:44 |     Sample 50/100 completed
2026-05-06 17:31:44 |     Sample 60/100 completed
2026-05-06 17:31:44 |     Sample 70/100 completed
2026-05-06 17:31:45 |     Sample 80/100 completed
2026-05-06 17:31:45 |     Sample 90/100 completed
2026-05-06 17:31:45 |     Sample 100/100 completed
2026-05-06 17:31:45 |     Sample 10/100 completed
2026-05-06 17:31:46 |     Sample 20/100 completed
2026-05-06 17:31:46 |     Sample 30/100 completed
2026-05-06 17:31:46 |     Sample 40/100 completed
2026-05-06 17:31:46 |     Sample 50/100 completed
2026-05-06 17:31:47 |     Sample 60/100 completed
2026-05-06 17:31:47 |     Sample 70/100 completed
2026-05-06 17:31:47 |     Sample 80/100 completed
2026-05-06 17:31:47 |     Sample 90/100 completed
2026-05-06 17:31:48 |     Sample 100/100 completed
2026-05-06 17:31:48 |     Sample 10/100 completed
2026-05-06 17:31:48 |     Sample 20/100 completed
2026-05-06 17:31:49 |     Sample 30/100 completed
2026-05-06 17:31:49 |     Sample 40/100 completed
2026-05-06 17:31:49 |     Sample 50/100 completed
2026-05-06 17:31:49 |     Sample 60/100 completed
2026-05-06 17:31:50 |     Sample 70/100 completed
2026-05-06 17:31:50 |     Sample 80/100 completed
2026-05-06 17:31:50 |     Sample 90/100 completed
2026-05-06 17:31:50 |     Sample 100/100 completed
2026-05-06 17:31:51 |     Sample 10/100 completed
2026-05-06 17:31:51 |     Sample 20/100 completed
2026-05-06 17:31:51 |     Sample 30/100 completed
2026-05-06 17:31:51 |     Sample 40/100 completed
2026-05-06 17:31:52 |     Sample 50/100 completed
2026-05-06 17:31:52 |     Sample 60/100 completed
2026-05-06 17:31:52 |     Sample 70/100 completed
2026-05-06 17:31:52 |     Sample 80/100 completed
2026-05-06 17:31:53 |     Sample 90/100 completed
2026-05-06 17:31:53 |     Sample 100/100 completed
2026-05-06 17:31:53 |     Sample 10/100 completed
2026-05-06 17:31:53 |     Sample 20/100 completed
2026-05-06 17:31:54 |     Sample 30/100 completed
2026-05-06 17:31:54 |     Sample 40/100 completed
2026-05-06 17:31:54 |     Sample 50/100 completed
2026-05-06 17:31:54 |     Sample 60/100 completed
2026-05-06 17:31:55 |     Sample 70/100 completed
2026-05-06 17:31:55 |     Sample 80/100 completed
2026-05-06 17:31:55 |     Sample 90/100 completed
2026-05-06 17:31:55 |     Sample 100/100 completed
2026-05-06 17:31:56 |     Sample 10/100 completed
2026-05-06 17:31:56 |     Sample 20/100 completed
2026-05-06 17:31:56 |     Sample 30/100 completed
2026-05-06 17:31:56 |     Sample 40/100 completed
2026-05-06 17:31:57 |     Sample 50/100 completed
2026-05-06 17:31:57 |     Sample 60/100 completed
2026-05-06 17:31:57 |     Sample 70/100 completed
2026-05-06 17:31:57 |     Sample 80/100 completed
2026-05-06 17:31:58 |     Sample 90/100 completed
2026-05-06 17:31:58 |     Sample 100/100 completed
2026-05-06 17:31:58 |     Sample 10/100 completed
2026-05-06 17:31:58 |     Sample 20/100 completed
2026-05-06 17:31:59 |     Sample 30/100 completed
2026-05-06 17:31:59 |     Sample 40/100 completed
2026-05-06 17:31:59 |     Sample 50/100 completed
2026-05-06 17:31:59 |     Sample 60/100 completed
2026-05-06 17:32:00 |     Sample 70/100 completed
2026-05-06 17:32:00 |     Sample 80/100 completed
2026-05-06 17:32:00 |     Sample 90/100 completed
2026-05-06 17:32:00 |     Sample 100/100 completed
2026-05-06 17:32:01 |     Sample 10/100 completed
2026-05-06 17:32:01 |     Sample 20/100 completed
2026-05-06 17:32:01 |     Sample 30/100 completed
2026-05-06 17:32:01 |     Sample 40/100 completed
2026-05-06 17:32:02 |     Sample 50/100 completed
2026-05-06 17:32:02 |     Sample 60/100 completed
2026-05-06 17:32:02 |     Sample 70/100 completed
2026-05-06 17:32:02 |     Sample 80/100 completed
2026-05-06 17:32:03 |     Sample 90/100 completed
2026-05-06 17:32:03 |     Sample 100/100 completed
2026-05-06 17:32:03 |     Sample 10/100 completed
2026-05-06 17:32:03 |     Sample 20/100 completed
2026-05-06 17:32:04 |     Sample 30/100 completed
2026-05-06 17:32:04 |     Sample 40/100 completed
2026-05-06 17:32:04 |     Sample 50/100 completed
2026-05-06 17:32:05 |     Sample 60/100 completed
2026-05-06 17:32:05 |     Sample 70/100 completed
2026-05-06 17:32:05 |     Sample 80/100 completed
2026-05-06 17:32:05 |     Sample 90/100 completed
2026-05-06 17:32:06 |     Sample 100/100 completed
2026-05-06 17:32:06 |     Sample 10/100 completed
2026-05-06 17:32:06 |     Sample 20/100 completed
2026-05-06 17:32:06 |     Sample 30/100 completed
2026-05-06 17:32:07 |     Sample 40/100 completed
2026-05-06 17:32:07 |     Sample 50/100 completed
2026-05-06 17:32:07 |     Sample 60/100 completed
2026-05-06 17:32:07 |     Sample 70/100 completed
2026-05-06 17:32:08 |     Sample 80/100 completed
2026-05-06 17:32:08 |     Sample 90/100 completed
2026-05-06 17:32:08 |     Sample 100/100 completed
2026-05-06 17:32:08 |     Sample 10/100 completed
2026-05-06 17:32:09 |     Sample 20/100 completed
2026-05-06 17:32:09 |     Sample 30/100 completed
2026-05-06 17:32:09 |     Sample 40/100 completed
2026-05-06 17:32:09 |     Sample 50/100 completed
2026-05-06 17:32:10 |     Sample 60/100 completed
2026-05-06 17:32:10 |     Sample 70/100 completed
2026-05-06 17:32:10 |     Sample 80/100 completed
2026-05-06 17:32:10 |     Sample 90/100 completed
2026-05-06 17:32:11 |     Sample 100/100 completed
2026-05-06 17:32:11 |     Sample 10/100 completed
2026-05-06 17:32:11 |     Sample 20/100 completed
2026-05-06 17:32:11 |     Sample 30/100 completed
2026-05-06 17:32:12 |     Sample 40/100 completed
2026-05-06 17:32:12 |     Sample 50/100 completed
2026-05-06 17:32:12 |     Sample 60/100 completed
2026-05-06 17:32:12 |     Sample 70/100 completed
2026-05-06 17:32:13 |     Sample 80/100 completed
2026-05-06 17:32:13 |     Sample 90/100 completed
2026-05-06 17:32:13 |     Sample 100/100 completed
2026-05-06 17:32:13 |     Sample 10/100 completed
2026-05-06 17:32:14 |     Sample 20/100 completed
2026-05-06 17:32:14 |     Sample 30/100 completed
2026-05-06 17:32:14 |     Sample 40/100 completed
2026-05-06 17:32:14 |     Sample 50/100 completed
2026-05-06 17:32:15 |     Sample 60/100 completed
2026-05-06 17:32:15 |     Sample 70/100 completed
2026-05-06 17:32:15 |     Sample 80/100 completed
2026-05-06 17:32:15 |     Sample 90/100 completed
2026-05-06 17:32:16 |     Sample 100/100 completed
2026-05-06 17:32:16 |     Sample 10/100 completed
2026-05-06 17:32:16 |     Sample 20/100 completed
2026-05-06 17:32:16 |     Sample 30/100 completed
2026-05-06 17:32:17 |     Sample 40/100 completed
2026-05-06 17:32:17 |     Sample 50/100 completed
2026-05-06 17:32:17 |     Sample 60/100 completed
2026-05-06 17:32:17 |     Sample 70/100 completed
2026-05-06 17:32:18 |     Sample 80/100 completed
2026-05-06 17:32:18 |     Sample 90/100 completed
2026-05-06 17:32:18 |     Sample 100/100 completed
2026-05-06 17:32:18 |     Sample 10/100 completed
2026-05-06 17:32:19 |     Sample 20/100 completed
2026-05-06 17:32:19 |     Sample 30/100 completed
2026-05-06 17:32:19 |     Sample 40/100 completed
2026-05-06 17:32:20 |     Sample 50/100 completed
2026-05-06 17:32:20 |     Sample 60/100 completed
2026-05-06 17:32:20 |     Sample 70/100 completed
2026-05-06 17:32:20 |     Sample 80/100 completed
2026-05-06 17:32:21 |     Sample 90/100 completed
2026-05-06 17:32:21 |     Sample 100/100 completed
2026-05-06 17:32:21 |     Sample 10/100 completed
2026-05-06 17:32:21 |     Sample 20/100 completed
2026-05-06 17:32:22 |     Sample 30/100 completed
2026-05-06 17:32:22 |     Sample 40/100 completed
2026-05-06 17:32:22 |     Sample 50/100 completed
2026-05-06 17:32:22 |     Sample 60/100 completed
2026-05-06 17:32:23 |     Sample 70/100 completed
2026-05-06 17:32:23 |     Sample 80/100 completed
2026-05-06 17:32:23 |     Sample 90/100 completed
2026-05-06 17:32:23 |     Sample 100/100 completed
2026-05-06 17:32:24 |     Sample 10/100 completed
2026-05-06 17:32:24 |     Sample 20/100 completed
2026-05-06 17:32:24 |     Sample 30/100 completed
2026-05-06 17:32:24 |     Sample 40/100 completed
2026-05-06 17:32:25 |     Sample 50/100 completed
2026-05-06 17:32:25 |     Sample 60/100 completed
2026-05-06 17:32:25 |     Sample 70/100 completed
2026-05-06 17:32:25 |     Sample 80/100 completed
2026-05-06 17:32:26 |     Sample 90/100 completed
2026-05-06 17:32:26 |     Sample 100/100 completed
2026-05-06 17:32:26 |     Sample 10/100 completed
2026-05-06 17:32:26 |     Sample 20/100 completed
2026-05-06 17:32:27 |     Sample 30/100 completed
2026-05-06 17:32:27 |     Sample 40/100 completed
2026-05-06 17:32:27 |     Sample 50/100 completed
2026-05-06 17:32:27 |     Sample 60/100 completed
2026-05-06 17:32:28 |     Sample 70/100 completed
2026-05-06 17:32:28 |     Sample 80/100 completed
2026-05-06 17:32:28 |     Sample 90/100 completed
2026-05-06 17:32:28 |     Sample 100/100 completed
2026-05-06 17:32:29 |     Sample 10/100 completed
2026-05-06 17:32:29 |     Sample 20/100 completed
2026-05-06 17:32:29 |     Sample 30/100 completed
2026-05-06 17:32:29 |     Sample 40/100 completed
2026-05-06 17:32:30 |     Sample 50/100 completed
2026-05-06 17:32:30 |     Sample 60/100 completed
2026-05-06 17:32:30 |     Sample 70/100 completed
2026-05-06 17:32:31 |     Sample 80/100 completed
2026-05-06 17:32:31 |     Sample 90/100 completed
2026-05-06 17:32:31 |     Sample 100/100 completed
2026-05-06 17:32:31 |     Sample 10/100 completed
2026-05-06 17:32:32 |     Sample 20/100 completed
2026-05-06 17:32:32 |     Sample 30/100 completed
2026-05-06 17:32:32 |     Sample 40/100 completed
2026-05-06 17:32:32 |     Sample 50/100 completed
2026-05-06 17:32:33 |     Sample 60/100 completed
2026-05-06 17:32:33 |     Sample 70/100 completed
2026-05-06 17:32:33 |     Sample 80/100 completed
2026-05-06 17:32:33 |     Sample 90/100 completed
2026-05-06 17:32:34 |     Sample 100/100 completed
2026-05-06 17:32:34 |     Sample 10/100 completed
2026-05-06 17:32:34 |     Sample 20/100 completed
2026-05-06 17:32:34 |     Sample 30/100 completed
2026-05-06 17:32:35 |     Sample 40/100 completed
2026-05-06 17:32:35 |     Sample 50/100 completed
2026-05-06 17:32:35 |     Sample 60/100 completed
2026-05-06 17:32:35 |     Sample 70/100 completed
2026-05-06 17:32:36 |     Sample 80/100 completed
2026-05-06 17:32:36 |     Sample 90/100 completed
2026-05-06 17:32:36 |     Sample 100/100 completed
2026-05-06 17:32:36 |     Sample 10/100 completed
2026-05-06 17:32:37 |     Sample 20/100 completed
2026-05-06 17:32:37 |     Sample 30/100 completed
2026-05-06 17:32:37 |     Sample 40/100 completed
2026-05-06 17:32:37 |     Sample 50/100 completed
2026-05-06 17:32:38 |     Sample 60/100 completed
2026-05-06 17:32:38 |     Sample 70/100 completed
2026-05-06 17:32:38 |     Sample 80/100 completed
2026-05-06 17:32:38 |     Sample 90/100 completed
2026-05-06 17:32:39 |     Sample 100/100 completed
2026-05-06 17:32:39 |     Sample 10/100 completed
2026-05-06 17:32:39 |     Sample 20/100 completed
2026-05-06 17:32:39 |     Sample 30/100 completed
2026-05-06 17:32:40 |     Sample 40/100 completed
2026-05-06 17:32:40 |     Sample 50/100 completed
2026-05-06 17:32:40 |     Sample 60/100 completed
2026-05-06 17:32:40 |     Sample 70/100 completed
2026-05-06 17:32:41 |     Sample 80/100 completed
2026-05-06 17:32:41 |     Sample 90/100 completed
2026-05-06 17:32:41 |     Sample 100/100 completed
2026-05-06 17:32:41 |     Sample 10/100 completed
2026-05-06 17:32:42 |     Sample 20/100 completed
2026-05-06 17:32:42 |     Sample 30/100 completed
2026-05-06 17:32:42 |     Sample 40/100 completed
2026-05-06 17:32:42 |     Sample 50/100 completed
2026-05-06 17:32:43 |     Sample 60/100 completed
2026-05-06 17:32:43 |     Sample 70/100 completed
2026-05-06 17:32:43 |     Sample 80/100 completed
2026-05-06 17:32:43 |     Sample 90/100 completed
2026-05-06 17:32:44 |     Sample 100/100 completed
2026-05-06 17:32:44 |     Sample 10/100 completed
2026-05-06 17:32:44 |     Sample 20/100 completed
2026-05-06 17:32:44 |     Sample 30/100 completed
2026-05-06 17:32:45 |     Sample 40/100 completed
2026-05-06 17:32:45 |     Sample 50/100 completed
2026-05-06 17:32:45 |     Sample 60/100 completed
2026-05-06 17:32:45 |     Sample 70/100 completed
2026-05-06 17:32:46 |     Sample 80/100 completed
2026-05-06 17:32:46 |     Sample 90/100 completed
2026-05-06 17:32:46 |     Sample 100/100 completed
2026-05-06 17:32:47 |     Sample 10/100 completed
2026-05-06 17:32:47 |     Sample 20/100 completed
2026-05-06 17:32:47 |     Sample 30/100 completed
2026-05-06 17:32:47 |     Sample 40/100 completed
2026-05-06 17:32:48 |     Sample 50/100 completed
2026-05-06 17:32:48 |     Sample 60/100 completed
2026-05-06 17:32:48 |     Sample 70/100 completed
2026-05-06 17:32:48 |     Sample 80/100 completed
2026-05-06 17:32:49 |     Sample 90/100 completed
2026-05-06 17:32:49 |     Sample 100/100 completed
2026-05-06 17:32:49 |     Sample 10/100 completed
2026-05-06 17:32:49 |     Sample 20/100 completed
2026-05-06 17:32:50 |     Sample 30/100 completed
2026-05-06 17:32:50 |     Sample 40/100 completed
2026-05-06 17:32:50 |     Sample 50/100 completed
2026-05-06 17:32:50 |     Sample 60/100 completed
2026-05-06 17:32:51 |     Sample 70/100 completed
2026-05-06 17:32:51 |     Sample 80/100 completed
2026-05-06 17:32:51 |     Sample 90/100 completed
2026-05-06 17:32:51 |     Sample 100/100 completed
2026-05-06 17:32:52 |     Sample 10/100 completed
2026-05-06 17:32:52 |     Sample 20/100 completed
2026-05-06 17:32:52 |     Sample 30/100 completed
2026-05-06 17:32:52 |     Sample 40/100 completed
2026-05-06 17:32:53 |     Sample 50/100 completed
2026-05-06 17:32:53 |     Sample 60/100 completed
2026-05-06 17:32:53 |     Sample 70/100 completed
2026-05-06 17:32:53 |     Sample 80/100 completed
2026-05-06 17:32:54 |     Sample 90/100 completed
2026-05-06 17:32:54 |     Sample 100/100 completed
2026-05-06 17:32:54 |     Sample 10/100 completed
2026-05-06 17:32:54 |     Sample 20/100 completed
2026-05-06 17:32:55 |     Sample 30/100 completed
2026-05-06 17:32:55 |     Sample 40/100 completed
2026-05-06 17:32:55 |     Sample 50/100 completed
2026-05-06 17:32:55 |     Sample 60/100 completed
2026-05-06 17:32:56 |     Sample 70/100 completed
2026-05-06 17:32:56 |     Sample 80/100 completed
2026-05-06 17:32:56 |     Sample 90/100 completed
2026-05-06 17:32:56 |     Sample 100/100 completed
2026-05-06 17:32:57 |     Sample 10/100 completed
2026-05-06 17:32:57 |     Sample 20/100 completed
2026-05-06 17:32:57 |     Sample 30/100 completed
2026-05-06 17:32:57 |     Sample 40/100 completed
2026-05-06 17:32:58 |     Sample 50/100 completed
2026-05-06 17:32:58 |     Sample 60/100 completed
2026-05-06 17:32:58 |     Sample 70/100 completed
2026-05-06 17:32:58 |     Sample 80/100 completed
2026-05-06 17:32:59 |     Sample 90/100 completed
2026-05-06 17:32:59 |     Sample 100/100 completed
2026-05-06 17:32:59 |     Sample 10/100 completed
2026-05-06 17:32:59 |     Sample 20/100 completed
2026-05-06 17:33:00 |     Sample 30/100 completed
2026-05-06 17:33:00 |     Sample 40/100 completed
2026-05-06 17:33:00 |     Sample 50/100 completed
2026-05-06 17:33:01 |     Sample 60/100 completed
2026-05-06 17:33:01 |     Sample 70/100 completed
2026-05-06 17:33:01 |     Sample 80/100 completed
2026-05-06 17:33:01 |     Sample 90/100 completed
2026-05-06 17:33:02 |     Sample 100/100 completed
2026-05-06 17:33:02 |     Sample 10/100 completed
2026-05-06 17:33:02 |     Sample 20/100 completed
2026-05-06 17:33:02 |     Sample 30/100 completed
2026-05-06 17:33:03 |     Sample 40/100 completed
2026-05-06 17:33:03 |     Sample 50/100 completed
2026-05-06 17:33:03 |     Sample 60/100 completed
2026-05-06 17:33:03 |     Sample 70/100 completed
2026-05-06 17:33:04 |     Sample 80/100 completed
2026-05-06 17:33:04 |     Sample 90/100 completed
2026-05-06 17:33:04 |     Sample 100/100 completed
2026-05-06 17:33:04 |     Sample 10/100 completed
2026-05-06 17:33:05 |     Sample 20/100 completed
2026-05-06 17:33:05 |     Sample 30/100 completed
2026-05-06 17:33:05 |     Sample 40/100 completed
2026-05-06 17:33:05 |     Sample 50/100 completed
2026-05-06 17:33:06 |     Sample 60/100 completed
2026-05-06 17:33:06 |     Sample 70/100 completed
2026-05-06 17:33:06 |     Sample 80/100 completed
2026-05-06 17:33:06 |     Sample 90/100 completed
2026-05-06 17:33:07 |     Sample 100/100 completed
2026-05-06 17:33:07 |     Sample 10/100 completed
2026-05-06 17:33:07 |     Sample 20/100 completed
2026-05-06 17:33:07 |     Sample 30/100 completed
2026-05-06 17:33:08 |     Sample 40/100 completed
2026-05-06 17:33:08 |     Sample 50/100 completed
2026-05-06 17:33:08 |     Sample 60/100 completed
2026-05-06 17:33:08 |     Sample 70/100 completed
2026-05-06 17:33:09 |     Sample 80/100 completed
2026-05-06 17:33:09 |     Sample 90/100 completed
2026-05-06 17:33:09 |     Sample 100/100 completed
2026-05-06 17:33:09 |     Sample 10/100 completed
2026-05-06 17:33:10 |     Sample 20/100 completed
2026-05-06 17:33:10 |     Sample 30/100 completed
2026-05-06 17:33:10 |     Sample 40/100 completed
2026-05-06 17:33:10 |     Sample 50/100 completed
2026-05-06 17:33:11 |     Sample 60/100 completed
2026-05-06 17:33:11 |     Sample 70/100 completed
2026-05-06 17:33:11 |     Sample 80/100 completed
2026-05-06 17:33:11 |     Sample 90/100 completed
2026-05-06 17:33:12 |     Sample 100/100 completed
2026-05-06 17:33:12 |     Sample 10/100 completed
2026-05-06 17:33:12 |     Sample 20/100 completed
2026-05-06 17:33:12 |     Sample 30/100 completed
2026-05-06 17:33:13 |     Sample 40/100 completed
2026-05-06 17:33:13 |     Sample 50/100 completed
2026-05-06 17:33:13 |     Sample 60/100 completed
2026-05-06 17:33:13 |     Sample 70/100 completed
2026-05-06 17:33:14 |     Sample 80/100 completed
2026-05-06 17:33:14 |     Sample 90/100 completed
2026-05-06 17:33:14 |     Sample 100/100 completed
2026-05-06 17:33:14 |     Sample 10/100 completed
2026-05-06 17:33:15 |     Sample 20/100 completed
2026-05-06 17:33:15 |     Sample 30/100 completed
2026-05-06 17:33:15 |     Sample 40/100 completed
2026-05-06 17:33:16 |     Sample 50/100 completed
2026-05-06 17:33:16 |     Sample 60/100 completed
2026-05-06 17:33:16 |     Sample 70/100 completed
2026-05-06 17:33:16 |     Sample 80/100 completed
2026-05-06 17:33:17 |     Sample 90/100 completed
2026-05-06 17:33:17 |     Sample 100/100 completed
2026-05-06 17:33:17 |     Sample 10/100 completed
2026-05-06 17:33:17 |     Sample 20/100 completed
2026-05-06 17:33:18 |     Sample 30/100 completed
2026-05-06 17:33:18 |     Sample 40/100 completed
2026-05-06 17:33:18 |     Sample 50/100 completed
2026-05-06 17:33:18 |     Sample 60/100 completed
2026-05-06 17:33:19 |     Sample 70/100 completed
2026-05-06 17:33:19 |     Sample 80/100 completed
2026-05-06 17:33:19 |     Sample 90/100 completed
2026-05-06 17:33:19 |     Sample 100/100 completed
2026-05-06 17:33:20 |     Sample 10/100 completed
2026-05-06 17:33:20 |     Sample 20/100 completed
2026-05-06 17:33:20 |     Sample 30/100 completed
2026-05-06 17:33:20 |     Sample 40/100 completed
2026-05-06 17:33:21 |     Sample 50/100 completed
2026-05-06 17:33:21 |     Sample 60/100 completed
2026-05-06 17:33:21 |     Sample 70/100 completed
2026-05-06 17:33:21 |     Sample 80/100 completed
2026-05-06 17:33:22 |     Sample 90/100 completed
2026-05-06 17:33:22 |     Sample 100/100 completed
2026-05-06 17:33:22 |     Sample 10/100 completed
2026-05-06 17:33:22 |     Sample 20/100 completed
2026-05-06 17:33:23 |     Sample 30/100 completed
2026-05-06 17:33:23 |     Sample 40/100 completed
2026-05-06 17:33:23 |     Sample 50/100 completed
2026-05-06 17:33:23 |     Sample 60/100 completed
2026-05-06 17:33:24 |     Sample 70/100 completed
2026-05-06 17:33:24 |     Sample 80/100 completed
2026-05-06 17:33:24 |     Sample 90/100 completed
2026-05-06 17:33:24 |     Sample 100/100 completed
2026-05-06 17:33:25 |     Sample 10/100 completed
2026-05-06 17:33:25 |     Sample 20/100 completed
2026-05-06 17:33:25 |     Sample 30/100 completed
2026-05-06 17:33:25 |     Sample 40/100 completed
2026-05-06 17:33:26 |     Sample 50/100 completed
2026-05-06 17:33:26 |     Sample 60/100 completed
2026-05-06 17:33:26 |     Sample 70/100 completed
2026-05-06 17:33:26 |     Sample 80/100 completed
2026-05-06 17:33:27 |     Sample 90/100 completed
2026-05-06 17:33:27 |     Sample 100/100 completed
2026-05-06 17:33:27 |     Sample 10/100 completed
2026-05-06 17:33:27 |     Sample 20/100 completed
2026-05-06 17:33:28 |     Sample 30/100 completed
2026-05-06 17:33:28 |     Sample 40/100 completed
2026-05-06 17:33:28 |     Sample 50/100 completed
2026-05-06 17:33:29 |     Sample 60/100 completed
2026-05-06 17:33:29 |     Sample 70/100 completed
2026-05-06 17:33:29 |     Sample 80/100 completed
2026-05-06 17:33:29 |     Sample 90/100 completed
2026-05-06 17:33:30 |     Sample 100/100 completed
2026-05-06 17:33:30 |     Sample 10/100 completed
2026-05-06 17:33:30 |     Sample 20/100 completed
2026-05-06 17:33:30 |     Sample 30/100 completed
2026-05-06 17:33:31 |     Sample 40/100 completed
2026-05-06 17:33:31 |     Sample 50/100 completed
2026-05-06 17:33:31 |     Sample 60/100 completed
2026-05-06 17:33:31 |     Sample 70/100 completed
2026-05-06 17:33:32 |     Sample 80/100 completed
2026-05-06 17:33:32 |     Sample 90/100 completed
2026-05-06 17:33:32 |     Sample 100/100 completed
2026-05-06 17:33:32 |     Sample 10/100 completed
2026-05-06 17:33:33 |     Sample 20/100 completed
2026-05-06 17:33:33 |     Sample 30/100 completed
2026-05-06 17:33:33 |     Sample 40/100 completed
2026-05-06 17:33:33 |     Sample 50/100 completed
2026-05-06 17:33:34 |     Sample 60/100 completed
2026-05-06 17:33:34 |     Sample 70/100 completed
2026-05-06 17:33:34 |     Sample 80/100 completed
2026-05-06 17:33:34 |     Sample 90/100 completed
2026-05-06 17:33:35 |     Sample 100/100 completed
2026-05-06 17:33:35 |     Sample 10/100 completed
2026-05-06 17:33:35 |     Sample 20/100 completed
2026-05-06 17:33:35 |     Sample 30/100 completed
2026-05-06 17:33:36 |     Sample 40/100 completed
2026-05-06 17:33:36 |     Sample 50/100 completed
2026-05-06 17:33:36 |     Sample 60/100 completed
2026-05-06 17:33:36 |     Sample 70/100 completed
2026-05-06 17:33:37 |     Sample 80/100 completed
2026-05-06 17:33:37 |     Sample 90/100 completed
2026-05-06 17:33:37 |     Sample 100/100 completed
2026-05-06 17:33:37 |     Sample 10/100 completed
2026-05-06 17:33:38 |     Sample 20/100 completed
2026-05-06 17:33:38 |     Sample 30/100 completed
2026-05-06 17:33:38 |     Sample 40/100 completed
2026-05-06 17:33:38 |     Sample 50/100 completed
2026-05-06 17:33:39 |     Sample 60/100 completed
2026-05-06 17:33:39 |     Sample 70/100 completed
2026-05-06 17:33:39 |     Sample 80/100 completed
2026-05-06 17:33:39 |     Sample 90/100 completed
2026-05-06 17:33:40 |     Sample 100/100 completed
2026-05-06 17:33:40 |     Sample 10/100 completed
2026-05-06 17:33:40 |     Sample 20/100 completed
2026-05-06 17:33:40 |     Sample 30/100 completed
2026-05-06 17:33:41 |     Sample 40/100 completed
2026-05-06 17:33:41 |     Sample 50/100 completed
2026-05-06 17:33:41 |     Sample 60/100 completed
2026-05-06 17:33:41 |     Sample 70/100 completed
2026-05-06 17:33:42 |     Sample 80/100 completed
2026-05-06 17:33:42 |     Sample 90/100 completed
2026-05-06 17:33:42 |     Sample 100/100 completed
2026-05-06 17:33:42 |     Sample 10/100 completed
2026-05-06 17:33:43 |     Sample 20/100 completed
2026-05-06 17:33:43 |     Sample 30/100 completed
2026-05-06 17:33:43 |     Sample 40/100 completed
2026-05-06 17:33:43 |     Sample 50/100 completed
2026-05-06 17:33:44 |     Sample 60/100 completed
2026-05-06 17:33:44 |     Sample 70/100 completed
2026-05-06 17:33:44 |     Sample 80/100 completed
2026-05-06 17:33:44 |     Sample 90/100 completed
2026-05-06 17:33:45 |     Sample 100/100 completed
2026-05-06 17:33:45 | Completed all 100 instances
2026-05-06 17:33:45 |   [Progress: 3/9] LGBM + PC - CausalShapley (SLOW - uses 10 inner samples)
2026-05-06 18:23:42 |   [Progress: 4/9] LGBM + PC - ShapleyFlow
2026-05-06 18:23:42 |     → ShapleyFlowWrapper: 51 features, 138 edges, 9 sources
2026-05-06 18:23:42 |     → Computing Shapley Flow for 100 instances...
2026-05-06 18:23:42 |     → Instance 1/100
2026-05-06 18:23:42 |     → ShapleyFlow (Backward Path Sampling): 138 edges, 9 sources
2026-05-06 18:23:42 |     → ShapleyFlow (MC Permutation): 138 edges, 100 trials = 13,900 model calls
2026-05-06 18:23:42 |     → Trial 1/100 completed (139 evaluations)
2026-05-06 18:23:43 |     → Trial 10/100 completed (139 evaluations)
2026-05-06 18:23:44 |     → Trial 20/100 completed (139 evaluations)
2026-05-06 18:23:44 |     → Trial 30/100 completed (139 evaluations)
2026-05-06 18:23:45 |     → Trial 40/100 completed (139 evaluations)
2026-05-06 18:23:46 |     → Trial 50/100 completed (139 evaluations)
2026-05-06 18:23:46 |     → Trial 60/100 completed (139 evaluations)
2026-05-06 18:23:47 |     → Trial 70/100 completed (139 evaluations)
2026-05-06 18:23:48 |     → Trial 80/100 completed (139 evaluations)
2026-05-06 18:23:48 |     → Trial 90/100 completed (139 evaluations)
2026-05-06 18:23:49 |     → Trial 100/100 completed (139 evaluations)
2026-05-06 18:23:49 |  Total edge attributions: -0.484435
2026-05-06 18:23:49 |  Expected (f(x) - f(x')) : -0.484435
2026-05-06 18:23:49 |  Difference: 0.0 using 100 samples to calculate f(x) and f(x')
2026-05-06 18:23:49 |  Relative error: 0.0000
2026-05-06 18:23:49 |     → Instance 2/100
2026-05-06 18:23:49 |     → ShapleyFlow (Backward Path Sampling): 138 edges, 9 sources
2026-05-06 18:23:49 |     → ShapleyFlow (MC Permutation): 138 edges, 100 trials = 13,900 model calls
2026-05-06 18:23:49 |     → Trial 1/100 completed (139 evaluations)
2026-05-06 18:23:50 |     → Trial 10/100 completed (139 evaluations)
2026-05-06 18:23:51 |     → Trial 20/100 completed (139 evaluations)
2026-05-06 18:23:51 |     → Trial 30/100 completed (139 evaluations)
2026-05-06 18:23:52 |     → Trial 40/100 completed (139 evaluations)
2026-05-06 18:23:53 |     → Trial 50/100 completed (139 evaluations)
2026-05-06 18:23:54 |     → Trial 60/100 completed (139 evaluations)
2026-05-06 18:23:54 |     → Trial 70/100 completed (139 evaluations)
2026-05-06 18:23:55 |     → Trial 80/100 completed (139 evaluations)
2026-05-06 18:23:56 |     → Trial 90/100 completed (139 evaluations)
2026-05-06 18:23:56 |     → Trial 100/100 completed (139 evaluations)
2026-05-06 18:23:56 |  Total edge attributions: 0.187756
2026-05-06 18:23:56 |  Expected (f(x) - f(x')) : 0.187756
2026-05-06 18:23:56 |  Difference: 8.326672684688674e-17 using 100 samples to calculate f(x) and f(x')
2026-05-06 18:23:56 |  Relative error: 0.0000
2026-05-06 18:23:56 |     → Instance 3/100
2026-05-06 18:23:56 |     → ShapleyFlow (Backward Path Sampling): 138 edges, 9 sources
2026-05-06 18:23:56 |     → ShapleyFlow (MC Permutation): 138 edges, 100 trials = 13,900 model calls
2026-05-06 18:23:57 |     → Trial 1/100 completed (139 evaluations)
2026-05-06 18:23:57 |     → Trial 10/100 completed (139 evaluations)
2026-05-06 18:23:58 |     → Trial 20/100 completed (139 evaluations)
2026-05-06 18:23:59 |     → Trial 30/100 completed (139 evaluations)
2026-05-06 18:23:59 |     → Trial 40/100 completed (139 evaluations)
2026-05-06 18:24:00 |     → Trial 50/100 completed (139 evaluations)
2026-05-06 18:24:01 |     → Trial 60/100 completed (139 evaluations)
2026-05-06 18:24:01 |     → Trial 70/100 completed (139 evaluations)
2026-05-06 18:24:02 |     → Trial 80/100 completed (139 evaluations)
2026-05-06 18:24:03 |     → Trial 90/100 completed (139 evaluations)
2026-05-06 18:24:03 |     → Trial 100/100 completed (139 evaluations)
2026-05-06 18:24:04 |  Total edge attributions: 0.500615
2026-05-06 18:24:04 |  Expected (f(x) - f(x')) : 0.500615
2026-05-06 18:24:04 |  Difference: 3.3306690738754696e-16 using 100 samples to calculate f(x) and f(x')
2026-05-06 18:24:04 |  Relative error: 0.0000
2026-05-06 18:24:04 |     → Instance 4/100
2026-05-06 18:24:04 |     → ShapleyFlow (Backward Path Sampling): 138 edges, 9 sources
2026-05-06 18:24:04 |     → ShapleyFlow (MC Permutation): 138 edges, 100 trials = 13,900 model calls
2026-05-06 18:24:04 |     → Trial 1/100 completed (139 evaluations)
2026-05-06 18:24:04 |     → Trial 10/100 completed (139 evaluations)
2026-05-06 18:24:05 |     → Trial 20/100 completed (139 evaluations)
2026-05-06 18:24:06 |     → Trial 30/100 completed (139 evaluations)
2026-05-06 18:24:06 |     → Trial 40/100 completed (139 evaluations)
2026-05-06 18:24:07 |     → Trial 50/100 completed (139 evaluations)
2026-05-06 18:24:08 |     → Trial 60/100 completed (139 evaluations)
2026-05-06 18:24:09 |     → Trial 70/100 completed (139 evaluations)
2026-05-06 18:24:09 |     → Trial 80/100 completed (139 evaluations)
2026-05-06 18:24:10 |     → Trial 90/100 completed (139 evaluations)
2026-05-06 18:24:11 |     → Trial 100/100 completed (139 evaluations)
2026-05-06 18:24:11 |  Total edge attributions: 0.422586
2026-05-06 18:24:11 |  Expected (f(x) - f(x')) : 0.422586
2026-05-06 18:24:11 |  Difference: 0.0 using 100 samples to calculate f(x) and f(x')
2026-05-06 18:24:11 |  Relative error: 0.0000
2026-05-06 18:24:11 |     → Instance 5/100
2026-05-06 18:24:11 |     → ShapleyFlow (Backward Path Sampling): 138 edges, 9 sources
2026-05-06 18:24:11 |     → ShapleyFlow (MC Permutation): 138 edges, 100 trials = 13,900 model calls
2026-05-06 18:24:11 |     → Trial 1/100 completed (139 evaluations)
2026-05-06 18:24:11 |     → Trial 10/100 completed (139 evaluations)
2026-05-06 18:24:12 |     → Trial 20/100 completed (139 evaluations)
2026-05-06 18:24:13 |     → Trial 30/100 completed (139 evaluations)
2026-05-06 18:24:14 |     → Trial 40/100 completed (139 evaluations)
2026-05-06 18:24:14 |     → Trial 50/100 completed (139 evaluations)
2026-05-06 18:24:15 |     → Trial 60/100 completed (139 evaluations)
2026-05-06 18:24:16 |     → Trial 70/100 completed (139 evaluations)
2026-05-06 18:24:17 |     → Trial 80/100 completed (139 evaluations)
2026-05-06 18:24:17 |     → Trial 90/100 completed (139 evaluations)
2026-05-06 18:24:18 |     → Trial 100/100 completed (139 evaluations)
2026-05-06 18:24:18 |  Total edge attributions: -0.099537
2026-05-06 18:24:18 |  Expected (f(x) - f(x')) : -0.099537
2026-05-06 18:24:18 |  Difference: 1.249000902703301e-16 using 100 samples to calculate f(x) and f(x')
2026-05-06 18:24:18 |  Relative error: 0.0000
2026-05-06 18:24:18 |     → Instance 6/100
2026-05-06 18:24:18 |     → ShapleyFlow (Backward Path Sampling): 138 edges, 9 sources
2026-05-06 18:24:18 |     → ShapleyFlow (MC Permutation): 138 edges, 100 trials = 13,900 model calls
2026-05-06 18:24:18 |     → Trial 1/100 completed (139 evaluations)
2026-05-06 18:24:19 |     → Trial 10/100 completed (139 evaluations)
2026-05-06 18:24:19 |     → Trial 20/100 completed (139 evaluations)
2026-05-06 18:24:20 |     → Trial 30/100 completed (139 evaluations)
2026-05-06 18:24:21 |     → Trial 40/100 completed (139 evaluations)
2026-05-06 18:24:22 |     → Trial 50/100 completed (139 evaluations)
2026-05-06 18:24:22 |     → Trial 60/100 completed (139 evaluations)
2026-05-06 18:24:23 |     → Trial 70/100 completed (139 evaluations)
2026-05-06 18:24:24 |     → Trial 80/100 completed (139 evaluations)
2026-05-06 18:24:24 |     → Trial 90/100 completed (139 evaluations)
2026-05-06 18:24:25 |     → Trial 100/100 completed (139 evaluations)
2026-05-06 18:24:25 |  Total edge attributions: -2.916107
2026-05-06 18:24:25 |  Expected (f(x) - f(x')) : -2.916107
2026-05-06 18:24:25 |  Difference: 8.881784197001252e-16 using 100 samples to calculate f(x) and f(x')
2026-05-06 18:24:25 |  Relative error: 0.0000
2026-05-06 18:24:25 |     → Instance 7/100
2026-05-06 18:24:25 |     → ShapleyFlow (Backward Path Sampling): 138 edges, 9 sources
2026-05-06 18:24:25 |     → ShapleyFlow (MC Permutation): 138 edges, 100 trials = 13,900 model calls
2026-05-06 18:24:25 |     → Trial 1/100 completed (139 evaluations)
2026-05-06 18:24:26 |     → Trial 10/100 completed (139 evaluations)
2026-05-06 18:24:27 |     → Trial 20/100 completed (139 evaluations)
2026-05-06 18:24:27 |     → Trial 30/100 completed (139 evaluations)
2026-05-06 18:24:28 |     → Trial 40/100 completed (139 evaluations)
2026-05-06 18:24:29 |     → Trial 50/100 completed (139 evaluations)
2026-05-06 18:24:29 |     → Trial 60/100 completed (139 evaluations)
2026-05-06 18:24:30 |     → Trial 70/100 completed (139 evaluations)
2026-05-06 18:24:31 |     → Trial 80/100 completed (139 evaluations)
2026-05-06 18:24:31 |     → Trial 90/100 completed (139 evaluations)
2026-05-06 18:24:32 |     → Trial 100/100 completed (139 evaluations)
2026-05-06 18:24:32 |  Total edge attributions: 0.321551
2026-05-06 18:24:32 |  Expected (f(x) - f(x')) : 0.321551
2026-05-06 18:24:32 |  Difference: 2.220446049250313e-16 using 100 samples to calculate f(x) and f(x')
2026-05-06 18:24:32 |  Relative error: 0.0000
2026-05-06 18:24:32 |     → Instance 8/100
2026-05-06 18:24:32 |     → ShapleyFlow (Backward Path Sampling): 138 edges, 9 sources
2026-05-06 18:24:32 |     → ShapleyFlow (MC Permutation): 138 edges, 100 trials = 13,900 model calls
2026-05-06 18:24:32 |     → Trial 1/100 completed (139 evaluations)
2026-05-06 18:24:33 |     → Trial 10/100 completed (139 evaluations)
2026-05-06 18:24:34 |     → Trial 20/100 completed (139 evaluations)
2026-05-06 18:24:34 |     → Trial 30/100 completed (139 evaluations)
2026-05-06 18:24:35 |     → Trial 40/100 completed (139 evaluations)
2026-05-06 18:24:36 |     → Trial 50/100 completed (139 evaluations)
2026-05-06 18:24:36 |     → Trial 60/100 completed (139 evaluations)
2026-05-06 18:24:37 |     → Trial 70/100 completed (139 evaluations)
2026-05-06 18:24:38 |     → Trial 80/100 completed (139 evaluations)
2026-05-06 18:24:39 |     → Trial 90/100 completed (139 evaluations)
2026-05-06 18:24:39 |     → Trial 100/100 completed (139 evaluations)
2026-05-06 18:24:39 |  Total edge attributions: -0.355240
2026-05-06 18:24:39 |  Expected (f(x) - f(x')) : -0.355240
2026-05-06 18:24:39 |  Difference: 3.3306690738754696e-16 using 100 samples to calculate f(x) and f(x')
2026-05-06 18:24:39 |  Relative error: 0.0000
2026-05-06 18:24:39 |     → Instance 9/100
2026-05-06 18:24:39 |     → ShapleyFlow (Backward Path Sampling): 138 edges, 9 sources
2026-05-06 18:24:39 |     → ShapleyFlow (MC Permutation): 138 edges, 100 trials = 13,900 model calls
2026-05-06 18:24:39 |     → Trial 1/100 completed (139 evaluations)
2026-05-06 18:24:40 |     → Trial 10/100 completed (139 evaluations)
2026-05-06 18:24:41 |     → Trial 20/100 completed (139 evaluations)
2026-05-06 18:24:41 |     → Trial 30/100 completed (139 evaluations)
2026-05-06 18:24:42 |     → Trial 40/100 completed (139 evaluations)
2026-05-06 18:24:43 |     → Trial 50/100 completed (139 evaluations)
2026-05-06 18:24:44 |     → Trial 60/100 completed (139 evaluations)
2026-05-06 18:24:44 |     → Trial 70/100 completed (139 evaluations)
2026-05-06 18:24:45 |     → Trial 80/100 completed (139 evaluations)
2026-05-06 18:24:46 |     → Trial 90/100 completed (139 evaluations)
2026-05-06 18:24:46 |     → Trial 100/100 completed (139 evaluations)
2026-05-06 18:24:46 |  Total edge attributions: 0.107830
2026-05-06 18:24:46 |  Expected (f(x) - f(x')) : 0.107830
2026-05-06 18:24:46 |  Difference: 3.191891195797325e-16 using 100 samples to calculate f(x) and f(x')
2026-05-06 18:24:46 |  Relative error: 0.0000
2026-05-06 18:24:46 |     → Instance 10/100
2026-05-06 18:24:46 |     → ShapleyFlow (Backward Path Sampling): 138 edges, 9 sources
2026-05-06 18:24:46 |     → ShapleyFlow (MC Permutation): 138 edges, 100 trials = 13,900 model calls
2026-05-06 18:24:47 |     → Trial 1/100 completed (139 evaluations)
2026-05-06 18:24:47 |     → Trial 10/100 completed (139 evaluations)
2026-05-06 18:24:48 |     → Trial 20/100 completed (139 evaluations)
2026-05-06 18:24:49 |     → Trial 30/100 completed (139 evaluations)
2026-05-06 18:24:49 |     → Trial 40/100 completed (139 evaluations)
2026-05-06 18:24:50 |     → Trial 50/100 completed (139 evaluations)
2026-05-06 18:24:51 |     → Trial 60/100 completed (139 evaluations)
2026-05-06 18:24:51 |     → Trial 70/100 completed (139 evaluations)
2026-05-06 18:24:52 |     → Trial 80/100 completed (139 evaluations)
2026-05-06 18:24:53 |     → Trial 90/100 completed (139 evaluations)
2026-05-06 18:24:53 |     → Trial 100/100 completed (139 evaluations)
2026-05-06 18:24:54 |  Total edge attributions: -0.470869
2026-05-06 18:24:54 |  Expected (f(x) - f(x')) : -0.470869
2026-05-06 18:24:54 |  Difference: 0.0 using 100 samples to calculate f(x) and f(x')
2026-05-06 18:24:54 |  Relative error: 0.0000
2026-05-06 18:24:54 |     → Instance 11/100
2026-05-06 18:24:54 |     → ShapleyFlow (Backward Path Sampling): 138 edges, 9 sources
2026-05-06 18:24:54 |     → ShapleyFlow (MC Permutation): 138 edges, 100 trials = 13,900 model calls
2026-05-06 18:24:54 |     → Trial 1/100 completed (139 evaluations)
2026-05-06 18:24:54 |     → Trial 10/100 completed (139 evaluations)
2026-05-06 18:24:55 |     → Trial 20/100 completed (139 evaluations)
2026-05-06 18:24:56 |     → Trial 30/100 completed (139 evaluations)
2026-05-06 18:24:56 |     → Trial 40/100 completed (139 evaluations)
2026-05-06 18:24:57 |     → Trial 50/100 completed (139 evaluations)
2026-05-06 18:24:58 |     → Trial 60/100 completed (139 evaluations)
2026-05-06 18:24:58 |     → Trial 70/100 completed (139 evaluations)
2026-05-06 18:24:59 |     → Trial 80/100 completed (139 evaluations)
2026-05-06 18:25:00 |     → Trial 90/100 completed (139 evaluations)
2026-05-06 18:25:01 |     → Trial 100/100 completed (139 evaluations)
2026-05-06 18:25:01 |  Total edge attributions: -0.435222
2026-05-06 18:25:01 |  Expected (f(x) - f(x')) : -0.435222
2026-05-06 18:25:01 |  Difference: 5.551115123125783e-17 using 100 samples to calculate f(x) and f(x')
2026-05-06 18:25:01 |  Relative error: 0.0000
2026-05-06 18:25:01 |     → Instance 12/100
2026-05-06 18:25:01 |     → ShapleyFlow (Backward Path Sampling): 138 edges, 9 sources
2026-05-06 18:25:01 |     → ShapleyFlow (MC Permutation): 138 edges, 100 trials = 13,900 model calls
2026-05-06 18:25:01 |     → Trial 1/100 completed (139 evaluations)
2026-05-06 18:25:01 |     → Trial 10/100 completed (139 evaluations)
2026-05-06 18:25:02 |     → Trial 20/100 completed (139 evaluations)
2026-05-06 18:25:03 |     → Trial 30/100 completed (139 evaluations)
2026-05-06 18:25:03 |     → Trial 40/100 completed (139 evaluations)
2026-05-06 18:25:04 |     → Trial 50/100 completed (139 evaluations)
2026-05-06 18:25:05 |     → Trial 60/100 completed (139 evaluations)
2026-05-06 18:25:06 |     → Trial 70/100 completed (139 evaluations)
2026-05-06 18:25:06 |     → Trial 80/100 completed (139 evaluations)
2026-05-06 18:25:07 |     → Trial 90/100 completed (139 evaluations)
2026-05-06 18:25:08 |     → Trial 100/100 completed (139 evaluations)
2026-05-06 18:25:08 |  Total edge attributions: 0.549800
2026-05-06 18:25:08 |  Expected (f(x) - f(x')) : 0.549800
2026-05-06 18:25:08 |  Difference: 1.1102230246251565e-16 using 100 samples to calculate f(x) and f(x')
2026-05-06 18:25:08 |  Relative error: 0.0000
2026-05-06 18:25:08 |     → Instance 13/100
2026-05-06 18:25:08 |     → ShapleyFlow (Backward Path Sampling): 138 edges, 9 sources
2026-05-06 18:25:08 |     → ShapleyFlow (MC Permutation): 138 edges, 100 trials = 13,900 model calls
2026-05-06 18:25:08 |     → Trial 1/100 completed (139 evaluations)
2026-05-06 18:25:09 |     → Trial 10/100 completed (139 evaluations)
2026-05-06 18:25:09 |     → Trial 20/100 completed (139 evaluations)
2026-05-06 18:25:10 |     → Trial 30/100 completed (139 evaluations)
2026-05-06 18:25:11 |     → Trial 40/100 completed (139 evaluations)
2026-05-06 18:25:11 |     → Trial 50/100 completed (139 evaluations)
2026-05-06 18:25:12 |     → Trial 60/100 completed (139 evaluations)
2026-05-06 18:25:13 |     → Trial 70/100 completed (139 evaluations)
2026-05-06 18:25:13 |     → Trial 80/100 completed (139 evaluations)
2026-05-06 18:25:14 |     → Trial 90/100 completed (139 evaluations)
2026-05-06 18:25:15 |     → Trial 100/100 completed (139 evaluations)
2026-05-06 18:25:15 |  Total edge attributions: -0.551034
2026-05-06 18:25:15 |  Expected (f(x) - f(x')) : -0.551034
2026-05-06 18:25:15 |  Difference: 0.0 using 100 samples to calculate f(x) and f(x')
2026-05-06 18:25:15 |  Relative error: 0.0000
2026-05-06 18:25:15 |     → Instance 14/100
2026-05-06 18:25:15 |     → ShapleyFlow (Backward Path Sampling): 138 edges, 9 sources
2026-05-06 18:25:15 |     → ShapleyFlow (MC Permutation): 138 edges, 100 trials = 13,900 model calls
2026-05-06 18:25:15 |     → Trial 1/100 completed (139 evaluations)
2026-05-06 18:25:16 |     → Trial 10/100 completed (139 evaluations)
2026-05-06 18:25:16 |     → Trial 20/100 completed (139 evaluations)
2026-05-06 18:25:17 |     → Trial 30/100 completed (139 evaluations)
2026-05-06 18:25:18 |     → Trial 40/100 completed (139 evaluations)
2026-05-06 18:25:18 |     → Trial 50/100 completed (139 evaluations)
2026-05-06 18:25:19 |     → Trial 60/100 completed (139 evaluations)
2026-05-06 18:25:20 |     → Trial 70/100 completed (139 evaluations)
2026-05-06 18:25:21 |     → Trial 80/100 completed (139 evaluations)
2026-05-06 18:25:21 |     → Trial 90/100 completed (139 evaluations)
2026-05-06 18:25:22 |     → Trial 100/100 completed (139 evaluations)
2026-05-06 18:25:22 |  Total edge attributions: -0.245229
2026-05-06 18:25:22 |  Expected (f(x) - f(x')) : -0.245229
2026-05-06 18:25:22 |  Difference: 5.551115123125783e-17 using 100 samples to calculate f(x) and f(x')
2026-05-06 18:25:22 |  Relative error: 0.0000
2026-05-06 18:25:22 |     → Instance 15/100
2026-05-06 18:25:22 |     → ShapleyFlow (Backward Path Sampling): 138 edges, 9 sources
2026-05-06 18:25:22 |     → ShapleyFlow (MC Permutation): 138 edges, 100 trials = 13,900 model calls
2026-05-06 18:25:22 |     → Trial 1/100 completed (139 evaluations)
2026-05-06 18:25:23 |     → Trial 10/100 completed (139 evaluations)
2026-05-06 18:25:23 |     → Trial 20/100 completed (139 evaluations)
2026-05-06 18:25:24 |     → Trial 30/100 completed (139 evaluations)
2026-05-06 18:25:25 |     → Trial 40/100 completed (139 evaluations)
2026-05-06 18:25:26 |     → Trial 50/100 completed (139 evaluations)
2026-05-06 18:25:26 |     → Trial 60/100 completed (139 evaluations)
2026-05-06 18:25:27 |     → Trial 70/100 completed (139 evaluations)
2026-05-06 18:25:28 |     → Trial 80/100 completed (139 evaluations)
2026-05-06 18:25:28 |     → Trial 90/100 completed (139 evaluations)
2026-05-06 18:25:29 |     → Trial 100/100 completed (139 evaluations)
2026-05-06 18:25:29 |  Total edge attributions: -0.079771
2026-05-06 18:25:29 |  Expected (f(x) - f(x')) : -0.079771
2026-05-06 18:25:29 |  Difference: 2.7755575615628914e-17 using 100 samples to calculate f(x) and f(x')
2026-05-06 18:25:29 |  Relative error: 0.0000
2026-05-06 18:25:29 |     → Instance 16/100
2026-05-06 18:25:29 |     → ShapleyFlow (Backward Path Sampling): 138 edges, 9 sources
2026-05-06 18:25:29 |     → ShapleyFlow (MC Permutation): 138 edges, 100 trials = 13,900 model calls
2026-05-06 18:25:29 |     → Trial 1/100 completed (139 evaluations)
2026-05-06 18:25:30 |     → Trial 10/100 completed (139 evaluations)
2026-05-06 18:25:31 |     → Trial 20/100 completed (139 evaluations)
2026-05-06 18:25:31 |     → Trial 30/100 completed (139 evaluations)
2026-05-06 18:25:32 |     → Trial 40/100 completed (139 evaluations)
2026-05-06 18:25:33 |     → Trial 50/100 completed (139 evaluations)
2026-05-06 18:25:33 |     → Trial 60/100 completed (139 evaluations)
2026-05-06 18:25:34 |     → Trial 70/100 completed (139 evaluations)
2026-05-06 18:25:35 |     → Trial 80/100 completed (139 evaluations)
2026-05-06 18:25:36 |     → Trial 90/100 completed (139 evaluations)
2026-05-06 18:25:36 |     → Trial 100/100 completed (139 evaluations)
2026-05-06 18:25:36 |  Total edge attributions: -1.006672
2026-05-06 18:25:36 |  Expected (f(x) - f(x')) : -1.006672
2026-05-06 18:25:36 |  Difference: 2.220446049250313e-16 using 100 samples to calculate f(x) and f(x')
2026-05-06 18:25:36 |  Relative error: 0.0000
2026-05-06 18:25:36 |     → Instance 17/100
2026-05-06 18:25:36 |     → ShapleyFlow (Backward Path Sampling): 138 edges, 9 sources
2026-05-06 18:25:36 |     → ShapleyFlow (MC Permutation): 138 edges, 100 trials = 13,900 model calls
2026-05-06 18:25:36 |     → Trial 1/100 completed (139 evaluations)
2026-05-06 18:25:37 |     → Trial 10/100 completed (139 evaluations)
2026-05-06 18:25:38 |     → Trial 20/100 completed (139 evaluations)
2026-05-06 18:25:38 |     → Trial 30/100 completed (139 evaluations)
2026-05-06 18:25:39 |     → Trial 40/100 completed (139 evaluations)
2026-05-06 18:25:40 |     → Trial 50/100 completed (139 evaluations)
2026-05-06 18:25:41 |     → Trial 60/100 completed (139 evaluations)
2026-05-06 18:25:41 |     → Trial 70/100 completed (139 evaluations)
2026-05-06 18:25:42 |     → Trial 80/100 completed (139 evaluations)
2026-05-06 18:25:43 |     → Trial 90/100 completed (139 evaluations)
2026-05-06 18:25:43 |     → Trial 100/100 completed (139 evaluations)
2026-05-06 18:25:44 |  Total edge attributions: -0.381043
2026-05-06 18:25:44 |  Expected (f(x) - f(x')) : -0.381043
2026-05-06 18:25:44 |  Difference: 5.551115123125783e-17 using 100 samples to calculate f(x) and f(x')
2026-05-06 18:25:44 |  Relative error: 0.0000
2026-05-06 18:25:44 |     → Instance 18/100
2026-05-06 18:25:44 |     → ShapleyFlow (Backward Path Sampling): 138 edges, 9 sources
2026-05-06 18:25:44 |     → ShapleyFlow (MC Permutation): 138 edges, 100 trials = 13,900 model calls
2026-05-06 18:25:44 |     → Trial 1/100 completed (139 evaluations)
2026-05-06 18:25:44 |     → Trial 10/100 completed (139 evaluations)
2026-05-06 18:25:45 |     → Trial 20/100 completed (139 evaluations)
2026-05-06 18:25:46 |     → Trial 30/100 completed (139 evaluations)
2026-05-06 18:25:46 |     → Trial 40/100 completed (139 evaluations)
2026-05-06 18:25:47 |     → Trial 50/100 completed (139 evaluations)
2026-05-06 18:25:48 |     → Trial 60/100 completed (139 evaluations)
2026-05-06 18:25:48 |     → Trial 70/100 completed (139 evaluations)
2026-05-06 18:25:49 |     → Trial 80/100 completed (139 evaluations)
2026-05-06 18:25:50 |     → Trial 90/100 completed (139 evaluations)
2026-05-06 18:25:51 |     → Trial 100/100 completed (139 evaluations)
2026-05-06 18:25:51 |  Total edge attributions: -0.412468
2026-05-06 18:25:51 |  Expected (f(x) - f(x')) : -0.412468
2026-05-06 18:25:51 |  Difference: 2.7755575615628914e-16 using 100 samples to calculate f(x) and f(x')
2026-05-06 18:25:51 |  Relative error: 0.0000
2026-05-06 18:25:51 |     → Instance 19/100
2026-05-06 18:25:51 |     → ShapleyFlow (Backward Path Sampling): 138 edges, 9 sources
2026-05-06 18:25:51 |     → ShapleyFlow (MC Permutation): 138 edges, 100 trials = 13,900 model calls
2026-05-06 18:25:51 |     → Trial 1/100 completed (139 evaluations)
2026-05-06 18:25:51 |     → Trial 10/100 completed (139 evaluations)
2026-05-06 18:25:52 |     → Trial 20/100 completed (139 evaluations)
2026-05-06 18:25:53 |     → Trial 30/100 completed (139 evaluations)
2026-05-06 18:25:53 |     → Trial 40/100 completed (139 evaluations)
2026-05-06 18:25:54 |     → Trial 50/100 completed (139 evaluations)
2026-05-06 18:25:55 |     → Trial 60/100 completed (139 evaluations)
2026-05-06 18:25:56 |     → Trial 70/100 completed (139 evaluations)
2026-05-06 18:25:56 |     → Trial 80/100 completed (139 evaluations)
2026-05-06 18:25:57 |     → Trial 90/100 completed (139 evaluations)
2026-05-06 18:25:58 |     → Trial 100/100 completed (139 evaluations)
2026-05-06 18:25:58 |  Total edge attributions: -3.962016
2026-05-06 18:25:58 |  Expected (f(x) - f(x')) : -3.962016
2026-05-06 18:25:58 |  Difference: 1.7763568394002505e-15 using 100 samples to calculate f(x) and f(x')
2026-05-06 18:25:58 |  Relative error: 0.0000
2026-05-06 18:25:58 |     → Instance 20/100
2026-05-06 18:25:58 |     → ShapleyFlow (Backward Path Sampling): 138 edges, 9 sources
2026-05-06 18:25:58 |     → ShapleyFlow (MC Permutation): 138 edges, 100 trials = 13,900 model calls
2026-05-06 18:25:58 |     → Trial 1/100 completed (139 evaluations)
2026-05-06 18:25:59 |     → Trial 10/100 completed (139 evaluations)
2026-05-06 18:25:59 |     → Trial 20/100 completed (139 evaluations)
2026-05-06 18:26:00 |     → Trial 30/100 completed (139 evaluations)
2026-05-06 18:26:01 |     → Trial 40/100 completed (139 evaluations)
2026-05-06 18:26:01 |     → Trial 50/100 completed (139 evaluations)
2026-05-06 18:26:02 |     → Trial 60/100 completed (139 evaluations)
2026-05-06 18:26:03 |     → Trial 70/100 completed (139 evaluations)
2026-05-06 18:26:03 |     → Trial 80/100 completed (139 evaluations)
2026-05-06 18:26:04 |     → Trial 90/100 completed (139 evaluations)
2026-05-06 18:26:05 |     → Trial 100/100 completed (139 evaluations)
2026-05-06 18:26:05 |  Total edge attributions: -0.417082
2026-05-06 18:26:05 |  Expected (f(x) - f(x')) : -0.417082
2026-05-06 18:26:05 |  Difference: 5.551115123125783e-17 using 100 samples to calculate f(x) and f(x')
2026-05-06 18:26:05 |  Relative error: 0.0000
2026-05-06 18:26:05 |     → Instance 21/100
2026-05-06 18:26:05 |     → ShapleyFlow (Backward Path Sampling): 138 edges, 9 sources
2026-05-06 18:26:05 |     → ShapleyFlow (MC Permutation): 138 edges, 100 trials = 13,900 model calls
2026-05-06 18:26:05 |     → Trial 1/100 completed (139 evaluations)
2026-05-06 18:26:06 |     → Trial 10/100 completed (139 evaluations)
2026-05-06 18:26:06 |     → Trial 20/100 completed (139 evaluations)
2026-05-06 18:26:07 |     → Trial 30/100 completed (139 evaluations)
2026-05-06 18:26:08 |     → Trial 40/100 completed (139 evaluations)
2026-05-06 18:26:09 |     → Trial 50/100 completed (139 evaluations)
2026-05-06 18:26:09 |     → Trial 60/100 completed (139 evaluations)
2026-05-06 18:26:10 |     → Trial 70/100 completed (139 evaluations)
2026-05-06 18:26:11 |     → Trial 80/100 completed (139 evaluations)
2026-05-06 18:26:11 |     → Trial 90/100 completed (139 evaluations)
2026-05-06 18:26:12 |     → Trial 100/100 completed (139 evaluations)
2026-05-06 18:26:12 |  Total edge attributions: -0.127607
2026-05-06 18:26:12 |  Expected (f(x) - f(x')) : -0.127607
2026-05-06 18:26:12 |  Difference: 1.6653345369377348e-16 using 100 samples to calculate f(x) and f(x')
2026-05-06 18:26:12 |  Relative error: 0.0000
2026-05-06 18:26:12 |     → Instance 22/100
2026-05-06 18:26:12 |     → ShapleyFlow (Backward Path Sampling): 138 edges, 9 sources
2026-05-06 18:26:12 |     → ShapleyFlow (MC Permutation): 138 edges, 100 trials = 13,900 model calls
2026-05-06 18:26:12 |     → Trial 1/100 completed (139 evaluations)
2026-05-06 18:26:13 |     → Trial 10/100 completed (139 evaluations)
2026-05-06 18:26:14 |     → Trial 20/100 completed (139 evaluations)
2026-05-06 18:26:14 |     → Trial 30/100 completed (139 evaluations)
2026-05-06 18:26:15 |     → Trial 40/100 completed (139 evaluations)
2026-05-06 18:26:16 |     → Trial 50/100 completed (139 evaluations)
2026-05-06 18:26:16 |     → Trial 60/100 completed (139 evaluations)
2026-05-06 18:26:17 |     → Trial 70/100 completed (139 evaluations)
2026-05-06 18:26:18 |     → Trial 80/100 completed (139 evaluations)
2026-05-06 18:26:19 |     → Trial 90/100 completed (139 evaluations)
2026-05-06 18:26:19 |     → Trial 100/100 completed (139 evaluations)
2026-05-06 18:26:19 |  Total edge attributions: -0.163371
2026-05-06 18:26:19 |  Expected (f(x) - f(x')) : -0.163371
2026-05-06 18:26:19 |  Difference: 8.326672684688674e-17 using 100 samples to calculate f(x) and f(x')
2026-05-06 18:26:19 |  Relative error: 0.0000
2026-05-06 18:26:19 |     → Instance 23/100
2026-05-06 18:26:19 |     → ShapleyFlow (Backward Path Sampling): 138 edges, 9 sources
2026-05-06 18:26:19 |     → ShapleyFlow (MC Permutation): 138 edges, 100 trials = 13,900 model calls
2026-05-06 18:26:19 |     → Trial 1/100 completed (139 evaluations)
2026-05-06 18:26:20 |     → Trial 10/100 completed (139 evaluations)
2026-05-06 18:26:21 |     → Trial 20/100 completed (139 evaluations)
2026-05-06 18:26:21 |     → Trial 30/100 completed (139 evaluations)
2026-05-06 18:26:22 |     → Trial 40/100 completed (139 evaluations)
2026-05-06 18:26:23 |     → Trial 50/100 completed (139 evaluations)
2026-05-06 18:26:24 |     → Trial 60/100 completed (139 evaluations)
2026-05-06 18:26:24 |     → Trial 70/100 completed (139 evaluations)
2026-05-06 18:26:25 |     → Trial 80/100 completed (139 evaluations)
2026-05-06 18:26:26 |     → Trial 90/100 completed (139 evaluations)
2026-05-06 18:26:26 |     → Trial 100/100 completed (139 evaluations)
2026-05-06 18:26:26 |  Total edge attributions: 0.480634
2026-05-06 18:26:26 |  Expected (f(x) - f(x')) : 0.480634
2026-05-06 18:26:26 |  Difference: 5.551115123125783e-17 using 100 samples to calculate f(x) and f(x')
2026-05-06 18:26:26 |  Relative error: 0.0000
2026-05-06 18:26:26 |     → Instance 24/100
2026-05-06 18:26:26 |     → ShapleyFlow (Backward Path Sampling): 138 edges, 9 sources
2026-05-06 18:26:26 |     → ShapleyFlow (MC Permutation): 138 edges, 100 trials = 13,900 model calls
2026-05-06 18:26:27 |     → Trial 1/100 completed (139 evaluations)
2026-05-06 18:26:27 |     → Trial 10/100 completed (139 evaluations)
2026-05-06 18:26:28 |     → Trial 20/100 completed (139 evaluations)
2026-05-06 18:26:29 |     → Trial 30/100 completed (139 evaluations)
2026-05-06 18:26:29 |     → Trial 40/100 completed (139 evaluations)
2026-05-06 18:26:30 |     → Trial 50/100 completed (139 evaluations)
2026-05-06 18:26:31 |     → Trial 60/100 completed (139 evaluations)
2026-05-06 18:26:31 |     → Trial 70/100 completed (139 evaluations)
2026-05-06 18:26:32 |     → Trial 80/100 completed (139 evaluations)
2026-05-06 18:26:33 |     → Trial 90/100 completed (139 evaluations)
2026-05-06 18:26:34 |     → Trial 100/100 completed (139 evaluations)
2026-05-06 18:26:34 |  Total edge attributions: 0.846243
2026-05-06 18:26:34 |  Expected (f(x) - f(x')) : 0.846243
2026-05-06 18:26:34 |  Difference: 1.1102230246251565e-16 using 100 samples to calculate f(x) and f(x')
2026-05-06 18:26:34 |  Relative error: 0.0000
2026-05-06 18:26:34 |     → Instance 25/100
2026-05-06 18:26:34 |     → ShapleyFlow (Backward Path Sampling): 138 edges, 9 sources
2026-05-06 18:26:34 |     → ShapleyFlow (MC Permutation): 138 edges, 100 trials = 13,900 model calls
2026-05-06 18:26:34 |     → Trial 1/100 completed (139 evaluations)
2026-05-06 18:26:34 |     → Trial 10/100 completed (139 evaluations)
2026-05-06 18:26:35 |     → Trial 20/100 completed (139 evaluations)
2026-05-06 18:26:36 |     → Trial 30/100 completed (139 evaluations)
2026-05-06 18:26:36 |     → Trial 40/100 completed (139 evaluations)
2026-05-06 18:26:37 |     → Trial 50/100 completed (139 evaluations)
2026-05-06 18:26:38 |     → Trial 60/100 completed (139 evaluations)
2026-05-06 18:26:39 |     → Trial 70/100 completed (139 evaluations)
2026-05-06 18:26:39 |     → Trial 80/100 completed (139 evaluations)
2026-05-06 18:26:40 |     → Trial 90/100 completed (139 evaluations)
2026-05-06 18:26:41 |     → Trial 100/100 completed (139 evaluations)
2026-05-06 18:26:41 |  Total edge attributions: 0.158887
2026-05-06 18:26:41 |  Expected (f(x) - f(x')) : 0.158887
2026-05-06 18:26:41 |  Difference: 1.1102230246251565e-16 using 100 samples to calculate f(x) and f(x')
2026-05-06 18:26:41 |  Relative error: 0.0000
2026-05-06 18:26:41 |     → Instance 26/100
2026-05-06 18:26:41 |     → ShapleyFlow (Backward Path Sampling): 138 edges, 9 sources
2026-05-06 18:26:41 |     → ShapleyFlow (MC Permutation): 138 edges, 100 trials = 13,900 model calls
2026-05-06 18:26:41 |     → Trial 1/100 completed (139 evaluations)
2026-05-06 18:26:42 |     → Trial 10/100 completed (139 evaluations)
2026-05-06 18:26:42 |     → Trial 20/100 completed (139 evaluations)
2026-05-06 18:26:43 |     → Trial 30/100 completed (139 evaluations)
2026-05-06 18:26:44 |     → Trial 40/100 completed (139 evaluations)
2026-05-06 18:26:44 |     → Trial 50/100 completed (139 evaluations)
2026-05-06 18:26:45 |     → Trial 60/100 completed (139 evaluations)
2026-05-06 18:26:46 |     → Trial 70/100 completed (139 evaluations)
2026-05-06 18:26:46 |     → Trial 80/100 completed (139 evaluations)
2026-05-06 18:26:47 |     → Trial 90/100 completed (139 evaluations)
2026-05-06 18:26:48 |     → Trial 100/100 completed (139 evaluations)
2026-05-06 18:26:48 |  Total edge attributions: 0.344749
2026-05-06 18:26:48 |  Expected (f(x) - f(x')) : 0.344749
2026-05-06 18:26:48 |  Difference: 2.7755575615628914e-16 using 100 samples to calculate f(x) and f(x')
2026-05-06 18:26:48 |  Relative error: 0.0000
2026-05-06 18:26:48 |     → Instance 27/100
2026-05-06 18:26:48 |     → ShapleyFlow (Backward Path Sampling): 138 edges, 9 sources
2026-05-06 18:26:48 |     → ShapleyFlow (MC Permutation): 138 edges, 100 trials = 13,900 model calls
2026-05-06 18:26:48 |     → Trial 1/100 completed (139 evaluations)
2026-05-06 18:26:49 |     → Trial 10/100 completed (139 evaluations)
2026-05-06 18:26:49 |     → Trial 20/100 completed (139 evaluations)
2026-05-06 18:26:50 |     → Trial 30/100 completed (139 evaluations)
2026-05-06 18:26:51 |     → Trial 40/100 completed (139 evaluations)
2026-05-06 18:26:52 |     → Trial 50/100 completed (139 evaluations)
2026-05-06 18:26:52 |     → Trial 60/100 completed (139 evaluations)
2026-05-06 18:26:53 |     → Trial 70/100 completed (139 evaluations)
2026-05-06 18:26:54 |     → Trial 80/100 completed (139 evaluations)
2026-05-06 18:26:54 |     → Trial 90/100 completed (139 evaluations)
2026-05-06 18:26:55 |     → Trial 100/100 completed (139 evaluations)
2026-05-06 18:26:55 |  Total edge attributions: -0.144073
2026-05-06 18:26:55 |  Expected (f(x) - f(x')) : -0.144073
2026-05-06 18:26:55 |  Difference: 1.1102230246251565e-16 using 100 samples to calculate f(x) and f(x')
2026-05-06 18:26:55 |  Relative error: 0.0000
2026-05-06 18:26:55 |     → Instance 28/100
2026-05-06 18:26:55 |     → ShapleyFlow (Backward Path Sampling): 138 edges, 9 sources
2026-05-06 18:26:55 |     → ShapleyFlow (MC Permutation): 138 edges, 100 trials = 13,900 model calls
2026-05-06 18:26:55 |     → Trial 1/100 completed (139 evaluations)
2026-05-06 18:26:56 |     → Trial 10/100 completed (139 evaluations)
2026-05-06 18:26:57 |     → Trial 20/100 completed (139 evaluations)
2026-05-06 18:26:57 |     → Trial 30/100 completed (139 evaluations)
2026-05-06 18:26:58 |     → Trial 40/100 completed (139 evaluations)
2026-05-06 18:26:59 |     → Trial 50/100 completed (139 evaluations)
2026-05-06 18:26:59 |     → Trial 60/100 completed (139 evaluations)
2026-05-06 18:27:00 |     → Trial 70/100 completed (139 evaluations)
2026-05-06 18:27:01 |     → Trial 80/100 completed (139 evaluations)
2026-05-06 18:27:02 |     → Trial 90/100 completed (139 evaluations)
2026-05-06 18:27:02 |     → Trial 100/100 completed (139 evaluations)
2026-05-06 18:27:02 |  Total edge attributions: -0.208954
2026-05-06 18:27:02 |  Expected (f(x) - f(x')) : -0.208954
2026-05-06 18:27:02 |  Difference: 1.6653345369377348e-16 using 100 samples to calculate f(x) and f(x')
2026-05-06 18:27:02 |  Relative error: 0.0000
2026-05-06 18:27:02 |     → Instance 29/100
2026-05-06 18:27:02 |     → ShapleyFlow (Backward Path Sampling): 138 edges, 9 sources
2026-05-06 18:27:02 |     → ShapleyFlow (MC Permutation): 138 edges, 100 trials = 13,900 model calls
2026-05-06 18:27:02 |     → Trial 1/100 completed (139 evaluations)
2026-05-06 18:27:03 |     → Trial 10/100 completed (139 evaluations)
2026-05-06 18:27:04 |     → Trial 20/100 completed (139 evaluations)
2026-05-06 18:27:04 |     → Trial 30/100 completed (139 evaluations)
2026-05-06 18:27:05 |     → Trial 40/100 completed (139 evaluations)
2026-05-06 18:27:06 |     → Trial 50/100 completed (139 evaluations)
2026-05-06 18:27:07 |     → Trial 60/100 completed (139 evaluations)
2026-05-06 18:27:07 |     → Trial 70/100 completed (139 evaluations)
2026-05-06 18:27:08 |     → Trial 80/100 completed (139 evaluations)
2026-05-06 18:27:09 |     → Trial 90/100 completed (139 evaluations)
2026-05-06 18:27:09 |     → Trial 100/100 completed (139 evaluations)
2026-05-06 18:27:10 |  Total edge attributions: -0.054972
2026-05-06 18:27:10 |  Expected (f(x) - f(x')) : -0.054972
2026-05-06 18:27:10 |  Difference: 6.938893903907228e-18 using 100 samples to calculate f(x) and f(x')
2026-05-06 18:27:10 |  Relative error: 0.0000
2026-05-06 18:27:10 |     → Instance 30/100
2026-05-06 18:27:10 |     → ShapleyFlow (Backward Path Sampling): 138 edges, 9 sources
2026-05-06 18:27:10 |     → ShapleyFlow (MC Permutation): 138 edges, 100 trials = 13,900 model calls
2026-05-06 18:27:10 |     → Trial 1/100 completed (139 evaluations)
2026-05-06 18:27:10 |     → Trial 10/100 completed (139 evaluations)
2026-05-06 18:27:11 |     → Trial 20/100 completed (139 evaluations)
2026-05-06 18:27:12 |     → Trial 30/100 completed (139 evaluations)
2026-05-06 18:27:12 |     → Trial 40/100 completed (139 evaluations)
2026-05-06 18:27:13 |     → Trial 50/100 completed (139 evaluations)
2026-05-06 18:27:14 |     → Trial 60/100 completed (139 evaluations)
2026-05-06 18:27:14 |     → Trial 70/100 completed (139 evaluations)
2026-05-06 18:27:15 |     → Trial 80/100 completed (139 evaluations)
2026-05-06 18:27:16 |     → Trial 90/100 completed (139 evaluations)
2026-05-06 18:27:17 |     → Trial 100/100 completed (139 evaluations)
2026-05-06 18:27:17 |  Total edge attributions: 0.865721
2026-05-06 18:27:17 |  Expected (f(x) - f(x')) : 0.865721
2026-05-06 18:27:17 |  Difference: 2.220446049250313e-16 using 100 samples to calculate f(x) and f(x')
2026-05-06 18:27:17 |  Relative error: 0.0000
2026-05-06 18:27:17 |     → Instance 31/100
2026-05-06 18:27:17 |     → ShapleyFlow (Backward Path Sampling): 138 edges, 9 sources
2026-05-06 18:27:17 |     → ShapleyFlow (MC Permutation): 138 edges, 100 trials = 13,900 model calls
2026-05-06 18:27:17 |     → Trial 1/100 completed (139 evaluations)
2026-05-06 18:27:17 |     → Trial 10/100 completed (139 evaluations)
2026-05-06 18:27:18 |     → Trial 20/100 completed (139 evaluations)
2026-05-06 18:27:19 |     → Trial 30/100 completed (139 evaluations)
2026-05-06 18:27:20 |     → Trial 40/100 completed (139 evaluations)
2026-05-06 18:27:20 |     → Trial 50/100 completed (139 evaluations)
2026-05-06 18:27:21 |     → Trial 60/100 completed (139 evaluations)
2026-05-06 18:27:22 |     → Trial 70/100 completed (139 evaluations)
2026-05-06 18:27:22 |     → Trial 80/100 completed (139 evaluations)
2026-05-06 18:27:23 |     → Trial 90/100 completed (139 evaluations)
2026-05-06 18:27:24 |     → Trial 100/100 completed (139 evaluations)
2026-05-06 18:27:24 |  Total edge attributions: -0.256586
2026-05-06 18:27:24 |  Expected (f(x) - f(x')) : -0.256586
2026-05-06 18:27:24 |  Difference: 2.220446049250313e-16 using 100 samples to calculate f(x) and f(x')
2026-05-06 18:27:24 |  Relative error: 0.0000
2026-05-06 18:27:24 |     → Instance 32/100
2026-05-06 18:27:24 |     → ShapleyFlow (Backward Path Sampling): 138 edges, 9 sources
2026-05-06 18:27:24 |     → ShapleyFlow (MC Permutation): 138 edges, 100 trials = 13,900 model calls
2026-05-06 18:27:24 |     → Trial 1/100 completed (139 evaluations)
2026-05-06 18:27:25 |     → Trial 10/100 completed (139 evaluations)
2026-05-06 18:27:25 |     → Trial 20/100 completed (139 evaluations)
2026-05-06 18:27:26 |     → Trial 30/100 completed (139 evaluations)
2026-05-06 18:27:27 |     → Trial 40/100 completed (139 evaluations)
2026-05-06 18:27:27 |     → Trial 50/100 completed (139 evaluations)
2026-05-06 18:27:28 |     → Trial 60/100 completed (139 evaluations)
2026-05-06 18:27:29 |     → Trial 70/100 completed (139 evaluations)
2026-05-06 18:27:30 |     → Trial 80/100 completed (139 evaluations)
2026-05-06 18:27:30 |     → Trial 90/100 completed (139 evaluations)
2026-05-06 18:27:31 |     → Trial 100/100 completed (139 evaluations)
2026-05-06 18:27:31 |  Total edge attributions: 0.977933
2026-05-06 18:27:31 |  Expected (f(x) - f(x')) : 0.977933
2026-05-06 18:27:31 |  Difference: 4.440892098500626e-16 using 100 samples to calculate f(x) and f(x')
2026-05-06 18:27:31 |  Relative error: 0.0000
2026-05-06 18:27:31 |     → Instance 33/100
2026-05-06 18:27:31 |     → ShapleyFlow (Backward Path Sampling): 138 edges, 9 sources
2026-05-06 18:27:31 |     → ShapleyFlow (MC Permutation): 138 edges, 100 trials = 13,900 model calls
2026-05-06 18:27:31 |     → Trial 1/100 completed (139 evaluations)
2026-05-06 18:27:32 |     → Trial 10/100 completed (139 evaluations)
2026-05-06 18:27:32 |     → Trial 20/100 completed (139 evaluations)
2026-05-06 18:27:33 |     → Trial 30/100 completed (139 evaluations)
2026-05-06 18:27:34 |     → Trial 40/100 completed (139 evaluations)
2026-05-06 18:27:35 |     → Trial 50/100 completed (139 evaluations)
2026-05-06 18:27:35 |     → Trial 60/100 completed (139 evaluations)
2026-05-06 18:27:36 |     → Trial 70/100 completed (139 evaluations)
2026-05-06 18:27:37 |     → Trial 80/100 completed (139 evaluations)
2026-05-06 18:27:37 |     → Trial 90/100 completed (139 evaluations)
2026-05-06 18:27:38 |     → Trial 100/100 completed (139 evaluations)
2026-05-06 18:27:38 |  Total edge attributions: 0.369115
2026-05-06 18:27:38 |  Expected (f(x) - f(x')) : 0.369115
2026-05-06 18:27:38 |  Difference: 2.220446049250313e-16 using 100 samples to calculate f(x) and f(x')
2026-05-06 18:27:38 |  Relative error: 0.0000
2026-05-06 18:27:38 |     → Instance 34/100
2026-05-06 18:27:38 |     → ShapleyFlow (Backward Path Sampling): 138 edges, 9 sources
2026-05-06 18:27:38 |     → ShapleyFlow (MC Permutation): 138 edges, 100 trials = 13,900 model calls
2026-05-06 18:27:38 |     → Trial 1/100 completed (139 evaluations)
2026-05-06 18:27:39 |     → Trial 10/100 completed (139 evaluations)
2026-05-06 18:27:40 |     → Trial 20/100 completed (139 evaluations)
2026-05-06 18:27:40 |     → Trial 30/100 completed (139 evaluations)
2026-05-06 18:27:41 |     → Trial 40/100 completed (139 evaluations)
2026-05-06 18:27:42 |     → Trial 50/100 completed (139 evaluations)
2026-05-06 18:27:42 |     → Trial 60/100 completed (139 evaluations)
2026-05-06 18:27:43 |     → Trial 70/100 completed (139 evaluations)
2026-05-06 18:27:44 |     → Trial 80/100 completed (139 evaluations)
2026-05-06 18:27:45 |     → Trial 90/100 completed (139 evaluations)
2026-05-06 18:27:45 |     → Trial 100/100 completed (139 evaluations)
2026-05-06 18:27:45 |  Total edge attributions: -0.430201
2026-05-06 18:27:45 |  Expected (f(x) - f(x')) : -0.430201
2026-05-06 18:27:45 |  Difference: 5.551115123125783e-17 using 100 samples to calculate f(x) and f(x')
2026-05-06 18:27:45 |  Relative error: 0.0000
2026-05-06 18:27:45 |     → Instance 35/100
2026-05-06 18:27:45 |     → ShapleyFlow (Backward Path Sampling): 138 edges, 9 sources
2026-05-06 18:27:45 |     → ShapleyFlow (MC Permutation): 138 edges, 100 trials = 13,900 model calls
2026-05-06 18:27:45 |     → Trial 1/100 completed (139 evaluations)
2026-05-06 18:27:46 |     → Trial 10/100 completed (139 evaluations)
2026-05-06 18:27:47 |     → Trial 20/100 completed (139 evaluations)
2026-05-06 18:27:47 |     → Trial 30/100 completed (139 evaluations)
2026-05-06 18:27:48 |     → Trial 40/100 completed (139 evaluations)
2026-05-06 18:27:49 |     → Trial 50/100 completed (139 evaluations)
2026-05-06 18:27:50 |     → Trial 60/100 completed (139 evaluations)
2026-05-06 18:27:50 |     → Trial 70/100 completed (139 evaluations)
2026-05-06 18:27:51 |     → Trial 80/100 completed (139 evaluations)
2026-05-06 18:27:52 |     → Trial 90/100 completed (139 evaluations)
2026-05-06 18:27:52 |     → Trial 100/100 completed (139 evaluations)
2026-05-06 18:27:53 |  Total edge attributions: 0.411729
2026-05-06 18:27:53 |  Expected (f(x) - f(x')) : 0.411729
2026-05-06 18:27:53 |  Difference: 5.551115123125783e-17 using 100 samples to calculate f(x) and f(x')
2026-05-06 18:27:53 |  Relative error: 0.0000
2026-05-06 18:27:53 |     → Instance 36/100
2026-05-06 18:27:53 |     → ShapleyFlow (Backward Path Sampling): 138 edges, 9 sources
2026-05-06 18:27:53 |     → ShapleyFlow (MC Permutation): 138 edges, 100 trials = 13,900 model calls
2026-05-06 18:27:53 |     → Trial 1/100 completed (139 evaluations)
2026-05-06 18:27:53 |     → Trial 10/100 completed (139 evaluations)
2026-05-06 18:27:54 |     → Trial 20/100 completed (139 evaluations)
2026-05-06 18:27:55 |     → Trial 30/100 completed (139 evaluations)
2026-05-06 18:27:55 |     → Trial 40/100 completed (139 evaluations)
2026-05-06 18:27:56 |     → Trial 50/100 completed (139 evaluations)
2026-05-06 18:27:57 |     → Trial 60/100 completed (139 evaluations)
2026-05-06 18:27:57 |     → Trial 70/100 completed (139 evaluations)
2026-05-06 18:27:58 |     → Trial 80/100 completed (139 evaluations)
2026-05-06 18:27:59 |     → Trial 90/100 completed (139 evaluations)
2026-05-06 18:28:00 |     → Trial 100/100 completed (139 evaluations)
2026-05-06 18:28:00 |  Total edge attributions: 0.473117
2026-05-06 18:28:00 |  Expected (f(x) - f(x')) : 0.473117
2026-05-06 18:28:00 |  Difference: 3.3306690738754696e-16 using 100 samples to calculate f(x) and f(x')
2026-05-06 18:28:00 |  Relative error: 0.0000
2026-05-06 18:28:00 |     → Instance 37/100
2026-05-06 18:28:00 |     → ShapleyFlow (Backward Path Sampling): 138 edges, 9 sources
2026-05-06 18:28:00 |     → ShapleyFlow (MC Permutation): 138 edges, 100 trials = 13,900 model calls
2026-05-06 18:28:00 |     → Trial 1/100 completed (139 evaluations)
2026-05-06 18:28:00 |     → Trial 10/100 completed (139 evaluations)
2026-05-06 18:28:01 |     → Trial 20/100 completed (139 evaluations)
2026-05-06 18:28:02 |     → Trial 30/100 completed (139 evaluations)
2026-05-06 18:28:03 |     → Trial 40/100 completed (139 evaluations)
2026-05-06 18:28:03 |     → Trial 50/100 completed (139 evaluations)
2026-05-06 18:28:04 |     → Trial 60/100 completed (139 evaluations)
2026-05-06 18:28:05 |     → Trial 70/100 completed (139 evaluations)
2026-05-06 18:28:05 |     → Trial 80/100 completed (139 evaluations)
2026-05-06 18:28:06 |     → Trial 90/100 completed (139 evaluations)
2026-05-06 18:28:07 |     → Trial 100/100 completed (139 evaluations)
2026-05-06 18:28:07 |  Total edge attributions: -0.513470
2026-05-06 18:28:07 |  Expected (f(x) - f(x')) : -0.513470
2026-05-06 18:28:07 |  Difference: 1.1102230246251565e-16 using 100 samples to calculate f(x) and f(x')
2026-05-06 18:28:07 |  Relative error: 0.0000
2026-05-06 18:28:07 |     → Instance 38/100
2026-05-06 18:28:07 |     → ShapleyFlow (Backward Path Sampling): 138 edges, 9 sources
2026-05-06 18:28:07 |     → ShapleyFlow (MC Permutation): 138 edges, 100 trials = 13,900 model calls
2026-05-06 18:28:07 |     → Trial 1/100 completed (139 evaluations)
2026-05-06 18:28:08 |     → Trial 10/100 completed (139 evaluations)
2026-05-06 18:28:08 |     → Trial 20/100 completed (139 evaluations)
2026-05-06 18:28:09 |     → Trial 30/100 completed (139 evaluations)
2026-05-06 18:28:10 |     → Trial 40/100 completed (139 evaluations)
2026-05-06 18:28:10 |     → Trial 50/100 completed (139 evaluations)
2026-05-06 18:28:11 |     → Trial 60/100 completed (139 evaluations)
2026-05-06 18:28:12 |     → Trial 70/100 completed (139 evaluations)
2026-05-06 18:28:13 |     → Trial 80/100 completed (139 evaluations)
2026-05-06 18:28:13 |     → Trial 90/100 completed (139 evaluations)
2026-05-06 18:28:14 |     → Trial 100/100 completed (139 evaluations)
2026-05-06 18:28:14 |  Total edge attributions: 0.048655
2026-05-06 18:28:14 |  Expected (f(x) - f(x')) : 0.048655
2026-05-06 18:28:14 |  Difference: 5.551115123125783e-17 using 100 samples to calculate f(x) and f(x')
2026-05-06 18:28:14 |  Relative error: 0.0000
2026-05-06 18:28:14 |     → Instance 39/100
2026-05-06 18:28:14 |     → ShapleyFlow (Backward Path Sampling): 138 edges, 9 sources
2026-05-06 18:28:14 |     → ShapleyFlow (MC Permutation): 138 edges, 100 trials = 13,900 model calls
2026-05-06 18:28:14 |     → Trial 1/100 completed (139 evaluations)
2026-05-06 18:28:15 |     → Trial 10/100 completed (139 evaluations)
2026-05-06 18:28:15 |     → Trial 20/100 completed (139 evaluations)
2026-05-06 18:28:16 |     → Trial 30/100 completed (139 evaluations)
2026-05-06 18:28:17 |     → Trial 40/100 completed (139 evaluations)
2026-05-06 18:28:18 |     → Trial 50/100 completed (139 evaluations)
2026-05-06 18:28:18 |     → Trial 60/100 completed (139 evaluations)
2026-05-06 18:28:19 |     → Trial 70/100 completed (139 evaluations)
2026-05-06 18:28:20 |     → Trial 80/100 completed (139 evaluations)
2026-05-06 18:28:20 |     → Trial 90/100 completed (139 evaluations)
2026-05-06 18:28:21 |     → Trial 100/100 completed (139 evaluations)
2026-05-06 18:28:21 |  Total edge attributions: 0.452119
2026-05-06 18:28:21 |  Expected (f(x) - f(x')) : 0.452119
2026-05-06 18:28:21 |  Difference: 5.551115123125783e-17 using 100 samples to calculate f(x) and f(x')
2026-05-06 18:28:21 |  Relative error: 0.0000
2026-05-06 18:28:21 |     → Instance 40/100
2026-05-06 18:28:21 |     → ShapleyFlow (Backward Path Sampling): 138 edges, 9 sources
2026-05-06 18:28:21 |     → ShapleyFlow (MC Permutation): 138 edges, 100 trials = 13,900 model calls
2026-05-06 18:28:21 |     → Trial 1/100 completed (139 evaluations)
2026-05-06 18:28:22 |     → Trial 10/100 completed (139 evaluations)
2026-05-06 18:28:23 |     → Trial 20/100 completed (139 evaluations)
2026-05-06 18:28:23 |     → Trial 30/100 completed (139 evaluations)
2026-05-06 18:28:24 |     → Trial 40/100 completed (139 evaluations)
2026-05-06 18:28:25 |     → Trial 50/100 completed (139 evaluations)
2026-05-06 18:28:25 |     → Trial 60/100 completed (139 evaluations)
2026-05-06 18:28:26 |     → Trial 70/100 completed (139 evaluations)
2026-05-06 18:28:27 |     → Trial 80/100 completed (139 evaluations)
2026-05-06 18:28:28 |     → Trial 90/100 completed (139 evaluations)
2026-05-06 18:28:28 |     → Trial 100/100 completed (139 evaluations)
2026-05-06 18:28:28 |  Total edge attributions: -0.399980
2026-05-06 18:28:28 |  Expected (f(x) - f(x')) : -0.399980
2026-05-06 18:28:28 |  Difference: 0.0 using 100 samples to calculate f(x) and f(x')
2026-05-06 18:28:28 |  Relative error: 0.0000
2026-05-06 18:28:28 |     → Instance 41/100
2026-05-06 18:28:28 |     → ShapleyFlow (Backward Path Sampling): 138 edges, 9 sources
2026-05-06 18:28:28 |     → ShapleyFlow (MC Permutation): 138 edges, 100 trials = 13,900 model calls
2026-05-06 18:28:28 |     → Trial 1/100 completed (139 evaluations)
2026-05-06 18:28:29 |     → Trial 10/100 completed (139 evaluations)
2026-05-06 18:28:30 |     → Trial 20/100 completed (139 evaluations)
2026-05-06 18:28:31 |     → Trial 30/100 completed (139 evaluations)
2026-05-06 18:28:31 |     → Trial 40/100 completed (139 evaluations)
2026-05-06 18:28:32 |     → Trial 50/100 completed (139 evaluations)
2026-05-06 18:28:33 |     → Trial 60/100 completed (139 evaluations)
2026-05-06 18:28:33 |     → Trial 70/100 completed (139 evaluations)
2026-05-06 18:28:34 |     → Trial 80/100 completed (139 evaluations)
2026-05-06 18:28:35 |     → Trial 90/100 completed (139 evaluations)
2026-05-06 18:28:35 |     → Trial 100/100 completed (139 evaluations)
2026-05-06 18:28:36 |  Total edge attributions: 3.556932
2026-05-06 18:28:36 |  Expected (f(x) - f(x')) : 3.556932
2026-05-06 18:28:36 |  Difference: 1.7763568394002505e-15 using 100 samples to calculate f(x) and f(x')
2026-05-06 18:28:36 |  Relative error: 0.0000
2026-05-06 18:28:36 |     → Instance 42/100
2026-05-06 18:28:36 |     → ShapleyFlow (Backward Path Sampling): 138 edges, 9 sources
2026-05-06 18:28:36 |     → ShapleyFlow (MC Permutation): 138 edges, 100 trials = 13,900 model calls
2026-05-06 18:28:36 |     → Trial 1/100 completed (139 evaluations)
2026-05-06 18:28:36 |     → Trial 10/100 completed (139 evaluations)
2026-05-06 18:28:37 |     → Trial 20/100 completed (139 evaluations)
2026-05-06 18:28:38 |     → Trial 30/100 completed (139 evaluations)
2026-05-06 18:28:38 |     → Trial 40/100 completed (139 evaluations)
2026-05-06 18:28:39 |     → Trial 50/100 completed (139 evaluations)
2026-05-06 18:28:40 |     → Trial 60/100 completed (139 evaluations)
2026-05-06 18:28:41 |     → Trial 70/100 completed (139 evaluations)
2026-05-06 18:28:41 |     → Trial 80/100 completed (139 evaluations)
2026-05-06 18:28:42 |     → Trial 90/100 completed (139 evaluations)
2026-05-06 18:28:43 |     → Trial 100/100 completed (139 evaluations)
2026-05-06 18:28:43 |  Total edge attributions: -0.484423
2026-05-06 18:28:43 |  Expected (f(x) - f(x')) : -0.484423
2026-05-06 18:28:43 |  Difference: 1.1102230246251565e-16 using 100 samples to calculate f(x) and f(x')
2026-05-06 18:28:43 |  Relative error: 0.0000
2026-05-06 18:28:43 |     → Instance 43/100
2026-05-06 18:28:43 |     → ShapleyFlow (Backward Path Sampling): 138 edges, 9 sources
2026-05-06 18:28:43 |     → ShapleyFlow (MC Permutation): 138 edges, 100 trials = 13,900 model calls
2026-05-06 18:28:43 |     → Trial 1/100 completed (139 evaluations)
2026-05-06 18:28:43 |     → Trial 10/100 completed (139 evaluations)
2026-05-06 18:28:44 |     → Trial 20/100 completed (139 evaluations)
2026-05-06 18:28:45 |     → Trial 30/100 completed (139 evaluations)
2026-05-06 18:28:46 |     → Trial 40/100 completed (139 evaluations)
2026-05-06 18:28:46 |     → Trial 50/100 completed (139 evaluations)
2026-05-06 18:28:47 |     → Trial 60/100 completed (139 evaluations)
2026-05-06 18:28:48 |     → Trial 70/100 completed (139 evaluations)
2026-05-06 18:28:48 |     → Trial 80/100 completed (139 evaluations)
2026-05-06 18:28:49 |     → Trial 90/100 completed (139 evaluations)
2026-05-06 18:28:50 |     → Trial 100/100 completed (139 evaluations)
2026-05-06 18:28:50 |  Total edge attributions: 1.619395
2026-05-06 18:28:50 |  Expected (f(x) - f(x')) : 1.619395
2026-05-06 18:28:50 |  Difference: 4.440892098500626e-16 using 100 samples to calculate f(x) and f(x')
2026-05-06 18:28:50 |  Relative error: 0.0000
2026-05-06 18:28:50 |     → Instance 44/100
2026-05-06 18:28:50 |     → ShapleyFlow (Backward Path Sampling): 138 edges, 9 sources
2026-05-06 18:28:50 |     → ShapleyFlow (MC Permutation): 138 edges, 100 trials = 13,900 model calls
2026-05-06 18:28:50 |     → Trial 1/100 completed (139 evaluations)
2026-05-06 18:28:51 |     → Trial 10/100 completed (139 evaluations)
2026-05-06 18:28:51 |     → Trial 20/100 completed (139 evaluations)
2026-05-06 18:28:52 |     → Trial 30/100 completed (139 evaluations)
2026-05-06 18:28:53 |     → Trial 40/100 completed (139 evaluations)
2026-05-06 18:28:53 |     → Trial 50/100 completed (139 evaluations)
2026-05-06 18:28:54 |     → Trial 60/100 completed (139 evaluations)
2026-05-06 18:28:55 |     → Trial 70/100 completed (139 evaluations)
2026-05-06 18:28:56 |     → Trial 80/100 completed (139 evaluations)
2026-05-06 18:28:56 |     → Trial 90/100 completed (139 evaluations)
2026-05-06 18:28:57 |     → Trial 100/100 completed (139 evaluations)
2026-05-06 18:28:57 |  Total edge attributions: -0.244093
2026-05-06 18:28:57 |  Expected (f(x) - f(x')) : -0.244093
2026-05-06 18:28:57 |  Difference: 2.7755575615628914e-17 using 100 samples to calculate f(x) and f(x')
2026-05-06 18:28:57 |  Relative error: 0.0000
2026-05-06 18:28:57 |     → Instance 45/100
2026-05-06 18:28:57 |     → ShapleyFlow (Backward Path Sampling): 138 edges, 9 sources
2026-05-06 18:28:57 |     → ShapleyFlow (MC Permutation): 138 edges, 100 trials = 13,900 model calls
2026-05-06 18:28:57 |     → Trial 1/100 completed (139 evaluations)
2026-05-06 18:28:58 |     → Trial 10/100 completed (139 evaluations)
2026-05-06 18:28:59 |     → Trial 20/100 completed (139 evaluations)
2026-05-06 18:28:59 |     → Trial 30/100 completed (139 evaluations)
2026-05-06 18:29:00 |     → Trial 40/100 completed (139 evaluations)
2026-05-06 18:29:01 |     → Trial 50/100 completed (139 evaluations)
2026-05-06 18:29:01 |     → Trial 60/100 completed (139 evaluations)
2026-05-06 18:29:02 |     → Trial 70/100 completed (139 evaluations)
2026-05-06 18:29:03 |     → Trial 80/100 completed (139 evaluations)
2026-05-06 18:29:04 |     → Trial 90/100 completed (139 evaluations)
2026-05-06 18:29:04 |     → Trial 100/100 completed (139 evaluations)
2026-05-06 18:29:04 |  Total edge attributions: -0.156848
2026-05-06 18:29:04 |  Expected (f(x) - f(x')) : -0.156848
2026-05-06 18:29:04 |  Difference: 2.498001805406602e-16 using 100 samples to calculate f(x) and f(x')
2026-05-06 18:29:04 |  Relative error: 0.0000
2026-05-06 18:29:04 |     → Instance 46/100
2026-05-06 18:29:04 |     → ShapleyFlow (Backward Path Sampling): 138 edges, 9 sources
2026-05-06 18:29:04 |     → ShapleyFlow (MC Permutation): 138 edges, 100 trials = 13,900 model calls
2026-05-06 18:29:04 |     → Trial 1/100 completed (139 evaluations)
2026-05-06 18:29:05 |     → Trial 10/100 completed (139 evaluations)
2026-05-06 18:29:06 |     → Trial 20/100 completed (139 evaluations)
2026-05-06 18:29:06 |     → Trial 30/100 completed (139 evaluations)
2026-05-06 18:29:07 |     → Trial 40/100 completed (139 evaluations)
2026-05-06 18:29:08 |     → Trial 50/100 completed (139 evaluations)
2026-05-06 18:29:09 |     → Trial 60/100 completed (139 evaluations)
2026-05-06 18:29:09 |     → Trial 70/100 completed (139 evaluations)
2026-05-06 18:29:10 |     → Trial 80/100 completed (139 evaluations)
2026-05-06 18:29:11 |     → Trial 90/100 completed (139 evaluations)
2026-05-06 18:29:11 |     → Trial 100/100 completed (139 evaluations)
2026-05-06 18:29:11 |  Total edge attributions: 0.217325
2026-05-06 18:29:11 |  Expected (f(x) - f(x')) : 0.217325
2026-05-06 18:29:11 |  Difference: 1.3877787807814457e-16 using 100 samples to calculate f(x) and f(x')
2026-05-06 18:29:11 |  Relative error: 0.0000
2026-05-06 18:29:11 |     → Instance 47/100
2026-05-06 18:29:11 |     → ShapleyFlow (Backward Path Sampling): 138 edges, 9 sources
2026-05-06 18:29:11 |     → ShapleyFlow (MC Permutation): 138 edges, 100 trials = 13,900 model calls
2026-05-06 18:29:12 |     → Trial 1/100 completed (139 evaluations)
2026-05-06 18:29:12 |     → Trial 10/100 completed (139 evaluations)
2026-05-06 18:29:13 |     → Trial 20/100 completed (139 evaluations)
2026-05-06 18:29:14 |     → Trial 30/100 completed (139 evaluations)
2026-05-06 18:29:14 |     → Trial 40/100 completed (139 evaluations)
2026-05-06 18:29:15 |     → Trial 50/100 completed (139 evaluations)
2026-05-06 18:29:16 |     → Trial 60/100 completed (139 evaluations)
2026-05-06 18:29:16 |     → Trial 70/100 completed (139 evaluations)
2026-05-06 18:29:17 |     → Trial 80/100 completed (139 evaluations)
2026-05-06 18:29:18 |     → Trial 90/100 completed (139 evaluations)
2026-05-06 18:29:19 |     → Trial 100/100 completed (139 evaluations)
2026-05-06 18:29:19 |  Total edge attributions: -0.549799
2026-05-06 18:29:19 |  Expected (f(x) - f(x')) : -0.549799
2026-05-06 18:29:19 |  Difference: 1.1102230246251565e-16 using 100 samples to calculate f(x) and f(x')
2026-05-06 18:29:19 |  Relative error: 0.0000
2026-05-06 18:29:19 |     → Instance 48/100
2026-05-06 18:29:19 |     → ShapleyFlow (Backward Path Sampling): 138 edges, 9 sources
2026-05-06 18:29:19 |     → ShapleyFlow (MC Permutation): 138 edges, 100 trials = 13,900 model calls
2026-05-06 18:29:19 |     → Trial 1/100 completed (139 evaluations)
2026-05-06 18:29:19 |     → Trial 10/100 completed (139 evaluations)
2026-05-06 18:29:20 |     → Trial 20/100 completed (139 evaluations)
2026-05-06 18:29:21 |     → Trial 30/100 completed (139 evaluations)
2026-05-06 18:29:22 |     → Trial 40/100 completed (139 evaluations)
2026-05-06 18:29:22 |     → Trial 50/100 completed (139 evaluations)
2026-05-06 18:29:23 |     → Trial 60/100 completed (139 evaluations)
2026-05-06 18:29:24 |     → Trial 70/100 completed (139 evaluations)
2026-05-06 18:29:24 |     → Trial 80/100 completed (139 evaluations)
2026-05-06 18:29:25 |     → Trial 90/100 completed (139 evaluations)
2026-05-06 18:29:26 |     → Trial 100/100 completed (139 evaluations)
2026-05-06 18:29:26 |  Total edge attributions: -0.504242
2026-05-06 18:29:26 |  Expected (f(x) - f(x')) : -0.504242
2026-05-06 18:29:26 |  Difference: 4.440892098500626e-16 using 100 samples to calculate f(x) and f(x')
2026-05-06 18:29:26 |  Relative error: 0.0000
2026-05-06 18:29:26 |     → Instance 49/100
2026-05-06 18:29:26 |     → ShapleyFlow (Backward Path Sampling): 138 edges, 9 sources
2026-05-06 18:29:26 |     → ShapleyFlow (MC Permutation): 138 edges, 100 trials = 13,900 model calls
2026-05-06 18:29:26 |     → Trial 1/100 completed (139 evaluations)
2026-05-06 18:29:27 |     → Trial 10/100 completed (139 evaluations)
2026-05-06 18:29:27 |     → Trial 20/100 completed (139 evaluations)
2026-05-06 18:29:28 |     → Trial 30/100 completed (139 evaluations)
2026-05-06 18:29:29 |     → Trial 40/100 completed (139 evaluations)
2026-05-06 18:29:29 |     → Trial 50/100 completed (139 evaluations)
2026-05-06 18:29:30 |     → Trial 60/100 completed (139 evaluations)
2026-05-06 18:29:31 |     → Trial 70/100 completed (139 evaluations)
2026-05-06 18:29:32 |     → Trial 80/100 completed (139 evaluations)
2026-05-06 18:29:32 |     → Trial 90/100 completed (139 evaluations)
2026-05-06 18:29:33 |     → Trial 100/100 completed (139 evaluations)
2026-05-06 18:29:33 |  Total edge attributions: 0.079357
2026-05-06 18:29:33 |  Expected (f(x) - f(x')) : 0.079357
2026-05-06 18:29:33 |  Difference: 5.551115123125783e-17 using 100 samples to calculate f(x) and f(x')
2026-05-06 18:29:33 |  Relative error: 0.0000
2026-05-06 18:29:33 |     → Instance 50/100
2026-05-06 18:29:33 |     → ShapleyFlow (Backward Path Sampling): 138 edges, 9 sources
2026-05-06 18:29:33 |     → ShapleyFlow (MC Permutation): 138 edges, 100 trials = 13,900 model calls
2026-05-06 18:29:33 |     → Trial 1/100 completed (139 evaluations)
2026-05-06 18:29:34 |     → Trial 10/100 completed (139 evaluations)
2026-05-06 18:29:34 |     → Trial 20/100 completed (139 evaluations)
2026-05-06 18:29:35 |     → Trial 30/100 completed (139 evaluations)
2026-05-06 18:29:36 |     → Trial 40/100 completed (139 evaluations)
2026-05-06 18:29:37 |     → Trial 50/100 completed (139 evaluations)
2026-05-06 18:29:37 |     → Trial 60/100 completed (139 evaluations)
2026-05-06 18:29:38 |     → Trial 70/100 completed (139 evaluations)
2026-05-06 18:29:39 |     → Trial 80/100 completed (139 evaluations)
2026-05-06 18:29:39 |     → Trial 90/100 completed (139 evaluations)
2026-05-06 18:29:40 |     → Trial 100/100 completed (139 evaluations)
2026-05-06 18:29:40 |  Total edge attributions: -0.016209
2026-05-06 18:29:40 |  Expected (f(x) - f(x')) : -0.016209
2026-05-06 18:29:40 |  Difference: 9.020562075079397e-17 using 100 samples to calculate f(x) and f(x')
2026-05-06 18:29:40 |  Relative error: 0.0000
2026-05-06 18:29:40 |     → Instance 51/100
2026-05-06 18:29:40 |     → ShapleyFlow (Backward Path Sampling): 138 edges, 9 sources
2026-05-06 18:29:40 |     → ShapleyFlow (MC Permutation): 138 edges, 100 trials = 13,900 model calls
2026-05-06 18:29:40 |     → Trial 1/100 completed (139 evaluations)
2026-05-06 18:29:41 |     → Trial 10/100 completed (139 evaluations)
2026-05-06 18:29:42 |     → Trial 20/100 completed (139 evaluations)
2026-05-06 18:29:42 |     → Trial 30/100 completed (139 evaluations)
2026-05-06 18:29:43 |     → Trial 40/100 completed (139 evaluations)
2026-05-06 18:29:44 |     → Trial 50/100 completed (139 evaluations)
2026-05-06 18:29:45 |     → Trial 60/100 completed (139 evaluations)
2026-05-06 18:29:45 |     → Trial 70/100 completed (139 evaluations)
2026-05-06 18:29:46 |     → Trial 80/100 completed (139 evaluations)
2026-05-06 18:29:47 |     → Trial 90/100 completed (139 evaluations)
2026-05-06 18:29:47 |     → Trial 100/100 completed (139 evaluations)
2026-05-06 18:29:47 |  Total edge attributions: 0.413863
2026-05-06 18:29:47 |  Expected (f(x) - f(x')) : 0.413863
2026-05-06 18:29:47 |  Difference: 1.1102230246251565e-16 using 100 samples to calculate f(x) and f(x')
2026-05-06 18:29:47 |  Relative error: 0.0000
2026-05-06 18:29:47 |     → Instance 52/100
2026-05-06 18:29:47 |     → ShapleyFlow (Backward Path Sampling): 138 edges, 9 sources
2026-05-06 18:29:47 |     → ShapleyFlow (MC Permutation): 138 edges, 100 trials = 13,900 model calls
2026-05-06 18:29:48 |     → Trial 1/100 completed (139 evaluations)
2026-05-06 18:29:48 |     → Trial 10/100 completed (139 evaluations)
2026-05-06 18:29:49 |     → Trial 20/100 completed (139 evaluations)
2026-05-06 18:29:50 |     → Trial 30/100 completed (139 evaluations)
2026-05-06 18:29:50 |     → Trial 40/100 completed (139 evaluations)
2026-05-06 18:29:51 |     → Trial 50/100 completed (139 evaluations)
2026-05-06 18:29:52 |     → Trial 60/100 completed (139 evaluations)
2026-05-06 18:29:52 |     → Trial 70/100 completed (139 evaluations)
2026-05-06 18:29:53 |     → Trial 80/100 completed (139 evaluations)
2026-05-06 18:29:54 |     → Trial 90/100 completed (139 evaluations)
2026-05-06 18:29:55 |     → Trial 100/100 completed (139 evaluations)
2026-05-06 18:29:55 |  Total edge attributions: -0.063045
2026-05-06 18:29:55 |  Expected (f(x) - f(x')) : -0.063045
2026-05-06 18:29:55 |  Difference: 1.3877787807814457e-17 using 100 samples to calculate f(x) and f(x')
2026-05-06 18:29:55 |  Relative error: 0.0000
2026-05-06 18:29:55 |     → Instance 53/100
2026-05-06 18:29:55 |     → ShapleyFlow (Backward Path Sampling): 138 edges, 9 sources
2026-05-06 18:29:55 |     → ShapleyFlow (MC Permutation): 138 edges, 100 trials = 13,900 model calls
2026-05-06 18:29:55 |     → Trial 1/100 completed (139 evaluations)
2026-05-06 18:29:55 |     → Trial 10/100 completed (139 evaluations)
2026-05-06 18:29:56 |     → Trial 20/100 completed (139 evaluations)
2026-05-06 18:29:57 |     → Trial 30/100 completed (139 evaluations)
2026-05-06 18:29:57 |     → Trial 40/100 completed (139 evaluations)
2026-05-06 18:29:58 |     → Trial 50/100 completed (139 evaluations)
2026-05-06 18:29:59 |     → Trial 60/100 completed (139 evaluations)
2026-05-06 18:30:00 |     → Trial 70/100 completed (139 evaluations)
2026-05-06 18:30:00 |     → Trial 80/100 completed (139 evaluations)
2026-05-06 18:30:01 |     → Trial 90/100 completed (139 evaluations)
2026-05-06 18:30:02 |     → Trial 100/100 completed (139 evaluations)
2026-05-06 18:30:02 |  Total edge attributions: 0.802128
2026-05-06 18:30:02 |  Expected (f(x) - f(x')) : 0.802128
2026-05-06 18:30:02 |  Difference: 4.440892098500626e-16 using 100 samples to calculate f(x) and f(x')
2026-05-06 18:30:02 |  Relative error: 0.0000
2026-05-06 18:30:02 |     → Instance 54/100
2026-05-06 18:30:02 |     → ShapleyFlow (Backward Path Sampling): 138 edges, 9 sources
2026-05-06 18:30:02 |     → ShapleyFlow (MC Permutation): 138 edges, 100 trials = 13,900 model calls
2026-05-06 18:30:02 |     → Trial 1/100 completed (139 evaluations)
2026-05-06 18:30:03 |     → Trial 10/100 completed (139 evaluations)
2026-05-06 18:30:03 |     → Trial 20/100 completed (139 evaluations)
2026-05-06 18:30:04 |     → Trial 30/100 completed (139 evaluations)
2026-05-06 18:30:05 |     → Trial 40/100 completed (139 evaluations)
2026-05-06 18:30:05 |     → Trial 50/100 completed (139 evaluations)
2026-05-06 18:30:06 |     → Trial 60/100 completed (139 evaluations)
2026-05-06 18:30:07 |     → Trial 70/100 completed (139 evaluations)
2026-05-06 18:30:07 |     → Trial 80/100 completed (139 evaluations)
2026-05-06 18:30:08 |     → Trial 90/100 completed (139 evaluations)
2026-05-06 18:30:09 |     → Trial 100/100 completed (139 evaluations)
2026-05-06 18:30:09 |  Total edge attributions: 0.807349
2026-05-06 18:30:09 |  Expected (f(x) - f(x')) : 0.807349
2026-05-06 18:30:09 |  Difference: 2.220446049250313e-16 using 100 samples to calculate f(x) and f(x')
2026-05-06 18:30:09 |  Relative error: 0.0000
2026-05-06 18:30:09 |     → Instance 55/100
2026-05-06 18:30:09 |     → ShapleyFlow (Backward Path Sampling): 138 edges, 9 sources
2026-05-06 18:30:09 |     → ShapleyFlow (MC Permutation): 138 edges, 100 trials = 13,900 model calls
2026-05-06 18:30:09 |     → Trial 1/100 completed (139 evaluations)
2026-05-06 18:30:10 |     → Trial 10/100 completed (139 evaluations)
2026-05-06 18:30:10 |     → Trial 20/100 completed (139 evaluations)
2026-05-06 18:30:11 |     → Trial 30/100 completed (139 evaluations)
2026-05-06 18:30:12 |     → Trial 40/100 completed (139 evaluations)
2026-05-06 18:30:13 |     → Trial 50/100 completed (139 evaluations)
2026-05-06 18:30:13 |     → Trial 60/100 completed (139 evaluations)
2026-05-06 18:30:14 |     → Trial 70/100 completed (139 evaluations)
2026-05-06 18:30:15 |     → Trial 80/100 completed (139 evaluations)
2026-05-06 18:30:15 |     → Trial 90/100 completed (139 evaluations)
2026-05-06 18:30:16 |     → Trial 100/100 completed (139 evaluations)
2026-05-06 18:30:16 |  Total edge attributions: 1.884142
2026-05-06 18:30:16 |  Expected (f(x) - f(x')) : 1.884142
2026-05-06 18:30:16 |  Difference: 8.881784197001252e-16 using 100 samples to calculate f(x) and f(x')
2026-05-06 18:30:16 |  Relative error: 0.0000
2026-05-06 18:30:16 |     → Instance 56/100
2026-05-06 18:30:16 |     → ShapleyFlow (Backward Path Sampling): 138 edges, 9 sources
2026-05-06 18:30:16 |     → ShapleyFlow (MC Permutation): 138 edges, 100 trials = 13,900 model calls
2026-05-06 18:30:16 |     → Trial 1/100 completed (139 evaluations)
2026-05-06 18:30:17 |     → Trial 10/100 completed (139 evaluations)
2026-05-06 18:30:18 |     → Trial 20/100 completed (139 evaluations)
2026-05-06 18:30:18 |     → Trial 30/100 completed (139 evaluations)
2026-05-06 18:30:19 |     → Trial 40/100 completed (139 evaluations)
2026-05-06 18:30:20 |     → Trial 50/100 completed (139 evaluations)
2026-05-06 18:30:20 |     → Trial 60/100 completed (139 evaluations)
2026-05-06 18:30:21 |     → Trial 70/100 completed (139 evaluations)
2026-05-06 18:30:22 |     → Trial 80/100 completed (139 evaluations)
2026-05-06 18:30:23 |     → Trial 90/100 completed (139 evaluations)
2026-05-06 18:30:23 |     → Trial 100/100 completed (139 evaluations)
2026-05-06 18:30:23 |  Total edge attributions: -0.151296
2026-05-06 18:30:23 |  Expected (f(x) - f(x')) : -0.151296
2026-05-06 18:30:23 |  Difference: 5.551115123125783e-17 using 100 samples to calculate f(x) and f(x')
2026-05-06 18:30:23 |  Relative error: 0.0000
2026-05-06 18:30:23 |     → Instance 57/100
2026-05-06 18:30:23 |     → ShapleyFlow (Backward Path Sampling): 138 edges, 9 sources
2026-05-06 18:30:23 |     → ShapleyFlow (MC Permutation): 138 edges, 100 trials = 13,900 model calls
2026-05-06 18:30:23 |     → Trial 1/100 completed (139 evaluations)
2026-05-06 18:30:24 |     → Trial 10/100 completed (139 evaluations)
2026-05-06 18:30:25 |     → Trial 20/100 completed (139 evaluations)
2026-05-06 18:30:25 |     → Trial 30/100 completed (139 evaluations)
2026-05-06 18:30:26 |     → Trial 40/100 completed (139 evaluations)
2026-05-06 18:30:27 |     → Trial 50/100 completed (139 evaluations)
2026-05-06 18:30:28 |     → Trial 60/100 completed (139 evaluations)
2026-05-06 18:30:28 |     → Trial 70/100 completed (139 evaluations)
2026-05-06 18:30:29 |     → Trial 80/100 completed (139 evaluations)
2026-05-06 18:30:30 |     → Trial 90/100 completed (139 evaluations)
2026-05-06 18:30:30 |     → Trial 100/100 completed (139 evaluations)
2026-05-06 18:30:31 |  Total edge attributions: -0.932840
2026-05-06 18:30:31 |  Expected (f(x) - f(x')) : -0.932840
2026-05-06 18:30:31 |  Difference: 0.0 using 100 samples to calculate f(x) and f(x')
2026-05-06 18:30:31 |  Relative error: 0.0000
2026-05-06 18:30:31 |     → Instance 58/100
2026-05-06 18:30:31 |     → ShapleyFlow (Backward Path Sampling): 138 edges, 9 sources
2026-05-06 18:30:31 |     → ShapleyFlow (MC Permutation): 138 edges, 100 trials = 13,900 model calls
2026-05-06 18:30:31 |     → Trial 1/100 completed (139 evaluations)
2026-05-06 18:30:31 |     → Trial 10/100 completed (139 evaluations)
2026-05-06 18:30:32 |     → Trial 20/100 completed (139 evaluations)
2026-05-06 18:30:33 |     → Trial 30/100 completed (139 evaluations)
2026-05-06 18:30:33 |     → Trial 40/100 completed (139 evaluations)
2026-05-06 18:30:34 |     → Trial 50/100 completed (139 evaluations)
2026-05-06 18:30:35 |     → Trial 60/100 completed (139 evaluations)
2026-05-06 18:30:36 |     → Trial 70/100 completed (139 evaluations)
2026-05-06 18:30:36 |     → Trial 80/100 completed (139 evaluations)
2026-05-06 18:30:37 |     → Trial 90/100 completed (139 evaluations)
2026-05-06 18:30:38 |     → Trial 100/100 completed (139 evaluations)
2026-05-06 18:30:38 |  Total edge attributions: -0.029981
2026-05-06 18:30:38 |  Expected (f(x) - f(x')) : -0.029981
2026-05-06 18:30:38 |  Difference: 5.898059818321144e-17 using 100 samples to calculate f(x) and f(x')
2026-05-06 18:30:38 |  Relative error: 0.0000
2026-05-06 18:30:38 |     → Instance 59/100
2026-05-06 18:30:38 |     → ShapleyFlow (Backward Path Sampling): 138 edges, 9 sources
2026-05-06 18:30:38 |     → ShapleyFlow (MC Permutation): 138 edges, 100 trials = 13,900 model calls
2026-05-06 18:30:38 |     → Trial 1/100 completed (139 evaluations)
2026-05-06 18:30:38 |     → Trial 10/100 completed (139 evaluations)
2026-05-06 18:30:39 |     → Trial 20/100 completed (139 evaluations)
2026-05-06 18:30:40 |     → Trial 30/100 completed (139 evaluations)
2026-05-06 18:30:41 |     → Trial 40/100 completed (139 evaluations)
2026-05-06 18:30:41 |     → Trial 50/100 completed (139 evaluations)
2026-05-06 18:30:42 |     → Trial 60/100 completed (139 evaluations)
2026-05-06 18:30:43 |     → Trial 70/100 completed (139 evaluations)
2026-05-06 18:30:43 |     → Trial 80/100 completed (139 evaluations)
2026-05-06 18:30:44 |     → Trial 90/100 completed (139 evaluations)
2026-05-06 18:30:45 |     → Trial 100/100 completed (139 evaluations)
2026-05-06 18:30:45 |  Total edge attributions: 0.306468
2026-05-06 18:30:45 |  Expected (f(x) - f(x')) : 0.306468
2026-05-06 18:30:45 |  Difference: 5.551115123125783e-17 using 100 samples to calculate f(x) and f(x')
2026-05-06 18:30:45 |  Relative error: 0.0000
2026-05-06 18:30:45 |     → Instance 60/100
2026-05-06 18:30:45 |     → ShapleyFlow (Backward Path Sampling): 138 edges, 9 sources
2026-05-06 18:30:45 |     → ShapleyFlow (MC Permutation): 138 edges, 100 trials = 13,900 model calls
2026-05-06 18:30:45 |     → Trial 1/100 completed (139 evaluations)
2026-05-06 18:30:46 |     → Trial 10/100 completed (139 evaluations)
2026-05-06 18:30:46 |     → Trial 20/100 completed (139 evaluations)
2026-05-06 18:30:47 |     → Trial 30/100 completed (139 evaluations)
2026-05-06 18:30:48 |     → Trial 40/100 completed (139 evaluations)
2026-05-06 18:30:48 |     → Trial 50/100 completed (139 evaluations)
2026-05-06 18:30:49 |     → Trial 60/100 completed (139 evaluations)
2026-05-06 18:30:50 |     → Trial 70/100 completed (139 evaluations)
2026-05-06 18:30:51 |     → Trial 80/100 completed (139 evaluations)
2026-05-06 18:30:51 |     → Trial 90/100 completed (139 evaluations)
2026-05-06 18:30:52 |     → Trial 100/100 completed (139 evaluations)
2026-05-06 18:30:52 |  Total edge attributions: -0.276547
2026-05-06 18:30:52 |  Expected (f(x) - f(x')) : -0.276547
2026-05-06 18:30:52 |  Difference: 5.551115123125783e-17 using 100 samples to calculate f(x) and f(x')
2026-05-06 18:30:52 |  Relative error: 0.0000
2026-05-06 18:30:52 |     → Instance 61/100
2026-05-06 18:30:52 |     → ShapleyFlow (Backward Path Sampling): 138 edges, 9 sources
2026-05-06 18:30:52 |     → ShapleyFlow (MC Permutation): 138 edges, 100 trials = 13,900 model calls
2026-05-06 18:30:52 |     → Trial 1/100 completed (139 evaluations)
2026-05-06 18:30:53 |     → Trial 10/100 completed (139 evaluations)
2026-05-06 18:30:54 |     → Trial 20/100 completed (139 evaluations)
2026-05-06 18:30:54 |     → Trial 30/100 completed (139 evaluations)
2026-05-06 18:30:55 |     → Trial 40/100 completed (139 evaluations)
2026-05-06 18:30:56 |     → Trial 50/100 completed (139 evaluations)
2026-05-06 18:30:56 |     → Trial 60/100 completed (139 evaluations)
2026-05-06 18:30:57 |     → Trial 70/100 completed (139 evaluations)
2026-05-06 18:30:58 |     → Trial 80/100 completed (139 evaluations)
2026-05-06 18:30:59 |     → Trial 90/100 completed (139 evaluations)
2026-05-06 18:30:59 |     → Trial 100/100 completed (139 evaluations)
2026-05-06 18:30:59 |  Total edge attributions: -6.541222
2026-05-06 18:30:59 |  Expected (f(x) - f(x')) : -6.541222
2026-05-06 18:30:59 |  Difference: 2.6645352591003757e-15 using 100 samples to calculate f(x) and f(x')
2026-05-06 18:30:59 |  Relative error: 0.0000
2026-05-06 18:30:59 |     → Instance 62/100
2026-05-06 18:30:59 |     → ShapleyFlow (Backward Path Sampling): 138 edges, 9 sources
2026-05-06 18:30:59 |     → ShapleyFlow (MC Permutation): 138 edges, 100 trials = 13,900 model calls
2026-05-06 18:30:59 |     → Trial 1/100 completed (139 evaluations)
2026-05-06 18:31:00 |     → Trial 10/100 completed (139 evaluations)
2026-05-06 18:31:01 |     → Trial 20/100 completed (139 evaluations)
2026-05-06 18:31:01 |     → Trial 30/100 completed (139 evaluations)
2026-05-06 18:31:02 |     → Trial 40/100 completed (139 evaluations)
2026-05-06 18:31:03 |     → Trial 50/100 completed (139 evaluations)
2026-05-06 18:31:04 |     → Trial 60/100 completed (139 evaluations)
2026-05-06 18:31:04 |     → Trial 70/100 completed (139 evaluations)
2026-05-06 18:31:05 |     → Trial 80/100 completed (139 evaluations)
2026-05-06 18:31:06 |     → Trial 90/100 completed (139 evaluations)
2026-05-06 18:31:06 |     → Trial 100/100 completed (139 evaluations)
2026-05-06 18:31:07 |  Total edge attributions: -0.111879
2026-05-06 18:31:07 |  Expected (f(x) - f(x')) : -0.111879
2026-05-06 18:31:07 |  Difference: 2.7755575615628914e-17 using 100 samples to calculate f(x) and f(x')
2026-05-06 18:31:07 |  Relative error: 0.0000
2026-05-06 18:31:07 |     → Instance 63/100
2026-05-06 18:31:07 |     → ShapleyFlow (Backward Path Sampling): 138 edges, 9 sources
2026-05-06 18:31:07 |     → ShapleyFlow (MC Permutation): 138 edges, 100 trials = 13,900 model calls
2026-05-06 18:31:07 |     → Trial 1/100 completed (139 evaluations)
2026-05-06 18:31:07 |     → Trial 10/100 completed (139 evaluations)
2026-05-06 18:31:08 |     → Trial 20/100 completed (139 evaluations)
2026-05-06 18:31:09 |     → Trial 30/100 completed (139 evaluations)
2026-05-06 18:31:09 |     → Trial 40/100 completed (139 evaluations)
2026-05-06 18:31:10 |     → Trial 50/100 completed (139 evaluations)
2026-05-06 18:31:11 |     → Trial 60/100 completed (139 evaluations)
2026-05-06 18:31:12 |     → Trial 70/100 completed (139 evaluations)
2026-05-06 18:31:12 |     → Trial 80/100 completed (139 evaluations)
2026-05-06 18:31:13 |     → Trial 90/100 completed (139 evaluations)
2026-05-06 18:31:14 |     → Trial 100/100 completed (139 evaluations)
2026-05-06 18:31:14 |  Total edge attributions: -0.288279
2026-05-06 18:31:14 |  Expected (f(x) - f(x')) : -0.288279
2026-05-06 18:31:14 |  Difference: 5.551115123125783e-17 using 100 samples to calculate f(x) and f(x')
2026-05-06 18:31:14 |  Relative error: 0.0000
2026-05-06 18:31:14 |     → Instance 64/100
2026-05-06 18:31:14 |     → ShapleyFlow (Backward Path Sampling): 138 edges, 9 sources
2026-05-06 18:31:14 |     → ShapleyFlow (MC Permutation): 138 edges, 100 trials = 13,900 model calls
2026-05-06 18:31:14 |     → Trial 1/100 completed (139 evaluations)
2026-05-06 18:31:14 |     → Trial 10/100 completed (139 evaluations)
2026-05-06 18:31:15 |     → Trial 20/100 completed (139 evaluations)
2026-05-06 18:31:16 |     → Trial 30/100 completed (139 evaluations)
2026-05-06 18:31:17 |     → Trial 40/100 completed (139 evaluations)
2026-05-06 18:31:17 |     → Trial 50/100 completed (139 evaluations)
2026-05-06 18:31:18 |     → Trial 60/100 completed (139 evaluations)
2026-05-06 18:31:19 |     → Trial 70/100 completed (139 evaluations)
2026-05-06 18:31:19 |     → Trial 80/100 completed (139 evaluations)
2026-05-06 18:31:20 |     → Trial 90/100 completed (139 evaluations)
2026-05-06 18:31:21 |     → Trial 100/100 completed (139 evaluations)
2026-05-06 18:31:21 |  Total edge attributions: 0.113025
2026-05-06 18:31:21 |  Expected (f(x) - f(x')) : 0.113025
2026-05-06 18:31:21 |  Difference: 4.0245584642661925e-16 using 100 samples to calculate f(x) and f(x')
2026-05-06 18:31:21 |  Relative error: 0.0000
2026-05-06 18:31:21 |     → Instance 65/100
2026-05-06 18:31:21 |     → ShapleyFlow (Backward Path Sampling): 138 edges, 9 sources
2026-05-06 18:31:21 |     → ShapleyFlow (MC Permutation): 138 edges, 100 trials = 13,900 model calls
2026-05-06 18:31:21 |     → Trial 1/100 completed (139 evaluations)
2026-05-06 18:31:22 |     → Trial 10/100 completed (139 evaluations)
2026-05-06 18:31:22 |     → Trial 20/100 completed (139 evaluations)
2026-05-06 18:31:23 |     → Trial 30/100 completed (139 evaluations)
2026-05-06 18:31:24 |     → Trial 40/100 completed (139 evaluations)
2026-05-06 18:31:25 |     → Trial 50/100 completed (139 evaluations)
2026-05-06 18:31:25 |     → Trial 60/100 completed (139 evaluations)
2026-05-06 18:31:26 |     → Trial 70/100 completed (139 evaluations)
2026-05-06 18:31:27 |     → Trial 80/100 completed (139 evaluations)
2026-05-06 18:31:27 |     → Trial 90/100 completed (139 evaluations)
2026-05-06 18:31:28 |     → Trial 100/100 completed (139 evaluations)
2026-05-06 18:31:28 |  Total edge attributions: 0.120962
2026-05-06 18:31:28 |  Expected (f(x) - f(x')) : 0.120962
2026-05-06 18:31:28 |  Difference: 1.1102230246251565e-16 using 100 samples to calculate f(x) and f(x')
2026-05-06 18:31:28 |  Relative error: 0.0000
2026-05-06 18:31:28 |     → Instance 66/100
2026-05-06 18:31:28 |     → ShapleyFlow (Backward Path Sampling): 138 edges, 9 sources
2026-05-06 18:31:28 |     → ShapleyFlow (MC Permutation): 138 edges, 100 trials = 13,900 model calls
2026-05-06 18:31:28 |     → Trial 1/100 completed (139 evaluations)
2026-05-06 18:31:29 |     → Trial 10/100 completed (139 evaluations)
2026-05-06 18:31:30 |     → Trial 20/100 completed (139 evaluations)
2026-05-06 18:31:30 |     → Trial 30/100 completed (139 evaluations)
2026-05-06 18:31:31 |     → Trial 40/100 completed (139 evaluations)
2026-05-06 18:31:32 |     → Trial 50/100 completed (139 evaluations)
2026-05-06 18:31:32 |     → Trial 60/100 completed (139 evaluations)
2026-05-06 18:31:33 |     → Trial 70/100 completed (139 evaluations)
2026-05-06 18:31:34 |     → Trial 80/100 completed (139 evaluations)
2026-05-06 18:31:35 |     → Trial 90/100 completed (139 evaluations)
2026-05-06 18:31:35 |     → Trial 100/100 completed (139 evaluations)
2026-05-06 18:31:35 |  Total edge attributions: 0.042321
2026-05-06 18:31:35 |  Expected (f(x) - f(x')) : 0.042321
2026-05-06 18:31:35 |  Difference: 2.220446049250313e-16 using 100 samples to calculate f(x) and f(x')
2026-05-06 18:31:35 |  Relative error: 0.0000
2026-05-06 18:31:35 |     → Instance 67/100
2026-05-06 18:31:35 |     → ShapleyFlow (Backward Path Sampling): 138 edges, 9 sources
2026-05-06 18:31:35 |     → ShapleyFlow (MC Permutation): 138 edges, 100 trials = 13,900 model calls
2026-05-06 18:31:35 |     → Trial 1/100 completed (139 evaluations)
2026-05-06 18:31:36 |     → Trial 10/100 completed (139 evaluations)
2026-05-06 18:31:37 |     → Trial 20/100 completed (139 evaluations)
2026-05-06 18:31:38 |     → Trial 30/100 completed (139 evaluations)
2026-05-06 18:31:38 |     → Trial 40/100 completed (139 evaluations)
2026-05-06 18:31:39 |     → Trial 50/100 completed (139 evaluations)
2026-05-06 18:31:40 |     → Trial 60/100 completed (139 evaluations)
2026-05-06 18:31:40 |     → Trial 70/100 completed (139 evaluations)
2026-05-06 18:31:41 |     → Trial 80/100 completed (139 evaluations)
2026-05-06 18:31:42 |     → Trial 90/100 completed (139 evaluations)
2026-05-06 18:31:43 |     → Trial 100/100 completed (139 evaluations)
2026-05-06 18:31:43 |  Total edge attributions: -0.483271
2026-05-06 18:31:43 |  Expected (f(x) - f(x')) : -0.483271
2026-05-06 18:31:43 |  Difference: 1.1102230246251565e-16 using 100 samples to calculate f(x) and f(x')
2026-05-06 18:31:43 |  Relative error: 0.0000
2026-05-06 18:31:43 |     → Instance 68/100
2026-05-06 18:31:43 |     → ShapleyFlow (Backward Path Sampling): 138 edges, 9 sources
2026-05-06 18:31:43 |     → ShapleyFlow (MC Permutation): 138 edges, 100 trials = 13,900 model calls
2026-05-06 18:31:43 |     → Trial 1/100 completed (139 evaluations)
2026-05-06 18:31:43 |     → Trial 10/100 completed (139 evaluations)
2026-05-06 18:31:44 |     → Trial 20/100 completed (139 evaluations)
2026-05-06 18:31:45 |     → Trial 30/100 completed (139 evaluations)
2026-05-06 18:31:45 |     → Trial 40/100 completed (139 evaluations)
2026-05-06 18:31:46 |     → Trial 50/100 completed (139 evaluations)
2026-05-06 18:31:47 |     → Trial 60/100 completed (139 evaluations)
2026-05-06 18:31:48 |     → Trial 70/100 completed (139 evaluations)
2026-05-06 18:31:48 |     → Trial 80/100 completed (139 evaluations)
2026-05-06 18:31:49 |     → Trial 90/100 completed (139 evaluations)
2026-05-06 18:31:50 |     → Trial 100/100 completed (139 evaluations)
2026-05-06 18:31:50 |  Total edge attributions: -0.005508
2026-05-06 18:31:50 |  Expected (f(x) - f(x')) : -0.005508
2026-05-06 18:31:50 |  Difference: 1.3010426069826053e-16 using 100 samples to calculate f(x) and f(x')
2026-05-06 18:31:50 |  Relative error: 0.0000
2026-05-06 18:31:50 |     → Instance 69/100
2026-05-06 18:31:50 |     → ShapleyFlow (Backward Path Sampling): 138 edges, 9 sources
2026-05-06 18:31:50 |     → ShapleyFlow (MC Permutation): 138 edges, 100 trials = 13,900 model calls
2026-05-06 18:31:50 |     → Trial 1/100 completed (139 evaluations)
2026-05-06 18:31:51 |     → Trial 10/100 completed (139 evaluations)
2026-05-06 18:31:51 |     → Trial 20/100 completed (139 evaluations)
2026-05-06 18:31:52 |     → Trial 30/100 completed (139 evaluations)
2026-05-06 18:31:53 |     → Trial 40/100 completed (139 evaluations)
2026-05-06 18:31:53 |     → Trial 50/100 completed (139 evaluations)
2026-05-06 18:31:54 |     → Trial 60/100 completed (139 evaluations)
2026-05-06 18:31:55 |     → Trial 70/100 completed (139 evaluations)
2026-05-06 18:31:55 |     → Trial 80/100 completed (139 evaluations)
2026-05-06 18:31:56 |     → Trial 90/100 completed (139 evaluations)
2026-05-06 18:31:57 |     → Trial 100/100 completed (139 evaluations)
2026-05-06 18:31:57 |  Total edge attributions: -0.221925
2026-05-06 18:31:57 |  Expected (f(x) - f(x')) : -0.221925
2026-05-06 18:31:57 |  Difference: 3.0531133177191805e-16 using 100 samples to calculate f(x) and f(x')
2026-05-06 18:31:57 |  Relative error: 0.0000
2026-05-06 18:31:57 |     → Instance 70/100
2026-05-06 18:31:57 |     → ShapleyFlow (Backward Path Sampling): 138 edges, 9 sources
2026-05-06 18:31:57 |     → ShapleyFlow (MC Permutation): 138 edges, 100 trials = 13,900 model calls
2026-05-06 18:31:57 |     → Trial 1/100 completed (139 evaluations)
2026-05-06 18:31:58 |     → Trial 10/100 completed (139 evaluations)
2026-05-06 18:31:58 |     → Trial 20/100 completed (139 evaluations)
2026-05-06 18:31:59 |     → Trial 30/100 completed (139 evaluations)
2026-05-06 18:32:00 |     → Trial 40/100 completed (139 evaluations)
2026-05-06 18:32:01 |     → Trial 50/100 completed (139 evaluations)
2026-05-06 18:32:01 |     → Trial 60/100 completed (139 evaluations)
2026-05-06 18:32:02 |     → Trial 70/100 completed (139 evaluations)
2026-05-06 18:32:03 |     → Trial 80/100 completed (139 evaluations)
2026-05-06 18:32:03 |     → Trial 90/100 completed (139 evaluations)
2026-05-06 18:32:04 |     → Trial 100/100 completed (139 evaluations)
2026-05-06 18:32:04 |  Total edge attributions: -0.072651
2026-05-06 18:32:04 |  Expected (f(x) - f(x')) : -0.072651
2026-05-06 18:32:04 |  Difference: 2.7755575615628914e-17 using 100 samples to calculate f(x) and f(x')
2026-05-06 18:32:04 |  Relative error: 0.0000
2026-05-06 18:32:04 |     → Instance 71/100
2026-05-06 18:32:04 |     → ShapleyFlow (Backward Path Sampling): 138 edges, 9 sources
2026-05-06 18:32:04 |     → ShapleyFlow (MC Permutation): 138 edges, 100 trials = 13,900 model calls
2026-05-06 18:32:04 |     → Trial 1/100 completed (139 evaluations)
2026-05-06 18:32:05 |     → Trial 10/100 completed (139 evaluations)
2026-05-06 18:32:06 |     → Trial 20/100 completed (139 evaluations)
2026-05-06 18:32:06 |     → Trial 30/100 completed (139 evaluations)
2026-05-06 18:32:07 |     → Trial 40/100 completed (139 evaluations)
2026-05-06 18:32:08 |     → Trial 50/100 completed (139 evaluations)
2026-05-06 18:32:08 |     → Trial 60/100 completed (139 evaluations)
2026-05-06 18:32:09 |     → Trial 70/100 completed (139 evaluations)
2026-05-06 18:32:10 |     → Trial 80/100 completed (139 evaluations)
2026-05-06 18:32:11 |     → Trial 90/100 completed (139 evaluations)
2026-05-06 18:32:11 |     → Trial 100/100 completed (139 evaluations)
2026-05-06 18:32:11 |  Total edge attributions: -0.467933
2026-05-06 18:32:11 |  Expected (f(x) - f(x')) : -0.467933
2026-05-06 18:32:11 |  Difference: 1.1102230246251565e-16 using 100 samples to calculate f(x) and f(x')
2026-05-06 18:32:11 |  Relative error: 0.0000
2026-05-06 18:32:11 |     → Instance 72/100
2026-05-06 18:32:11 |     → ShapleyFlow (Backward Path Sampling): 138 edges, 9 sources
2026-05-06 18:32:11 |     → ShapleyFlow (MC Permutation): 138 edges, 100 trials = 13,900 model calls
2026-05-06 18:32:11 |     → Trial 1/100 completed (139 evaluations)
2026-05-06 18:32:12 |     → Trial 10/100 completed (139 evaluations)
2026-05-06 18:32:13 |     → Trial 20/100 completed (139 evaluations)
2026-05-06 18:32:14 |     → Trial 30/100 completed (139 evaluations)
2026-05-06 18:32:14 |     → Trial 40/100 completed (139 evaluations)
2026-05-06 18:32:15 |     → Trial 50/100 completed (139 evaluations)
2026-05-06 18:32:16 |     → Trial 60/100 completed (139 evaluations)
2026-05-06 18:32:16 |     → Trial 70/100 completed (139 evaluations)
2026-05-06 18:32:17 |     → Trial 80/100 completed (139 evaluations)
2026-05-06 18:32:18 |     → Trial 90/100 completed (139 evaluations)
2026-05-06 18:32:19 |     → Trial 100/100 completed (139 evaluations)
2026-05-06 18:32:19 |  Total edge attributions: -0.566718
2026-05-06 18:32:19 |  Expected (f(x) - f(x')) : -0.566718
2026-05-06 18:32:19 |  Difference: 2.220446049250313e-16 using 100 samples to calculate f(x) and f(x')
2026-05-06 18:32:19 |  Relative error: 0.0000
2026-05-06 18:32:19 |     → Instance 73/100
2026-05-06 18:32:19 |     → ShapleyFlow (Backward Path Sampling): 138 edges, 9 sources
2026-05-06 18:32:19 |     → ShapleyFlow (MC Permutation): 138 edges, 100 trials = 13,900 model calls
2026-05-06 18:32:19 |     → Trial 1/100 completed (139 evaluations)
2026-05-06 18:32:19 |     → Trial 10/100 completed (139 evaluations)
2026-05-06 18:32:20 |     → Trial 20/100 completed (139 evaluations)
2026-05-06 18:32:21 |     → Trial 30/100 completed (139 evaluations)
2026-05-06 18:32:21 |     → Trial 40/100 completed (139 evaluations)
2026-05-06 18:32:22 |     → Trial 50/100 completed (139 evaluations)
2026-05-06 18:32:23 |     → Trial 60/100 completed (139 evaluations)
2026-05-06 18:32:24 |     → Trial 70/100 completed (139 evaluations)
2026-05-06 18:32:24 |     → Trial 80/100 completed (139 evaluations)
2026-05-06 18:32:25 |     → Trial 90/100 completed (139 evaluations)
2026-05-06 18:32:26 |     → Trial 100/100 completed (139 evaluations)
2026-05-06 18:32:26 |  Total edge attributions: 0.514372
2026-05-06 18:32:26 |  Expected (f(x) - f(x')) : 0.514372
2026-05-06 18:32:26 |  Difference: 1.1102230246251565e-16 using 100 samples to calculate f(x) and f(x')
2026-05-06 18:32:26 |  Relative error: 0.0000
2026-05-06 18:32:26 |     → Instance 74/100
2026-05-06 18:32:26 |     → ShapleyFlow (Backward Path Sampling): 138 edges, 9 sources
2026-05-06 18:32:26 |     → ShapleyFlow (MC Permutation): 138 edges, 100 trials = 13,900 model calls
2026-05-06 18:32:26 |     → Trial 1/100 completed (139 evaluations)
2026-05-06 18:32:27 |     → Trial 10/100 completed (139 evaluations)
2026-05-06 18:32:27 |     → Trial 20/100 completed (139 evaluations)
2026-05-06 18:32:28 |     → Trial 30/100 completed (139 evaluations)
2026-05-06 18:32:29 |     → Trial 40/100 completed (139 evaluations)
2026-05-06 18:32:29 |     → Trial 50/100 completed (139 evaluations)
2026-05-06 18:32:30 |     → Trial 60/100 completed (139 evaluations)
2026-05-06 18:32:31 |     → Trial 70/100 completed (139 evaluations)
2026-05-06 18:32:32 |     → Trial 80/100 completed (139 evaluations)
2026-05-06 18:32:32 |     → Trial 90/100 completed (139 evaluations)
2026-05-06 18:32:33 |     → Trial 100/100 completed (139 evaluations)
2026-05-06 18:32:33 |  Total edge attributions: 0.342324
2026-05-06 18:32:33 |  Expected (f(x) - f(x')) : 0.342324
2026-05-06 18:32:33 |  Difference: 0.0 using 100 samples to calculate f(x) and f(x')
2026-05-06 18:32:33 |  Relative error: 0.0000
2026-05-06 18:32:33 |     → Instance 75/100
2026-05-06 18:32:33 |     → ShapleyFlow (Backward Path Sampling): 138 edges, 9 sources
2026-05-06 18:32:33 |     → ShapleyFlow (MC Permutation): 138 edges, 100 trials = 13,900 model calls
2026-05-06 18:32:33 |     → Trial 1/100 completed (139 evaluations)
2026-05-06 18:32:34 |     → Trial 10/100 completed (139 evaluations)
2026-05-06 18:32:34 |     → Trial 20/100 completed (139 evaluations)
2026-05-06 18:32:35 |     → Trial 30/100 completed (139 evaluations)
2026-05-06 18:32:36 |     → Trial 40/100 completed (139 evaluations)
2026-05-06 18:32:37 |     → Trial 50/100 completed (139 evaluations)
2026-05-06 18:32:37 |     → Trial 60/100 completed (139 evaluations)
2026-05-06 18:32:38 |     → Trial 70/100 completed (139 evaluations)
2026-05-06 18:32:39 |     → Trial 80/100 completed (139 evaluations)
2026-05-06 18:32:39 |     → Trial 90/100 completed (139 evaluations)
2026-05-06 18:32:40 |     → Trial 100/100 completed (139 evaluations)
2026-05-06 18:32:40 |  Total edge attributions: -0.126465
2026-05-06 18:32:40 |  Expected (f(x) - f(x')) : -0.126465
2026-05-06 18:32:40 |  Difference: 1.3877787807814457e-16 using 100 samples to calculate f(x) and f(x')
2026-05-06 18:32:40 |  Relative error: 0.0000
2026-05-06 18:32:40 |     → Instance 76/100
2026-05-06 18:32:40 |     → ShapleyFlow (Backward Path Sampling): 138 edges, 9 sources
2026-05-06 18:32:40 |     → ShapleyFlow (MC Permutation): 138 edges, 100 trials = 13,900 model calls
2026-05-06 18:32:40 |     → Trial 1/100 completed (139 evaluations)
2026-05-06 18:32:41 |     → Trial 10/100 completed (139 evaluations)
2026-05-06 18:32:42 |     → Trial 20/100 completed (139 evaluations)
2026-05-06 18:32:42 |     → Trial 30/100 completed (139 evaluations)
2026-05-06 18:32:43 |     → Trial 40/100 completed (139 evaluations)
2026-05-06 18:32:44 |     → Trial 50/100 completed (139 evaluations)
2026-05-06 18:32:44 |     → Trial 60/100 completed (139 evaluations)
2026-05-06 18:32:45 |     → Trial 70/100 completed (139 evaluations)
2026-05-06 18:32:46 |     → Trial 80/100 completed (139 evaluations)
2026-05-06 18:32:47 |     → Trial 90/100 completed (139 evaluations)
2026-05-06 18:32:47 |     → Trial 100/100 completed (139 evaluations)
2026-05-06 18:32:47 |  Total edge attributions: 0.488139
2026-05-06 18:32:47 |  Expected (f(x) - f(x')) : 0.488139
2026-05-06 18:32:47 |  Difference: 2.7755575615628914e-16 using 100 samples to calculate f(x) and f(x')
2026-05-06 18:32:47 |  Relative error: 0.0000
2026-05-06 18:32:47 |     → Instance 77/100
2026-05-06 18:32:47 |     → ShapleyFlow (Backward Path Sampling): 138 edges, 9 sources
2026-05-06 18:32:47 |     → ShapleyFlow (MC Permutation): 138 edges, 100 trials = 13,900 model calls
2026-05-06 18:32:47 |     → Trial 1/100 completed (139 evaluations)
2026-05-06 18:32:48 |     → Trial 10/100 completed (139 evaluations)
2026-05-06 18:32:49 |     → Trial 20/100 completed (139 evaluations)
2026-05-06 18:32:50 |     → Trial 30/100 completed (139 evaluations)
2026-05-06 18:32:50 |     → Trial 40/100 completed (139 evaluations)
2026-05-06 18:32:51 |     → Trial 50/100 completed (139 evaluations)
2026-05-06 18:32:52 |     → Trial 60/100 completed (139 evaluations)
2026-05-06 18:32:52 |     → Trial 70/100 completed (139 evaluations)
2026-05-06 18:32:53 |     → Trial 80/100 completed (139 evaluations)
2026-05-06 18:32:54 |     → Trial 90/100 completed (139 evaluations)
2026-05-06 18:32:54 |     → Trial 100/100 completed (139 evaluations)
2026-05-06 18:32:55 |  Total edge attributions: 0.255257
2026-05-06 18:32:55 |  Expected (f(x) - f(x')) : 0.255257
2026-05-06 18:32:55 |  Difference: 0.0 using 100 samples to calculate f(x) and f(x')
2026-05-06 18:32:55 |  Relative error: 0.0000
2026-05-06 18:32:55 |     → Instance 78/100
2026-05-06 18:32:55 |     → ShapleyFlow (Backward Path Sampling): 138 edges, 9 sources
2026-05-06 18:32:55 |     → ShapleyFlow (MC Permutation): 138 edges, 100 trials = 13,900 model calls
2026-05-06 18:32:55 |     → Trial 1/100 completed (139 evaluations)
2026-05-06 18:32:55 |     → Trial 10/100 completed (139 evaluations)
2026-05-06 18:32:56 |     → Trial 20/100 completed (139 evaluations)
2026-05-06 18:32:57 |     → Trial 30/100 completed (139 evaluations)
2026-05-06 18:32:57 |     → Trial 40/100 completed (139 evaluations)
2026-05-06 18:32:58 |     → Trial 50/100 completed (139 evaluations)
2026-05-06 18:32:59 |     → Trial 60/100 completed (139 evaluations)
2026-05-06 18:33:00 |     → Trial 70/100 completed (139 evaluations)
2026-05-06 18:33:00 |     → Trial 80/100 completed (139 evaluations)
2026-05-06 18:33:01 |     → Trial 90/100 completed (139 evaluations)
2026-05-06 18:33:02 |     → Trial 100/100 completed (139 evaluations)
2026-05-06 18:33:02 |  Total edge attributions: 0.351915
2026-05-06 18:33:02 |  Expected (f(x) - f(x')) : 0.351915
2026-05-06 18:33:02 |  Difference: 5.551115123125783e-17 using 100 samples to calculate f(x) and f(x')
2026-05-06 18:33:02 |  Relative error: 0.0000
2026-05-06 18:33:02 |     → Instance 79/100
2026-05-06 18:33:02 |     → ShapleyFlow (Backward Path Sampling): 138 edges, 9 sources
2026-05-06 18:33:02 |     → ShapleyFlow (MC Permutation): 138 edges, 100 trials = 13,900 model calls
2026-05-06 18:33:02 |     → Trial 1/100 completed (139 evaluations)
2026-05-06 18:33:03 |     → Trial 10/100 completed (139 evaluations)
2026-05-06 18:33:03 |     → Trial 20/100 completed (139 evaluations)
2026-05-06 18:33:04 |     → Trial 30/100 completed (139 evaluations)
2026-05-06 18:33:05 |     → Trial 40/100 completed (139 evaluations)
2026-05-06 18:33:05 |     → Trial 50/100 completed (139 evaluations)
2026-05-06 18:33:06 |     → Trial 60/100 completed (139 evaluations)
2026-05-06 18:33:07 |     → Trial 70/100 completed (139 evaluations)
2026-05-06 18:33:07 |     → Trial 80/100 completed (139 evaluations)
2026-05-06 18:33:08 |     → Trial 90/100 completed (139 evaluations)
2026-05-06 18:33:09 |     → Trial 100/100 completed (139 evaluations)
2026-05-06 18:33:09 |  Total edge attributions: -0.174563
2026-05-06 18:33:09 |  Expected (f(x) - f(x')) : -0.174563
2026-05-06 18:33:09 |  Difference: 3.608224830031759e-16 using 100 samples to calculate f(x) and f(x')
2026-05-06 18:33:09 |  Relative error: 0.0000
2026-05-06 18:33:09 |     → Instance 80/100
2026-05-06 18:33:09 |     → ShapleyFlow (Backward Path Sampling): 138 edges, 9 sources
2026-05-06 18:33:09 |     → ShapleyFlow (MC Permutation): 138 edges, 100 trials = 13,900 model calls
2026-05-06 18:33:09 |     → Trial 1/100 completed (139 evaluations)
2026-05-06 18:33:10 |     → Trial 10/100 completed (139 evaluations)
2026-05-06 18:33:10 |     → Trial 20/100 completed (139 evaluations)
2026-05-06 18:33:11 |     → Trial 30/100 completed (139 evaluations)
2026-05-06 18:33:12 |     → Trial 40/100 completed (139 evaluations)
2026-05-06 18:33:13 |     → Trial 50/100 completed (139 evaluations)
2026-05-06 18:33:13 |     → Trial 60/100 completed (139 evaluations)
2026-05-06 18:33:14 |     → Trial 70/100 completed (139 evaluations)
2026-05-06 18:33:15 |     → Trial 80/100 completed (139 evaluations)
2026-05-06 18:33:15 |     → Trial 90/100 completed (139 evaluations)
2026-05-06 18:33:16 |     → Trial 100/100 completed (139 evaluations)
2026-05-06 18:33:16 |  Total edge attributions: 0.291909
2026-05-06 18:33:16 |  Expected (f(x) - f(x')) : 0.291909
2026-05-06 18:33:16 |  Difference: 0.0 using 100 samples to calculate f(x) and f(x')
2026-05-06 18:33:16 |  Relative error: 0.0000
2026-05-06 18:33:16 |     → Instance 81/100
2026-05-06 18:33:16 |     → ShapleyFlow (Backward Path Sampling): 138 edges, 9 sources
2026-05-06 18:33:16 |     → ShapleyFlow (MC Permutation): 138 edges, 100 trials = 13,900 model calls
2026-05-06 18:33:16 |     → Trial 1/100 completed (139 evaluations)
2026-05-06 18:33:17 |     → Trial 10/100 completed (139 evaluations)
2026-05-06 18:33:18 |     → Trial 20/100 completed (139 evaluations)
2026-05-06 18:33:18 |     → Trial 30/100 completed (139 evaluations)
2026-05-06 18:33:19 |     → Trial 40/100 completed (139 evaluations)
2026-05-06 18:33:20 |     → Trial 50/100 completed (139 evaluations)
2026-05-06 18:33:21 |     → Trial 60/100 completed (139 evaluations)
2026-05-06 18:33:21 |     → Trial 70/100 completed (139 evaluations)
2026-05-06 18:33:22 |     → Trial 80/100 completed (139 evaluations)
2026-05-06 18:33:23 |     → Trial 90/100 completed (139 evaluations)
2026-05-06 18:33:23 |     → Trial 100/100 completed (139 evaluations)
2026-05-06 18:33:23 |  Total edge attributions: 0.523185
2026-05-06 18:33:23 |  Expected (f(x) - f(x')) : 0.523185
2026-05-06 18:33:23 |  Difference: 1.1102230246251565e-16 using 100 samples to calculate f(x) and f(x')
2026-05-06 18:33:23 |  Relative error: 0.0000
2026-05-06 18:33:23 |     → Instance 82/100
2026-05-06 18:33:23 |     → ShapleyFlow (Backward Path Sampling): 138 edges, 9 sources
2026-05-06 18:33:23 |     → ShapleyFlow (MC Permutation): 138 edges, 100 trials = 13,900 model calls
2026-05-06 18:33:24 |     → Trial 1/100 completed (139 evaluations)
2026-05-06 18:33:24 |     → Trial 10/100 completed (139 evaluations)
2026-05-06 18:33:25 |     → Trial 20/100 completed (139 evaluations)
2026-05-06 18:33:26 |     → Trial 30/100 completed (139 evaluations)
2026-05-06 18:33:26 |     → Trial 40/100 completed (139 evaluations)
2026-05-06 18:33:27 |     → Trial 50/100 completed (139 evaluations)
2026-05-06 18:33:28 |     → Trial 60/100 completed (139 evaluations)
2026-05-06 18:33:28 |     → Trial 70/100 completed (139 evaluations)
2026-05-06 18:33:29 |     → Trial 80/100 completed (139 evaluations)
2026-05-06 18:33:30 |     → Trial 90/100 completed (139 evaluations)
2026-05-06 18:33:30 |     → Trial 100/100 completed (139 evaluations)
2026-05-06 18:33:31 |  Total edge attributions: -0.286729
2026-05-06 18:33:31 |  Expected (f(x) - f(x')) : -0.286729
2026-05-06 18:33:31 |  Difference: 5.551115123125783e-17 using 100 samples to calculate f(x) and f(x')
2026-05-06 18:33:31 |  Relative error: 0.0000
2026-05-06 18:33:31 |     → Instance 83/100
2026-05-06 18:33:31 |     → ShapleyFlow (Backward Path Sampling): 138 edges, 9 sources
2026-05-06 18:33:31 |     → ShapleyFlow (MC Permutation): 138 edges, 100 trials = 13,900 model calls
2026-05-06 18:33:31 |     → Trial 1/100 completed (139 evaluations)
2026-05-06 18:33:31 |     → Trial 10/100 completed (139 evaluations)
2026-05-06 18:33:32 |     → Trial 20/100 completed (139 evaluations)
2026-05-06 18:33:33 |     → Trial 30/100 completed (139 evaluations)
2026-05-06 18:33:33 |     → Trial 40/100 completed (139 evaluations)
2026-05-06 18:33:34 |     → Trial 50/100 completed (139 evaluations)
2026-05-06 18:33:35 |     → Trial 60/100 completed (139 evaluations)
2026-05-06 18:33:35 |     → Trial 70/100 completed (139 evaluations)
2026-05-06 18:33:36 |     → Trial 80/100 completed (139 evaluations)
2026-05-06 18:33:37 |     → Trial 90/100 completed (139 evaluations)
2026-05-06 18:33:37 |     → Trial 100/100 completed (139 evaluations)
2026-05-06 18:33:38 |  Total edge attributions: 0.141064
2026-05-06 18:33:38 |  Expected (f(x) - f(x')) : 0.141064
2026-05-06 18:33:38 |  Difference: 8.326672684688674e-17 using 100 samples to calculate f(x) and f(x')
2026-05-06 18:33:38 |  Relative error: 0.0000
2026-05-06 18:33:38 |     → Instance 84/100
2026-05-06 18:33:38 |     → ShapleyFlow (Backward Path Sampling): 138 edges, 9 sources
2026-05-06 18:33:38 |     → ShapleyFlow (MC Permutation): 138 edges, 100 trials = 13,900 model calls
2026-05-06 18:33:38 |     → Trial 1/100 completed (139 evaluations)
2026-05-06 18:33:38 |     → Trial 10/100 completed (139 evaluations)
2026-05-06 18:33:39 |     → Trial 20/100 completed (139 evaluations)
2026-05-06 18:33:39 |     → Trial 30/100 completed (139 evaluations)
2026-05-06 18:33:40 |     → Trial 40/100 completed (139 evaluations)
2026-05-06 18:33:41 |     → Trial 50/100 completed (139 evaluations)
2026-05-06 18:33:42 |     → Trial 60/100 completed (139 evaluations)
2026-05-06 18:33:42 |     → Trial 70/100 completed (139 evaluations)
2026-05-06 18:33:43 |     → Trial 80/100 completed (139 evaluations)
2026-05-06 18:33:44 |     → Trial 90/100 completed (139 evaluations)
2026-05-06 18:33:44 |     → Trial 100/100 completed (139 evaluations)
2026-05-06 18:33:45 |  Total edge attributions: -0.639126
2026-05-06 18:33:45 |  Expected (f(x) - f(x')) : -0.639126
2026-05-06 18:33:45 |  Difference: 4.440892098500626e-16 using 100 samples to calculate f(x) and f(x')
2026-05-06 18:33:45 |  Relative error: 0.0000
2026-05-06 18:33:45 |     → Instance 85/100
2026-05-06 18:33:45 |     → ShapleyFlow (Backward Path Sampling): 138 edges, 9 sources
2026-05-06 18:33:45 |     → ShapleyFlow (MC Permutation): 138 edges, 100 trials = 13,900 model calls
2026-05-06 18:33:45 |     → Trial 1/100 completed (139 evaluations)
2026-05-06 18:33:45 |     → Trial 10/100 completed (139 evaluations)
2026-05-06 18:33:46 |     → Trial 20/100 completed (139 evaluations)
2026-05-06 18:33:47 |     → Trial 30/100 completed (139 evaluations)
2026-05-06 18:33:47 |     → Trial 40/100 completed (139 evaluations)
2026-05-06 18:33:48 |     → Trial 50/100 completed (139 evaluations)
2026-05-06 18:33:49 |     → Trial 60/100 completed (139 evaluations)
2026-05-06 18:33:49 |     → Trial 70/100 completed (139 evaluations)
2026-05-06 18:33:50 |     → Trial 80/100 completed (139 evaluations)
2026-05-06 18:33:51 |     → Trial 90/100 completed (139 evaluations)
2026-05-06 18:33:51 |     → Trial 100/100 completed (139 evaluations)
2026-05-06 18:33:52 |  Total edge attributions: -0.702772
2026-05-06 18:33:52 |  Expected (f(x) - f(x')) : -0.702772
2026-05-06 18:33:52 |  Difference: 2.220446049250313e-16 using 100 samples to calculate f(x) and f(x')
2026-05-06 18:33:52 |  Relative error: 0.0000
2026-05-06 18:33:52 |     → Instance 86/100
2026-05-06 18:33:52 |     → ShapleyFlow (Backward Path Sampling): 138 edges, 9 sources
2026-05-06 18:33:52 |     → ShapleyFlow (MC Permutation): 138 edges, 100 trials = 13,900 model calls
2026-05-06 18:33:52 |     → Trial 1/100 completed (139 evaluations)
2026-05-06 18:33:52 |     → Trial 10/100 completed (139 evaluations)
2026-05-06 18:33:53 |     → Trial 20/100 completed (139 evaluations)
2026-05-06 18:33:54 |     → Trial 30/100 completed (139 evaluations)
2026-05-06 18:33:54 |     → Trial 40/100 completed (139 evaluations)
2026-05-06 18:33:55 |     → Trial 50/100 completed (139 evaluations)
2026-05-06 18:33:56 |     → Trial 60/100 completed (139 evaluations)
2026-05-06 18:33:56 |     → Trial 70/100 completed (139 evaluations)
2026-05-06 18:33:57 |     → Trial 80/100 completed (139 evaluations)
2026-05-06 18:33:58 |     → Trial 90/100 completed (139 evaluations)
2026-05-06 18:33:59 |     → Trial 100/100 completed (139 evaluations)
2026-05-06 18:33:59 |  Total edge attributions: -0.378392
2026-05-06 18:33:59 |  Expected (f(x) - f(x')) : -0.378392
2026-05-06 18:33:59 |  Difference: 0.0 using 100 samples to calculate f(x) and f(x')
2026-05-06 18:33:59 |  Relative error: 0.0000
2026-05-06 18:33:59 |     → Instance 87/100
2026-05-06 18:33:59 |     → ShapleyFlow (Backward Path Sampling): 138 edges, 9 sources
2026-05-06 18:33:59 |     → ShapleyFlow (MC Permutation): 138 edges, 100 trials = 13,900 model calls
2026-05-06 18:33:59 |     → Trial 1/100 completed (139 evaluations)
2026-05-06 18:33:59 |     → Trial 10/100 completed (139 evaluations)
2026-05-06 18:34:00 |     → Trial 20/100 completed (139 evaluations)
2026-05-06 18:34:01 |     → Trial 30/100 completed (139 evaluations)
2026-05-06 18:34:02 |     → Trial 40/100 completed (139 evaluations)
2026-05-06 18:34:02 |     → Trial 50/100 completed (139 evaluations)
2026-05-06 18:34:03 |     → Trial 60/100 completed (139 evaluations)
2026-05-06 18:34:04 |     → Trial 70/100 completed (139 evaluations)
2026-05-06 18:34:04 |     → Trial 80/100 completed (139 evaluations)
2026-05-06 18:34:05 |     → Trial 90/100 completed (139 evaluations)
2026-05-06 18:34:06 |     → Trial 100/100 completed (139 evaluations)
2026-05-06 18:34:06 |  Total edge attributions: 0.190671
2026-05-06 18:34:06 |  Expected (f(x) - f(x')) : 0.190671
2026-05-06 18:34:06 |  Difference: 0.0 using 100 samples to calculate f(x) and f(x')
2026-05-06 18:34:06 |  Relative error: 0.0000
2026-05-06 18:34:06 |     → Instance 88/100
2026-05-06 18:34:06 |     → ShapleyFlow (Backward Path Sampling): 138 edges, 9 sources
2026-05-06 18:34:06 |     → ShapleyFlow (MC Permutation): 138 edges, 100 trials = 13,900 model calls
2026-05-06 18:34:06 |     → Trial 1/100 completed (139 evaluations)
2026-05-06 18:34:07 |     → Trial 10/100 completed (139 evaluations)
2026-05-06 18:34:07 |     → Trial 20/100 completed (139 evaluations)
2026-05-06 18:34:08 |     → Trial 30/100 completed (139 evaluations)
2026-05-06 18:34:09 |     → Trial 40/100 completed (139 evaluations)
2026-05-06 18:34:09 |     → Trial 50/100 completed (139 evaluations)
2026-05-06 18:34:10 |     → Trial 60/100 completed (139 evaluations)
2026-05-06 18:34:11 |     → Trial 70/100 completed (139 evaluations)
2026-05-06 18:34:12 |     → Trial 80/100 completed (139 evaluations)
2026-05-06 18:34:12 |     → Trial 90/100 completed (139 evaluations)
2026-05-06 18:34:13 |     → Trial 100/100 completed (139 evaluations)
2026-05-06 18:34:13 |  Total edge attributions: -0.329986
2026-05-06 18:34:13 |  Expected (f(x) - f(x')) : -0.329986
2026-05-06 18:34:13 |  Difference: 0.0 using 100 samples to calculate f(x) and f(x')
2026-05-06 18:34:13 |  Relative error: 0.0000
2026-05-06 18:34:13 |     → Instance 89/100
2026-05-06 18:34:13 |     → ShapleyFlow (Backward Path Sampling): 138 edges, 9 sources
2026-05-06 18:34:13 |     → ShapleyFlow (MC Permutation): 138 edges, 100 trials = 13,900 model calls
2026-05-06 18:34:13 |     → Trial 1/100 completed (139 evaluations)
2026-05-06 18:34:14 |     → Trial 10/100 completed (139 evaluations)
2026-05-06 18:34:15 |     → Trial 20/100 completed (139 evaluations)
2026-05-06 18:34:15 |     → Trial 30/100 completed (139 evaluations)
2026-05-06 18:34:16 |     → Trial 40/100 completed (139 evaluations)
2026-05-06 18:34:17 |     → Trial 50/100 completed (139 evaluations)
2026-05-06 18:34:17 |     → Trial 60/100 completed (139 evaluations)
2026-05-06 18:34:18 |     → Trial 70/100 completed (139 evaluations)
2026-05-06 18:34:19 |     → Trial 80/100 completed (139 evaluations)
2026-05-06 18:34:19 |     → Trial 90/100 completed (139 evaluations)
2026-05-06 18:34:20 |     → Trial 100/100 completed (139 evaluations)
2026-05-06 18:34:20 |  Total edge attributions: 0.436653
2026-05-06 18:34:20 |  Expected (f(x) - f(x')) : 0.436653
2026-05-06 18:34:20 |  Difference: 5.551115123125783e-17 using 100 samples to calculate f(x) and f(x')
2026-05-06 18:34:20 |  Relative error: 0.0000
2026-05-06 18:34:20 |     → Instance 90/100
2026-05-06 18:34:20 |     → ShapleyFlow (Backward Path Sampling): 138 edges, 9 sources
2026-05-06 18:34:20 |     → ShapleyFlow (MC Permutation): 138 edges, 100 trials = 13,900 model calls
2026-05-06 18:34:20 |     → Trial 1/100 completed (139 evaluations)
2026-05-06 18:34:21 |     → Trial 10/100 completed (139 evaluations)
2026-05-06 18:34:22 |     → Trial 20/100 completed (139 evaluations)
2026-05-06 18:34:22 |     → Trial 30/100 completed (139 evaluations)
2026-05-06 18:34:23 |     → Trial 40/100 completed (139 evaluations)
2026-05-06 18:34:24 |     → Trial 50/100 completed (139 evaluations)
2026-05-06 18:34:25 |     → Trial 60/100 completed (139 evaluations)
2026-05-06 18:34:25 |     → Trial 70/100 completed (139 evaluations)
2026-05-06 18:34:26 |     → Trial 80/100 completed (139 evaluations)
2026-05-06 18:34:27 |     → Trial 90/100 completed (139 evaluations)
2026-05-06 18:34:27 |     → Trial 100/100 completed (139 evaluations)
2026-05-06 18:34:28 |  Total edge attributions: -0.523089
2026-05-06 18:34:28 |  Expected (f(x) - f(x')) : -0.523089
2026-05-06 18:34:28 |  Difference: 1.1102230246251565e-16 using 100 samples to calculate f(x) and f(x')
2026-05-06 18:34:28 |  Relative error: 0.0000
2026-05-06 18:34:28 |     → Instance 91/100
2026-05-06 18:34:28 |     → ShapleyFlow (Backward Path Sampling): 138 edges, 9 sources
2026-05-06 18:34:28 |     → ShapleyFlow (MC Permutation): 138 edges, 100 trials = 13,900 model calls
2026-05-06 18:34:28 |     → Trial 1/100 completed (139 evaluations)
2026-05-06 18:34:28 |     → Trial 10/100 completed (139 evaluations)
2026-05-06 18:34:29 |     → Trial 20/100 completed (139 evaluations)
2026-05-06 18:34:30 |     → Trial 30/100 completed (139 evaluations)
2026-05-06 18:34:30 |     → Trial 40/100 completed (139 evaluations)
2026-05-06 18:34:31 |     → Trial 50/100 completed (139 evaluations)
2026-05-06 18:34:32 |     → Trial 60/100 completed (139 evaluations)
2026-05-06 18:34:32 |     → Trial 70/100 completed (139 evaluations)
2026-05-06 18:34:33 |     → Trial 80/100 completed (139 evaluations)
2026-05-06 18:34:34 |     → Trial 90/100 completed (139 evaluations)
2026-05-06 18:34:35 |     → Trial 100/100 completed (139 evaluations)
2026-05-06 18:34:35 |  Total edge attributions: -0.076206
2026-05-06 18:34:35 |  Expected (f(x) - f(x')) : -0.076206
2026-05-06 18:34:35 |  Difference: 3.3306690738754696e-16 using 100 samples to calculate f(x) and f(x')
2026-05-06 18:34:35 |  Relative error: 0.0000
2026-05-06 18:34:35 |     → Instance 92/100
2026-05-06 18:34:35 |     → ShapleyFlow (Backward Path Sampling): 138 edges, 9 sources
2026-05-06 18:34:35 |     → ShapleyFlow (MC Permutation): 138 edges, 100 trials = 13,900 model calls
2026-05-06 18:34:35 |     → Trial 1/100 completed (139 evaluations)
2026-05-06 18:34:35 |     → Trial 10/100 completed (139 evaluations)
2026-05-06 18:34:36 |     → Trial 20/100 completed (139 evaluations)
2026-05-06 18:34:37 |     → Trial 30/100 completed (139 evaluations)
2026-05-06 18:34:38 |     → Trial 40/100 completed (139 evaluations)
2026-05-06 18:34:38 |     → Trial 50/100 completed (139 evaluations)
2026-05-06 18:34:39 |     → Trial 60/100 completed (139 evaluations)
2026-05-06 18:34:40 |     → Trial 70/100 completed (139 evaluations)
2026-05-06 18:34:40 |     → Trial 80/100 completed (139 evaluations)
2026-05-06 18:34:41 |     → Trial 90/100 completed (139 evaluations)
2026-05-06 18:34:42 |     → Trial 100/100 completed (139 evaluations)
2026-05-06 18:34:42 |  Total edge attributions: 0.285879
2026-05-06 18:34:42 |  Expected (f(x) - f(x')) : 0.285879
2026-05-06 18:34:42 |  Difference: 5.551115123125783e-17 using 100 samples to calculate f(x) and f(x')
2026-05-06 18:34:42 |  Relative error: 0.0000
2026-05-06 18:34:42 |     → Instance 93/100
2026-05-06 18:34:42 |     → ShapleyFlow (Backward Path Sampling): 138 edges, 9 sources
2026-05-06 18:34:42 |     → ShapleyFlow (MC Permutation): 138 edges, 100 trials = 13,900 model calls
2026-05-06 18:34:42 |     → Trial 1/100 completed (139 evaluations)
2026-05-06 18:34:43 |     → Trial 10/100 completed (139 evaluations)
2026-05-06 18:34:43 |     → Trial 20/100 completed (139 evaluations)
2026-05-06 18:34:44 |     → Trial 30/100 completed (139 evaluations)
2026-05-06 18:34:45 |     → Trial 40/100 completed (139 evaluations)
2026-05-06 18:34:45 |     → Trial 50/100 completed (139 evaluations)
2026-05-06 18:34:46 |     → Trial 60/100 completed (139 evaluations)
2026-05-06 18:34:47 |     → Trial 70/100 completed (139 evaluations)
2026-05-06 18:34:48 |     → Trial 80/100 completed (139 evaluations)
2026-05-06 18:34:48 |     → Trial 90/100 completed (139 evaluations)
2026-05-06 18:34:49 |     → Trial 100/100 completed (139 evaluations)
2026-05-06 18:34:49 |  Total edge attributions: 0.059338
2026-05-06 18:34:49 |  Expected (f(x) - f(x')) : 0.059338
2026-05-06 18:34:49 |  Difference: 2.0122792321330962e-16 using 100 samples to calculate f(x) and f(x')
2026-05-06 18:34:49 |  Relative error: 0.0000
2026-05-06 18:34:49 |     → Instance 94/100
2026-05-06 18:34:49 |     → ShapleyFlow (Backward Path Sampling): 138 edges, 9 sources
2026-05-06 18:34:49 |     → ShapleyFlow (MC Permutation): 138 edges, 100 trials = 13,900 model calls
2026-05-06 18:34:49 |     → Trial 1/100 completed (139 evaluations)
2026-05-06 18:34:50 |     → Trial 10/100 completed (139 evaluations)
2026-05-06 18:34:51 |     → Trial 20/100 completed (139 evaluations)
2026-05-06 18:34:51 |     → Trial 30/100 completed (139 evaluations)
2026-05-06 18:34:52 |     → Trial 40/100 completed (139 evaluations)
2026-05-06 18:34:53 |     → Trial 50/100 completed (139 evaluations)
2026-05-06 18:34:53 |     → Trial 60/100 completed (139 evaluations)
2026-05-06 18:34:54 |     → Trial 70/100 completed (139 evaluations)
2026-05-06 18:34:55 |     → Trial 80/100 completed (139 evaluations)
2026-05-06 18:34:56 |     → Trial 90/100 completed (139 evaluations)
2026-05-06 18:34:56 |     → Trial 100/100 completed (139 evaluations)
2026-05-06 18:34:56 |  Total edge attributions: -0.609342
2026-05-06 18:34:56 |  Expected (f(x) - f(x')) : -0.609342
2026-05-06 18:34:56 |  Difference: 2.220446049250313e-16 using 100 samples to calculate f(x) and f(x')
2026-05-06 18:34:56 |  Relative error: 0.0000
2026-05-06 18:34:56 |     → Instance 95/100
2026-05-06 18:34:56 |     → ShapleyFlow (Backward Path Sampling): 138 edges, 9 sources
2026-05-06 18:34:56 |     → ShapleyFlow (MC Permutation): 138 edges, 100 trials = 13,900 model calls
2026-05-06 18:34:56 |     → Trial 1/100 completed (139 evaluations)
2026-05-06 18:34:57 |     → Trial 10/100 completed (139 evaluations)
2026-05-06 18:34:58 |     → Trial 20/100 completed (139 evaluations)
2026-05-06 18:34:58 |     → Trial 30/100 completed (139 evaluations)
2026-05-06 18:34:59 |     → Trial 40/100 completed (139 evaluations)
2026-05-06 18:35:00 |     → Trial 50/100 completed (139 evaluations)
2026-05-06 18:35:01 |     → Trial 60/100 completed (139 evaluations)
2026-05-06 18:35:01 |     → Trial 70/100 completed (139 evaluations)
2026-05-06 18:35:02 |     → Trial 80/100 completed (139 evaluations)
2026-05-06 18:35:03 |     → Trial 90/100 completed (139 evaluations)
2026-05-06 18:35:03 |     → Trial 100/100 completed (139 evaluations)
2026-05-06 18:35:04 |  Total edge attributions: -0.460046
2026-05-06 18:35:04 |  Expected (f(x) - f(x')) : -0.460046
2026-05-06 18:35:04 |  Difference: 1.1102230246251565e-16 using 100 samples to calculate f(x) and f(x')
2026-05-06 18:35:04 |  Relative error: 0.0000
2026-05-06 18:35:04 |     → Instance 96/100
2026-05-06 18:35:04 |     → ShapleyFlow (Backward Path Sampling): 138 edges, 9 sources
2026-05-06 18:35:04 |     → ShapleyFlow (MC Permutation): 138 edges, 100 trials = 13,900 model calls
2026-05-06 18:35:04 |     → Trial 1/100 completed (139 evaluations)
2026-05-06 18:35:04 |     → Trial 10/100 completed (139 evaluations)
2026-05-06 18:35:05 |     → Trial 20/100 completed (139 evaluations)
2026-05-06 18:35:06 |     → Trial 30/100 completed (139 evaluations)
2026-05-06 18:35:06 |     → Trial 40/100 completed (139 evaluations)
2026-05-06 18:35:07 |     → Trial 50/100 completed (139 evaluations)
2026-05-06 18:35:08 |     → Trial 60/100 completed (139 evaluations)
2026-05-06 18:35:09 |     → Trial 70/100 completed (139 evaluations)
2026-05-06 18:35:09 |     → Trial 80/100 completed (139 evaluations)
2026-05-06 18:35:10 |     → Trial 90/100 completed (139 evaluations)
2026-05-06 18:35:11 |     → Trial 100/100 completed (139 evaluations)
2026-05-06 18:35:11 |  Total edge attributions: -0.122809
2026-05-06 18:35:11 |  Expected (f(x) - f(x')) : -0.122809
2026-05-06 18:35:11 |  Difference: 0.0 using 100 samples to calculate f(x) and f(x')
2026-05-06 18:35:11 |  Relative error: 0.0000
2026-05-06 18:35:11 |     → Instance 97/100
2026-05-06 18:35:11 |     → ShapleyFlow (Backward Path Sampling): 138 edges, 9 sources
2026-05-06 18:35:11 |     → ShapleyFlow (MC Permutation): 138 edges, 100 trials = 13,900 model calls
2026-05-06 18:35:11 |     → Trial 1/100 completed (139 evaluations)
2026-05-06 18:35:11 |     → Trial 10/100 completed (139 evaluations)
2026-05-06 18:35:12 |     → Trial 20/100 completed (139 evaluations)
2026-05-06 18:35:13 |     → Trial 30/100 completed (139 evaluations)
2026-05-06 18:35:14 |     → Trial 40/100 completed (139 evaluations)
2026-05-06 18:35:14 |     → Trial 50/100 completed (139 evaluations)
2026-05-06 18:35:15 |     → Trial 60/100 completed (139 evaluations)
2026-05-06 18:35:16 |     → Trial 70/100 completed (139 evaluations)
2026-05-06 18:35:16 |     → Trial 80/100 completed (139 evaluations)
2026-05-06 18:35:17 |     → Trial 90/100 completed (139 evaluations)
2026-05-06 18:35:18 |     → Trial 100/100 completed (139 evaluations)
2026-05-06 18:35:18 |  Total edge attributions: 0.315540
2026-05-06 18:35:18 |  Expected (f(x) - f(x')) : 0.315540
2026-05-06 18:35:18 |  Difference: 1.1102230246251565e-16 using 100 samples to calculate f(x) and f(x')
2026-05-06 18:35:18 |  Relative error: 0.0000
2026-05-06 18:35:18 |     → Instance 98/100
2026-05-06 18:35:18 |     → ShapleyFlow (Backward Path Sampling): 138 edges, 9 sources
2026-05-06 18:35:18 |     → ShapleyFlow (MC Permutation): 138 edges, 100 trials = 13,900 model calls
2026-05-06 18:35:18 |     → Trial 1/100 completed (139 evaluations)
2026-05-06 18:35:19 |     → Trial 10/100 completed (139 evaluations)
2026-05-06 18:35:19 |     → Trial 20/100 completed (139 evaluations)
2026-05-06 18:35:20 |     → Trial 30/100 completed (139 evaluations)
2026-05-06 18:35:21 |     → Trial 40/100 completed (139 evaluations)
2026-05-06 18:35:21 |     → Trial 50/100 completed (139 evaluations)
2026-05-06 18:35:22 |     → Trial 60/100 completed (139 evaluations)
2026-05-06 18:35:23 |     → Trial 70/100 completed (139 evaluations)
2026-05-06 18:35:24 |     → Trial 80/100 completed (139 evaluations)
2026-05-06 18:35:24 |     → Trial 90/100 completed (139 evaluations)
2026-05-06 18:35:25 |     → Trial 100/100 completed (139 evaluations)
2026-05-06 18:35:25 |  Total edge attributions: -0.966066
2026-05-06 18:35:25 |  Expected (f(x) - f(x')) : -0.966066
2026-05-06 18:35:25 |  Difference: 2.220446049250313e-16 using 100 samples to calculate f(x) and f(x')
2026-05-06 18:35:25 |  Relative error: 0.0000
2026-05-06 18:35:25 |     → Instance 99/100
2026-05-06 18:35:25 |     → ShapleyFlow (Backward Path Sampling): 138 edges, 9 sources
2026-05-06 18:35:25 |     → ShapleyFlow (MC Permutation): 138 edges, 100 trials = 13,900 model calls
2026-05-06 18:35:25 |     → Trial 1/100 completed (139 evaluations)
2026-05-06 18:35:26 |     → Trial 10/100 completed (139 evaluations)
2026-05-06 18:35:27 |     → Trial 20/100 completed (139 evaluations)
2026-05-06 18:35:27 |     → Trial 30/100 completed (139 evaluations)
2026-05-06 18:35:28 |     → Trial 40/100 completed (139 evaluations)
2026-05-06 18:35:29 |     → Trial 50/100 completed (139 evaluations)
2026-05-06 18:35:29 |     → Trial 60/100 completed (139 evaluations)
2026-05-06 18:35:30 |     → Trial 70/100 completed (139 evaluations)
2026-05-06 18:35:31 |     → Trial 80/100 completed (139 evaluations)
2026-05-06 18:35:32 |     → Trial 90/100 completed (139 evaluations)
2026-05-06 18:35:32 |     → Trial 100/100 completed (139 evaluations)
2026-05-06 18:35:32 |  Total edge attributions: -0.513205
2026-05-06 18:35:32 |  Expected (f(x) - f(x')) : -0.513205
2026-05-06 18:35:32 |  Difference: 0.0 using 100 samples to calculate f(x) and f(x')
2026-05-06 18:35:32 |  Relative error: 0.0000
2026-05-06 18:35:32 |     → Instance 100/100
2026-05-06 18:35:32 |     → ShapleyFlow (Backward Path Sampling): 138 edges, 9 sources
2026-05-06 18:35:32 |     → ShapleyFlow (MC Permutation): 138 edges, 100 trials = 13,900 model calls
2026-05-06 18:35:32 |     → Trial 1/100 completed (139 evaluations)
2026-05-06 18:35:33 |     → Trial 10/100 completed (139 evaluations)
2026-05-06 18:35:34 |     → Trial 20/100 completed (139 evaluations)
2026-05-06 18:35:34 |     → Trial 30/100 completed (139 evaluations)
2026-05-06 18:35:35 |     → Trial 40/100 completed (139 evaluations)
2026-05-06 18:35:36 |     → Trial 50/100 completed (139 evaluations)
2026-05-06 18:35:37 |     → Trial 60/100 completed (139 evaluations)
2026-05-06 18:35:37 |     → Trial 70/100 completed (139 evaluations)
2026-05-06 18:35:38 |     → Trial 80/100 completed (139 evaluations)
2026-05-06 18:35:39 |     → Trial 90/100 completed (139 evaluations)
2026-05-06 18:35:39 |     → Trial 100/100 completed (139 evaluations)
2026-05-06 18:35:40 |  Total edge attributions: 0.853503
2026-05-06 18:35:40 |  Expected (f(x) - f(x')) : 0.853503
2026-05-06 18:35:40 |  Difference: 2.220446049250313e-16 using 100 samples to calculate f(x) and f(x')
2026-05-06 18:35:40 |  Relative error: 0.0000
2026-05-06 18:35:40 |     → All instances completed
2026-05-06 18:35:40 |   [Progress: 5/9] LGBM + PC - GraphExplainer
2026-05-06 18:35:40 |   [Progress: 6/9] LGBM + LINGAM - AsymmetricShapley
2026-05-06 18:35:40 |  Calculating asymmetric SHAP values
2026-05-06 18:35:40 | Starting Asymmetric Shapley (topo-ordering) computation for 100 instances
2026-05-06 18:35:40 | Using 100 samples per instance
2026-05-06 18:35:40 |     Sample 10/100 completed
2026-05-06 18:35:40 |     Sample 20/100 completed
2026-05-06 18:35:40 |     Sample 30/100 completed
2026-05-06 18:35:41 |     Sample 40/100 completed
2026-05-06 18:35:41 |     Sample 50/100 completed
2026-05-06 18:35:41 |     Sample 60/100 completed
2026-05-06 18:35:41 |     Sample 70/100 completed
2026-05-06 18:35:42 |     Sample 80/100 completed
2026-05-06 18:35:42 |     Sample 90/100 completed
2026-05-06 18:35:42 |     Sample 100/100 completed
2026-05-06 18:35:42 |     Sample 10/100 completed
2026-05-06 18:35:43 |     Sample 20/100 completed
2026-05-06 18:35:43 |     Sample 30/100 completed
2026-05-06 18:35:43 |     Sample 40/100 completed
2026-05-06 18:35:43 |     Sample 50/100 completed
2026-05-06 18:35:44 |     Sample 60/100 completed
2026-05-06 18:35:44 |     Sample 70/100 completed
2026-05-06 18:35:44 |     Sample 80/100 completed
2026-05-06 18:35:44 |     Sample 90/100 completed
2026-05-06 18:35:45 |     Sample 100/100 completed
2026-05-06 18:35:45 |     Sample 10/100 completed
2026-05-06 18:35:45 |     Sample 20/100 completed
2026-05-06 18:35:45 |     Sample 30/100 completed
2026-05-06 18:35:46 |     Sample 40/100 completed
2026-05-06 18:35:46 |     Sample 50/100 completed
2026-05-06 18:35:46 |     Sample 60/100 completed
2026-05-06 18:35:46 |     Sample 70/100 completed
2026-05-06 18:35:47 |     Sample 80/100 completed
2026-05-06 18:35:47 |     Sample 90/100 completed
2026-05-06 18:35:47 |     Sample 100/100 completed
2026-05-06 18:35:48 |     Sample 10/100 completed
2026-05-06 18:35:48 |     Sample 20/100 completed
2026-05-06 18:35:48 |     Sample 30/100 completed
2026-05-06 18:35:48 |     Sample 40/100 completed
2026-05-06 18:35:49 |     Sample 50/100 completed
2026-05-06 18:35:49 |     Sample 60/100 completed
2026-05-06 18:35:49 |     Sample 70/100 completed
2026-05-06 18:35:49 |     Sample 80/100 completed
2026-05-06 18:35:50 |     Sample 90/100 completed
2026-05-06 18:35:50 |     Sample 100/100 completed
2026-05-06 18:35:50 |     Sample 10/100 completed
2026-05-06 18:35:50 |     Sample 20/100 completed
2026-05-06 18:35:51 |     Sample 30/100 completed
2026-05-06 18:35:51 |     Sample 40/100 completed
2026-05-06 18:35:51 |     Sample 50/100 completed
2026-05-06 18:35:51 |     Sample 60/100 completed
2026-05-06 18:35:52 |     Sample 70/100 completed
2026-05-06 18:35:52 |     Sample 80/100 completed
2026-05-06 18:35:52 |     Sample 90/100 completed
2026-05-06 18:35:52 |     Sample 100/100 completed
2026-05-06 18:35:53 |     Sample 10/100 completed
2026-05-06 18:35:53 |     Sample 20/100 completed
2026-05-06 18:35:53 |     Sample 30/100 completed
2026-05-06 18:35:53 |     Sample 40/100 completed
2026-05-06 18:35:54 |     Sample 50/100 completed
2026-05-06 18:35:54 |     Sample 60/100 completed
2026-05-06 18:35:54 |     Sample 70/100 completed
2026-05-06 18:35:54 |     Sample 80/100 completed
2026-05-06 18:35:55 |     Sample 90/100 completed
2026-05-06 18:35:55 |     Sample 100/100 completed
2026-05-06 18:35:55 |     Sample 10/100 completed
2026-05-06 18:35:55 |     Sample 20/100 completed
2026-05-06 18:35:56 |     Sample 30/100 completed
2026-05-06 18:35:56 |     Sample 40/100 completed
2026-05-06 18:35:56 |     Sample 50/100 completed
2026-05-06 18:35:56 |     Sample 60/100 completed
2026-05-06 18:35:57 |     Sample 70/100 completed
2026-05-06 18:35:57 |     Sample 80/100 completed
2026-05-06 18:35:57 |     Sample 90/100 completed
2026-05-06 18:35:58 |     Sample 100/100 completed
2026-05-06 18:35:58 |     Sample 10/100 completed
2026-05-06 18:35:58 |     Sample 20/100 completed
2026-05-06 18:35:58 |     Sample 30/100 completed
2026-05-06 18:35:59 |     Sample 40/100 completed
2026-05-06 18:35:59 |     Sample 50/100 completed
2026-05-06 18:35:59 |     Sample 60/100 completed
2026-05-06 18:35:59 |     Sample 70/100 completed
2026-05-06 18:36:00 |     Sample 80/100 completed
2026-05-06 18:36:00 |     Sample 90/100 completed
2026-05-06 18:36:00 |     Sample 100/100 completed
2026-05-06 18:36:00 |     Sample 10/100 completed
2026-05-06 18:36:01 |     Sample 20/100 completed
2026-05-06 18:36:01 |     Sample 30/100 completed
2026-05-06 18:36:01 |     Sample 40/100 completed
2026-05-06 18:36:01 |     Sample 50/100 completed
2026-05-06 18:36:02 |     Sample 60/100 completed
2026-05-06 18:36:02 |     Sample 70/100 completed
2026-05-06 18:36:02 |     Sample 80/100 completed
2026-05-06 18:36:02 |     Sample 90/100 completed
2026-05-06 18:36:03 |     Sample 100/100 completed
2026-05-06 18:36:03 |     Sample 10/100 completed
2026-05-06 18:36:03 |     Sample 20/100 completed
2026-05-06 18:36:03 |     Sample 30/100 completed
2026-05-06 18:36:04 |     Sample 40/100 completed
2026-05-06 18:36:04 |     Sample 50/100 completed
2026-05-06 18:36:04 |     Sample 60/100 completed
2026-05-06 18:36:04 |     Sample 70/100 completed
2026-05-06 18:36:05 |     Sample 80/100 completed
2026-05-06 18:36:05 |     Sample 90/100 completed
2026-05-06 18:36:05 |     Sample 100/100 completed
2026-05-06 18:36:06 |     Sample 10/100 completed
2026-05-06 18:36:06 |     Sample 20/100 completed
2026-05-06 18:36:06 |     Sample 30/100 completed
2026-05-06 18:36:06 |     Sample 40/100 completed
2026-05-06 18:36:07 |     Sample 50/100 completed
2026-05-06 18:36:07 |     Sample 60/100 completed
2026-05-06 18:36:07 |     Sample 70/100 completed
2026-05-06 18:36:07 |     Sample 80/100 completed
2026-05-06 18:36:08 |     Sample 90/100 completed
2026-05-06 18:36:08 |     Sample 100/100 completed
2026-05-06 18:36:08 |     Sample 10/100 completed
2026-05-06 18:36:08 |     Sample 20/100 completed
2026-05-06 18:36:09 |     Sample 30/100 completed
2026-05-06 18:36:09 |     Sample 40/100 completed
2026-05-06 18:36:09 |     Sample 50/100 completed
2026-05-06 18:36:09 |     Sample 60/100 completed
2026-05-06 18:36:10 |     Sample 70/100 completed
2026-05-06 18:36:10 |     Sample 80/100 completed
2026-05-06 18:36:10 |     Sample 90/100 completed
2026-05-06 18:36:10 |     Sample 100/100 completed
2026-05-06 18:36:11 |     Sample 10/100 completed
2026-05-06 18:36:11 |     Sample 20/100 completed
2026-05-06 18:36:11 |     Sample 30/100 completed
2026-05-06 18:36:11 |     Sample 40/100 completed
2026-05-06 18:36:12 |     Sample 50/100 completed
2026-05-06 18:36:12 |     Sample 60/100 completed
2026-05-06 18:36:12 |     Sample 70/100 completed
2026-05-06 18:36:12 |     Sample 80/100 completed
2026-05-06 18:36:13 |     Sample 90/100 completed
2026-05-06 18:36:13 |     Sample 100/100 completed
2026-05-06 18:36:13 |     Sample 10/100 completed
2026-05-06 18:36:14 |     Sample 20/100 completed
2026-05-06 18:36:14 |     Sample 30/100 completed
2026-05-06 18:36:14 |     Sample 40/100 completed
2026-05-06 18:36:14 |     Sample 50/100 completed
2026-05-06 18:36:15 |     Sample 60/100 completed
2026-05-06 18:36:15 |     Sample 70/100 completed
2026-05-06 18:36:15 |     Sample 80/100 completed
2026-05-06 18:36:15 |     Sample 90/100 completed
2026-05-06 18:36:16 |     Sample 100/100 completed
2026-05-06 18:36:16 |     Sample 10/100 completed
2026-05-06 18:36:16 |     Sample 20/100 completed
2026-05-06 18:36:16 |     Sample 30/100 completed
2026-05-06 18:36:17 |     Sample 40/100 completed
2026-05-06 18:36:17 |     Sample 50/100 completed
2026-05-06 18:36:17 |     Sample 60/100 completed
2026-05-06 18:36:17 |     Sample 70/100 completed
2026-05-06 18:36:18 |     Sample 80/100 completed
2026-05-06 18:36:18 |     Sample 90/100 completed
2026-05-06 18:36:18 |     Sample 100/100 completed
2026-05-06 18:36:18 |     Sample 10/100 completed
2026-05-06 18:36:19 |     Sample 20/100 completed
2026-05-06 18:36:19 |     Sample 30/100 completed
2026-05-06 18:36:19 |     Sample 40/100 completed
2026-05-06 18:36:19 |     Sample 50/100 completed
2026-05-06 18:36:20 |     Sample 60/100 completed
2026-05-06 18:36:20 |     Sample 70/100 completed
2026-05-06 18:36:20 |     Sample 80/100 completed
2026-05-06 18:36:20 |     Sample 90/100 completed
2026-05-06 18:36:21 |     Sample 100/100 completed
2026-05-06 18:36:21 |     Sample 10/100 completed
2026-05-06 18:36:21 |     Sample 20/100 completed
2026-05-06 18:36:21 |     Sample 30/100 completed
2026-05-06 18:36:22 |     Sample 40/100 completed
2026-05-06 18:36:22 |     Sample 50/100 completed
2026-05-06 18:36:22 |     Sample 60/100 completed
2026-05-06 18:36:23 |     Sample 70/100 completed
2026-05-06 18:36:23 |     Sample 80/100 completed
2026-05-06 18:36:23 |     Sample 90/100 completed
2026-05-06 18:36:23 |     Sample 100/100 completed
2026-05-06 18:36:24 |     Sample 10/100 completed
2026-05-06 18:36:24 |     Sample 20/100 completed
2026-05-06 18:36:24 |     Sample 30/100 completed
2026-05-06 18:36:24 |     Sample 40/100 completed
2026-05-06 18:36:25 |     Sample 50/100 completed
2026-05-06 18:36:25 |     Sample 60/100 completed
2026-05-06 18:36:25 |     Sample 70/100 completed
2026-05-06 18:36:25 |     Sample 80/100 completed
2026-05-06 18:36:26 |     Sample 90/100 completed
2026-05-06 18:36:26 |     Sample 100/100 completed
2026-05-06 18:36:26 |     Sample 10/100 completed
2026-05-06 18:36:26 |     Sample 20/100 completed
2026-05-06 18:36:27 |     Sample 30/100 completed
2026-05-06 18:36:27 |     Sample 40/100 completed
2026-05-06 18:36:27 |     Sample 50/100 completed
2026-05-06 18:36:27 |     Sample 60/100 completed
2026-05-06 18:36:28 |     Sample 70/100 completed
2026-05-06 18:36:28 |     Sample 80/100 completed
2026-05-06 18:36:28 |     Sample 90/100 completed
2026-05-06 18:36:28 |     Sample 100/100 completed
2026-05-06 18:36:29 |     Sample 10/100 completed
2026-05-06 18:36:29 |     Sample 20/100 completed
2026-05-06 18:36:29 |     Sample 30/100 completed
2026-05-06 18:36:29 |     Sample 40/100 completed
2026-05-06 18:36:30 |     Sample 50/100 completed
2026-05-06 18:36:30 |     Sample 60/100 completed
2026-05-06 18:36:30 |     Sample 70/100 completed
2026-05-06 18:36:30 |     Sample 80/100 completed
2026-05-06 18:36:31 |     Sample 90/100 completed
2026-05-06 18:36:31 |     Sample 100/100 completed
2026-05-06 18:36:31 |     Sample 10/100 completed
2026-05-06 18:36:31 |     Sample 20/100 completed
2026-05-06 18:36:32 |     Sample 30/100 completed
2026-05-06 18:36:32 |     Sample 40/100 completed
2026-05-06 18:36:32 |     Sample 50/100 completed
2026-05-06 18:36:32 |     Sample 60/100 completed
2026-05-06 18:36:33 |     Sample 70/100 completed
2026-05-06 18:36:33 |     Sample 80/100 completed
2026-05-06 18:36:33 |     Sample 90/100 completed
2026-05-06 18:36:33 |     Sample 100/100 completed
2026-05-06 18:36:34 |     Sample 10/100 completed
2026-05-06 18:36:34 |     Sample 20/100 completed
2026-05-06 18:36:34 |     Sample 30/100 completed
2026-05-06 18:36:34 |     Sample 40/100 completed
2026-05-06 18:36:35 |     Sample 50/100 completed
2026-05-06 18:36:35 |     Sample 60/100 completed
2026-05-06 18:36:35 |     Sample 70/100 completed
2026-05-06 18:36:36 |     Sample 80/100 completed
2026-05-06 18:36:36 |     Sample 90/100 completed
2026-05-06 18:36:36 |     Sample 100/100 completed
2026-05-06 18:36:36 |     Sample 10/100 completed
2026-05-06 18:36:37 |     Sample 20/100 completed
2026-05-06 18:36:37 |     Sample 30/100 completed
2026-05-06 18:36:37 |     Sample 40/100 completed
2026-05-06 18:36:37 |     Sample 50/100 completed
2026-05-06 18:36:38 |     Sample 60/100 completed
2026-05-06 18:36:38 |     Sample 70/100 completed
2026-05-06 18:36:38 |     Sample 80/100 completed
2026-05-06 18:36:38 |     Sample 90/100 completed
2026-05-06 18:36:39 |     Sample 100/100 completed
2026-05-06 18:36:39 |     Sample 10/100 completed
2026-05-06 18:36:39 |     Sample 20/100 completed
2026-05-06 18:36:39 |     Sample 30/100 completed
2026-05-06 18:36:40 |     Sample 40/100 completed
2026-05-06 18:36:40 |     Sample 50/100 completed
2026-05-06 18:36:40 |     Sample 60/100 completed
2026-05-06 18:36:40 |     Sample 70/100 completed
2026-05-06 18:36:41 |     Sample 80/100 completed
2026-05-06 18:36:41 |     Sample 90/100 completed
2026-05-06 18:36:41 |     Sample 100/100 completed
2026-05-06 18:36:41 |     Sample 10/100 completed
2026-05-06 18:36:42 |     Sample 20/100 completed
2026-05-06 18:36:42 |     Sample 30/100 completed
2026-05-06 18:36:42 |     Sample 40/100 completed
2026-05-06 18:36:42 |     Sample 50/100 completed
2026-05-06 18:36:43 |     Sample 60/100 completed
2026-05-06 18:36:43 |     Sample 70/100 completed
2026-05-06 18:36:43 |     Sample 80/100 completed
2026-05-06 18:36:43 |     Sample 90/100 completed
2026-05-06 18:36:44 |     Sample 100/100 completed
2026-05-06 18:36:44 |     Sample 10/100 completed
2026-05-06 18:36:44 |     Sample 20/100 completed
2026-05-06 18:36:44 |     Sample 30/100 completed
2026-05-06 18:36:45 |     Sample 40/100 completed
2026-05-06 18:36:45 |     Sample 50/100 completed
2026-05-06 18:36:45 |     Sample 60/100 completed
2026-05-06 18:36:45 |     Sample 70/100 completed
2026-05-06 18:36:46 |     Sample 80/100 completed
2026-05-06 18:36:46 |     Sample 90/100 completed
2026-05-06 18:36:46 |     Sample 100/100 completed
2026-05-06 18:36:46 |     Sample 10/100 completed
2026-05-06 18:36:47 |     Sample 20/100 completed
2026-05-06 18:36:47 |     Sample 30/100 completed
2026-05-06 18:36:47 |     Sample 40/100 completed
2026-05-06 18:36:47 |     Sample 50/100 completed
2026-05-06 18:36:48 |     Sample 60/100 completed
2026-05-06 18:36:48 |     Sample 70/100 completed
2026-05-06 18:36:48 |     Sample 80/100 completed
2026-05-06 18:36:48 |     Sample 90/100 completed
2026-05-06 18:36:49 |     Sample 100/100 completed
2026-05-06 18:36:49 |     Sample 10/100 completed
2026-05-06 18:36:49 |     Sample 20/100 completed
2026-05-06 18:36:49 |     Sample 30/100 completed
2026-05-06 18:36:50 |     Sample 40/100 completed
2026-05-06 18:36:50 |     Sample 50/100 completed
2026-05-06 18:36:50 |     Sample 60/100 completed
2026-05-06 18:36:50 |     Sample 70/100 completed
2026-05-06 18:36:51 |     Sample 80/100 completed
2026-05-06 18:36:51 |     Sample 90/100 completed
2026-05-06 18:36:51 |     Sample 100/100 completed
2026-05-06 18:36:51 |     Sample 10/100 completed
2026-05-06 18:36:52 |     Sample 20/100 completed
2026-05-06 18:36:52 |     Sample 30/100 completed
2026-05-06 18:36:52 |     Sample 40/100 completed
2026-05-06 18:36:52 |     Sample 50/100 completed
2026-05-06 18:36:53 |     Sample 60/100 completed
2026-05-06 18:36:53 |     Sample 70/100 completed
2026-05-06 18:36:53 |     Sample 80/100 completed
2026-05-06 18:36:54 |     Sample 90/100 completed
2026-05-06 18:36:54 |     Sample 100/100 completed
2026-05-06 18:36:54 |     Sample 10/100 completed
2026-05-06 18:36:54 |     Sample 20/100 completed
2026-05-06 18:36:55 |     Sample 30/100 completed
2026-05-06 18:36:55 |     Sample 40/100 completed
2026-05-06 18:36:55 |     Sample 50/100 completed
2026-05-06 18:36:55 |     Sample 60/100 completed
2026-05-06 18:36:56 |     Sample 70/100 completed
2026-05-06 18:36:56 |     Sample 80/100 completed
2026-05-06 18:36:56 |     Sample 90/100 completed
2026-05-06 18:36:56 |     Sample 100/100 completed
2026-05-06 18:36:57 |     Sample 10/100 completed
2026-05-06 18:36:57 |     Sample 20/100 completed
2026-05-06 18:36:57 |     Sample 30/100 completed
2026-05-06 18:36:57 |     Sample 40/100 completed
2026-05-06 18:36:58 |     Sample 50/100 completed
2026-05-06 18:36:58 |     Sample 60/100 completed
2026-05-06 18:36:58 |     Sample 70/100 completed
2026-05-06 18:36:58 |     Sample 80/100 completed
2026-05-06 18:36:59 |     Sample 90/100 completed
2026-05-06 18:36:59 |     Sample 100/100 completed
2026-05-06 18:36:59 |     Sample 10/100 completed
2026-05-06 18:36:59 |     Sample 20/100 completed
2026-05-06 18:37:00 |     Sample 30/100 completed
2026-05-06 18:37:00 |     Sample 40/100 completed
2026-05-06 18:37:00 |     Sample 50/100 completed
2026-05-06 18:37:00 |     Sample 60/100 completed
2026-05-06 18:37:01 |     Sample 70/100 completed
2026-05-06 18:37:01 |     Sample 80/100 completed
2026-05-06 18:37:01 |     Sample 90/100 completed
2026-05-06 18:37:01 |     Sample 100/100 completed
2026-05-06 18:37:02 |     Sample 10/100 completed
2026-05-06 18:37:02 |     Sample 20/100 completed
2026-05-06 18:37:02 |     Sample 30/100 completed
2026-05-06 18:37:02 |     Sample 40/100 completed
2026-05-06 18:37:03 |     Sample 50/100 completed
2026-05-06 18:37:03 |     Sample 60/100 completed
2026-05-06 18:37:03 |     Sample 70/100 completed
2026-05-06 18:37:03 |     Sample 80/100 completed
2026-05-06 18:37:04 |     Sample 90/100 completed
2026-05-06 18:37:04 |     Sample 100/100 completed
2026-05-06 18:37:04 |     Sample 10/100 completed
2026-05-06 18:37:04 |     Sample 20/100 completed
2026-05-06 18:37:05 |     Sample 30/100 completed
2026-05-06 18:37:05 |     Sample 40/100 completed
2026-05-06 18:37:05 |     Sample 50/100 completed
2026-05-06 18:37:05 |     Sample 60/100 completed
2026-05-06 18:37:06 |     Sample 70/100 completed
2026-05-06 18:37:06 |     Sample 80/100 completed
2026-05-06 18:37:06 |     Sample 90/100 completed
2026-05-06 18:37:06 |     Sample 100/100 completed
2026-05-06 18:37:07 |     Sample 10/100 completed
2026-05-06 18:37:07 |     Sample 20/100 completed
2026-05-06 18:37:07 |     Sample 30/100 completed
2026-05-06 18:37:07 |     Sample 40/100 completed
2026-05-06 18:37:08 |     Sample 50/100 completed
2026-05-06 18:37:08 |     Sample 60/100 completed
2026-05-06 18:37:08 |     Sample 70/100 completed
2026-05-06 18:37:08 |     Sample 80/100 completed
2026-05-06 18:37:09 |     Sample 90/100 completed
2026-05-06 18:37:09 |     Sample 100/100 completed
2026-05-06 18:37:09 |     Sample 10/100 completed
2026-05-06 18:37:09 |     Sample 20/100 completed
2026-05-06 18:37:10 |     Sample 30/100 completed
2026-05-06 18:37:10 |     Sample 40/100 completed
2026-05-06 18:37:10 |     Sample 50/100 completed
2026-05-06 18:37:10 |     Sample 60/100 completed
2026-05-06 18:37:11 |     Sample 70/100 completed
2026-05-06 18:37:11 |     Sample 80/100 completed
2026-05-06 18:37:11 |     Sample 90/100 completed
2026-05-06 18:37:12 |     Sample 100/100 completed
2026-05-06 18:37:12 |     Sample 10/100 completed
2026-05-06 18:37:12 |     Sample 20/100 completed
2026-05-06 18:37:12 |     Sample 30/100 completed
2026-05-06 18:37:13 |     Sample 40/100 completed
2026-05-06 18:37:13 |     Sample 50/100 completed
2026-05-06 18:37:13 |     Sample 60/100 completed
2026-05-06 18:37:13 |     Sample 70/100 completed
2026-05-06 18:37:14 |     Sample 80/100 completed
2026-05-06 18:37:14 |     Sample 90/100 completed
2026-05-06 18:37:14 |     Sample 100/100 completed
2026-05-06 18:37:14 |     Sample 10/100 completed
2026-05-06 18:37:15 |     Sample 20/100 completed
2026-05-06 18:37:15 |     Sample 30/100 completed
2026-05-06 18:37:15 |     Sample 40/100 completed
2026-05-06 18:37:15 |     Sample 50/100 completed
2026-05-06 18:37:16 |     Sample 60/100 completed
2026-05-06 18:37:16 |     Sample 70/100 completed
2026-05-06 18:37:16 |     Sample 80/100 completed
2026-05-06 18:37:16 |     Sample 90/100 completed
2026-05-06 18:37:17 |     Sample 100/100 completed
2026-05-06 18:37:17 |     Sample 10/100 completed
2026-05-06 18:37:17 |     Sample 20/100 completed
2026-05-06 18:37:17 |     Sample 30/100 completed
2026-05-06 18:37:18 |     Sample 40/100 completed
2026-05-06 18:37:18 |     Sample 50/100 completed
2026-05-06 18:37:18 |     Sample 60/100 completed
2026-05-06 18:37:18 |     Sample 70/100 completed
2026-05-06 18:37:19 |     Sample 80/100 completed
2026-05-06 18:37:19 |     Sample 90/100 completed
2026-05-06 18:37:19 |     Sample 100/100 completed
2026-05-06 18:37:19 |     Sample 10/100 completed
2026-05-06 18:37:20 |     Sample 20/100 completed
2026-05-06 18:37:20 |     Sample 30/100 completed
2026-05-06 18:37:20 |     Sample 40/100 completed
2026-05-06 18:37:20 |     Sample 50/100 completed
2026-05-06 18:37:21 |     Sample 60/100 completed
2026-05-06 18:37:21 |     Sample 70/100 completed
2026-05-06 18:37:21 |     Sample 80/100 completed
2026-05-06 18:37:21 |     Sample 90/100 completed
2026-05-06 18:37:22 |     Sample 100/100 completed
2026-05-06 18:37:22 |     Sample 10/100 completed
2026-05-06 18:37:22 |     Sample 20/100 completed
2026-05-06 18:37:22 |     Sample 30/100 completed
2026-05-06 18:37:23 |     Sample 40/100 completed
2026-05-06 18:37:23 |     Sample 50/100 completed
2026-05-06 18:37:23 |     Sample 60/100 completed
2026-05-06 18:37:23 |     Sample 70/100 completed
2026-05-06 18:37:24 |     Sample 80/100 completed
2026-05-06 18:37:24 |     Sample 90/100 completed
2026-05-06 18:37:24 |     Sample 100/100 completed
2026-05-06 18:37:24 |     Sample 10/100 completed
2026-05-06 18:37:25 |     Sample 20/100 completed
2026-05-06 18:37:25 |     Sample 30/100 completed
2026-05-06 18:37:25 |     Sample 40/100 completed
2026-05-06 18:37:25 |     Sample 50/100 completed
2026-05-06 18:37:26 |     Sample 60/100 completed
2026-05-06 18:37:26 |     Sample 70/100 completed
2026-05-06 18:37:26 |     Sample 80/100 completed
2026-05-06 18:37:26 |     Sample 90/100 completed
2026-05-06 18:37:27 |     Sample 100/100 completed
2026-05-06 18:37:27 |     Sample 10/100 completed
2026-05-06 18:37:27 |     Sample 20/100 completed
2026-05-06 18:37:28 |     Sample 30/100 completed
2026-05-06 18:37:28 |     Sample 40/100 completed
2026-05-06 18:37:28 |     Sample 50/100 completed
2026-05-06 18:37:28 |     Sample 60/100 completed
2026-05-06 18:37:29 |     Sample 70/100 completed
2026-05-06 18:37:29 |     Sample 80/100 completed
2026-05-06 18:37:29 |     Sample 90/100 completed
2026-05-06 18:37:29 |     Sample 100/100 completed
2026-05-06 18:37:30 |     Sample 10/100 completed
2026-05-06 18:37:30 |     Sample 20/100 completed
2026-05-06 18:37:30 |     Sample 30/100 completed
2026-05-06 18:37:30 |     Sample 40/100 completed
2026-05-06 18:37:31 |     Sample 50/100 completed
2026-05-06 18:37:31 |     Sample 60/100 completed
2026-05-06 18:37:31 |     Sample 70/100 completed
2026-05-06 18:37:31 |     Sample 80/100 completed
2026-05-06 18:37:32 |     Sample 90/100 completed
2026-05-06 18:37:32 |     Sample 100/100 completed
2026-05-06 18:37:32 |     Sample 10/100 completed
2026-05-06 18:37:32 |     Sample 20/100 completed
2026-05-06 18:37:33 |     Sample 30/100 completed
2026-05-06 18:37:33 |     Sample 40/100 completed
2026-05-06 18:37:33 |     Sample 50/100 completed
2026-05-06 18:37:33 |     Sample 60/100 completed
2026-05-06 18:37:34 |     Sample 70/100 completed
2026-05-06 18:37:34 |     Sample 80/100 completed
2026-05-06 18:37:34 |     Sample 90/100 completed
2026-05-06 18:37:34 |     Sample 100/100 completed
2026-05-06 18:37:35 |     Sample 10/100 completed
2026-05-06 18:37:35 |     Sample 20/100 completed
2026-05-06 18:37:35 |     Sample 30/100 completed
2026-05-06 18:37:35 |     Sample 40/100 completed
2026-05-06 18:37:36 |     Sample 50/100 completed
2026-05-06 18:37:36 |     Sample 60/100 completed
2026-05-06 18:37:36 |     Sample 70/100 completed
2026-05-06 18:37:36 |     Sample 80/100 completed
2026-05-06 18:37:37 |     Sample 90/100 completed
2026-05-06 18:37:37 |     Sample 100/100 completed
2026-05-06 18:37:37 |     Sample 10/100 completed
2026-05-06 18:37:37 |     Sample 20/100 completed
2026-05-06 18:37:38 |     Sample 30/100 completed
2026-05-06 18:37:38 |     Sample 40/100 completed
2026-05-06 18:37:38 |     Sample 50/100 completed
2026-05-06 18:37:38 |     Sample 60/100 completed
2026-05-06 18:37:39 |     Sample 70/100 completed
2026-05-06 18:37:39 |     Sample 80/100 completed
2026-05-06 18:37:39 |     Sample 90/100 completed
2026-05-06 18:37:39 |     Sample 100/100 completed
2026-05-06 18:37:40 |     Sample 10/100 completed
2026-05-06 18:37:40 |     Sample 20/100 completed
2026-05-06 18:37:40 |     Sample 30/100 completed
2026-05-06 18:37:40 |     Sample 40/100 completed
2026-05-06 18:37:41 |     Sample 50/100 completed
2026-05-06 18:37:41 |     Sample 60/100 completed
2026-05-06 18:37:41 |     Sample 70/100 completed
2026-05-06 18:37:41 |     Sample 80/100 completed
2026-05-06 18:37:42 |     Sample 90/100 completed
2026-05-06 18:37:42 |     Sample 100/100 completed
2026-05-06 18:37:42 |     Sample 10/100 completed
2026-05-06 18:37:43 |     Sample 20/100 completed
2026-05-06 18:37:43 |     Sample 30/100 completed
2026-05-06 18:37:43 |     Sample 40/100 completed
2026-05-06 18:37:43 |     Sample 50/100 completed
2026-05-06 18:37:44 |     Sample 60/100 completed
2026-05-06 18:37:44 |     Sample 70/100 completed
2026-05-06 18:37:44 |     Sample 80/100 completed
2026-05-06 18:37:44 |     Sample 90/100 completed
2026-05-06 18:37:45 |     Sample 100/100 completed
2026-05-06 18:37:45 |     Sample 10/100 completed
2026-05-06 18:37:45 |     Sample 20/100 completed
2026-05-06 18:37:45 |     Sample 30/100 completed
2026-05-06 18:37:46 |     Sample 40/100 completed
2026-05-06 18:37:46 |     Sample 50/100 completed
2026-05-06 18:37:46 |     Sample 60/100 completed
2026-05-06 18:37:46 |     Sample 70/100 completed
2026-05-06 18:37:47 |     Sample 80/100 completed
2026-05-06 18:37:47 |     Sample 90/100 completed
2026-05-06 18:37:47 |     Sample 100/100 completed
2026-05-06 18:37:47 |     Sample 10/100 completed
2026-05-06 18:37:48 |     Sample 20/100 completed
2026-05-06 18:37:48 |     Sample 30/100 completed
2026-05-06 18:37:48 |     Sample 40/100 completed
2026-05-06 18:37:48 |     Sample 50/100 completed
2026-05-06 18:37:49 |     Sample 60/100 completed
2026-05-06 18:37:49 |     Sample 70/100 completed
2026-05-06 18:37:49 |     Sample 80/100 completed
2026-05-06 18:37:49 |     Sample 90/100 completed
2026-05-06 18:37:50 |     Sample 100/100 completed
2026-05-06 18:37:50 |     Sample 10/100 completed
2026-05-06 18:37:50 |     Sample 20/100 completed
2026-05-06 18:37:50 |     Sample 30/100 completed
2026-05-06 18:37:51 |     Sample 40/100 completed
2026-05-06 18:37:51 |     Sample 50/100 completed
2026-05-06 18:37:51 |     Sample 60/100 completed
2026-05-06 18:37:51 |     Sample 70/100 completed
2026-05-06 18:37:52 |     Sample 80/100 completed
2026-05-06 18:37:52 |     Sample 90/100 completed
2026-05-06 18:37:52 |     Sample 100/100 completed
2026-05-06 18:37:52 |     Sample 10/100 completed
2026-05-06 18:37:53 |     Sample 20/100 completed
2026-05-06 18:37:53 |     Sample 30/100 completed
2026-05-06 18:37:53 |     Sample 40/100 completed
2026-05-06 18:37:53 |     Sample 50/100 completed
2026-05-06 18:37:54 |     Sample 60/100 completed
2026-05-06 18:37:54 |     Sample 70/100 completed
2026-05-06 18:37:54 |     Sample 80/100 completed
2026-05-06 18:37:54 |     Sample 90/100 completed
2026-05-06 18:37:55 |     Sample 100/100 completed
2026-05-06 18:37:55 |     Sample 10/100 completed
2026-05-06 18:37:55 |     Sample 20/100 completed
2026-05-06 18:37:55 |     Sample 30/100 completed
2026-05-06 18:37:56 |     Sample 40/100 completed
2026-05-06 18:37:56 |     Sample 50/100 completed
2026-05-06 18:37:56 |     Sample 60/100 completed
2026-05-06 18:37:56 |     Sample 70/100 completed
2026-05-06 18:37:57 |     Sample 80/100 completed
2026-05-06 18:37:57 |     Sample 90/100 completed
2026-05-06 18:37:57 |     Sample 100/100 completed
2026-05-06 18:37:58 |     Sample 10/100 completed
2026-05-06 18:37:58 |     Sample 20/100 completed
2026-05-06 18:37:58 |     Sample 30/100 completed
2026-05-06 18:37:58 |     Sample 40/100 completed
2026-05-06 18:37:59 |     Sample 50/100 completed
2026-05-06 18:37:59 |     Sample 60/100 completed
2026-05-06 18:37:59 |     Sample 70/100 completed
2026-05-06 18:37:59 |     Sample 80/100 completed
2026-05-06 18:38:00 |     Sample 90/100 completed
2026-05-06 18:38:00 |     Sample 100/100 completed
2026-05-06 18:38:00 |     Sample 10/100 completed
2026-05-06 18:38:00 |     Sample 20/100 completed
2026-05-06 18:38:01 |     Sample 30/100 completed
2026-05-06 18:38:01 |     Sample 40/100 completed
2026-05-06 18:38:01 |     Sample 50/100 completed
2026-05-06 18:38:01 |     Sample 60/100 completed
2026-05-06 18:38:02 |     Sample 70/100 completed
2026-05-06 18:38:02 |     Sample 80/100 completed
2026-05-06 18:38:02 |     Sample 90/100 completed
2026-05-06 18:38:02 |     Sample 100/100 completed
2026-05-06 18:38:03 |     Sample 10/100 completed
2026-05-06 18:38:03 |     Sample 20/100 completed
2026-05-06 18:38:03 |     Sample 30/100 completed
2026-05-06 18:38:03 |     Sample 40/100 completed
2026-05-06 18:38:04 |     Sample 50/100 completed
2026-05-06 18:38:04 |     Sample 60/100 completed
2026-05-06 18:38:04 |     Sample 70/100 completed
2026-05-06 18:38:04 |     Sample 80/100 completed
2026-05-06 18:38:05 |     Sample 90/100 completed
2026-05-06 18:38:05 |     Sample 100/100 completed
2026-05-06 18:38:05 |     Sample 10/100 completed
2026-05-06 18:38:05 |     Sample 20/100 completed
2026-05-06 18:38:06 |     Sample 30/100 completed
2026-05-06 18:38:06 |     Sample 40/100 completed
2026-05-06 18:38:06 |     Sample 50/100 completed
2026-05-06 18:38:06 |     Sample 60/100 completed
2026-05-06 18:38:07 |     Sample 70/100 completed
2026-05-06 18:38:07 |     Sample 80/100 completed
2026-05-06 18:38:07 |     Sample 90/100 completed
2026-05-06 18:38:07 |     Sample 100/100 completed
2026-05-06 18:38:08 |     Sample 10/100 completed
2026-05-06 18:38:08 |     Sample 20/100 completed
2026-05-06 18:38:08 |     Sample 30/100 completed
2026-05-06 18:38:08 |     Sample 40/100 completed
2026-05-06 18:38:09 |     Sample 50/100 completed
2026-05-06 18:38:09 |     Sample 60/100 completed
2026-05-06 18:38:09 |     Sample 70/100 completed
2026-05-06 18:38:09 |     Sample 80/100 completed
2026-05-06 18:38:10 |     Sample 90/100 completed
2026-05-06 18:38:10 |     Sample 100/100 completed
2026-05-06 18:38:10 |     Sample 10/100 completed
2026-05-06 18:38:10 |     Sample 20/100 completed
2026-05-06 18:38:11 |     Sample 30/100 completed
2026-05-06 18:38:11 |     Sample 40/100 completed
2026-05-06 18:38:11 |     Sample 50/100 completed
2026-05-06 18:38:11 |     Sample 60/100 completed
2026-05-06 18:38:12 |     Sample 70/100 completed
2026-05-06 18:38:12 |     Sample 80/100 completed
2026-05-06 18:38:12 |     Sample 90/100 completed
2026-05-06 18:38:12 |     Sample 100/100 completed
2026-05-06 18:38:13 |     Sample 10/100 completed
2026-05-06 18:38:13 |     Sample 20/100 completed
2026-05-06 18:38:13 |     Sample 30/100 completed
2026-05-06 18:38:13 |     Sample 40/100 completed
2026-05-06 18:38:14 |     Sample 50/100 completed
2026-05-06 18:38:14 |     Sample 60/100 completed
2026-05-06 18:38:14 |     Sample 70/100 completed
2026-05-06 18:38:14 |     Sample 80/100 completed
2026-05-06 18:38:15 |     Sample 90/100 completed
2026-05-06 18:38:15 |     Sample 100/100 completed
2026-05-06 18:38:15 |     Sample 10/100 completed
2026-05-06 18:38:15 |     Sample 20/100 completed
2026-05-06 18:38:16 |     Sample 30/100 completed
2026-05-06 18:38:16 |     Sample 40/100 completed
2026-05-06 18:38:16 |     Sample 50/100 completed
2026-05-06 18:38:16 |     Sample 60/100 completed
2026-05-06 18:38:17 |     Sample 70/100 completed
2026-05-06 18:38:17 |     Sample 80/100 completed
2026-05-06 18:38:17 |     Sample 90/100 completed
2026-05-06 18:38:17 |     Sample 100/100 completed
2026-05-06 18:38:18 |     Sample 10/100 completed
2026-05-06 18:38:18 |     Sample 20/100 completed
2026-05-06 18:38:18 |     Sample 30/100 completed
2026-05-06 18:38:18 |     Sample 40/100 completed
2026-05-06 18:38:19 |     Sample 50/100 completed
2026-05-06 18:38:19 |     Sample 60/100 completed
2026-05-06 18:38:19 |     Sample 70/100 completed
2026-05-06 18:38:20 |     Sample 80/100 completed
2026-05-06 18:38:20 |     Sample 90/100 completed
2026-05-06 18:38:20 |     Sample 100/100 completed
2026-05-06 18:38:20 |     Sample 10/100 completed
2026-05-06 18:38:21 |     Sample 20/100 completed
2026-05-06 18:38:21 |     Sample 30/100 completed
2026-05-06 18:38:21 |     Sample 40/100 completed
2026-05-06 18:38:21 |     Sample 50/100 completed
2026-05-06 18:38:22 |     Sample 60/100 completed
2026-05-06 18:38:22 |     Sample 70/100 completed
2026-05-06 18:38:22 |     Sample 80/100 completed
2026-05-06 18:38:22 |     Sample 90/100 completed
2026-05-06 18:38:23 |     Sample 100/100 completed
2026-05-06 18:38:23 |     Sample 10/100 completed
2026-05-06 18:38:23 |     Sample 20/100 completed
2026-05-06 18:38:23 |     Sample 30/100 completed
2026-05-06 18:38:24 |     Sample 40/100 completed
2026-05-06 18:38:24 |     Sample 50/100 completed
2026-05-06 18:38:24 |     Sample 60/100 completed
2026-05-06 18:38:24 |     Sample 70/100 completed
2026-05-06 18:38:25 |     Sample 80/100 completed
2026-05-06 18:38:25 |     Sample 90/100 completed
2026-05-06 18:38:25 |     Sample 100/100 completed
2026-05-06 18:38:25 |     Sample 10/100 completed
2026-05-06 18:38:26 |     Sample 20/100 completed
2026-05-06 18:38:26 |     Sample 30/100 completed
2026-05-06 18:38:26 |     Sample 40/100 completed
2026-05-06 18:38:26 |     Sample 50/100 completed
2026-05-06 18:38:27 |     Sample 60/100 completed
2026-05-06 18:38:27 |     Sample 70/100 completed
2026-05-06 18:38:27 |     Sample 80/100 completed
2026-05-06 18:38:27 |     Sample 90/100 completed
2026-05-06 18:38:28 |     Sample 100/100 completed
2026-05-06 18:38:28 |     Sample 10/100 completed
2026-05-06 18:38:28 |     Sample 20/100 completed
2026-05-06 18:38:28 |     Sample 30/100 completed
2026-05-06 18:38:29 |     Sample 40/100 completed
2026-05-06 18:38:29 |     Sample 50/100 completed
2026-05-06 18:38:29 |     Sample 60/100 completed
2026-05-06 18:38:29 |     Sample 70/100 completed
2026-05-06 18:38:30 |     Sample 80/100 completed
2026-05-06 18:38:30 |     Sample 90/100 completed
2026-05-06 18:38:30 |     Sample 100/100 completed
2026-05-06 18:38:30 |     Sample 10/100 completed
2026-05-06 18:38:31 |     Sample 20/100 completed
2026-05-06 18:38:31 |     Sample 30/100 completed
2026-05-06 18:38:31 |     Sample 40/100 completed
2026-05-06 18:38:31 |     Sample 50/100 completed
2026-05-06 18:38:32 |     Sample 60/100 completed
2026-05-06 18:38:32 |     Sample 70/100 completed
2026-05-06 18:38:32 |     Sample 80/100 completed
2026-05-06 18:38:32 |     Sample 90/100 completed
2026-05-06 18:38:33 |     Sample 100/100 completed
2026-05-06 18:38:33 |     Sample 10/100 completed
2026-05-06 18:38:33 |     Sample 20/100 completed
2026-05-06 18:38:33 |     Sample 30/100 completed
2026-05-06 18:38:34 |     Sample 40/100 completed
2026-05-06 18:38:34 |     Sample 50/100 completed
2026-05-06 18:38:34 |     Sample 60/100 completed
2026-05-06 18:38:34 |     Sample 70/100 completed
2026-05-06 18:38:35 |     Sample 80/100 completed
2026-05-06 18:38:35 |     Sample 90/100 completed
2026-05-06 18:38:35 |     Sample 100/100 completed
2026-05-06 18:38:35 |     Sample 10/100 completed
2026-05-06 18:38:36 |     Sample 20/100 completed
2026-05-06 18:38:36 |     Sample 30/100 completed
2026-05-06 18:38:36 |     Sample 40/100 completed
2026-05-06 18:38:36 |     Sample 50/100 completed
2026-05-06 18:38:37 |     Sample 60/100 completed
2026-05-06 18:38:37 |     Sample 70/100 completed
2026-05-06 18:38:37 |     Sample 80/100 completed
2026-05-06 18:38:37 |     Sample 90/100 completed
2026-05-06 18:38:38 |     Sample 100/100 completed
2026-05-06 18:38:38 |     Sample 10/100 completed
2026-05-06 18:38:38 |     Sample 20/100 completed
2026-05-06 18:38:38 |     Sample 30/100 completed
2026-05-06 18:38:39 |     Sample 40/100 completed
2026-05-06 18:38:39 |     Sample 50/100 completed
2026-05-06 18:38:39 |     Sample 60/100 completed
2026-05-06 18:38:39 |     Sample 70/100 completed
2026-05-06 18:38:40 |     Sample 80/100 completed
2026-05-06 18:38:40 |     Sample 90/100 completed
2026-05-06 18:38:40 |     Sample 100/100 completed
2026-05-06 18:38:40 |     Sample 10/100 completed
2026-05-06 18:38:41 |     Sample 20/100 completed
2026-05-06 18:38:41 |     Sample 30/100 completed
2026-05-06 18:38:41 |     Sample 40/100 completed
2026-05-06 18:38:41 |     Sample 50/100 completed
2026-05-06 18:38:42 |     Sample 60/100 completed
2026-05-06 18:38:42 |     Sample 70/100 completed
2026-05-06 18:38:42 |     Sample 80/100 completed
2026-05-06 18:38:42 |     Sample 90/100 completed
2026-05-06 18:38:43 |     Sample 100/100 completed
2026-05-06 18:38:43 |     Sample 10/100 completed
2026-05-06 18:38:43 |     Sample 20/100 completed
2026-05-06 18:38:43 |     Sample 30/100 completed
2026-05-06 18:38:44 |     Sample 40/100 completed
2026-05-06 18:38:44 |     Sample 50/100 completed
2026-05-06 18:38:44 |     Sample 60/100 completed
2026-05-06 18:38:44 |     Sample 70/100 completed
2026-05-06 18:38:45 |     Sample 80/100 completed
2026-05-06 18:38:45 |     Sample 90/100 completed
2026-05-06 18:38:45 |     Sample 100/100 completed
2026-05-06 18:38:46 |     Sample 10/100 completed
2026-05-06 18:38:46 |     Sample 20/100 completed
2026-05-06 18:38:46 |     Sample 30/100 completed
2026-05-06 18:38:46 |     Sample 40/100 completed
2026-05-06 18:38:47 |     Sample 50/100 completed
2026-05-06 18:38:47 |     Sample 60/100 completed
2026-05-06 18:38:47 |     Sample 70/100 completed
2026-05-06 18:38:47 |     Sample 80/100 completed
2026-05-06 18:38:48 |     Sample 90/100 completed
2026-05-06 18:38:48 |     Sample 100/100 completed
2026-05-06 18:38:48 |     Sample 10/100 completed
2026-05-06 18:38:48 |     Sample 20/100 completed
2026-05-06 18:38:49 |     Sample 30/100 completed
2026-05-06 18:38:49 |     Sample 40/100 completed
2026-05-06 18:38:49 |     Sample 50/100 completed
2026-05-06 18:38:49 |     Sample 60/100 completed
2026-05-06 18:38:50 |     Sample 70/100 completed
2026-05-06 18:38:50 |     Sample 80/100 completed
2026-05-06 18:38:50 |     Sample 90/100 completed
2026-05-06 18:38:50 |     Sample 100/100 completed
2026-05-06 18:38:51 |     Sample 10/100 completed
2026-05-06 18:38:51 |     Sample 20/100 completed
2026-05-06 18:38:51 |     Sample 30/100 completed
2026-05-06 18:38:51 |     Sample 40/100 completed
2026-05-06 18:38:52 |     Sample 50/100 completed
2026-05-06 18:38:52 |     Sample 60/100 completed
2026-05-06 18:38:52 |     Sample 70/100 completed
2026-05-06 18:38:52 |     Sample 80/100 completed
2026-05-06 18:38:53 |     Sample 90/100 completed
2026-05-06 18:38:53 |     Sample 100/100 completed
2026-05-06 18:38:53 |     Sample 10/100 completed
2026-05-06 18:38:53 |     Sample 20/100 completed
2026-05-06 18:38:54 |     Sample 30/100 completed
2026-05-06 18:38:54 |     Sample 40/100 completed
2026-05-06 18:38:54 |     Sample 50/100 completed
2026-05-06 18:38:54 |     Sample 60/100 completed
2026-05-06 18:38:55 |     Sample 70/100 completed
2026-05-06 18:38:55 |     Sample 80/100 completed
2026-05-06 18:38:55 |     Sample 90/100 completed
2026-05-06 18:38:55 |     Sample 100/100 completed
2026-05-06 18:38:56 |     Sample 10/100 completed
2026-05-06 18:38:56 |     Sample 20/100 completed
2026-05-06 18:38:56 |     Sample 30/100 completed
2026-05-06 18:38:56 |     Sample 40/100 completed
2026-05-06 18:38:57 |     Sample 50/100 completed
2026-05-06 18:38:57 |     Sample 60/100 completed
2026-05-06 18:38:57 |     Sample 70/100 completed
2026-05-06 18:38:57 |     Sample 80/100 completed
2026-05-06 18:38:58 |     Sample 90/100 completed
2026-05-06 18:38:58 |     Sample 100/100 completed
2026-05-06 18:38:58 |     Sample 10/100 completed
2026-05-06 18:38:58 |     Sample 20/100 completed
2026-05-06 18:38:59 |     Sample 30/100 completed
2026-05-06 18:38:59 |     Sample 40/100 completed
2026-05-06 18:38:59 |     Sample 50/100 completed
2026-05-06 18:38:59 |     Sample 60/100 completed
2026-05-06 18:39:00 |     Sample 70/100 completed
2026-05-06 18:39:00 |     Sample 80/100 completed
2026-05-06 18:39:00 |     Sample 90/100 completed
2026-05-06 18:39:00 |     Sample 100/100 completed
2026-05-06 18:39:01 |     Sample 10/100 completed
2026-05-06 18:39:01 |     Sample 20/100 completed
2026-05-06 18:39:01 |     Sample 30/100 completed
2026-05-06 18:39:01 |     Sample 40/100 completed
2026-05-06 18:39:02 |     Sample 50/100 completed
2026-05-06 18:39:02 |     Sample 60/100 completed
2026-05-06 18:39:02 |     Sample 70/100 completed
2026-05-06 18:39:02 |     Sample 80/100 completed
2026-05-06 18:39:03 |     Sample 90/100 completed
2026-05-06 18:39:03 |     Sample 100/100 completed
2026-05-06 18:39:03 |     Sample 10/100 completed
2026-05-06 18:39:04 |     Sample 20/100 completed
2026-05-06 18:39:04 |     Sample 30/100 completed
2026-05-06 18:39:04 |     Sample 40/100 completed
2026-05-06 18:39:04 |     Sample 50/100 completed
2026-05-06 18:39:05 |     Sample 60/100 completed
2026-05-06 18:39:05 |     Sample 70/100 completed
2026-05-06 18:39:05 |     Sample 80/100 completed
2026-05-06 18:39:05 |     Sample 90/100 completed
2026-05-06 18:39:06 |     Sample 100/100 completed
2026-05-06 18:39:06 |     Sample 10/100 completed
2026-05-06 18:39:06 |     Sample 20/100 completed
2026-05-06 18:39:06 |     Sample 30/100 completed
2026-05-06 18:39:07 |     Sample 40/100 completed
2026-05-06 18:39:07 |     Sample 50/100 completed
2026-05-06 18:39:07 |     Sample 60/100 completed
2026-05-06 18:39:07 |     Sample 70/100 completed
2026-05-06 18:39:08 |     Sample 80/100 completed
2026-05-06 18:39:08 |     Sample 90/100 completed
2026-05-06 18:39:08 |     Sample 100/100 completed
2026-05-06 18:39:08 |     Sample 10/100 completed
2026-05-06 18:39:09 |     Sample 20/100 completed
2026-05-06 18:39:09 |     Sample 30/100 completed
2026-05-06 18:39:09 |     Sample 40/100 completed
2026-05-06 18:39:09 |     Sample 50/100 completed
2026-05-06 18:39:10 |     Sample 60/100 completed
2026-05-06 18:39:10 |     Sample 70/100 completed
2026-05-06 18:39:10 |     Sample 80/100 completed
2026-05-06 18:39:10 |     Sample 90/100 completed
2026-05-06 18:39:11 |     Sample 100/100 completed
2026-05-06 18:39:11 |     Sample 10/100 completed
2026-05-06 18:39:11 |     Sample 20/100 completed
2026-05-06 18:39:11 |     Sample 30/100 completed
2026-05-06 18:39:12 |     Sample 40/100 completed
2026-05-06 18:39:12 |     Sample 50/100 completed
2026-05-06 18:39:12 |     Sample 60/100 completed
2026-05-06 18:39:12 |     Sample 70/100 completed
2026-05-06 18:39:13 |     Sample 80/100 completed
2026-05-06 18:39:13 |     Sample 90/100 completed
2026-05-06 18:39:13 |     Sample 100/100 completed
2026-05-06 18:39:13 |     Sample 10/100 completed
2026-05-06 18:39:14 |     Sample 20/100 completed
2026-05-06 18:39:14 |     Sample 30/100 completed
2026-05-06 18:39:14 |     Sample 40/100 completed
2026-05-06 18:39:14 |     Sample 50/100 completed
2026-05-06 18:39:15 |     Sample 60/100 completed
2026-05-06 18:39:15 |     Sample 70/100 completed
2026-05-06 18:39:15 |     Sample 80/100 completed
2026-05-06 18:39:15 |     Sample 90/100 completed
2026-05-06 18:39:16 |     Sample 100/100 completed
2026-05-06 18:39:16 |     Sample 10/100 completed
2026-05-06 18:39:16 |     Sample 20/100 completed
2026-05-06 18:39:16 |     Sample 30/100 completed
2026-05-06 18:39:17 |     Sample 40/100 completed
2026-05-06 18:39:17 |     Sample 50/100 completed
2026-05-06 18:39:17 |     Sample 60/100 completed
2026-05-06 18:39:17 |     Sample 70/100 completed
2026-05-06 18:39:18 |     Sample 80/100 completed
2026-05-06 18:39:18 |     Sample 90/100 completed
2026-05-06 18:39:18 |     Sample 100/100 completed
2026-05-06 18:39:18 |     Sample 10/100 completed
2026-05-06 18:39:19 |     Sample 20/100 completed
2026-05-06 18:39:19 |     Sample 30/100 completed
2026-05-06 18:39:19 |     Sample 40/100 completed
2026-05-06 18:39:19 |     Sample 50/100 completed
2026-05-06 18:39:20 |     Sample 60/100 completed
2026-05-06 18:39:20 |     Sample 70/100 completed
2026-05-06 18:39:20 |     Sample 80/100 completed
2026-05-06 18:39:20 |     Sample 90/100 completed
2026-05-06 18:39:21 |     Sample 100/100 completed
2026-05-06 18:39:21 |     Sample 10/100 completed
2026-05-06 18:39:21 |     Sample 20/100 completed
2026-05-06 18:39:21 |     Sample 30/100 completed
2026-05-06 18:39:22 |     Sample 40/100 completed
2026-05-06 18:39:22 |     Sample 50/100 completed
2026-05-06 18:39:22 |     Sample 60/100 completed
2026-05-06 18:39:22 |     Sample 70/100 completed
2026-05-06 18:39:23 |     Sample 80/100 completed
2026-05-06 18:39:23 |     Sample 90/100 completed
2026-05-06 18:39:23 |     Sample 100/100 completed
2026-05-06 18:39:24 |     Sample 10/100 completed
2026-05-06 18:39:24 |     Sample 20/100 completed
2026-05-06 18:39:24 |     Sample 30/100 completed
2026-05-06 18:39:24 |     Sample 40/100 completed
2026-05-06 18:39:25 |     Sample 50/100 completed
2026-05-06 18:39:25 |     Sample 60/100 completed
2026-05-06 18:39:25 |     Sample 70/100 completed
2026-05-06 18:39:25 |     Sample 80/100 completed
2026-05-06 18:39:26 |     Sample 90/100 completed
2026-05-06 18:39:26 |     Sample 100/100 completed
2026-05-06 18:39:26 |     Sample 10/100 completed
2026-05-06 18:39:26 |     Sample 20/100 completed
2026-05-06 18:39:27 |     Sample 30/100 completed
2026-05-06 18:39:27 |     Sample 40/100 completed
2026-05-06 18:39:27 |     Sample 50/100 completed
2026-05-06 18:39:27 |     Sample 60/100 completed
2026-05-06 18:39:28 |     Sample 70/100 completed
2026-05-06 18:39:28 |     Sample 80/100 completed
2026-05-06 18:39:28 |     Sample 90/100 completed
2026-05-06 18:39:28 |     Sample 100/100 completed
2026-05-06 18:39:29 |     Sample 10/100 completed
2026-05-06 18:39:29 |     Sample 20/100 completed
2026-05-06 18:39:29 |     Sample 30/100 completed
2026-05-06 18:39:29 |     Sample 40/100 completed
2026-05-06 18:39:30 |     Sample 50/100 completed
2026-05-06 18:39:30 |     Sample 60/100 completed
2026-05-06 18:39:30 |     Sample 70/100 completed
2026-05-06 18:39:30 |     Sample 80/100 completed
2026-05-06 18:39:31 |     Sample 90/100 completed
2026-05-06 18:39:31 |     Sample 100/100 completed
2026-05-06 18:39:31 |     Sample 10/100 completed
2026-05-06 18:39:31 |     Sample 20/100 completed
2026-05-06 18:39:32 |     Sample 30/100 completed
2026-05-06 18:39:32 |     Sample 40/100 completed
2026-05-06 18:39:32 |     Sample 50/100 completed
2026-05-06 18:39:32 |     Sample 60/100 completed
2026-05-06 18:39:33 |     Sample 70/100 completed
2026-05-06 18:39:33 |     Sample 80/100 completed
2026-05-06 18:39:33 |     Sample 90/100 completed
2026-05-06 18:39:33 |     Sample 100/100 completed
2026-05-06 18:39:34 |     Sample 10/100 completed
2026-05-06 18:39:34 |     Sample 20/100 completed
2026-05-06 18:39:34 |     Sample 30/100 completed
2026-05-06 18:39:34 |     Sample 40/100 completed
2026-05-06 18:39:35 |     Sample 50/100 completed
2026-05-06 18:39:35 |     Sample 60/100 completed
2026-05-06 18:39:35 |     Sample 70/100 completed
2026-05-06 18:39:35 |     Sample 80/100 completed
2026-05-06 18:39:36 |     Sample 90/100 completed
2026-05-06 18:39:36 |     Sample 100/100 completed
2026-05-06 18:39:36 |     Sample 10/100 completed
2026-05-06 18:39:36 |     Sample 20/100 completed
2026-05-06 18:39:37 |     Sample 30/100 completed
2026-05-06 18:39:37 |     Sample 40/100 completed
2026-05-06 18:39:37 |     Sample 50/100 completed
2026-05-06 18:39:37 |     Sample 60/100 completed
2026-05-06 18:39:38 |     Sample 70/100 completed
2026-05-06 18:39:38 |     Sample 80/100 completed
2026-05-06 18:39:38 |     Sample 90/100 completed
2026-05-06 18:39:38 |     Sample 100/100 completed
2026-05-06 18:39:39 |     Sample 10/100 completed
2026-05-06 18:39:39 |     Sample 20/100 completed
2026-05-06 18:39:39 |     Sample 30/100 completed
2026-05-06 18:39:39 |     Sample 40/100 completed
2026-05-06 18:39:40 |     Sample 50/100 completed
2026-05-06 18:39:40 |     Sample 60/100 completed
2026-05-06 18:39:40 |     Sample 70/100 completed
2026-05-06 18:39:41 |     Sample 80/100 completed
2026-05-06 18:39:41 |     Sample 90/100 completed
2026-05-06 18:39:41 |     Sample 100/100 completed
2026-05-06 18:39:41 |     Sample 10/100 completed
2026-05-06 18:39:42 |     Sample 20/100 completed
2026-05-06 18:39:42 |     Sample 30/100 completed
2026-05-06 18:39:42 |     Sample 40/100 completed
2026-05-06 18:39:42 |     Sample 50/100 completed
2026-05-06 18:39:43 |     Sample 60/100 completed
2026-05-06 18:39:43 |     Sample 70/100 completed
2026-05-06 18:39:43 |     Sample 80/100 completed
2026-05-06 18:39:43 |     Sample 90/100 completed
2026-05-06 18:39:44 |     Sample 100/100 completed
2026-05-06 18:39:44 |     Sample 10/100 completed
2026-05-06 18:39:44 |     Sample 20/100 completed
2026-05-06 18:39:44 |     Sample 30/100 completed
2026-05-06 18:39:45 |     Sample 40/100 completed
2026-05-06 18:39:45 |     Sample 50/100 completed
2026-05-06 18:39:45 |     Sample 60/100 completed
2026-05-06 18:39:45 |     Sample 70/100 completed
2026-05-06 18:39:46 |     Sample 80/100 completed
2026-05-06 18:39:46 |     Sample 90/100 completed
2026-05-06 18:39:46 |     Sample 100/100 completed
2026-05-06 18:39:46 |     Sample 10/100 completed
2026-05-06 18:39:47 |     Sample 20/100 completed
2026-05-06 18:39:47 |     Sample 30/100 completed
2026-05-06 18:39:47 |     Sample 40/100 completed
2026-05-06 18:39:47 |     Sample 50/100 completed
2026-05-06 18:39:48 |     Sample 60/100 completed
2026-05-06 18:39:48 |     Sample 70/100 completed
2026-05-06 18:39:48 |     Sample 80/100 completed
2026-05-06 18:39:48 |     Sample 90/100 completed
2026-05-06 18:39:49 |     Sample 100/100 completed
2026-05-06 18:39:49 |     Sample 10/100 completed
2026-05-06 18:39:49 |     Sample 20/100 completed
2026-05-06 18:39:49 |     Sample 30/100 completed
2026-05-06 18:39:50 |     Sample 40/100 completed
2026-05-06 18:39:50 |     Sample 50/100 completed
2026-05-06 18:39:50 |     Sample 60/100 completed
2026-05-06 18:39:50 |     Sample 70/100 completed
2026-05-06 18:39:51 |     Sample 80/100 completed
2026-05-06 18:39:51 |     Sample 90/100 completed
2026-05-06 18:39:51 |     Sample 100/100 completed
2026-05-06 18:39:51 |     Sample 10/100 completed
2026-05-06 18:39:52 |     Sample 20/100 completed
2026-05-06 18:39:52 |     Sample 30/100 completed
2026-05-06 18:39:52 |     Sample 40/100 completed
2026-05-06 18:39:52 |     Sample 50/100 completed
2026-05-06 18:39:53 |     Sample 60/100 completed
2026-05-06 18:39:53 |     Sample 70/100 completed
2026-05-06 18:39:53 |     Sample 80/100 completed
2026-05-06 18:39:53 |     Sample 90/100 completed
2026-05-06 18:39:54 |     Sample 100/100 completed
2026-05-06 18:39:54 | Completed all 100 instances
2026-05-06 18:39:54 |   [Progress: 7/9] LGBM + LINGAM - CausalShapley (SLOW - uses 10 inner samples)
2026-05-06 19:50:19 |   [Progress: 8/9] LGBM + LINGAM - ShapleyFlow
2026-05-06 19:50:19 |     → ShapleyFlowWrapper: 51 features, 287 edges, 3 sources
2026-05-06 19:50:19 |     → Computing Shapley Flow for 100 instances...
2026-05-06 19:50:19 |     → Instance 1/100
2026-05-06 19:50:19 |     → ShapleyFlow (Backward Path Sampling): 287 edges, 3 sources
2026-05-06 19:50:19 |     → ShapleyFlow (MC Permutation): 287 edges, 100 trials = 28,800 model calls
2026-05-06 19:50:19 |     → Trial 1/100 completed (288 evaluations)
2026-05-06 19:50:20 |     → Trial 10/100 completed (288 evaluations)
2026-05-06 19:50:22 |     → Trial 20/100 completed (288 evaluations)
2026-05-06 19:50:23 |     → Trial 30/100 completed (288 evaluations)
2026-05-06 19:50:25 |     → Trial 40/100 completed (288 evaluations)
2026-05-06 19:50:26 |     → Trial 50/100 completed (288 evaluations)
2026-05-06 19:50:27 |     → Trial 60/100 completed (288 evaluations)
2026-05-06 19:50:29 |     → Trial 70/100 completed (288 evaluations)
2026-05-06 19:50:30 |     → Trial 80/100 completed (288 evaluations)
2026-05-06 19:50:32 |     → Trial 90/100 completed (288 evaluations)
2026-05-06 19:50:33 |     → Trial 100/100 completed (288 evaluations)
2026-05-06 19:50:33 |  Total edge attributions: -0.484435
2026-05-06 19:50:33 |  Expected (f(x) - f(x')) : -0.484435
2026-05-06 19:50:33 |  Difference: 1.1102230246251565e-16 using 100 samples to calculate f(x) and f(x')
2026-05-06 19:50:33 |  Relative error: 0.0000
2026-05-06 19:50:33 |     → Instance 2/100
2026-05-06 19:50:33 |     → ShapleyFlow (Backward Path Sampling): 287 edges, 3 sources
2026-05-06 19:50:33 |     → ShapleyFlow (MC Permutation): 287 edges, 100 trials = 28,800 model calls
2026-05-06 19:50:33 |     → Trial 1/100 completed (288 evaluations)
2026-05-06 19:50:35 |     → Trial 10/100 completed (288 evaluations)
2026-05-06 19:50:36 |     → Trial 20/100 completed (288 evaluations)
2026-05-06 19:50:38 |     → Trial 30/100 completed (288 evaluations)
2026-05-06 19:50:39 |     → Trial 40/100 completed (288 evaluations)
2026-05-06 19:50:41 |     → Trial 50/100 completed (288 evaluations)
2026-05-06 19:50:42 |     → Trial 60/100 completed (288 evaluations)
2026-05-06 19:50:44 |     → Trial 70/100 completed (288 evaluations)
2026-05-06 19:50:45 |     → Trial 80/100 completed (288 evaluations)
2026-05-06 19:50:46 |     → Trial 90/100 completed (288 evaluations)
2026-05-06 19:50:48 |     → Trial 100/100 completed (288 evaluations)
2026-05-06 19:50:48 |  Total edge attributions: 0.187756
2026-05-06 19:50:48 |  Expected (f(x) - f(x')) : 0.187756
2026-05-06 19:50:48 |  Difference: 8.326672684688674e-17 using 100 samples to calculate f(x) and f(x')
2026-05-06 19:50:48 |  Relative error: 0.0000
2026-05-06 19:50:48 |     → Instance 3/100
2026-05-06 19:50:48 |     → ShapleyFlow (Backward Path Sampling): 287 edges, 3 sources
2026-05-06 19:50:48 |     → ShapleyFlow (MC Permutation): 287 edges, 100 trials = 28,800 model calls
2026-05-06 19:50:48 |     → Trial 1/100 completed (288 evaluations)
2026-05-06 19:50:49 |     → Trial 10/100 completed (288 evaluations)
2026-05-06 19:50:51 |     → Trial 20/100 completed (288 evaluations)
2026-05-06 19:50:52 |     → Trial 30/100 completed (288 evaluations)
2026-05-06 19:50:54 |     → Trial 40/100 completed (288 evaluations)
2026-05-06 19:50:55 |     → Trial 50/100 completed (288 evaluations)
2026-05-06 19:50:57 |     → Trial 60/100 completed (288 evaluations)
2026-05-06 19:50:58 |     → Trial 70/100 completed (288 evaluations)
2026-05-06 19:51:00 |     → Trial 80/100 completed (288 evaluations)
2026-05-06 19:51:01 |     → Trial 90/100 completed (288 evaluations)
2026-05-06 19:51:03 |     → Trial 100/100 completed (288 evaluations)
2026-05-06 19:51:03 |  Total edge attributions: 0.500615
2026-05-06 19:51:03 |  Expected (f(x) - f(x')) : 0.500615
2026-05-06 19:51:03 |  Difference: 2.220446049250313e-16 using 100 samples to calculate f(x) and f(x')
2026-05-06 19:51:03 |  Relative error: 0.0000
2026-05-06 19:51:03 |     → Instance 4/100
2026-05-06 19:51:03 |     → ShapleyFlow (Backward Path Sampling): 287 edges, 3 sources
2026-05-06 19:51:03 |     → ShapleyFlow (MC Permutation): 287 edges, 100 trials = 28,800 model calls
2026-05-06 19:51:03 |     → Trial 1/100 completed (288 evaluations)
2026-05-06 19:51:04 |     → Trial 10/100 completed (288 evaluations)
2026-05-06 19:51:06 |     → Trial 20/100 completed (288 evaluations)
2026-05-06 19:51:07 |     → Trial 30/100 completed (288 evaluations)
2026-05-06 19:51:09 |     → Trial 40/100 completed (288 evaluations)
2026-05-06 19:51:10 |     → Trial 50/100 completed (288 evaluations)
2026-05-06 19:51:11 |     → Trial 60/100 completed (288 evaluations)
2026-05-06 19:51:13 |     → Trial 70/100 completed (288 evaluations)
2026-05-06 19:51:14 |     → Trial 80/100 completed (288 evaluations)
2026-05-06 19:51:16 |     → Trial 90/100 completed (288 evaluations)
2026-05-06 19:51:17 |     → Trial 100/100 completed (288 evaluations)
2026-05-06 19:51:17 |  Total edge attributions: 0.422586
2026-05-06 19:51:17 |  Expected (f(x) - f(x')) : 0.422586
2026-05-06 19:51:17 |  Difference: 0.0 using 100 samples to calculate f(x) and f(x')
2026-05-06 19:51:17 |  Relative error: 0.0000
2026-05-06 19:51:17 |     → Instance 5/100
2026-05-06 19:51:17 |     → ShapleyFlow (Backward Path Sampling): 287 edges, 3 sources
2026-05-06 19:51:17 |     → ShapleyFlow (MC Permutation): 287 edges, 100 trials = 28,800 model calls
2026-05-06 19:51:18 |     → Trial 1/100 completed (288 evaluations)
2026-05-06 19:51:19 |     → Trial 10/100 completed (288 evaluations)
2026-05-06 19:51:20 |     → Trial 20/100 completed (288 evaluations)
2026-05-06 19:51:22 |     → Trial 30/100 completed (288 evaluations)
2026-05-06 19:51:23 |     → Trial 40/100 completed (288 evaluations)
2026-05-06 19:51:25 |     → Trial 50/100 completed (288 evaluations)
2026-05-06 19:51:26 |     → Trial 60/100 completed (288 evaluations)
2026-05-06 19:51:28 |     → Trial 70/100 completed (288 evaluations)
2026-05-06 19:51:29 |     → Trial 80/100 completed (288 evaluations)
2026-05-06 19:51:31 |     → Trial 90/100 completed (288 evaluations)
2026-05-06 19:51:32 |     → Trial 100/100 completed (288 evaluations)
2026-05-06 19:51:32 |  Total edge attributions: -0.099537
2026-05-06 19:51:32 |  Expected (f(x) - f(x')) : -0.099537
2026-05-06 19:51:32 |  Difference: 6.938893903907228e-17 using 100 samples to calculate f(x) and f(x')
2026-05-06 19:51:32 |  Relative error: 0.0000
2026-05-06 19:51:32 |     → Instance 6/100
2026-05-06 19:51:32 |     → ShapleyFlow (Backward Path Sampling): 287 edges, 3 sources
2026-05-06 19:51:32 |     → ShapleyFlow (MC Permutation): 287 edges, 100 trials = 28,800 model calls
2026-05-06 19:51:32 |     → Trial 1/100 completed (288 evaluations)
2026-05-06 19:51:34 |     → Trial 10/100 completed (288 evaluations)
2026-05-06 19:51:35 |     → Trial 20/100 completed (288 evaluations)
2026-05-06 19:51:37 |     → Trial 30/100 completed (288 evaluations)
2026-05-06 19:51:38 |     → Trial 40/100 completed (288 evaluations)
2026-05-06 19:51:40 |     → Trial 50/100 completed (288 evaluations)
2026-05-06 19:51:41 |     → Trial 60/100 completed (288 evaluations)
2026-05-06 19:51:43 |     → Trial 70/100 completed (288 evaluations)
2026-05-06 19:51:44 |     → Trial 80/100 completed (288 evaluations)
2026-05-06 19:51:46 |     → Trial 90/100 completed (288 evaluations)
2026-05-06 19:51:47 |     → Trial 100/100 completed (288 evaluations)
2026-05-06 19:51:47 |  Total edge attributions: -2.916107
2026-05-06 19:51:47 |  Expected (f(x) - f(x')) : -2.916107
2026-05-06 19:51:47 |  Difference: 0.0 using 100 samples to calculate f(x) and f(x')
2026-05-06 19:51:47 |  Relative error: 0.0000
2026-05-06 19:51:47 |     → Instance 7/100
2026-05-06 19:51:47 |     → ShapleyFlow (Backward Path Sampling): 287 edges, 3 sources
2026-05-06 19:51:47 |     → ShapleyFlow (MC Permutation): 287 edges, 100 trials = 28,800 model calls
2026-05-06 19:51:47 |     → Trial 1/100 completed (288 evaluations)
2026-05-06 19:51:49 |     → Trial 10/100 completed (288 evaluations)
2026-05-06 19:51:50 |     → Trial 20/100 completed (288 evaluations)
2026-05-06 19:51:51 |     → Trial 30/100 completed (288 evaluations)
2026-05-06 19:51:53 |     → Trial 40/100 completed (288 evaluations)
2026-05-06 19:51:54 |     → Trial 50/100 completed (288 evaluations)
2026-05-06 19:51:56 |     → Trial 60/100 completed (288 evaluations)
2026-05-06 19:51:57 |     → Trial 70/100 completed (288 evaluations)
2026-05-06 19:51:59 |     → Trial 80/100 completed (288 evaluations)
2026-05-06 19:52:00 |     → Trial 90/100 completed (288 evaluations)
2026-05-06 19:52:02 |     → Trial 100/100 completed (288 evaluations)
2026-05-06 19:52:02 |  Total edge attributions: 0.321551
2026-05-06 19:52:02 |  Expected (f(x) - f(x')) : 0.321551
2026-05-06 19:52:02 |  Difference: 0.0 using 100 samples to calculate f(x) and f(x')
2026-05-06 19:52:02 |  Relative error: 0.0000
2026-05-06 19:52:02 |     → Instance 8/100
2026-05-06 19:52:02 |     → ShapleyFlow (Backward Path Sampling): 287 edges, 3 sources
2026-05-06 19:52:02 |     → ShapleyFlow (MC Permutation): 287 edges, 100 trials = 28,800 model calls
2026-05-06 19:52:02 |     → Trial 1/100 completed (288 evaluations)
2026-05-06 19:52:03 |     → Trial 10/100 completed (288 evaluations)
2026-05-06 19:52:05 |     → Trial 20/100 completed (288 evaluations)
2026-05-06 19:52:06 |     → Trial 30/100 completed (288 evaluations)
2026-05-06 19:52:08 |     → Trial 40/100 completed (288 evaluations)
2026-05-06 19:52:09 |     → Trial 50/100 completed (288 evaluations)
2026-05-06 19:52:11 |     → Trial 60/100 completed (288 evaluations)
2026-05-06 19:52:12 |     → Trial 70/100 completed (288 evaluations)
2026-05-06 19:52:14 |     → Trial 80/100 completed (288 evaluations)
2026-05-06 19:52:15 |     → Trial 90/100 completed (288 evaluations)
2026-05-06 19:52:16 |     → Trial 100/100 completed (288 evaluations)
2026-05-06 19:52:17 |  Total edge attributions: -0.355240
2026-05-06 19:52:17 |  Expected (f(x) - f(x')) : -0.355240
2026-05-06 19:52:17 |  Difference: 5.551115123125783e-17 using 100 samples to calculate f(x) and f(x')
2026-05-06 19:52:17 |  Relative error: 0.0000
2026-05-06 19:52:17 |     → Instance 9/100
2026-05-06 19:52:17 |     → ShapleyFlow (Backward Path Sampling): 287 edges, 3 sources
2026-05-06 19:52:17 |     → ShapleyFlow (MC Permutation): 287 edges, 100 trials = 28,800 model calls
2026-05-06 19:52:17 |     → Trial 1/100 completed (288 evaluations)
2026-05-06 19:52:18 |     → Trial 10/100 completed (288 evaluations)
2026-05-06 19:52:20 |     → Trial 20/100 completed (288 evaluations)
2026-05-06 19:52:21 |     → Trial 30/100 completed (288 evaluations)
2026-05-06 19:52:22 |     → Trial 40/100 completed (288 evaluations)
2026-05-06 19:52:24 |     → Trial 50/100 completed (288 evaluations)
2026-05-06 19:52:25 |     → Trial 60/100 completed (288 evaluations)
2026-05-06 19:52:27 |     → Trial 70/100 completed (288 evaluations)
2026-05-06 19:52:28 |     → Trial 80/100 completed (288 evaluations)
2026-05-06 19:52:30 |     → Trial 90/100 completed (288 evaluations)
2026-05-06 19:52:31 |     → Trial 100/100 completed (288 evaluations)
2026-05-06 19:52:31 |  Total edge attributions: 0.107830
2026-05-06 19:52:31 |  Expected (f(x) - f(x')) : 0.107830
2026-05-06 19:52:31 |  Difference: 1.8041124150158794e-16 using 100 samples to calculate f(x) and f(x')
2026-05-06 19:52:31 |  Relative error: 0.0000
2026-05-06 19:52:31 |     → Instance 10/100
2026-05-06 19:52:31 |     → ShapleyFlow (Backward Path Sampling): 287 edges, 3 sources
2026-05-06 19:52:31 |     → ShapleyFlow (MC Permutation): 287 edges, 100 trials = 28,800 model calls
2026-05-06 19:52:31 |     → Trial 1/100 completed (288 evaluations)
2026-05-06 19:52:33 |     → Trial 10/100 completed (288 evaluations)
2026-05-06 19:52:34 |     → Trial 20/100 completed (288 evaluations)
2026-05-06 19:52:36 |     → Trial 30/100 completed (288 evaluations)
2026-05-06 19:52:37 |     → Trial 40/100 completed (288 evaluations)
2026-05-06 19:52:39 |     → Trial 50/100 completed (288 evaluations)
2026-05-06 19:52:40 |     → Trial 60/100 completed (288 evaluations)
2026-05-06 19:52:42 |     → Trial 70/100 completed (288 evaluations)
2026-05-06 19:52:43 |     → Trial 80/100 completed (288 evaluations)
2026-05-06 19:52:44 |     → Trial 90/100 completed (288 evaluations)
2026-05-06 19:52:46 |     → Trial 100/100 completed (288 evaluations)
2026-05-06 19:52:46 |  Total edge attributions: -0.470869
2026-05-06 19:52:46 |  Expected (f(x) - f(x')) : -0.470869
2026-05-06 19:52:46 |  Difference: 2.220446049250313e-16 using 100 samples to calculate f(x) and f(x')
2026-05-06 19:52:46 |  Relative error: 0.0000
2026-05-06 19:52:46 |     → Instance 11/100
2026-05-06 19:52:46 |     → ShapleyFlow (Backward Path Sampling): 287 edges, 3 sources
2026-05-06 19:52:46 |     → ShapleyFlow (MC Permutation): 287 edges, 100 trials = 28,800 model calls
2026-05-06 19:52:46 |     → Trial 1/100 completed (288 evaluations)
2026-05-06 19:52:47 |     → Trial 10/100 completed (288 evaluations)
2026-05-06 19:52:49 |     → Trial 20/100 completed (288 evaluations)
2026-05-06 19:52:50 |     → Trial 30/100 completed (288 evaluations)
2026-05-06 19:52:52 |     → Trial 40/100 completed (288 evaluations)
2026-05-06 19:52:53 |     → Trial 50/100 completed (288 evaluations)
2026-05-06 19:52:55 |     → Trial 60/100 completed (288 evaluations)
2026-05-06 19:52:56 |     → Trial 70/100 completed (288 evaluations)
2026-05-06 19:52:58 |     → Trial 80/100 completed (288 evaluations)
2026-05-06 19:52:59 |     → Trial 90/100 completed (288 evaluations)
2026-05-06 19:53:01 |     → Trial 100/100 completed (288 evaluations)
2026-05-06 19:53:01 |  Total edge attributions: -0.435222
2026-05-06 19:53:01 |  Expected (f(x) - f(x')) : -0.435222
2026-05-06 19:53:01 |  Difference: 1.1102230246251565e-16 using 100 samples to calculate f(x) and f(x')
2026-05-06 19:53:01 |  Relative error: 0.0000
2026-05-06 19:53:01 |     → Instance 12/100
2026-05-06 19:53:01 |     → ShapleyFlow (Backward Path Sampling): 287 edges, 3 sources
2026-05-06 19:53:01 |     → ShapleyFlow (MC Permutation): 287 edges, 100 trials = 28,800 model calls
2026-05-06 19:53:01 |     → Trial 1/100 completed (288 evaluations)
2026-05-06 19:53:02 |     → Trial 10/100 completed (288 evaluations)
2026-05-06 19:53:04 |     → Trial 20/100 completed (288 evaluations)
2026-05-06 19:53:05 |     → Trial 30/100 completed (288 evaluations)
2026-05-06 19:53:07 |     → Trial 40/100 completed (288 evaluations)
2026-05-06 19:53:08 |     → Trial 50/100 completed (288 evaluations)
2026-05-06 19:53:09 |     → Trial 60/100 completed (288 evaluations)
2026-05-06 19:53:11 |     → Trial 70/100 completed (288 evaluations)
2026-05-06 19:53:12 |     → Trial 80/100 completed (288 evaluations)
2026-05-06 19:53:14 |     → Trial 90/100 completed (288 evaluations)
2026-05-06 19:53:15 |     → Trial 100/100 completed (288 evaluations)
2026-05-06 19:53:15 |  Total edge attributions: 0.549800
2026-05-06 19:53:15 |  Expected (f(x) - f(x')) : 0.549800
2026-05-06 19:53:15 |  Difference: 3.3306690738754696e-16 using 100 samples to calculate f(x) and f(x')
2026-05-06 19:53:15 |  Relative error: 0.0000
2026-05-06 19:53:15 |     → Instance 13/100
2026-05-06 19:53:15 |     → ShapleyFlow (Backward Path Sampling): 287 edges, 3 sources
2026-05-06 19:53:15 |     → ShapleyFlow (MC Permutation): 287 edges, 100 trials = 28,800 model calls
2026-05-06 19:53:16 |     → Trial 1/100 completed (288 evaluations)
2026-05-06 19:53:17 |     → Trial 10/100 completed (288 evaluations)
2026-05-06 19:53:18 |     → Trial 20/100 completed (288 evaluations)
2026-05-06 19:53:20 |     → Trial 30/100 completed (288 evaluations)
2026-05-06 19:53:21 |     → Trial 40/100 completed (288 evaluations)
2026-05-06 19:53:23 |     → Trial 50/100 completed (288 evaluations)
2026-05-06 19:53:24 |     → Trial 60/100 completed (288 evaluations)
2026-05-06 19:53:26 |     → Trial 70/100 completed (288 evaluations)
2026-05-06 19:53:27 |     → Trial 80/100 completed (288 evaluations)
2026-05-06 19:53:29 |     → Trial 90/100 completed (288 evaluations)
2026-05-06 19:53:30 |     → Trial 100/100 completed (288 evaluations)
2026-05-06 19:53:30 |  Total edge attributions: -0.551034
2026-05-06 19:53:30 |  Expected (f(x) - f(x')) : -0.551034
2026-05-06 19:53:30 |  Difference: 0.0 using 100 samples to calculate f(x) and f(x')
2026-05-06 19:53:30 |  Relative error: 0.0000
2026-05-06 19:53:30 |     → Instance 14/100
2026-05-06 19:53:30 |     → ShapleyFlow (Backward Path Sampling): 287 edges, 3 sources
2026-05-06 19:53:30 |     → ShapleyFlow (MC Permutation): 287 edges, 100 trials = 28,800 model calls
2026-05-06 19:53:30 |     → Trial 1/100 completed (288 evaluations)
2026-05-06 19:53:32 |     → Trial 10/100 completed (288 evaluations)
2026-05-06 19:53:33 |     → Trial 20/100 completed (288 evaluations)
2026-05-06 19:53:34 |     → Trial 30/100 completed (288 evaluations)
2026-05-06 19:53:36 |     → Trial 40/100 completed (288 evaluations)
2026-05-06 19:53:37 |     → Trial 50/100 completed (288 evaluations)
2026-05-06 19:53:39 |     → Trial 60/100 completed (288 evaluations)
2026-05-06 19:53:40 |     → Trial 70/100 completed (288 evaluations)
2026-05-06 19:53:42 |     → Trial 80/100 completed (288 evaluations)
2026-05-06 19:53:43 |     → Trial 90/100 completed (288 evaluations)
2026-05-06 19:53:45 |     → Trial 100/100 completed (288 evaluations)
2026-05-06 19:53:45 |  Total edge attributions: -0.245229
2026-05-06 19:53:45 |  Expected (f(x) - f(x')) : -0.245229
2026-05-06 19:53:45 |  Difference: 3.3306690738754696e-16 using 100 samples to calculate f(x) and f(x')
2026-05-06 19:53:45 |  Relative error: 0.0000
2026-05-06 19:53:45 |     → Instance 15/100
2026-05-06 19:53:45 |     → ShapleyFlow (Backward Path Sampling): 287 edges, 3 sources
2026-05-06 19:53:45 |     → ShapleyFlow (MC Permutation): 287 edges, 100 trials = 28,800 model calls
2026-05-06 19:53:45 |     → Trial 1/100 completed (288 evaluations)
2026-05-06 19:53:46 |     → Trial 10/100 completed (288 evaluations)
2026-05-06 19:53:48 |     → Trial 20/100 completed (288 evaluations)
2026-05-06 19:53:49 |     → Trial 30/100 completed (288 evaluations)
2026-05-06 19:53:51 |     → Trial 40/100 completed (288 evaluations)
2026-05-06 19:53:52 |     → Trial 50/100 completed (288 evaluations)
2026-05-06 19:53:54 |     → Trial 60/100 completed (288 evaluations)
2026-05-06 19:53:55 |     → Trial 70/100 completed (288 evaluations)
2026-05-06 19:53:56 |     → Trial 80/100 completed (288 evaluations)
2026-05-06 19:53:58 |     → Trial 90/100 completed (288 evaluations)
2026-05-06 19:53:59 |     → Trial 100/100 completed (288 evaluations)
2026-05-06 19:53:59 |  Total edge attributions: -0.079771
2026-05-06 19:53:59 |  Expected (f(x) - f(x')) : -0.079771
2026-05-06 19:53:59 |  Difference: 0.0 using 100 samples to calculate f(x) and f(x')
2026-05-06 19:53:59 |  Relative error: 0.0000
2026-05-06 19:53:59 |     → Instance 16/100
2026-05-06 19:53:59 |     → ShapleyFlow (Backward Path Sampling): 287 edges, 3 sources
2026-05-06 19:53:59 |     → ShapleyFlow (MC Permutation): 287 edges, 100 trials = 28,800 model calls
2026-05-06 19:54:00 |     → Trial 1/100 completed (288 evaluations)
2026-05-06 19:54:01 |     → Trial 10/100 completed (288 evaluations)
2026-05-06 19:54:02 |     → Trial 20/100 completed (288 evaluations)
2026-05-06 19:54:04 |     → Trial 30/100 completed (288 evaluations)
2026-05-06 19:54:05 |     → Trial 40/100 completed (288 evaluations)
2026-05-06 19:54:07 |     → Trial 50/100 completed (288 evaluations)
2026-05-06 19:54:08 |     → Trial 60/100 completed (288 evaluations)
2026-05-06 19:54:10 |     → Trial 70/100 completed (288 evaluations)
2026-05-06 19:54:11 |     → Trial 80/100 completed (288 evaluations)
2026-05-06 19:54:13 |     → Trial 90/100 completed (288 evaluations)
2026-05-06 19:54:14 |     → Trial 100/100 completed (288 evaluations)
2026-05-06 19:54:14 |  Total edge attributions: -1.006672
2026-05-06 19:54:14 |  Expected (f(x) - f(x')) : -1.006672
2026-05-06 19:54:14 |  Difference: 4.440892098500626e-16 using 100 samples to calculate f(x) and f(x')
2026-05-06 19:54:14 |  Relative error: 0.0000
2026-05-06 19:54:14 |     → Instance 17/100
2026-05-06 19:54:14 |     → ShapleyFlow (Backward Path Sampling): 287 edges, 3 sources
2026-05-06 19:54:14 |     → ShapleyFlow (MC Permutation): 287 edges, 100 trials = 28,800 model calls
2026-05-06 19:54:14 |     → Trial 1/100 completed (288 evaluations)
2026-05-06 19:54:16 |     → Trial 10/100 completed (288 evaluations)
2026-05-06 19:54:17 |     → Trial 20/100 completed (288 evaluations)
2026-05-06 19:54:18 |     → Trial 30/100 completed (288 evaluations)
2026-05-06 19:54:20 |     → Trial 40/100 completed (288 evaluations)
2026-05-06 19:54:21 |     → Trial 50/100 completed (288 evaluations)
2026-05-06 19:54:23 |     → Trial 60/100 completed (288 evaluations)
2026-05-06 19:54:24 |     → Trial 70/100 completed (288 evaluations)
2026-05-06 19:54:26 |     → Trial 80/100 completed (288 evaluations)
2026-05-06 19:54:27 |     → Trial 90/100 completed (288 evaluations)
2026-05-06 19:54:29 |     → Trial 100/100 completed (288 evaluations)
2026-05-06 19:54:29 |  Total edge attributions: -0.381043
2026-05-06 19:54:29 |  Expected (f(x) - f(x')) : -0.381043
2026-05-06 19:54:29 |  Difference: 1.6653345369377348e-16 using 100 samples to calculate f(x) and f(x')
2026-05-06 19:54:29 |  Relative error: 0.0000
2026-05-06 19:54:29 |     → Instance 18/100
2026-05-06 19:54:29 |     → ShapleyFlow (Backward Path Sampling): 287 edges, 3 sources
2026-05-06 19:54:29 |     → ShapleyFlow (MC Permutation): 287 edges, 100 trials = 28,800 model calls
2026-05-06 19:54:29 |     → Trial 1/100 completed (288 evaluations)
2026-05-06 19:54:30 |     → Trial 10/100 completed (288 evaluations)
2026-05-06 19:54:32 |     → Trial 20/100 completed (288 evaluations)
2026-05-06 19:54:33 |     → Trial 30/100 completed (288 evaluations)
2026-05-06 19:54:35 |     → Trial 40/100 completed (288 evaluations)
2026-05-06 19:54:36 |     → Trial 50/100 completed (288 evaluations)
2026-05-06 19:54:38 |     → Trial 60/100 completed (288 evaluations)
2026-05-06 19:54:39 |     → Trial 70/100 completed (288 evaluations)
2026-05-06 19:54:40 |     → Trial 80/100 completed (288 evaluations)
2026-05-06 19:54:42 |     → Trial 90/100 completed (288 evaluations)
2026-05-06 19:54:43 |     → Trial 100/100 completed (288 evaluations)
2026-05-06 19:54:43 |  Total edge attributions: -0.412468
2026-05-06 19:54:43 |  Expected (f(x) - f(x')) : -0.412468
2026-05-06 19:54:43 |  Difference: 5.551115123125783e-17 using 100 samples to calculate f(x) and f(x')
2026-05-06 19:54:43 |  Relative error: 0.0000
2026-05-06 19:54:43 |     → Instance 19/100
2026-05-06 19:54:43 |     → ShapleyFlow (Backward Path Sampling): 287 edges, 3 sources
2026-05-06 19:54:43 |     → ShapleyFlow (MC Permutation): 287 edges, 100 trials = 28,800 model calls
2026-05-06 19:54:44 |     → Trial 1/100 completed (288 evaluations)
2026-05-06 19:54:45 |     → Trial 10/100 completed (288 evaluations)
2026-05-06 19:54:46 |     → Trial 20/100 completed (288 evaluations)
2026-05-06 19:54:48 |     → Trial 30/100 completed (288 evaluations)
2026-05-06 19:54:49 |     → Trial 40/100 completed (288 evaluations)
2026-05-06 19:54:51 |     → Trial 50/100 completed (288 evaluations)
2026-05-06 19:54:52 |     → Trial 60/100 completed (288 evaluations)
2026-05-06 19:54:54 |     → Trial 70/100 completed (288 evaluations)
2026-05-06 19:54:55 |     → Trial 80/100 completed (288 evaluations)
2026-05-06 19:54:57 |     → Trial 90/100 completed (288 evaluations)
2026-05-06 19:54:58 |     → Trial 100/100 completed (288 evaluations)
2026-05-06 19:54:58 |  Total edge attributions: -3.962016
2026-05-06 19:54:58 |  Expected (f(x) - f(x')) : -3.962016
2026-05-06 19:54:58 |  Difference: 8.881784197001252e-16 using 100 samples to calculate f(x) and f(x')
2026-05-06 19:54:58 |  Relative error: 0.0000
2026-05-06 19:54:58 |     → Instance 20/100
2026-05-06 19:54:58 |     → ShapleyFlow (Backward Path Sampling): 287 edges, 3 sources
2026-05-06 19:54:58 |     → ShapleyFlow (MC Permutation): 287 edges, 100 trials = 28,800 model calls
2026-05-06 19:54:58 |     → Trial 1/100 completed (288 evaluations)
2026-05-06 19:55:00 |     → Trial 10/100 completed (288 evaluations)
2026-05-06 19:55:01 |     → Trial 20/100 completed (288 evaluations)
2026-05-06 19:55:02 |     → Trial 30/100 completed (288 evaluations)
2026-05-06 19:55:04 |     → Trial 40/100 completed (288 evaluations)
2026-05-06 19:55:05 |     → Trial 50/100 completed (288 evaluations)
2026-05-06 19:55:07 |     → Trial 60/100 completed (288 evaluations)
2026-05-06 19:55:08 |     → Trial 70/100 completed (288 evaluations)
2026-05-06 19:55:10 |     → Trial 80/100 completed (288 evaluations)
2026-05-06 19:55:11 |     → Trial 90/100 completed (288 evaluations)
2026-05-06 19:55:13 |     → Trial 100/100 completed (288 evaluations)
2026-05-06 19:55:13 |  Total edge attributions: -0.417082
2026-05-06 19:55:13 |  Expected (f(x) - f(x')) : -0.417082
2026-05-06 19:55:13 |  Difference: 0.0 using 100 samples to calculate f(x) and f(x')
2026-05-06 19:55:13 |  Relative error: 0.0000
2026-05-06 19:55:13 |     → Instance 21/100
2026-05-06 19:55:13 |     → ShapleyFlow (Backward Path Sampling): 287 edges, 3 sources
2026-05-06 19:55:13 |     → ShapleyFlow (MC Permutation): 287 edges, 100 trials = 28,800 model calls
2026-05-06 19:55:13 |     → Trial 1/100 completed (288 evaluations)
2026-05-06 19:55:14 |     → Trial 10/100 completed (288 evaluations)
2026-05-06 19:55:16 |     → Trial 20/100 completed (288 evaluations)
2026-05-06 19:55:17 |     → Trial 30/100 completed (288 evaluations)
2026-05-06 19:55:19 |     → Trial 40/100 completed (288 evaluations)
2026-05-06 19:55:20 |     → Trial 50/100 completed (288 evaluations)
2026-05-06 19:55:22 |     → Trial 60/100 completed (288 evaluations)
2026-05-06 19:55:23 |     → Trial 70/100 completed (288 evaluations)
2026-05-06 19:55:24 |     → Trial 80/100 completed (288 evaluations)
2026-05-06 19:55:26 |     → Trial 90/100 completed (288 evaluations)
2026-05-06 19:55:27 |     → Trial 100/100 completed (288 evaluations)
2026-05-06 19:55:27 |  Total edge attributions: -0.127607
2026-05-06 19:55:27 |  Expected (f(x) - f(x')) : -0.127607
2026-05-06 19:55:27 |  Difference: 2.7755575615628914e-16 using 100 samples to calculate f(x) and f(x')
2026-05-06 19:55:27 |  Relative error: 0.0000
2026-05-06 19:55:27 |     → Instance 22/100
2026-05-06 19:55:27 |     → ShapleyFlow (Backward Path Sampling): 287 edges, 3 sources
2026-05-06 19:55:27 |     → ShapleyFlow (MC Permutation): 287 edges, 100 trials = 28,800 model calls
2026-05-06 19:55:28 |     → Trial 1/100 completed (288 evaluations)
2026-05-06 19:55:29 |     → Trial 10/100 completed (288 evaluations)
2026-05-06 19:55:30 |     → Trial 20/100 completed (288 evaluations)
2026-05-06 19:55:32 |     → Trial 30/100 completed (288 evaluations)
2026-05-06 19:55:33 |     → Trial 40/100 completed (288 evaluations)
2026-05-06 19:55:35 |     → Trial 50/100 completed (288 evaluations)
2026-05-06 19:55:36 |     → Trial 60/100 completed (288 evaluations)
2026-05-06 19:55:38 |     → Trial 70/100 completed (288 evaluations)
2026-05-06 19:55:39 |     → Trial 80/100 completed (288 evaluations)
2026-05-06 19:55:41 |     → Trial 90/100 completed (288 evaluations)
2026-05-06 19:55:42 |     → Trial 100/100 completed (288 evaluations)
2026-05-06 19:55:42 |  Total edge attributions: -0.163371
2026-05-06 19:55:42 |  Expected (f(x) - f(x')) : -0.163371
2026-05-06 19:55:42 |  Difference: 0.0 using 100 samples to calculate f(x) and f(x')
2026-05-06 19:55:42 |  Relative error: 0.0000
2026-05-06 19:55:42 |     → Instance 23/100
2026-05-06 19:55:42 |     → ShapleyFlow (Backward Path Sampling): 287 edges, 3 sources
2026-05-06 19:55:42 |     → ShapleyFlow (MC Permutation): 287 edges, 100 trials = 28,800 model calls
2026-05-06 19:55:42 |     → Trial 1/100 completed (288 evaluations)
2026-05-06 19:55:44 |     → Trial 10/100 completed (288 evaluations)
2026-05-06 19:55:45 |     → Trial 20/100 completed (288 evaluations)
2026-05-06 19:55:47 |     → Trial 30/100 completed (288 evaluations)
2026-05-06 19:55:48 |     → Trial 40/100 completed (288 evaluations)
2026-05-06 19:55:49 |     → Trial 50/100 completed (288 evaluations)
2026-05-06 19:55:51 |     → Trial 60/100 completed (288 evaluations)
2026-05-06 19:55:52 |     → Trial 70/100 completed (288 evaluations)
2026-05-06 19:55:54 |     → Trial 80/100 completed (288 evaluations)
2026-05-06 19:55:55 |     → Trial 90/100 completed (288 evaluations)
2026-05-06 19:55:57 |     → Trial 100/100 completed (288 evaluations)
2026-05-06 19:55:57 |  Total edge attributions: 0.480634
2026-05-06 19:55:57 |  Expected (f(x) - f(x')) : 0.480634
2026-05-06 19:55:57 |  Difference: 1.6653345369377348e-16 using 100 samples to calculate f(x) and f(x')
2026-05-06 19:55:57 |  Relative error: 0.0000
2026-05-06 19:55:57 |     → Instance 24/100
2026-05-06 19:55:57 |     → ShapleyFlow (Backward Path Sampling): 287 edges, 3 sources
2026-05-06 19:55:57 |     → ShapleyFlow (MC Permutation): 287 edges, 100 trials = 28,800 model calls
2026-05-06 19:55:57 |     → Trial 1/100 completed (288 evaluations)
2026-05-06 19:55:58 |     → Trial 10/100 completed (288 evaluations)
2026-05-06 19:56:00 |     → Trial 20/100 completed (288 evaluations)
2026-05-06 19:56:01 |     → Trial 30/100 completed (288 evaluations)
2026-05-06 19:56:03 |     → Trial 40/100 completed (288 evaluations)
2026-05-06 19:56:04 |     → Trial 50/100 completed (288 evaluations)
2026-05-06 19:56:06 |     → Trial 60/100 completed (288 evaluations)
2026-05-06 19:56:07 |     → Trial 70/100 completed (288 evaluations)
2026-05-06 19:56:08 |     → Trial 80/100 completed (288 evaluations)
2026-05-06 19:56:10 |     → Trial 90/100 completed (288 evaluations)
2026-05-06 19:56:11 |     → Trial 100/100 completed (288 evaluations)
2026-05-06 19:56:11 |  Total edge attributions: 0.846243
2026-05-06 19:56:11 |  Expected (f(x) - f(x')) : 0.846243
2026-05-06 19:56:11 |  Difference: 5.551115123125783e-16 using 100 samples to calculate f(x) and f(x')
2026-05-06 19:56:11 |  Relative error: 0.0000
2026-05-06 19:56:11 |     → Instance 25/100
2026-05-06 19:56:11 |     → ShapleyFlow (Backward Path Sampling): 287 edges, 3 sources
2026-05-06 19:56:11 |     → ShapleyFlow (MC Permutation): 287 edges, 100 trials = 28,800 model calls
2026-05-06 19:56:12 |     → Trial 1/100 completed (288 evaluations)
2026-05-06 19:56:13 |     → Trial 10/100 completed (288 evaluations)
2026-05-06 19:56:14 |     → Trial 20/100 completed (288 evaluations)
2026-05-06 19:56:16 |     → Trial 30/100 completed (288 evaluations)
2026-05-06 19:56:17 |     → Trial 40/100 completed (288 evaluations)
2026-05-06 19:56:19 |     → Trial 50/100 completed (288 evaluations)
2026-05-06 19:56:20 |     → Trial 60/100 completed (288 evaluations)
2026-05-06 19:56:22 |     → Trial 70/100 completed (288 evaluations)
2026-05-06 19:56:23 |     → Trial 80/100 completed (288 evaluations)
2026-05-06 19:56:25 |     → Trial 90/100 completed (288 evaluations)
2026-05-06 19:56:26 |     → Trial 100/100 completed (288 evaluations)
2026-05-06 19:56:26 |  Total edge attributions: 0.158887
2026-05-06 19:56:26 |  Expected (f(x) - f(x')) : 0.158887
2026-05-06 19:56:26 |  Difference: 0.0 using 100 samples to calculate f(x) and f(x')
2026-05-06 19:56:26 |  Relative error: 0.0000
2026-05-06 19:56:26 |     → Instance 26/100
2026-05-06 19:56:26 |     → ShapleyFlow (Backward Path Sampling): 287 edges, 3 sources
2026-05-06 19:56:26 |     → ShapleyFlow (MC Permutation): 287 edges, 100 trials = 28,800 model calls
2026-05-06 19:56:26 |     → Trial 1/100 completed (288 evaluations)
2026-05-06 19:56:28 |     → Trial 10/100 completed (288 evaluations)
2026-05-06 19:56:29 |     → Trial 20/100 completed (288 evaluations)
2026-05-06 19:56:31 |     → Trial 30/100 completed (288 evaluations)
2026-05-06 19:56:32 |     → Trial 40/100 completed (288 evaluations)
2026-05-06 19:56:34 |     → Trial 50/100 completed (288 evaluations)
2026-05-06 19:56:35 |     → Trial 60/100 completed (288 evaluations)
2026-05-06 19:56:36 |     → Trial 70/100 completed (288 evaluations)
2026-05-06 19:56:38 |     → Trial 80/100 completed (288 evaluations)
2026-05-06 19:56:39 |     → Trial 90/100 completed (288 evaluations)
2026-05-06 19:56:41 |     → Trial 100/100 completed (288 evaluations)
2026-05-06 19:56:41 |  Total edge attributions: 0.344749
2026-05-06 19:56:41 |  Expected (f(x) - f(x')) : 0.344749
2026-05-06 19:56:41 |  Difference: 5.551115123125783e-17 using 100 samples to calculate f(x) and f(x')
2026-05-06 19:56:41 |  Relative error: 0.0000
2026-05-06 19:56:41 |     → Instance 27/100
2026-05-06 19:56:41 |     → ShapleyFlow (Backward Path Sampling): 287 edges, 3 sources
2026-05-06 19:56:41 |     → ShapleyFlow (MC Permutation): 287 edges, 100 trials = 28,800 model calls
2026-05-06 19:56:41 |     → Trial 1/100 completed (288 evaluations)
2026-05-06 19:56:42 |     → Trial 10/100 completed (288 evaluations)
2026-05-06 19:56:44 |     → Trial 20/100 completed (288 evaluations)
2026-05-06 19:56:45 |     → Trial 30/100 completed (288 evaluations)
2026-05-06 19:56:47 |     → Trial 40/100 completed (288 evaluations)
2026-05-06 19:56:48 |     → Trial 50/100 completed (288 evaluations)
2026-05-06 19:56:50 |     → Trial 60/100 completed (288 evaluations)
2026-05-06 19:56:51 |     → Trial 70/100 completed (288 evaluations)
2026-05-06 19:56:53 |     → Trial 80/100 completed (288 evaluations)
2026-05-06 19:56:54 |     → Trial 90/100 completed (288 evaluations)
2026-05-06 19:56:55 |     → Trial 100/100 completed (288 evaluations)
2026-05-06 19:56:56 |  Total edge attributions: -0.144073
2026-05-06 19:56:56 |  Expected (f(x) - f(x')) : -0.144073
2026-05-06 19:56:56 |  Difference: 3.608224830031759e-16 using 100 samples to calculate f(x) and f(x')
2026-05-06 19:56:56 |  Relative error: 0.0000
2026-05-06 19:56:56 |     → Instance 28/100
2026-05-06 19:56:56 |     → ShapleyFlow (Backward Path Sampling): 287 edges, 3 sources
2026-05-06 19:56:56 |     → ShapleyFlow (MC Permutation): 287 edges, 100 trials = 28,800 model calls
2026-05-06 19:56:56 |     → Trial 1/100 completed (288 evaluations)
2026-05-06 19:56:57 |     → Trial 10/100 completed (288 evaluations)
2026-05-06 19:56:58 |     → Trial 20/100 completed (288 evaluations)
2026-05-06 19:57:00 |     → Trial 30/100 completed (288 evaluations)
2026-05-06 19:57:01 |     → Trial 40/100 completed (288 evaluations)
2026-05-06 19:57:03 |     → Trial 50/100 completed (288 evaluations)
2026-05-06 19:57:04 |     → Trial 60/100 completed (288 evaluations)
2026-05-06 19:57:06 |     → Trial 70/100 completed (288 evaluations)
2026-05-06 19:57:07 |     → Trial 80/100 completed (288 evaluations)
2026-05-06 19:57:09 |     → Trial 90/100 completed (288 evaluations)
2026-05-06 19:57:10 |     → Trial 100/100 completed (288 evaluations)
2026-05-06 19:57:10 |  Total edge attributions: -0.208954
2026-05-06 19:57:10 |  Expected (f(x) - f(x')) : -0.208954
2026-05-06 19:57:10 |  Difference: 1.1102230246251565e-16 using 100 samples to calculate f(x) and f(x')
2026-05-06 19:57:10 |  Relative error: 0.0000
2026-05-06 19:57:10 |     → Instance 29/100
2026-05-06 19:57:10 |     → ShapleyFlow (Backward Path Sampling): 287 edges, 3 sources
2026-05-06 19:57:10 |     → ShapleyFlow (MC Permutation): 287 edges, 100 trials = 28,800 model calls
2026-05-06 19:57:10 |     → Trial 1/100 completed (288 evaluations)
2026-05-06 19:57:12 |     → Trial 10/100 completed (288 evaluations)
2026-05-06 19:57:13 |     → Trial 20/100 completed (288 evaluations)
2026-05-06 19:57:15 |     → Trial 30/100 completed (288 evaluations)
2026-05-06 19:57:16 |     → Trial 40/100 completed (288 evaluations)
2026-05-06 19:57:18 |     → Trial 50/100 completed (288 evaluations)
2026-05-06 19:57:19 |     → Trial 60/100 completed (288 evaluations)
2026-05-06 19:57:20 |     → Trial 70/100 completed (288 evaluations)
2026-05-06 19:57:22 |     → Trial 80/100 completed (288 evaluations)
2026-05-06 19:57:23 |     → Trial 90/100 completed (288 evaluations)
2026-05-06 19:57:25 |     → Trial 100/100 completed (288 evaluations)
2026-05-06 19:57:25 |  Total edge attributions: -0.054972
2026-05-06 19:57:25 |  Expected (f(x) - f(x')) : -0.054972
2026-05-06 19:57:25 |  Difference: 2.0816681711721685e-17 using 100 samples to calculate f(x) and f(x')
2026-05-06 19:57:25 |  Relative error: 0.0000
2026-05-06 19:57:25 |     → Instance 30/100
2026-05-06 19:57:25 |     → ShapleyFlow (Backward Path Sampling): 287 edges, 3 sources
2026-05-06 19:57:25 |     → ShapleyFlow (MC Permutation): 287 edges, 100 trials = 28,800 model calls
2026-05-06 19:57:25 |     → Trial 1/100 completed (288 evaluations)
2026-05-06 19:57:26 |     → Trial 10/100 completed (288 evaluations)
2026-05-06 19:57:28 |     → Trial 20/100 completed (288 evaluations)
2026-05-06 19:57:29 |     → Trial 30/100 completed (288 evaluations)
2026-05-06 19:57:31 |     → Trial 40/100 completed (288 evaluations)
2026-05-06 19:57:32 |     → Trial 50/100 completed (288 evaluations)
2026-05-06 19:57:34 |     → Trial 60/100 completed (288 evaluations)
2026-05-06 19:57:35 |     → Trial 70/100 completed (288 evaluations)
2026-05-06 19:57:37 |     → Trial 80/100 completed (288 evaluations)
2026-05-06 19:57:38 |     → Trial 90/100 completed (288 evaluations)
2026-05-06 19:57:40 |     → Trial 100/100 completed (288 evaluations)
2026-05-06 19:57:40 |  Total edge attributions: 0.865721
2026-05-06 19:57:40 |  Expected (f(x) - f(x')) : 0.865721
2026-05-06 19:57:40 |  Difference: 2.220446049250313e-16 using 100 samples to calculate f(x) and f(x')
2026-05-06 19:57:40 |  Relative error: 0.0000
2026-05-06 19:57:40 |     → Instance 31/100
2026-05-06 19:57:40 |     → ShapleyFlow (Backward Path Sampling): 287 edges, 3 sources
2026-05-06 19:57:40 |     → ShapleyFlow (MC Permutation): 287 edges, 100 trials = 28,800 model calls
2026-05-06 19:57:40 |     → Trial 1/100 completed (288 evaluations)
2026-05-06 19:57:41 |     → Trial 10/100 completed (288 evaluations)
2026-05-06 19:57:43 |     → Trial 20/100 completed (288 evaluations)
2026-05-06 19:57:44 |     → Trial 30/100 completed (288 evaluations)
2026-05-06 19:57:45 |     → Trial 40/100 completed (288 evaluations)
2026-05-06 19:57:47 |     → Trial 50/100 completed (288 evaluations)
2026-05-06 19:57:48 |     → Trial 60/100 completed (288 evaluations)
2026-05-06 19:57:50 |     → Trial 70/100 completed (288 evaluations)
2026-05-06 19:57:51 |     → Trial 80/100 completed (288 evaluations)
2026-05-06 19:57:53 |     → Trial 90/100 completed (288 evaluations)
2026-05-06 19:57:54 |     → Trial 100/100 completed (288 evaluations)
2026-05-06 19:57:54 |  Total edge attributions: -0.256586
2026-05-06 19:57:54 |  Expected (f(x) - f(x')) : -0.256586
2026-05-06 19:57:54 |  Difference: 0.0 using 100 samples to calculate f(x) and f(x')
2026-05-06 19:57:54 |  Relative error: 0.0000
2026-05-06 19:57:54 |     → Instance 32/100
2026-05-06 19:57:54 |     → ShapleyFlow (Backward Path Sampling): 287 edges, 3 sources
2026-05-06 19:57:54 |     → ShapleyFlow (MC Permutation): 287 edges, 100 trials = 28,800 model calls
2026-05-06 19:57:54 |     → Trial 1/100 completed (288 evaluations)
2026-05-06 19:57:56 |     → Trial 10/100 completed (288 evaluations)
2026-05-06 19:57:57 |     → Trial 20/100 completed (288 evaluations)
2026-05-06 19:57:59 |     → Trial 30/100 completed (288 evaluations)
2026-05-06 19:58:00 |     → Trial 40/100 completed (288 evaluations)
2026-05-06 19:58:02 |     → Trial 50/100 completed (288 evaluations)
2026-05-06 19:58:03 |     → Trial 60/100 completed (288 evaluations)
2026-05-06 19:58:04 |     → Trial 70/100 completed (288 evaluations)
2026-05-06 19:58:06 |     → Trial 80/100 completed (288 evaluations)
2026-05-06 19:58:07 |     → Trial 90/100 completed (288 evaluations)
2026-05-06 19:58:09 |     → Trial 100/100 completed (288 evaluations)
2026-05-06 19:58:09 |  Total edge attributions: 0.977933
2026-05-06 19:58:09 |  Expected (f(x) - f(x')) : 0.977933
2026-05-06 19:58:09 |  Difference: 1.1102230246251565e-16 using 100 samples to calculate f(x) and f(x')
2026-05-06 19:58:09 |  Relative error: 0.0000
2026-05-06 19:58:09 |     → Instance 33/100
2026-05-06 19:58:09 |     → ShapleyFlow (Backward Path Sampling): 287 edges, 3 sources
2026-05-06 19:58:09 |     → ShapleyFlow (MC Permutation): 287 edges, 100 trials = 28,800 model calls
2026-05-06 19:58:09 |     → Trial 1/100 completed (288 evaluations)
2026-05-06 19:58:10 |     → Trial 10/100 completed (288 evaluations)
2026-05-06 19:58:12 |     → Trial 20/100 completed (288 evaluations)
2026-05-06 19:58:13 |     → Trial 30/100 completed (288 evaluations)
2026-05-06 19:58:15 |     → Trial 40/100 completed (288 evaluations)
2026-05-06 19:58:16 |     → Trial 50/100 completed (288 evaluations)
2026-05-06 19:58:18 |     → Trial 60/100 completed (288 evaluations)
2026-05-06 19:58:19 |     → Trial 70/100 completed (288 evaluations)
2026-05-06 19:58:21 |     → Trial 80/100 completed (288 evaluations)
2026-05-06 19:58:22 |     → Trial 90/100 completed (288 evaluations)
2026-05-06 19:58:24 |     → Trial 100/100 completed (288 evaluations)
2026-05-06 19:58:24 |  Total edge attributions: 0.369115
2026-05-06 19:58:24 |  Expected (f(x) - f(x')) : 0.369115
2026-05-06 19:58:24 |  Difference: 1.1102230246251565e-16 using 100 samples to calculate f(x) and f(x')
2026-05-06 19:58:24 |  Relative error: 0.0000
2026-05-06 19:58:24 |     → Instance 34/100
2026-05-06 19:58:24 |     → ShapleyFlow (Backward Path Sampling): 287 edges, 3 sources
2026-05-06 19:58:24 |     → ShapleyFlow (MC Permutation): 287 edges, 100 trials = 28,800 model calls
2026-05-06 19:58:24 |     → Trial 1/100 completed (288 evaluations)
2026-05-06 19:58:25 |     → Trial 10/100 completed (288 evaluations)
2026-05-06 19:58:27 |     → Trial 20/100 completed (288 evaluations)
2026-05-06 19:58:28 |     → Trial 30/100 completed (288 evaluations)
2026-05-06 19:58:30 |     → Trial 40/100 completed (288 evaluations)
2026-05-06 19:58:31 |     → Trial 50/100 completed (288 evaluations)
2026-05-06 19:58:32 |     → Trial 60/100 completed (288 evaluations)
2026-05-06 19:58:34 |     → Trial 70/100 completed (288 evaluations)
2026-05-06 19:58:35 |     → Trial 80/100 completed (288 evaluations)
2026-05-06 19:58:37 |     → Trial 90/100 completed (288 evaluations)
2026-05-06 19:58:38 |     → Trial 100/100 completed (288 evaluations)
2026-05-06 19:58:38 |  Total edge attributions: -0.430201
2026-05-06 19:58:38 |  Expected (f(x) - f(x')) : -0.430201
2026-05-06 19:58:38 |  Difference: 5.551115123125783e-17 using 100 samples to calculate f(x) and f(x')
2026-05-06 19:58:38 |  Relative error: 0.0000
2026-05-06 19:58:38 |     → Instance 35/100
2026-05-06 19:58:38 |     → ShapleyFlow (Backward Path Sampling): 287 edges, 3 sources
2026-05-06 19:58:38 |     → ShapleyFlow (MC Permutation): 287 edges, 100 trials = 28,800 model calls
2026-05-06 19:58:38 |     → Trial 1/100 completed (288 evaluations)
2026-05-06 19:58:40 |     → Trial 10/100 completed (288 evaluations)
2026-05-06 19:58:41 |     → Trial 20/100 completed (288 evaluations)
2026-05-06 19:58:43 |     → Trial 30/100 completed (288 evaluations)
2026-05-06 19:58:44 |     → Trial 40/100 completed (288 evaluations)
2026-05-06 19:58:46 |     → Trial 50/100 completed (288 evaluations)
2026-05-06 19:58:47 |     → Trial 60/100 completed (288 evaluations)
2026-05-06 19:58:49 |     → Trial 70/100 completed (288 evaluations)
2026-05-06 19:58:50 |     → Trial 80/100 completed (288 evaluations)
2026-05-06 19:58:51 |     → Trial 90/100 completed (288 evaluations)
2026-05-06 19:58:53 |     → Trial 100/100 completed (288 evaluations)
2026-05-06 19:58:53 |  Total edge attributions: 0.411729
2026-05-06 19:58:53 |  Expected (f(x) - f(x')) : 0.411729
2026-05-06 19:58:53 |  Difference: 3.3306690738754696e-16 using 100 samples to calculate f(x) and f(x')
2026-05-06 19:58:53 |  Relative error: 0.0000
2026-05-06 19:58:53 |     → Instance 36/100
2026-05-06 19:58:53 |     → ShapleyFlow (Backward Path Sampling): 287 edges, 3 sources
2026-05-06 19:58:53 |     → ShapleyFlow (MC Permutation): 287 edges, 100 trials = 28,800 model calls
2026-05-06 19:58:53 |     → Trial 1/100 completed (288 evaluations)
2026-05-06 19:58:54 |     → Trial 10/100 completed (288 evaluations)
2026-05-06 19:58:56 |     → Trial 20/100 completed (288 evaluations)
2026-05-06 19:58:57 |     → Trial 30/100 completed (288 evaluations)
2026-05-06 19:58:59 |     → Trial 40/100 completed (288 evaluations)
2026-05-06 19:59:00 |     → Trial 50/100 completed (288 evaluations)
2026-05-06 19:59:02 |     → Trial 60/100 completed (288 evaluations)
2026-05-06 19:59:03 |     → Trial 70/100 completed (288 evaluations)
2026-05-06 19:59:05 |     → Trial 80/100 completed (288 evaluations)
2026-05-06 19:59:06 |     → Trial 90/100 completed (288 evaluations)
2026-05-06 19:59:08 |     → Trial 100/100 completed (288 evaluations)
2026-05-06 19:59:08 |  Total edge attributions: 0.473117
2026-05-06 19:59:08 |  Expected (f(x) - f(x')) : 0.473117
2026-05-06 19:59:08 |  Difference: 2.7755575615628914e-16 using 100 samples to calculate f(x) and f(x')
2026-05-06 19:59:08 |  Relative error: 0.0000
2026-05-06 19:59:08 |     → Instance 37/100
2026-05-06 19:59:08 |     → ShapleyFlow (Backward Path Sampling): 287 edges, 3 sources
2026-05-06 19:59:08 |     → ShapleyFlow (MC Permutation): 287 edges, 100 trials = 28,800 model calls
2026-05-06 19:59:08 |     → Trial 1/100 completed (288 evaluations)
2026-05-06 19:59:09 |     → Trial 10/100 completed (288 evaluations)
2026-05-06 19:59:11 |     → Trial 20/100 completed (288 evaluations)
2026-05-06 19:59:12 |     → Trial 30/100 completed (288 evaluations)
2026-05-06 19:59:14 |     → Trial 40/100 completed (288 evaluations)
2026-05-06 19:59:15 |     → Trial 50/100 completed (288 evaluations)
2026-05-06 19:59:16 |     → Trial 60/100 completed (288 evaluations)
2026-05-06 19:59:18 |     → Trial 70/100 completed (288 evaluations)
2026-05-06 19:59:19 |     → Trial 80/100 completed (288 evaluations)
2026-05-06 19:59:21 |     → Trial 90/100 completed (288 evaluations)
2026-05-06 19:59:22 |     → Trial 100/100 completed (288 evaluations)
2026-05-06 19:59:22 |  Total edge attributions: -0.513470
2026-05-06 19:59:22 |  Expected (f(x) - f(x')) : -0.513470
2026-05-06 19:59:22 |  Difference: 2.220446049250313e-16 using 100 samples to calculate f(x) and f(x')
2026-05-06 19:59:22 |  Relative error: 0.0000
2026-05-06 19:59:22 |     → Instance 38/100
2026-05-06 19:59:22 |     → ShapleyFlow (Backward Path Sampling): 287 edges, 3 sources
2026-05-06 19:59:22 |     → ShapleyFlow (MC Permutation): 287 edges, 100 trials = 28,800 model calls
2026-05-06 19:59:23 |     → Trial 1/100 completed (288 evaluations)
2026-05-06 19:59:24 |     → Trial 10/100 completed (288 evaluations)
2026-05-06 19:59:25 |     → Trial 20/100 completed (288 evaluations)
2026-05-06 19:59:27 |     → Trial 30/100 completed (288 evaluations)
2026-05-06 19:59:28 |     → Trial 40/100 completed (288 evaluations)
2026-05-06 19:59:30 |     → Trial 50/100 completed (288 evaluations)
2026-05-06 19:59:31 |     → Trial 60/100 completed (288 evaluations)
2026-05-06 19:59:33 |     → Trial 70/100 completed (288 evaluations)
2026-05-06 19:59:34 |     → Trial 80/100 completed (288 evaluations)
2026-05-06 19:59:35 |     → Trial 90/100 completed (288 evaluations)
2026-05-06 19:59:37 |     → Trial 100/100 completed (288 evaluations)
2026-05-06 19:59:37 |  Total edge attributions: 0.048655
2026-05-06 19:59:37 |  Expected (f(x) - f(x')) : 0.048655
2026-05-06 19:59:37 |  Difference: 6.938893903907228e-17 using 100 samples to calculate f(x) and f(x')
2026-05-06 19:59:37 |  Relative error: 0.0000
2026-05-06 19:59:37 |     → Instance 39/100
2026-05-06 19:59:37 |     → ShapleyFlow (Backward Path Sampling): 287 edges, 3 sources
2026-05-06 19:59:37 |     → ShapleyFlow (MC Permutation): 287 edges, 100 trials = 28,800 model calls
2026-05-06 19:59:37 |     → Trial 1/100 completed (288 evaluations)
2026-05-06 19:59:38 |     → Trial 10/100 completed (288 evaluations)
2026-05-06 19:59:40 |     → Trial 20/100 completed (288 evaluations)
2026-05-06 19:59:41 |     → Trial 30/100 completed (288 evaluations)
2026-05-06 19:59:43 |     → Trial 40/100 completed (288 evaluations)
2026-05-06 19:59:44 |     → Trial 50/100 completed (288 evaluations)
2026-05-06 19:59:46 |     → Trial 60/100 completed (288 evaluations)
2026-05-06 19:59:47 |     → Trial 70/100 completed (288 evaluations)
2026-05-06 19:59:49 |     → Trial 80/100 completed (288 evaluations)
2026-05-06 19:59:50 |     → Trial 90/100 completed (288 evaluations)
2026-05-06 19:59:52 |     → Trial 100/100 completed (288 evaluations)
2026-05-06 19:59:52 |  Total edge attributions: 0.452119
2026-05-06 19:59:52 |  Expected (f(x) - f(x')) : 0.452119
2026-05-06 19:59:52 |  Difference: 3.885780586188048e-16 using 100 samples to calculate f(x) and f(x')
2026-05-06 19:59:52 |  Relative error: 0.0000
2026-05-06 19:59:52 |     → Instance 40/100
2026-05-06 19:59:52 |     → ShapleyFlow (Backward Path Sampling): 287 edges, 3 sources
2026-05-06 19:59:52 |     → ShapleyFlow (MC Permutation): 287 edges, 100 trials = 28,800 model calls
2026-05-06 19:59:52 |     → Trial 1/100 completed (288 evaluations)
2026-05-06 19:59:53 |     → Trial 10/100 completed (288 evaluations)
2026-05-06 19:59:55 |     → Trial 20/100 completed (288 evaluations)
2026-05-06 19:59:56 |     → Trial 30/100 completed (288 evaluations)
2026-05-06 19:59:58 |     → Trial 40/100 completed (288 evaluations)
2026-05-06 19:59:59 |     → Trial 50/100 completed (288 evaluations)
2026-05-06 20:00:00 |     → Trial 60/100 completed (288 evaluations)
2026-05-06 20:00:02 |     → Trial 70/100 completed (288 evaluations)
2026-05-06 20:00:03 |     → Trial 80/100 completed (288 evaluations)
2026-05-06 20:00:05 |     → Trial 90/100 completed (288 evaluations)
2026-05-06 20:00:06 |     → Trial 100/100 completed (288 evaluations)
2026-05-06 20:00:06 |  Total edge attributions: -0.399980
2026-05-06 20:00:06 |  Expected (f(x) - f(x')) : -0.399980
2026-05-06 20:00:06 |  Difference: 5.551115123125783e-17 using 100 samples to calculate f(x) and f(x')
2026-05-06 20:00:06 |  Relative error: 0.0000
2026-05-06 20:00:06 |     → Instance 41/100
2026-05-06 20:00:06 |     → ShapleyFlow (Backward Path Sampling): 287 edges, 3 sources
2026-05-06 20:00:06 |     → ShapleyFlow (MC Permutation): 287 edges, 100 trials = 28,800 model calls
2026-05-06 20:00:07 |     → Trial 1/100 completed (288 evaluations)
2026-05-06 20:00:08 |     → Trial 10/100 completed (288 evaluations)
2026-05-06 20:00:09 |     → Trial 20/100 completed (288 evaluations)
2026-05-06 20:00:11 |     → Trial 30/100 completed (288 evaluations)
2026-05-06 20:00:12 |     → Trial 40/100 completed (288 evaluations)
2026-05-06 20:00:14 |     → Trial 50/100 completed (288 evaluations)
2026-05-06 20:00:15 |     → Trial 60/100 completed (288 evaluations)
2026-05-06 20:00:17 |     → Trial 70/100 completed (288 evaluations)
2026-05-06 20:00:18 |     → Trial 80/100 completed (288 evaluations)
2026-05-06 20:00:19 |     → Trial 90/100 completed (288 evaluations)
2026-05-06 20:00:21 |     → Trial 100/100 completed (288 evaluations)
2026-05-06 20:00:21 |  Total edge attributions: 3.556932
2026-05-06 20:00:21 |  Expected (f(x) - f(x')) : 3.556932
2026-05-06 20:00:21 |  Difference: 4.440892098500626e-16 using 100 samples to calculate f(x) and f(x')
2026-05-06 20:00:21 |  Relative error: 0.0000
2026-05-06 20:00:21 |     → Instance 42/100
2026-05-06 20:00:21 |     → ShapleyFlow (Backward Path Sampling): 287 edges, 3 sources
2026-05-06 20:00:21 |     → ShapleyFlow (MC Permutation): 287 edges, 100 trials = 28,800 model calls
2026-05-06 20:00:21 |     → Trial 1/100 completed (288 evaluations)
2026-05-06 20:00:22 |     → Trial 10/100 completed (288 evaluations)
2026-05-06 20:00:24 |     → Trial 20/100 completed (288 evaluations)
2026-05-06 20:00:25 |     → Trial 30/100 completed (288 evaluations)
2026-05-06 20:00:27 |     → Trial 40/100 completed (288 evaluations)
2026-05-06 20:00:28 |     → Trial 50/100 completed (288 evaluations)
2026-05-06 20:00:30 |     → Trial 60/100 completed (288 evaluations)
2026-05-06 20:00:31 |     → Trial 70/100 completed (288 evaluations)
2026-05-06 20:00:33 |     → Trial 80/100 completed (288 evaluations)
2026-05-06 20:00:34 |     → Trial 90/100 completed (288 evaluations)
2026-05-06 20:00:36 |     → Trial 100/100 completed (288 evaluations)
2026-05-06 20:00:36 |  Total edge attributions: -0.484423
2026-05-06 20:00:36 |  Expected (f(x) - f(x')) : -0.484423
2026-05-06 20:00:36 |  Difference: 5.551115123125783e-17 using 100 samples to calculate f(x) and f(x')
2026-05-06 20:00:36 |  Relative error: 0.0000
2026-05-06 20:00:36 |     → Instance 43/100
2026-05-06 20:00:36 |     → ShapleyFlow (Backward Path Sampling): 287 edges, 3 sources
2026-05-06 20:00:36 |     → ShapleyFlow (MC Permutation): 287 edges, 100 trials = 28,800 model calls
2026-05-06 20:00:36 |     → Trial 1/100 completed (288 evaluations)
2026-05-06 20:00:37 |     → Trial 10/100 completed (288 evaluations)
2026-05-06 20:00:39 |     → Trial 20/100 completed (288 evaluations)
2026-05-06 20:00:40 |     → Trial 30/100 completed (288 evaluations)
2026-05-06 20:00:41 |     → Trial 40/100 completed (288 evaluations)
2026-05-06 20:00:43 |     → Trial 50/100 completed (288 evaluations)
2026-05-06 20:00:44 |     → Trial 60/100 completed (288 evaluations)
2026-05-06 20:00:46 |     → Trial 70/100 completed (288 evaluations)
2026-05-06 20:00:47 |     → Trial 80/100 completed (288 evaluations)
2026-05-06 20:00:49 |     → Trial 90/100 completed (288 evaluations)
2026-05-06 20:00:50 |     → Trial 100/100 completed (288 evaluations)
2026-05-06 20:00:50 |  Total edge attributions: 1.619395
2026-05-06 20:00:50 |  Expected (f(x) - f(x')) : 1.619395
2026-05-06 20:00:50 |  Difference: 4.440892098500626e-16 using 100 samples to calculate f(x) and f(x')
2026-05-06 20:00:50 |  Relative error: 0.0000
2026-05-06 20:00:50 |     → Instance 44/100
2026-05-06 20:00:50 |     → ShapleyFlow (Backward Path Sampling): 287 edges, 3 sources
2026-05-06 20:00:50 |     → ShapleyFlow (MC Permutation): 287 edges, 100 trials = 28,800 model calls
2026-05-06 20:00:51 |     → Trial 1/100 completed (288 evaluations)
2026-05-06 20:00:52 |     → Trial 10/100 completed (288 evaluations)
2026-05-06 20:00:53 |     → Trial 20/100 completed (288 evaluations)
2026-05-06 20:00:55 |     → Trial 30/100 completed (288 evaluations)
2026-05-06 20:00:56 |     → Trial 40/100 completed (288 evaluations)
2026-05-06 20:00:58 |     → Trial 50/100 completed (288 evaluations)
2026-05-06 20:00:59 |     → Trial 60/100 completed (288 evaluations)
2026-05-06 20:01:01 |     → Trial 70/100 completed (288 evaluations)
2026-05-06 20:01:02 |     → Trial 80/100 completed (288 evaluations)
2026-05-06 20:01:03 |     → Trial 90/100 completed (288 evaluations)
2026-05-06 20:01:05 |     → Trial 100/100 completed (288 evaluations)
2026-05-06 20:01:05 |  Total edge attributions: -0.244093
2026-05-06 20:01:05 |  Expected (f(x) - f(x')) : -0.244093
2026-05-06 20:01:05 |  Difference: 0.0 using 100 samples to calculate f(x) and f(x')
2026-05-06 20:01:05 |  Relative error: 0.0000
2026-05-06 20:01:05 |     → Instance 45/100
2026-05-06 20:01:05 |     → ShapleyFlow (Backward Path Sampling): 287 edges, 3 sources
2026-05-06 20:01:05 |     → ShapleyFlow (MC Permutation): 287 edges, 100 trials = 28,800 model calls
2026-05-06 20:01:05 |     → Trial 1/100 completed (288 evaluations)
2026-05-06 20:01:07 |     → Trial 10/100 completed (288 evaluations)
2026-05-06 20:01:08 |     → Trial 20/100 completed (288 evaluations)
2026-05-06 20:01:09 |     → Trial 30/100 completed (288 evaluations)
2026-05-06 20:01:11 |     → Trial 40/100 completed (288 evaluations)
2026-05-06 20:01:12 |     → Trial 50/100 completed (288 evaluations)
2026-05-06 20:01:14 |     → Trial 60/100 completed (288 evaluations)
2026-05-06 20:01:15 |     → Trial 70/100 completed (288 evaluations)
2026-05-06 20:01:17 |     → Trial 80/100 completed (288 evaluations)
2026-05-06 20:01:18 |     → Trial 90/100 completed (288 evaluations)
2026-05-06 20:01:20 |     → Trial 100/100 completed (288 evaluations)
2026-05-06 20:01:20 |  Total edge attributions: -0.156848
2026-05-06 20:01:20 |  Expected (f(x) - f(x')) : -0.156848
2026-05-06 20:01:20 |  Difference: 1.3877787807814457e-16 using 100 samples to calculate f(x) and f(x')
2026-05-06 20:01:20 |  Relative error: 0.0000
2026-05-06 20:01:20 |     → Instance 46/100
2026-05-06 20:01:20 |     → ShapleyFlow (Backward Path Sampling): 287 edges, 3 sources
2026-05-06 20:01:20 |     → ShapleyFlow (MC Permutation): 287 edges, 100 trials = 28,800 model calls
2026-05-06 20:01:20 |     → Trial 1/100 completed (288 evaluations)
2026-05-06 20:01:21 |     → Trial 10/100 completed (288 evaluations)
2026-05-06 20:01:23 |     → Trial 20/100 completed (288 evaluations)
2026-05-06 20:01:24 |     → Trial 30/100 completed (288 evaluations)
2026-05-06 20:01:26 |     → Trial 40/100 completed (288 evaluations)
2026-05-06 20:01:27 |     → Trial 50/100 completed (288 evaluations)
2026-05-06 20:01:29 |     → Trial 60/100 completed (288 evaluations)
2026-05-06 20:01:30 |     → Trial 70/100 completed (288 evaluations)
2026-05-06 20:01:31 |     → Trial 80/100 completed (288 evaluations)
2026-05-06 20:01:33 |     → Trial 90/100 completed (288 evaluations)
2026-05-06 20:01:34 |     → Trial 100/100 completed (288 evaluations)
2026-05-06 20:01:34 |  Total edge attributions: 0.217325
2026-05-06 20:01:34 |  Expected (f(x) - f(x')) : 0.217325
2026-05-06 20:01:34 |  Difference: 1.3877787807814457e-16 using 100 samples to calculate f(x) and f(x')
2026-05-06 20:01:34 |  Relative error: 0.0000
2026-05-06 20:01:34 |     → Instance 47/100
2026-05-06 20:01:34 |     → ShapleyFlow (Backward Path Sampling): 287 edges, 3 sources
2026-05-06 20:01:34 |     → ShapleyFlow (MC Permutation): 287 edges, 100 trials = 28,800 model calls
2026-05-06 20:01:35 |     → Trial 1/100 completed (288 evaluations)
2026-05-06 20:01:36 |     → Trial 10/100 completed (288 evaluations)
2026-05-06 20:01:37 |     → Trial 20/100 completed (288 evaluations)
2026-05-06 20:01:39 |     → Trial 30/100 completed (288 evaluations)
2026-05-06 20:01:40 |     → Trial 40/100 completed (288 evaluations)
2026-05-06 20:01:42 |     → Trial 50/100 completed (288 evaluations)
2026-05-06 20:01:43 |     → Trial 60/100 completed (288 evaluations)
2026-05-06 20:01:45 |     → Trial 70/100 completed (288 evaluations)
2026-05-06 20:01:46 |     → Trial 80/100 completed (288 evaluations)
2026-05-06 20:01:48 |     → Trial 90/100 completed (288 evaluations)
2026-05-06 20:01:49 |     → Trial 100/100 completed (288 evaluations)
2026-05-06 20:01:49 |  Total edge attributions: -0.549799
2026-05-06 20:01:49 |  Expected (f(x) - f(x')) : -0.549799
2026-05-06 20:01:49 |  Difference: 0.0 using 100 samples to calculate f(x) and f(x')
2026-05-06 20:01:49 |  Relative error: 0.0000
2026-05-06 20:01:49 |     → Instance 48/100
2026-05-06 20:01:49 |     → ShapleyFlow (Backward Path Sampling): 287 edges, 3 sources
2026-05-06 20:01:49 |     → ShapleyFlow (MC Permutation): 287 edges, 100 trials = 28,800 model calls
2026-05-06 20:01:49 |     → Trial 1/100 completed (288 evaluations)
2026-05-06 20:01:51 |     → Trial 10/100 completed (288 evaluations)
2026-05-06 20:01:52 |     → Trial 20/100 completed (288 evaluations)
2026-05-06 20:01:54 |     → Trial 30/100 completed (288 evaluations)
2026-05-06 20:01:55 |     → Trial 40/100 completed (288 evaluations)
2026-05-06 20:01:56 |     → Trial 50/100 completed (288 evaluations)
2026-05-06 20:01:58 |     → Trial 60/100 completed (288 evaluations)
2026-05-06 20:01:59 |     → Trial 70/100 completed (288 evaluations)
2026-05-06 20:02:01 |     → Trial 80/100 completed (288 evaluations)
2026-05-06 20:02:02 |     → Trial 90/100 completed (288 evaluations)
2026-05-06 20:02:04 |     → Trial 100/100 completed (288 evaluations)
2026-05-06 20:02:04 |  Total edge attributions: -0.504242
2026-05-06 20:02:04 |  Expected (f(x) - f(x')) : -0.504242
2026-05-06 20:02:04 |  Difference: 0.0 using 100 samples to calculate f(x) and f(x')
2026-05-06 20:02:04 |  Relative error: 0.0000
2026-05-06 20:02:04 |     → Instance 49/100
2026-05-06 20:02:04 |     → ShapleyFlow (Backward Path Sampling): 287 edges, 3 sources
2026-05-06 20:02:04 |     → ShapleyFlow (MC Permutation): 287 edges, 100 trials = 28,800 model calls
2026-05-06 20:02:04 |     → Trial 1/100 completed (288 evaluations)
2026-05-06 20:02:05 |     → Trial 10/100 completed (288 evaluations)
2026-05-06 20:02:07 |     → Trial 20/100 completed (288 evaluations)
2026-05-06 20:02:08 |     → Trial 30/100 completed (288 evaluations)
2026-05-06 20:02:10 |     → Trial 40/100 completed (288 evaluations)
2026-05-06 20:02:11 |     → Trial 50/100 completed (288 evaluations)
2026-05-06 20:02:13 |     → Trial 60/100 completed (288 evaluations)
2026-05-06 20:02:14 |     → Trial 70/100 completed (288 evaluations)
2026-05-06 20:02:16 |     → Trial 80/100 completed (288 evaluations)
2026-05-06 20:02:17 |     → Trial 90/100 completed (288 evaluations)
2026-05-06 20:02:18 |     → Trial 100/100 completed (288 evaluations)
2026-05-06 20:02:19 |  Total edge attributions: 0.079357
2026-05-06 20:02:19 |  Expected (f(x) - f(x')) : 0.079357
2026-05-06 20:02:19 |  Difference: 1.1102230246251565e-16 using 100 samples to calculate f(x) and f(x')
2026-05-06 20:02:19 |  Relative error: 0.0000
2026-05-06 20:02:19 |     → Instance 50/100
2026-05-06 20:02:19 |     → ShapleyFlow (Backward Path Sampling): 287 edges, 3 sources
2026-05-06 20:02:19 |     → ShapleyFlow (MC Permutation): 287 edges, 100 trials = 28,800 model calls
2026-05-06 20:02:19 |     → Trial 1/100 completed (288 evaluations)
2026-05-06 20:02:20 |     → Trial 10/100 completed (288 evaluations)
2026-05-06 20:02:21 |     → Trial 20/100 completed (288 evaluations)
2026-05-06 20:02:23 |     → Trial 30/100 completed (288 evaluations)
2026-05-06 20:02:24 |     → Trial 40/100 completed (288 evaluations)
2026-05-06 20:02:26 |     → Trial 50/100 completed (288 evaluations)
2026-05-06 20:02:27 |     → Trial 60/100 completed (288 evaluations)
2026-05-06 20:02:29 |     → Trial 70/100 completed (288 evaluations)
2026-05-06 20:02:30 |     → Trial 80/100 completed (288 evaluations)
2026-05-06 20:02:32 |     → Trial 90/100 completed (288 evaluations)
2026-05-06 20:02:33 |     → Trial 100/100 completed (288 evaluations)
2026-05-06 20:02:33 |  Total edge attributions: -0.016209
2026-05-06 20:02:33 |  Expected (f(x) - f(x')) : -0.016209
2026-05-06 20:02:33 |  Difference: 6.938893903907228e-18 using 100 samples to calculate f(x) and f(x')
2026-05-06 20:02:33 |  Relative error: 0.0000
2026-05-06 20:02:33 |     → Instance 51/100
2026-05-06 20:02:33 |     → ShapleyFlow (Backward Path Sampling): 287 edges, 3 sources
2026-05-06 20:02:33 |     → ShapleyFlow (MC Permutation): 287 edges, 100 trials = 28,800 model calls
2026-05-06 20:02:33 |     → Trial 1/100 completed (288 evaluations)
2026-05-06 20:02:35 |     → Trial 10/100 completed (288 evaluations)
2026-05-06 20:02:36 |     → Trial 20/100 completed (288 evaluations)
2026-05-06 20:02:38 |     → Trial 30/100 completed (288 evaluations)
2026-05-06 20:02:39 |     → Trial 40/100 completed (288 evaluations)
2026-05-06 20:02:41 |     → Trial 50/100 completed (288 evaluations)
2026-05-06 20:02:42 |     → Trial 60/100 completed (288 evaluations)
2026-05-06 20:02:43 |     → Trial 70/100 completed (288 evaluations)
2026-05-06 20:02:45 |     → Trial 80/100 completed (288 evaluations)
2026-05-06 20:02:46 |     → Trial 90/100 completed (288 evaluations)
2026-05-06 20:02:48 |     → Trial 100/100 completed (288 evaluations)
2026-05-06 20:02:48 |  Total edge attributions: 0.413863
2026-05-06 20:02:48 |  Expected (f(x) - f(x')) : 0.413863
2026-05-06 20:02:48 |  Difference: 1.6653345369377348e-16 using 100 samples to calculate f(x) and f(x')
2026-05-06 20:02:48 |  Relative error: 0.0000
2026-05-06 20:02:48 |     → Instance 52/100
2026-05-06 20:02:48 |     → ShapleyFlow (Backward Path Sampling): 287 edges, 3 sources
2026-05-06 20:02:48 |     → ShapleyFlow (MC Permutation): 287 edges, 100 trials = 28,800 model calls
2026-05-06 20:02:48 |     → Trial 1/100 completed (288 evaluations)
2026-05-06 20:02:49 |     → Trial 10/100 completed (288 evaluations)
2026-05-06 20:02:51 |     → Trial 20/100 completed (288 evaluations)
2026-05-06 20:02:52 |     → Trial 30/100 completed (288 evaluations)
2026-05-06 20:02:54 |     → Trial 40/100 completed (288 evaluations)
2026-05-06 20:02:55 |     → Trial 50/100 completed (288 evaluations)
2026-05-06 20:02:57 |     → Trial 60/100 completed (288 evaluations)
2026-05-06 20:02:58 |     → Trial 70/100 completed (288 evaluations)
2026-05-06 20:03:00 |     → Trial 80/100 completed (288 evaluations)
2026-05-06 20:03:01 |     → Trial 90/100 completed (288 evaluations)
2026-05-06 20:03:02 |     → Trial 100/100 completed (288 evaluations)
2026-05-06 20:03:03 |  Total edge attributions: -0.063045
2026-05-06 20:03:03 |  Expected (f(x) - f(x')) : -0.063045
2026-05-06 20:03:03 |  Difference: 4.163336342344337e-17 using 100 samples to calculate f(x) and f(x')
2026-05-06 20:03:03 |  Relative error: 0.0000
2026-05-06 20:03:03 |     → Instance 53/100
2026-05-06 20:03:03 |     → ShapleyFlow (Backward Path Sampling): 287 edges, 3 sources
2026-05-06 20:03:03 |     → ShapleyFlow (MC Permutation): 287 edges, 100 trials = 28,800 model calls
2026-05-06 20:03:03 |     → Trial 1/100 completed (288 evaluations)
2026-05-06 20:03:04 |     → Trial 10/100 completed (288 evaluations)
2026-05-06 20:03:06 |     → Trial 20/100 completed (288 evaluations)
2026-05-06 20:03:07 |     → Trial 30/100 completed (288 evaluations)
2026-05-06 20:03:08 |     → Trial 40/100 completed (288 evaluations)
2026-05-06 20:03:10 |     → Trial 50/100 completed (288 evaluations)
2026-05-06 20:03:11 |     → Trial 60/100 completed (288 evaluations)
2026-05-06 20:03:13 |     → Trial 70/100 completed (288 evaluations)
2026-05-06 20:03:14 |     → Trial 80/100 completed (288 evaluations)
2026-05-06 20:03:16 |     → Trial 90/100 completed (288 evaluations)
2026-05-06 20:03:17 |     → Trial 100/100 completed (288 evaluations)
2026-05-06 20:03:17 |  Total edge attributions: 0.802128
2026-05-06 20:03:17 |  Expected (f(x) - f(x')) : 0.802128
2026-05-06 20:03:17 |  Difference: 2.220446049250313e-16 using 100 samples to calculate f(x) and f(x')
2026-05-06 20:03:17 |  Relative error: 0.0000
2026-05-06 20:03:17 |     → Instance 54/100
2026-05-06 20:03:17 |     → ShapleyFlow (Backward Path Sampling): 287 edges, 3 sources
2026-05-06 20:03:17 |     → ShapleyFlow (MC Permutation): 287 edges, 100 trials = 28,800 model calls
2026-05-06 20:03:17 |     → Trial 1/100 completed (288 evaluations)
2026-05-06 20:03:19 |     → Trial 10/100 completed (288 evaluations)
2026-05-06 20:03:20 |     → Trial 20/100 completed (288 evaluations)
2026-05-06 20:03:22 |     → Trial 30/100 completed (288 evaluations)
2026-05-06 20:03:23 |     → Trial 40/100 completed (288 evaluations)
2026-05-06 20:03:25 |     → Trial 50/100 completed (288 evaluations)
2026-05-06 20:03:26 |     → Trial 60/100 completed (288 evaluations)
2026-05-06 20:03:28 |     → Trial 70/100 completed (288 evaluations)
2026-05-06 20:03:29 |     → Trial 80/100 completed (288 evaluations)
2026-05-06 20:03:30 |     → Trial 90/100 completed (288 evaluations)
2026-05-06 20:03:32 |     → Trial 100/100 completed (288 evaluations)
2026-05-06 20:03:32 |  Total edge attributions: 0.807349
2026-05-06 20:03:32 |  Expected (f(x) - f(x')) : 0.807349
2026-05-06 20:03:32 |  Difference: 1.1102230246251565e-16 using 100 samples to calculate f(x) and f(x')
2026-05-06 20:03:32 |  Relative error: 0.0000
2026-05-06 20:03:32 |     → Instance 55/100
2026-05-06 20:03:32 |     → ShapleyFlow (Backward Path Sampling): 287 edges, 3 sources
2026-05-06 20:03:32 |     → ShapleyFlow (MC Permutation): 287 edges, 100 trials = 28,800 model calls
2026-05-06 20:03:32 |     → Trial 1/100 completed (288 evaluations)
2026-05-06 20:03:33 |     → Trial 10/100 completed (288 evaluations)
2026-05-06 20:03:35 |     → Trial 20/100 completed (288 evaluations)
2026-05-06 20:03:36 |     → Trial 30/100 completed (288 evaluations)
2026-05-06 20:03:38 |     → Trial 40/100 completed (288 evaluations)
2026-05-06 20:03:39 |     → Trial 50/100 completed (288 evaluations)
2026-05-06 20:03:41 |     → Trial 60/100 completed (288 evaluations)
2026-05-06 20:03:42 |     → Trial 70/100 completed (288 evaluations)
2026-05-06 20:03:44 |     → Trial 80/100 completed (288 evaluations)
2026-05-06 20:03:45 |     → Trial 90/100 completed (288 evaluations)
2026-05-06 20:03:47 |     → Trial 100/100 completed (288 evaluations)
2026-05-06 20:03:47 |  Total edge attributions: 1.884142
2026-05-06 20:03:47 |  Expected (f(x) - f(x')) : 1.884142
2026-05-06 20:03:47 |  Difference: 8.881784197001252e-16 using 100 samples to calculate f(x) and f(x')
2026-05-06 20:03:47 |  Relative error: 0.0000
2026-05-06 20:03:47 |     → Instance 56/100
2026-05-06 20:03:47 |     → ShapleyFlow (Backward Path Sampling): 287 edges, 3 sources
2026-05-06 20:03:47 |     → ShapleyFlow (MC Permutation): 287 edges, 100 trials = 28,800 model calls
2026-05-06 20:03:47 |     → Trial 1/100 completed (288 evaluations)
2026-05-06 20:03:48 |     → Trial 10/100 completed (288 evaluations)
2026-05-06 20:03:50 |     → Trial 20/100 completed (288 evaluations)
2026-05-06 20:03:51 |     → Trial 30/100 completed (288 evaluations)
2026-05-06 20:03:53 |     → Trial 40/100 completed (288 evaluations)
2026-05-06 20:03:54 |     → Trial 50/100 completed (288 evaluations)
2026-05-06 20:03:55 |     → Trial 60/100 completed (288 evaluations)
2026-05-06 20:03:57 |     → Trial 70/100 completed (288 evaluations)
2026-05-06 20:03:58 |     → Trial 80/100 completed (288 evaluations)
2026-05-06 20:04:00 |     → Trial 90/100 completed (288 evaluations)
2026-05-06 20:04:01 |     → Trial 100/100 completed (288 evaluations)
2026-05-06 20:04:01 |  Total edge attributions: -0.151296
2026-05-06 20:04:01 |  Expected (f(x) - f(x')) : -0.151296
2026-05-06 20:04:01 |  Difference: 2.7755575615628914e-17 using 100 samples to calculate f(x) and f(x')
2026-05-06 20:04:01 |  Relative error: 0.0000
2026-05-06 20:04:01 |     → Instance 57/100
2026-05-06 20:04:01 |     → ShapleyFlow (Backward Path Sampling): 287 edges, 3 sources
2026-05-06 20:04:01 |     → ShapleyFlow (MC Permutation): 287 edges, 100 trials = 28,800 model calls
2026-05-06 20:04:02 |     → Trial 1/100 completed (288 evaluations)
2026-05-06 20:04:03 |     → Trial 10/100 completed (288 evaluations)
2026-05-06 20:04:04 |     → Trial 20/100 completed (288 evaluations)
2026-05-06 20:04:06 |     → Trial 30/100 completed (288 evaluations)
2026-05-06 20:04:07 |     → Trial 40/100 completed (288 evaluations)
2026-05-06 20:04:09 |     → Trial 50/100 completed (288 evaluations)
2026-05-06 20:04:10 |     → Trial 60/100 completed (288 evaluations)
2026-05-06 20:04:12 |     → Trial 70/100 completed (288 evaluations)
2026-05-06 20:04:13 |     → Trial 80/100 completed (288 evaluations)
2026-05-06 20:04:15 |     → Trial 90/100 completed (288 evaluations)
2026-05-06 20:04:16 |     → Trial 100/100 completed (288 evaluations)
2026-05-06 20:04:16 |  Total edge attributions: -0.932840
2026-05-06 20:04:16 |  Expected (f(x) - f(x')) : -0.932840
2026-05-06 20:04:16 |  Difference: 4.440892098500626e-16 using 100 samples to calculate f(x) and f(x')
2026-05-06 20:04:16 |  Relative error: 0.0000
2026-05-06 20:04:16 |     → Instance 58/100
2026-05-06 20:04:16 |     → ShapleyFlow (Backward Path Sampling): 287 edges, 3 sources
2026-05-06 20:04:16 |     → ShapleyFlow (MC Permutation): 287 edges, 100 trials = 28,800 model calls
2026-05-06 20:04:16 |     → Trial 1/100 completed (288 evaluations)
2026-05-06 20:04:18 |     → Trial 10/100 completed (288 evaluations)
2026-05-06 20:04:19 |     → Trial 20/100 completed (288 evaluations)
2026-05-06 20:04:20 |     → Trial 30/100 completed (288 evaluations)
2026-05-06 20:04:22 |     → Trial 40/100 completed (288 evaluations)
2026-05-06 20:04:23 |     → Trial 50/100 completed (288 evaluations)
2026-05-06 20:04:25 |     → Trial 60/100 completed (288 evaluations)
2026-05-06 20:04:26 |     → Trial 70/100 completed (288 evaluations)
2026-05-06 20:04:28 |     → Trial 80/100 completed (288 evaluations)
2026-05-06 20:04:29 |     → Trial 90/100 completed (288 evaluations)
2026-05-06 20:04:31 |     → Trial 100/100 completed (288 evaluations)
2026-05-06 20:04:31 |  Total edge attributions: -0.029981
2026-05-06 20:04:31 |  Expected (f(x) - f(x')) : -0.029981
2026-05-06 20:04:31 |  Difference: 4.5102810375396984e-17 using 100 samples to calculate f(x) and f(x')
2026-05-06 20:04:31 |  Relative error: 0.0000
2026-05-06 20:04:31 |     → Instance 59/100
2026-05-06 20:04:31 |     → ShapleyFlow (Backward Path Sampling): 287 edges, 3 sources
2026-05-06 20:04:31 |     → ShapleyFlow (MC Permutation): 287 edges, 100 trials = 28,800 model calls
2026-05-06 20:04:31 |     → Trial 1/100 completed (288 evaluations)
2026-05-06 20:04:32 |     → Trial 10/100 completed (288 evaluations)
2026-05-06 20:04:34 |     → Trial 20/100 completed (288 evaluations)
2026-05-06 20:04:35 |     → Trial 30/100 completed (288 evaluations)
2026-05-06 20:04:37 |     → Trial 40/100 completed (288 evaluations)
2026-05-06 20:04:38 |     → Trial 50/100 completed (288 evaluations)
2026-05-06 20:04:40 |     → Trial 60/100 completed (288 evaluations)
2026-05-06 20:04:41 |     → Trial 70/100 completed (288 evaluations)
2026-05-06 20:04:42 |     → Trial 80/100 completed (288 evaluations)
2026-05-06 20:04:44 |     → Trial 90/100 completed (288 evaluations)
2026-05-06 20:04:45 |     → Trial 100/100 completed (288 evaluations)
2026-05-06 20:04:45 |  Total edge attributions: 0.306468
2026-05-06 20:04:45 |  Expected (f(x) - f(x')) : 0.306468
2026-05-06 20:04:45 |  Difference: 1.1102230246251565e-16 using 100 samples to calculate f(x) and f(x')
2026-05-06 20:04:45 |  Relative error: 0.0000
2026-05-06 20:04:45 |     → Instance 60/100
2026-05-06 20:04:45 |     → ShapleyFlow (Backward Path Sampling): 287 edges, 3 sources
2026-05-06 20:04:45 |     → ShapleyFlow (MC Permutation): 287 edges, 100 trials = 28,800 model calls
2026-05-06 20:04:46 |     → Trial 1/100 completed (288 evaluations)
2026-05-06 20:04:47 |     → Trial 10/100 completed (288 evaluations)
2026-05-06 20:04:48 |     → Trial 20/100 completed (288 evaluations)
2026-05-06 20:04:50 |     → Trial 30/100 completed (288 evaluations)
2026-05-06 20:04:51 |     → Trial 40/100 completed (288 evaluations)
2026-05-06 20:04:53 |     → Trial 50/100 completed (288 evaluations)
2026-05-06 20:04:54 |     → Trial 60/100 completed (288 evaluations)
2026-05-06 20:04:56 |     → Trial 70/100 completed (288 evaluations)
2026-05-06 20:04:57 |     → Trial 80/100 completed (288 evaluations)
2026-05-06 20:04:59 |     → Trial 90/100 completed (288 evaluations)
2026-05-06 20:05:00 |     → Trial 100/100 completed (288 evaluations)
2026-05-06 20:05:00 |  Total edge attributions: -0.276547
2026-05-06 20:05:00 |  Expected (f(x) - f(x')) : -0.276547
2026-05-06 20:05:00 |  Difference: 1.1102230246251565e-16 using 100 samples to calculate f(x) and f(x')
2026-05-06 20:05:00 |  Relative error: 0.0000
2026-05-06 20:05:00 |     → Instance 61/100
2026-05-06 20:05:00 |     → ShapleyFlow (Backward Path Sampling): 287 edges, 3 sources
2026-05-06 20:05:00 |     → ShapleyFlow (MC Permutation): 287 edges, 100 trials = 28,800 model calls
2026-05-06 20:05:00 |     → Trial 1/100 completed (288 evaluations)
2026-05-06 20:05:02 |     → Trial 10/100 completed (288 evaluations)
2026-05-06 20:05:03 |     → Trial 20/100 completed (288 evaluations)
2026-05-06 20:05:05 |     → Trial 30/100 completed (288 evaluations)
2026-05-06 20:05:06 |     → Trial 40/100 completed (288 evaluations)
2026-05-06 20:05:07 |     → Trial 50/100 completed (288 evaluations)
2026-05-06 20:05:09 |     → Trial 60/100 completed (288 evaluations)
2026-05-06 20:05:10 |     → Trial 70/100 completed (288 evaluations)
2026-05-06 20:05:12 |     → Trial 80/100 completed (288 evaluations)
2026-05-06 20:05:13 |     → Trial 90/100 completed (288 evaluations)
2026-05-06 20:05:15 |     → Trial 100/100 completed (288 evaluations)
2026-05-06 20:05:15 |  Total edge attributions: -6.541222
2026-05-06 20:05:15 |  Expected (f(x) - f(x')) : -6.541222
2026-05-06 20:05:15 |  Difference: 0.0 using 100 samples to calculate f(x) and f(x')
2026-05-06 20:05:15 |  Relative error: 0.0000
2026-05-06 20:05:15 |     → Instance 62/100
2026-05-06 20:05:15 |     → ShapleyFlow (Backward Path Sampling): 287 edges, 3 sources
2026-05-06 20:05:15 |     → ShapleyFlow (MC Permutation): 287 edges, 100 trials = 28,800 model calls
2026-05-06 20:05:15 |     → Trial 1/100 completed (288 evaluations)
2026-05-06 20:05:16 |     → Trial 10/100 completed (288 evaluations)
2026-05-06 20:05:18 |     → Trial 20/100 completed (288 evaluations)
2026-05-06 20:05:19 |     → Trial 30/100 completed (288 evaluations)
2026-05-06 20:05:21 |     → Trial 40/100 completed (288 evaluations)
2026-05-06 20:05:22 |     → Trial 50/100 completed (288 evaluations)
2026-05-06 20:05:24 |     → Trial 60/100 completed (288 evaluations)
2026-05-06 20:05:25 |     → Trial 70/100 completed (288 evaluations)
2026-05-06 20:05:27 |     → Trial 80/100 completed (288 evaluations)
2026-05-06 20:05:28 |     → Trial 90/100 completed (288 evaluations)
2026-05-06 20:05:29 |     → Trial 100/100 completed (288 evaluations)
2026-05-06 20:05:30 |  Total edge attributions: -0.111879
2026-05-06 20:05:30 |  Expected (f(x) - f(x')) : -0.111879
2026-05-06 20:05:30 |  Difference: 4.163336342344337e-17 using 100 samples to calculate f(x) and f(x')
2026-05-06 20:05:30 |  Relative error: 0.0000
2026-05-06 20:05:30 |     → Instance 63/100
2026-05-06 20:05:30 |     → ShapleyFlow (Backward Path Sampling): 287 edges, 3 sources
2026-05-06 20:05:30 |     → ShapleyFlow (MC Permutation): 287 edges, 100 trials = 28,800 model calls
2026-05-06 20:05:30 |     → Trial 1/100 completed (288 evaluations)
2026-05-06 20:05:31 |     → Trial 10/100 completed (288 evaluations)
2026-05-06 20:05:33 |     → Trial 20/100 completed (288 evaluations)
2026-05-06 20:05:34 |     → Trial 30/100 completed (288 evaluations)
2026-05-06 20:05:35 |     → Trial 40/100 completed (288 evaluations)
2026-05-06 20:05:37 |     → Trial 50/100 completed (288 evaluations)
2026-05-06 20:05:38 |     → Trial 60/100 completed (288 evaluations)
2026-05-06 20:05:40 |     → Trial 70/100 completed (288 evaluations)
2026-05-06 20:05:41 |     → Trial 80/100 completed (288 evaluations)
2026-05-06 20:05:43 |     → Trial 90/100 completed (288 evaluations)
2026-05-06 20:05:44 |     → Trial 100/100 completed (288 evaluations)
2026-05-06 20:05:44 |  Total edge attributions: -0.288279
2026-05-06 20:05:44 |  Expected (f(x) - f(x')) : -0.288279
2026-05-06 20:05:44 |  Difference: 0.0 using 100 samples to calculate f(x) and f(x')
2026-05-06 20:05:44 |  Relative error: 0.0000
2026-05-06 20:05:44 |     → Instance 64/100
2026-05-06 20:05:44 |     → ShapleyFlow (Backward Path Sampling): 287 edges, 3 sources
2026-05-06 20:05:44 |     → ShapleyFlow (MC Permutation): 287 edges, 100 trials = 28,800 model calls
2026-05-06 20:05:44 |     → Trial 1/100 completed (288 evaluations)
2026-05-06 20:05:46 |     → Trial 10/100 completed (288 evaluations)
2026-05-06 20:05:47 |     → Trial 20/100 completed (288 evaluations)
2026-05-06 20:05:49 |     → Trial 30/100 completed (288 evaluations)
2026-05-06 20:05:50 |     → Trial 40/100 completed (288 evaluations)
2026-05-06 20:05:52 |     → Trial 50/100 completed (288 evaluations)
2026-05-06 20:05:53 |     → Trial 60/100 completed (288 evaluations)
2026-05-06 20:05:54 |     → Trial 70/100 completed (288 evaluations)
2026-05-06 20:05:56 |     → Trial 80/100 completed (288 evaluations)
2026-05-06 20:05:57 |     → Trial 90/100 completed (288 evaluations)
2026-05-06 20:05:59 |     → Trial 100/100 completed (288 evaluations)
2026-05-06 20:05:59 |  Total edge attributions: 0.113025
2026-05-06 20:05:59 |  Expected (f(x) - f(x')) : 0.113025
2026-05-06 20:05:59 |  Difference: 6.938893903907228e-17 using 100 samples to calculate f(x) and f(x')
2026-05-06 20:05:59 |  Relative error: 0.0000
2026-05-06 20:05:59 |     → Instance 65/100
2026-05-06 20:05:59 |     → ShapleyFlow (Backward Path Sampling): 287 edges, 3 sources
2026-05-06 20:05:59 |     → ShapleyFlow (MC Permutation): 287 edges, 100 trials = 28,800 model calls
2026-05-06 20:05:59 |     → Trial 1/100 completed (288 evaluations)
2026-05-06 20:06:00 |     → Trial 10/100 completed (288 evaluations)
2026-05-06 20:06:02 |     → Trial 20/100 completed (288 evaluations)
2026-05-06 20:06:03 |     → Trial 30/100 completed (288 evaluations)
2026-05-06 20:06:05 |     → Trial 40/100 completed (288 evaluations)
2026-05-06 20:06:06 |     → Trial 50/100 completed (288 evaluations)
2026-05-06 20:06:08 |     → Trial 60/100 completed (288 evaluations)
2026-05-06 20:06:09 |     → Trial 70/100 completed (288 evaluations)
2026-05-06 20:06:11 |     → Trial 80/100 completed (288 evaluations)
2026-05-06 20:06:12 |     → Trial 90/100 completed (288 evaluations)
2026-05-06 20:06:14 |     → Trial 100/100 completed (288 evaluations)
2026-05-06 20:06:14 |  Total edge attributions: 0.120962
2026-05-06 20:06:14 |  Expected (f(x) - f(x')) : 0.120962
2026-05-06 20:06:14 |  Difference: 1.3877787807814457e-17 using 100 samples to calculate f(x) and f(x')
2026-05-06 20:06:14 |  Relative error: 0.0000
2026-05-06 20:06:14 |     → Instance 66/100
2026-05-06 20:06:14 |     → ShapleyFlow (Backward Path Sampling): 287 edges, 3 sources
2026-05-06 20:06:14 |     → ShapleyFlow (MC Permutation): 287 edges, 100 trials = 28,800 model calls
2026-05-06 20:06:14 |     → Trial 1/100 completed (288 evaluations)
2026-05-06 20:06:15 |     → Trial 10/100 completed (288 evaluations)
2026-05-06 20:06:17 |     → Trial 20/100 completed (288 evaluations)
2026-05-06 20:06:18 |     → Trial 30/100 completed (288 evaluations)
2026-05-06 20:06:20 |     → Trial 40/100 completed (288 evaluations)
2026-05-06 20:06:21 |     → Trial 50/100 completed (288 evaluations)
2026-05-06 20:06:23 |     → Trial 60/100 completed (288 evaluations)
2026-05-06 20:06:24 |     → Trial 70/100 completed (288 evaluations)
2026-05-06 20:06:25 |     → Trial 80/100 completed (288 evaluations)
2026-05-06 20:06:27 |     → Trial 90/100 completed (288 evaluations)
2026-05-06 20:06:28 |     → Trial 100/100 completed (288 evaluations)
2026-05-06 20:06:28 |  Total edge attributions: 0.042321
2026-05-06 20:06:28 |  Expected (f(x) - f(x')) : 0.042321
2026-05-06 20:06:28 |  Difference: 8.326672684688674e-17 using 100 samples to calculate f(x) and f(x')
2026-05-06 20:06:28 |  Relative error: 0.0000
2026-05-06 20:06:28 |     → Instance 67/100
2026-05-06 20:06:28 |     → ShapleyFlow (Backward Path Sampling): 287 edges, 3 sources
2026-05-06 20:06:28 |     → ShapleyFlow (MC Permutation): 287 edges, 100 trials = 28,800 model calls
2026-05-06 20:06:29 |     → Trial 1/100 completed (288 evaluations)
2026-05-06 20:06:30 |     → Trial 10/100 completed (288 evaluations)
2026-05-06 20:06:31 |     → Trial 20/100 completed (288 evaluations)
2026-05-06 20:06:33 |     → Trial 30/100 completed (288 evaluations)
2026-05-06 20:06:34 |     → Trial 40/100 completed (288 evaluations)
2026-05-06 20:06:36 |     → Trial 50/100 completed (288 evaluations)
2026-05-06 20:06:37 |     → Trial 60/100 completed (288 evaluations)
2026-05-06 20:06:39 |     → Trial 70/100 completed (288 evaluations)
2026-05-06 20:06:40 |     → Trial 80/100 completed (288 evaluations)
2026-05-06 20:06:42 |     → Trial 90/100 completed (288 evaluations)
2026-05-06 20:06:43 |     → Trial 100/100 completed (288 evaluations)
2026-05-06 20:06:43 |  Total edge attributions: -0.483271
2026-05-06 20:06:43 |  Expected (f(x) - f(x')) : -0.483271
2026-05-06 20:06:43 |  Difference: 5.551115123125783e-17 using 100 samples to calculate f(x) and f(x')
2026-05-06 20:06:43 |  Relative error: 0.0000
2026-05-06 20:06:43 |     → Instance 68/100
2026-05-06 20:06:43 |     → ShapleyFlow (Backward Path Sampling): 287 edges, 3 sources
2026-05-06 20:06:43 |     → ShapleyFlow (MC Permutation): 287 edges, 100 trials = 28,800 model calls
2026-05-06 20:06:43 |     → Trial 1/100 completed (288 evaluations)
2026-05-06 20:06:45 |     → Trial 10/100 completed (288 evaluations)
2026-05-06 20:06:46 |     → Trial 20/100 completed (288 evaluations)
2026-05-06 20:06:48 |     → Trial 30/100 completed (288 evaluations)
2026-05-06 20:06:49 |     → Trial 40/100 completed (288 evaluations)
2026-05-06 20:06:50 |     → Trial 50/100 completed (288 evaluations)
2026-05-06 20:06:52 |     → Trial 60/100 completed (288 evaluations)
2026-05-06 20:06:53 |     → Trial 70/100 completed (288 evaluations)
2026-05-06 20:06:55 |     → Trial 80/100 completed (288 evaluations)
2026-05-06 20:06:56 |     → Trial 90/100 completed (288 evaluations)
2026-05-06 20:06:58 |     → Trial 100/100 completed (288 evaluations)
2026-05-06 20:06:58 |  Total edge attributions: -0.005508
2026-05-06 20:06:58 |  Expected (f(x) - f(x')) : -0.005508
2026-05-06 20:06:58 |  Difference: 5.204170427930421e-17 using 100 samples to calculate f(x) and f(x')
2026-05-06 20:06:58 |  Relative error: 0.0000
2026-05-06 20:06:58 |     → Instance 69/100
2026-05-06 20:06:58 |     → ShapleyFlow (Backward Path Sampling): 287 edges, 3 sources
2026-05-06 20:06:58 |     → ShapleyFlow (MC Permutation): 287 edges, 100 trials = 28,800 model calls
2026-05-06 20:06:58 |     → Trial 1/100 completed (288 evaluations)
2026-05-06 20:06:59 |     → Trial 10/100 completed (288 evaluations)
2026-05-06 20:07:01 |     → Trial 20/100 completed (288 evaluations)
2026-05-06 20:07:02 |     → Trial 30/100 completed (288 evaluations)
2026-05-06 20:07:04 |     → Trial 40/100 completed (288 evaluations)
2026-05-06 20:07:05 |     → Trial 50/100 completed (288 evaluations)
2026-05-06 20:07:07 |     → Trial 60/100 completed (288 evaluations)
2026-05-06 20:07:08 |     → Trial 70/100 completed (288 evaluations)
2026-05-06 20:07:10 |     → Trial 80/100 completed (288 evaluations)
2026-05-06 20:07:11 |     → Trial 90/100 completed (288 evaluations)
2026-05-06 20:07:12 |     → Trial 100/100 completed (288 evaluations)
2026-05-06 20:07:13 |  Total edge attributions: -0.221925
2026-05-06 20:07:13 |  Expected (f(x) - f(x')) : -0.221925
2026-05-06 20:07:13 |  Difference: 1.6653345369377348e-16 using 100 samples to calculate f(x) and f(x')
2026-05-06 20:07:13 |  Relative error: 0.0000
2026-05-06 20:07:13 |     → Instance 70/100
2026-05-06 20:07:13 |     → ShapleyFlow (Backward Path Sampling): 287 edges, 3 sources
2026-05-06 20:07:13 |     → ShapleyFlow (MC Permutation): 287 edges, 100 trials = 28,800 model calls
2026-05-06 20:07:13 |     → Trial 1/100 completed (288 evaluations)
2026-05-06 20:07:14 |     → Trial 10/100 completed (288 evaluations)
2026-05-06 20:07:15 |     → Trial 20/100 completed (288 evaluations)
2026-05-06 20:07:17 |     → Trial 30/100 completed (288 evaluations)
2026-05-06 20:07:18 |     → Trial 40/100 completed (288 evaluations)
2026-05-06 20:07:20 |     → Trial 50/100 completed (288 evaluations)
2026-05-06 20:07:21 |     → Trial 60/100 completed (288 evaluations)
2026-05-06 20:07:23 |     → Trial 70/100 completed (288 evaluations)
2026-05-06 20:07:24 |     → Trial 80/100 completed (288 evaluations)
2026-05-06 20:07:26 |     → Trial 90/100 completed (288 evaluations)
2026-05-06 20:07:27 |     → Trial 100/100 completed (288 evaluations)
2026-05-06 20:07:27 |  Total edge attributions: -0.072651
2026-05-06 20:07:27 |  Expected (f(x) - f(x')) : -0.072651
2026-05-06 20:07:27 |  Difference: 1.3877787807814457e-17 using 100 samples to calculate f(x) and f(x')
2026-05-06 20:07:27 |  Relative error: 0.0000
2026-05-06 20:07:27 |     → Instance 71/100
2026-05-06 20:07:27 |     → ShapleyFlow (Backward Path Sampling): 287 edges, 3 sources
2026-05-06 20:07:27 |     → ShapleyFlow (MC Permutation): 287 edges, 100 trials = 28,800 model calls
2026-05-06 20:07:27 |     → Trial 1/100 completed (288 evaluations)
2026-05-06 20:07:29 |     → Trial 10/100 completed (288 evaluations)
2026-05-06 20:07:30 |     → Trial 20/100 completed (288 evaluations)
2026-05-06 20:07:32 |     → Trial 30/100 completed (288 evaluations)
2026-05-06 20:07:33 |     → Trial 40/100 completed (288 evaluations)
2026-05-06 20:07:35 |     → Trial 50/100 completed (288 evaluations)
2026-05-06 20:07:36 |     → Trial 60/100 completed (288 evaluations)
2026-05-06 20:07:38 |     → Trial 70/100 completed (288 evaluations)
2026-05-06 20:07:39 |     → Trial 80/100 completed (288 evaluations)
2026-05-06 20:07:40 |     → Trial 90/100 completed (288 evaluations)
2026-05-06 20:07:42 |     → Trial 100/100 completed (288 evaluations)
2026-05-06 20:07:42 |  Total edge attributions: -0.467933
2026-05-06 20:07:42 |  Expected (f(x) - f(x')) : -0.467933
2026-05-06 20:07:42 |  Difference: 2.7755575615628914e-16 using 100 samples to calculate f(x) and f(x')
2026-05-06 20:07:42 |  Relative error: 0.0000
2026-05-06 20:07:42 |     → Instance 72/100
2026-05-06 20:07:42 |     → ShapleyFlow (Backward Path Sampling): 287 edges, 3 sources
2026-05-06 20:07:42 |     → ShapleyFlow (MC Permutation): 287 edges, 100 trials = 28,800 model calls
2026-05-06 20:07:42 |     → Trial 1/100 completed (288 evaluations)
2026-05-06 20:07:43 |     → Trial 10/100 completed (288 evaluations)
2026-05-06 20:07:45 |     → Trial 20/100 completed (288 evaluations)
2026-05-06 20:07:46 |     → Trial 30/100 completed (288 evaluations)
2026-05-06 20:07:48 |     → Trial 40/100 completed (288 evaluations)
2026-05-06 20:07:49 |     → Trial 50/100 completed (288 evaluations)
2026-05-06 20:07:51 |     → Trial 60/100 completed (288 evaluations)
2026-05-06 20:07:52 |     → Trial 70/100 completed (288 evaluations)
2026-05-06 20:07:54 |     → Trial 80/100 completed (288 evaluations)
2026-05-06 20:07:55 |     → Trial 90/100 completed (288 evaluations)
2026-05-06 20:07:57 |     → Trial 100/100 completed (288 evaluations)
2026-05-06 20:07:57 |  Total edge attributions: -0.566718
2026-05-06 20:07:57 |  Expected (f(x) - f(x')) : -0.566718
2026-05-06 20:07:57 |  Difference: 1.1102230246251565e-16 using 100 samples to calculate f(x) and f(x')
2026-05-06 20:07:57 |  Relative error: 0.0000
2026-05-06 20:07:57 |     → Instance 73/100
2026-05-06 20:07:57 |     → ShapleyFlow (Backward Path Sampling): 287 edges, 3 sources
2026-05-06 20:07:57 |     → ShapleyFlow (MC Permutation): 287 edges, 100 trials = 28,800 model calls
2026-05-06 20:07:57 |     → Trial 1/100 completed (288 evaluations)
2026-05-06 20:07:58 |     → Trial 10/100 completed (288 evaluations)
2026-05-06 20:08:00 |     → Trial 20/100 completed (288 evaluations)
2026-05-06 20:08:01 |     → Trial 30/100 completed (288 evaluations)
2026-05-06 20:08:03 |     → Trial 40/100 completed (288 evaluations)
2026-05-06 20:08:04 |     → Trial 50/100 completed (288 evaluations)
2026-05-06 20:08:05 |     → Trial 60/100 completed (288 evaluations)
2026-05-06 20:08:07 |     → Trial 70/100 completed (288 evaluations)
2026-05-06 20:08:08 |     → Trial 80/100 completed (288 evaluations)
2026-05-06 20:08:10 |     → Trial 90/100 completed (288 evaluations)
2026-05-06 20:08:11 |     → Trial 100/100 completed (288 evaluations)
2026-05-06 20:08:11 |  Total edge attributions: 0.514372
2026-05-06 20:08:11 |  Expected (f(x) - f(x')) : 0.514372
2026-05-06 20:08:11 |  Difference: 1.1102230246251565e-16 using 100 samples to calculate f(x) and f(x')
2026-05-06 20:08:11 |  Relative error: 0.0000
2026-05-06 20:08:11 |     → Instance 74/100
2026-05-06 20:08:11 |     → ShapleyFlow (Backward Path Sampling): 287 edges, 3 sources
2026-05-06 20:08:11 |     → ShapleyFlow (MC Permutation): 287 edges, 100 trials = 28,800 model calls
2026-05-06 20:08:12 |     → Trial 1/100 completed (288 evaluations)
2026-05-06 20:08:13 |     → Trial 10/100 completed (288 evaluations)
2026-05-06 20:08:14 |     → Trial 20/100 completed (288 evaluations)
2026-05-06 20:08:16 |     → Trial 30/100 completed (288 evaluations)
2026-05-06 20:08:17 |     → Trial 40/100 completed (288 evaluations)
2026-05-06 20:08:19 |     → Trial 50/100 completed (288 evaluations)
2026-05-06 20:08:20 |     → Trial 60/100 completed (288 evaluations)
2026-05-06 20:08:22 |     → Trial 70/100 completed (288 evaluations)
2026-05-06 20:08:23 |     → Trial 80/100 completed (288 evaluations)
2026-05-06 20:08:25 |     → Trial 90/100 completed (288 evaluations)
2026-05-06 20:08:26 |     → Trial 100/100 completed (288 evaluations)
2026-05-06 20:08:26 |  Total edge attributions: 0.342324
2026-05-06 20:08:26 |  Expected (f(x) - f(x')) : 0.342324
2026-05-06 20:08:26 |  Difference: 5.551115123125783e-17 using 100 samples to calculate f(x) and f(x')
2026-05-06 20:08:26 |  Relative error: 0.0000
2026-05-06 20:08:26 |     → Instance 75/100
2026-05-06 20:08:26 |     → ShapleyFlow (Backward Path Sampling): 287 edges, 3 sources
2026-05-06 20:08:26 |     → ShapleyFlow (MC Permutation): 287 edges, 100 trials = 28,800 model calls
2026-05-06 20:08:26 |     → Trial 1/100 completed (288 evaluations)
2026-05-06 20:08:28 |     → Trial 10/100 completed (288 evaluations)
2026-05-06 20:08:29 |     → Trial 20/100 completed (288 evaluations)
2026-05-06 20:08:30 |     → Trial 30/100 completed (288 evaluations)
2026-05-06 20:08:32 |     → Trial 40/100 completed (288 evaluations)
2026-05-06 20:08:33 |     → Trial 50/100 completed (288 evaluations)
2026-05-06 20:08:35 |     → Trial 60/100 completed (288 evaluations)
2026-05-06 20:08:36 |     → Trial 70/100 completed (288 evaluations)
2026-05-06 20:08:38 |     → Trial 80/100 completed (288 evaluations)
2026-05-06 20:08:39 |     → Trial 90/100 completed (288 evaluations)
2026-05-06 20:08:41 |     → Trial 100/100 completed (288 evaluations)
2026-05-06 20:08:41 |  Total edge attributions: -0.126465
2026-05-06 20:08:41 |  Expected (f(x) - f(x')) : -0.126465
2026-05-06 20:08:41 |  Difference: 1.1102230246251565e-16 using 100 samples to calculate f(x) and f(x')
2026-05-06 20:08:41 |  Relative error: 0.0000
2026-05-06 20:08:41 |     → Instance 76/100
2026-05-06 20:08:41 |     → ShapleyFlow (Backward Path Sampling): 287 edges, 3 sources
2026-05-06 20:08:41 |     → ShapleyFlow (MC Permutation): 287 edges, 100 trials = 28,800 model calls
2026-05-06 20:08:41 |     → Trial 1/100 completed (288 evaluations)
2026-05-06 20:08:42 |     → Trial 10/100 completed (288 evaluations)
2026-05-06 20:08:44 |     → Trial 20/100 completed (288 evaluations)
2026-05-06 20:08:45 |     → Trial 30/100 completed (288 evaluations)
2026-05-06 20:08:47 |     → Trial 40/100 completed (288 evaluations)
2026-05-06 20:08:48 |     → Trial 50/100 completed (288 evaluations)
2026-05-06 20:08:50 |     → Trial 60/100 completed (288 evaluations)
2026-05-06 20:08:51 |     → Trial 70/100 completed (288 evaluations)
2026-05-06 20:08:52 |     → Trial 80/100 completed (288 evaluations)
2026-05-06 20:08:54 |     → Trial 90/100 completed (288 evaluations)
2026-05-06 20:08:55 |     → Trial 100/100 completed (288 evaluations)
2026-05-06 20:08:56 |  Total edge attributions: 0.488139
2026-05-06 20:08:56 |  Expected (f(x) - f(x')) : 0.488139
2026-05-06 20:08:56 |  Difference: 0.0 using 100 samples to calculate f(x) and f(x')
2026-05-06 20:08:56 |  Relative error: 0.0000
2026-05-06 20:08:56 |     → Instance 77/100
2026-05-06 20:08:56 |     → ShapleyFlow (Backward Path Sampling): 287 edges, 3 sources
2026-05-06 20:08:56 |     → ShapleyFlow (MC Permutation): 287 edges, 100 trials = 28,800 model calls
2026-05-06 20:08:56 |     → Trial 1/100 completed (288 evaluations)
2026-05-06 20:08:57 |     → Trial 10/100 completed (288 evaluations)
2026-05-06 20:08:58 |     → Trial 20/100 completed (288 evaluations)
2026-05-06 20:09:00 |     → Trial 30/100 completed (288 evaluations)
2026-05-06 20:09:01 |     → Trial 40/100 completed (288 evaluations)
2026-05-06 20:09:03 |     → Trial 50/100 completed (288 evaluations)
2026-05-06 20:09:04 |     → Trial 60/100 completed (288 evaluations)
2026-05-06 20:09:06 |     → Trial 70/100 completed (288 evaluations)
2026-05-06 20:09:07 |     → Trial 80/100 completed (288 evaluations)
2026-05-06 20:09:09 |     → Trial 90/100 completed (288 evaluations)
2026-05-06 20:09:10 |     → Trial 100/100 completed (288 evaluations)
2026-05-06 20:09:10 |  Total edge attributions: 0.255257
2026-05-06 20:09:10 |  Expected (f(x) - f(x')) : 0.255257
2026-05-06 20:09:10 |  Difference: 5.551115123125783e-17 using 100 samples to calculate f(x) and f(x')
2026-05-06 20:09:10 |  Relative error: 0.0000
2026-05-06 20:09:10 |     → Instance 78/100
2026-05-06 20:09:10 |     → ShapleyFlow (Backward Path Sampling): 287 edges, 3 sources
2026-05-06 20:09:10 |     → ShapleyFlow (MC Permutation): 287 edges, 100 trials = 28,800 model calls
2026-05-06 20:09:10 |     → Trial 1/100 completed (288 evaluations)
2026-05-06 20:09:12 |     → Trial 10/100 completed (288 evaluations)
2026-05-06 20:09:13 |     → Trial 20/100 completed (288 evaluations)
2026-05-06 20:09:15 |     → Trial 30/100 completed (288 evaluations)
2026-05-06 20:09:16 |     → Trial 40/100 completed (288 evaluations)
2026-05-06 20:09:18 |     → Trial 50/100 completed (288 evaluations)
2026-05-06 20:09:19 |     → Trial 60/100 completed (288 evaluations)
2026-05-06 20:09:20 |     → Trial 70/100 completed (288 evaluations)
2026-05-06 20:09:22 |     → Trial 80/100 completed (288 evaluations)
2026-05-06 20:09:23 |     → Trial 90/100 completed (288 evaluations)
2026-05-06 20:09:25 |     → Trial 100/100 completed (288 evaluations)
2026-05-06 20:09:25 |  Total edge attributions: 0.351915
2026-05-06 20:09:25 |  Expected (f(x) - f(x')) : 0.351915
2026-05-06 20:09:25 |  Difference: 5.551115123125783e-17 using 100 samples to calculate f(x) and f(x')
2026-05-06 20:09:25 |  Relative error: 0.0000
2026-05-06 20:09:25 |     → Instance 79/100
2026-05-06 20:09:25 |     → ShapleyFlow (Backward Path Sampling): 287 edges, 3 sources
2026-05-06 20:09:25 |     → ShapleyFlow (MC Permutation): 287 edges, 100 trials = 28,800 model calls
2026-05-06 20:09:25 |     → Trial 1/100 completed (288 evaluations)
2026-05-06 20:09:26 |     → Trial 10/100 completed (288 evaluations)
2026-05-06 20:09:28 |     → Trial 20/100 completed (288 evaluations)
2026-05-06 20:09:29 |     → Trial 30/100 completed (288 evaluations)
2026-05-06 20:09:31 |     → Trial 40/100 completed (288 evaluations)
2026-05-06 20:09:32 |     → Trial 50/100 completed (288 evaluations)
2026-05-06 20:09:34 |     → Trial 60/100 completed (288 evaluations)
2026-05-06 20:09:35 |     → Trial 70/100 completed (288 evaluations)
2026-05-06 20:09:37 |     → Trial 80/100 completed (288 evaluations)
2026-05-06 20:09:38 |     → Trial 90/100 completed (288 evaluations)
2026-05-06 20:09:40 |     → Trial 100/100 completed (288 evaluations)
2026-05-06 20:09:40 |  Total edge attributions: -0.174563
2026-05-06 20:09:40 |  Expected (f(x) - f(x')) : -0.174563
2026-05-06 20:09:40 |  Difference: 8.326672684688674e-17 using 100 samples to calculate f(x) and f(x')
2026-05-06 20:09:40 |  Relative error: 0.0000
2026-05-06 20:09:40 |     → Instance 80/100
2026-05-06 20:09:40 |     → ShapleyFlow (Backward Path Sampling): 287 edges, 3 sources
2026-05-06 20:09:40 |     → ShapleyFlow (MC Permutation): 287 edges, 100 trials = 28,800 model calls
2026-05-06 20:09:40 |     → Trial 1/100 completed (288 evaluations)
2026-05-06 20:09:41 |     → Trial 10/100 completed (288 evaluations)
2026-05-06 20:09:43 |     → Trial 20/100 completed (288 evaluations)
2026-05-06 20:09:44 |     → Trial 30/100 completed (288 evaluations)
2026-05-06 20:09:45 |     → Trial 40/100 completed (288 evaluations)
2026-05-06 20:09:47 |     → Trial 50/100 completed (288 evaluations)
2026-05-06 20:09:48 |     → Trial 60/100 completed (288 evaluations)
2026-05-06 20:09:50 |     → Trial 70/100 completed (288 evaluations)
2026-05-06 20:09:51 |     → Trial 80/100 completed (288 evaluations)
2026-05-06 20:09:53 |     → Trial 90/100 completed (288 evaluations)
2026-05-06 20:09:54 |     → Trial 100/100 completed (288 evaluations)
2026-05-06 20:09:54 |  Total edge attributions: 0.291909
2026-05-06 20:09:54 |  Expected (f(x) - f(x')) : 0.291909
2026-05-06 20:09:54 |  Difference: 2.220446049250313e-16 using 100 samples to calculate f(x) and f(x')
2026-05-06 20:09:54 |  Relative error: 0.0000
2026-05-06 20:09:54 |     → Instance 81/100
2026-05-06 20:09:54 |     → ShapleyFlow (Backward Path Sampling): 287 edges, 3 sources
2026-05-06 20:09:54 |     → ShapleyFlow (MC Permutation): 287 edges, 100 trials = 28,800 model calls
2026-05-06 20:09:54 |     → Trial 1/100 completed (288 evaluations)
2026-05-06 20:09:56 |     → Trial 10/100 completed (288 evaluations)
2026-05-06 20:09:57 |     → Trial 20/100 completed (288 evaluations)
2026-05-06 20:09:59 |     → Trial 30/100 completed (288 evaluations)
2026-05-06 20:10:00 |     → Trial 40/100 completed (288 evaluations)
2026-05-06 20:10:02 |     → Trial 50/100 completed (288 evaluations)
2026-05-06 20:10:03 |     → Trial 60/100 completed (288 evaluations)
2026-05-06 20:10:05 |     → Trial 70/100 completed (288 evaluations)
2026-05-06 20:10:06 |     → Trial 80/100 completed (288 evaluations)
2026-05-06 20:10:07 |     → Trial 90/100 completed (288 evaluations)
2026-05-06 20:10:09 |     → Trial 100/100 completed (288 evaluations)
2026-05-06 20:10:09 |  Total edge attributions: 0.523185
2026-05-06 20:10:09 |  Expected (f(x) - f(x')) : 0.523185
2026-05-06 20:10:09 |  Difference: 2.220446049250313e-16 using 100 samples to calculate f(x) and f(x')
2026-05-06 20:10:09 |  Relative error: 0.0000
2026-05-06 20:10:09 |     → Instance 82/100
2026-05-06 20:10:09 |     → ShapleyFlow (Backward Path Sampling): 287 edges, 3 sources
2026-05-06 20:10:09 |     → ShapleyFlow (MC Permutation): 287 edges, 100 trials = 28,800 model calls
2026-05-06 20:10:09 |     → Trial 1/100 completed (288 evaluations)
2026-05-06 20:10:10 |     → Trial 10/100 completed (288 evaluations)
2026-05-06 20:10:12 |     → Trial 20/100 completed (288 evaluations)
2026-05-06 20:10:13 |     → Trial 30/100 completed (288 evaluations)
2026-05-06 20:10:15 |     → Trial 40/100 completed (288 evaluations)
2026-05-06 20:10:16 |     → Trial 50/100 completed (288 evaluations)
2026-05-06 20:10:18 |     → Trial 60/100 completed (288 evaluations)
2026-05-06 20:10:19 |     → Trial 70/100 completed (288 evaluations)
2026-05-06 20:10:21 |     → Trial 80/100 completed (288 evaluations)
2026-05-06 20:10:22 |     → Trial 90/100 completed (288 evaluations)
2026-05-06 20:10:24 |     → Trial 100/100 completed (288 evaluations)
2026-05-06 20:10:24 |  Total edge attributions: -0.286729
2026-05-06 20:10:24 |  Expected (f(x) - f(x')) : -0.286729
2026-05-06 20:10:24 |  Difference: 1.1102230246251565e-16 using 100 samples to calculate f(x) and f(x')
2026-05-06 20:10:24 |  Relative error: 0.0000
2026-05-06 20:10:24 |     → Instance 83/100
2026-05-06 20:10:24 |     → ShapleyFlow (Backward Path Sampling): 287 edges, 3 sources
2026-05-06 20:10:24 |     → ShapleyFlow (MC Permutation): 287 edges, 100 trials = 28,800 model calls
2026-05-06 20:10:24 |     → Trial 1/100 completed (288 evaluations)
2026-05-06 20:10:25 |     → Trial 10/100 completed (288 evaluations)
2026-05-06 20:10:27 |     → Trial 20/100 completed (288 evaluations)
2026-05-06 20:10:28 |     → Trial 30/100 completed (288 evaluations)
2026-05-06 20:10:30 |     → Trial 40/100 completed (288 evaluations)
2026-05-06 20:10:31 |     → Trial 50/100 completed (288 evaluations)
2026-05-06 20:10:32 |     → Trial 60/100 completed (288 evaluations)
2026-05-06 20:10:34 |     → Trial 70/100 completed (288 evaluations)
2026-05-06 20:10:35 |     → Trial 80/100 completed (288 evaluations)
2026-05-06 20:10:37 |     → Trial 90/100 completed (288 evaluations)
2026-05-06 20:10:38 |     → Trial 100/100 completed (288 evaluations)
2026-05-06 20:10:38 |  Total edge attributions: 0.141064
2026-05-06 20:10:38 |  Expected (f(x) - f(x')) : 0.141064
2026-05-06 20:10:38 |  Difference: 0.0 using 100 samples to calculate f(x) and f(x')
2026-05-06 20:10:38 |  Relative error: 0.0000
2026-05-06 20:10:38 |     → Instance 84/100
2026-05-06 20:10:38 |     → ShapleyFlow (Backward Path Sampling): 287 edges, 3 sources
2026-05-06 20:10:38 |     → ShapleyFlow (MC Permutation): 287 edges, 100 trials = 28,800 model calls
2026-05-06 20:10:39 |     → Trial 1/100 completed (288 evaluations)
2026-05-06 20:10:40 |     → Trial 10/100 completed (288 evaluations)
2026-05-06 20:10:41 |     → Trial 20/100 completed (288 evaluations)
2026-05-06 20:10:43 |     → Trial 30/100 completed (288 evaluations)
2026-05-06 20:10:44 |     → Trial 40/100 completed (288 evaluations)
2026-05-06 20:10:46 |     → Trial 50/100 completed (288 evaluations)
2026-05-06 20:10:47 |     → Trial 60/100 completed (288 evaluations)
2026-05-06 20:10:49 |     → Trial 70/100 completed (288 evaluations)
2026-05-06 20:10:50 |     → Trial 80/100 completed (288 evaluations)
2026-05-06 20:10:52 |     → Trial 90/100 completed (288 evaluations)
2026-05-06 20:10:53 |     → Trial 100/100 completed (288 evaluations)
2026-05-06 20:10:53 |  Total edge attributions: -0.639126
2026-05-06 20:10:53 |  Expected (f(x) - f(x')) : -0.639126
2026-05-06 20:10:53 |  Difference: 4.440892098500626e-16 using 100 samples to calculate f(x) and f(x')
2026-05-06 20:10:53 |  Relative error: 0.0000
2026-05-06 20:10:53 |     → Instance 85/100
2026-05-06 20:10:53 |     → ShapleyFlow (Backward Path Sampling): 287 edges, 3 sources
2026-05-06 20:10:53 |     → ShapleyFlow (MC Permutation): 287 edges, 100 trials = 28,800 model calls
2026-05-06 20:10:53 |     → Trial 1/100 completed (288 evaluations)
2026-05-06 20:10:55 |     → Trial 10/100 completed (288 evaluations)
2026-05-06 20:10:56 |     → Trial 20/100 completed (288 evaluations)
2026-05-06 20:10:57 |     → Trial 30/100 completed (288 evaluations)
2026-05-06 20:10:59 |     → Trial 40/100 completed (288 evaluations)
2026-05-06 20:11:00 |     → Trial 50/100 completed (288 evaluations)
2026-05-06 20:11:02 |     → Trial 60/100 completed (288 evaluations)
2026-05-06 20:11:03 |     → Trial 70/100 completed (288 evaluations)
2026-05-06 20:11:05 |     → Trial 80/100 completed (288 evaluations)
2026-05-06 20:11:06 |     → Trial 90/100 completed (288 evaluations)
2026-05-06 20:11:08 |     → Trial 100/100 completed (288 evaluations)
2026-05-06 20:11:08 |  Total edge attributions: -0.702772
2026-05-06 20:11:08 |  Expected (f(x) - f(x')) : -0.702772
2026-05-06 20:11:08 |  Difference: 3.3306690738754696e-16 using 100 samples to calculate f(x) and f(x')
2026-05-06 20:11:08 |  Relative error: 0.0000
2026-05-06 20:11:08 |     → Instance 86/100
2026-05-06 20:11:08 |     → ShapleyFlow (Backward Path Sampling): 287 edges, 3 sources
2026-05-06 20:11:08 |     → ShapleyFlow (MC Permutation): 287 edges, 100 trials = 28,800 model calls
2026-05-06 20:11:08 |     → Trial 1/100 completed (288 evaluations)
2026-05-06 20:11:09 |     → Trial 10/100 completed (288 evaluations)
2026-05-06 20:11:11 |     → Trial 20/100 completed (288 evaluations)
2026-05-06 20:11:12 |     → Trial 30/100 completed (288 evaluations)
2026-05-06 20:11:14 |     → Trial 40/100 completed (288 evaluations)
2026-05-06 20:11:15 |     → Trial 50/100 completed (288 evaluations)
2026-05-06 20:11:17 |     → Trial 60/100 completed (288 evaluations)
2026-05-06 20:11:18 |     → Trial 70/100 completed (288 evaluations)
2026-05-06 20:11:19 |     → Trial 80/100 completed (288 evaluations)
2026-05-06 20:11:21 |     → Trial 90/100 completed (288 evaluations)
2026-05-06 20:11:22 |     → Trial 100/100 completed (288 evaluations)
2026-05-06 20:11:22 |  Total edge attributions: -0.378392
2026-05-06 20:11:22 |  Expected (f(x) - f(x')) : -0.378392
2026-05-06 20:11:22 |  Difference: 0.0 using 100 samples to calculate f(x) and f(x')
2026-05-06 20:11:22 |  Relative error: 0.0000
2026-05-06 20:11:22 |     → Instance 87/100
2026-05-06 20:11:22 |     → ShapleyFlow (Backward Path Sampling): 287 edges, 3 sources
2026-05-06 20:11:22 |     → ShapleyFlow (MC Permutation): 287 edges, 100 trials = 28,800 model calls
2026-05-06 20:11:23 |     → Trial 1/100 completed (288 evaluations)
2026-05-06 20:11:24 |     → Trial 10/100 completed (288 evaluations)
2026-05-06 20:11:25 |     → Trial 20/100 completed (288 evaluations)
2026-05-06 20:11:27 |     → Trial 30/100 completed (288 evaluations)
2026-05-06 20:11:28 |     → Trial 40/100 completed (288 evaluations)
2026-05-06 20:11:30 |     → Trial 50/100 completed (288 evaluations)
2026-05-06 20:11:31 |     → Trial 60/100 completed (288 evaluations)
2026-05-06 20:11:33 |     → Trial 70/100 completed (288 evaluations)
2026-05-06 20:11:34 |     → Trial 80/100 completed (288 evaluations)
2026-05-06 20:11:36 |     → Trial 90/100 completed (288 evaluations)
2026-05-06 20:11:37 |     → Trial 100/100 completed (288 evaluations)
2026-05-06 20:11:37 |  Total edge attributions: 0.190671
2026-05-06 20:11:37 |  Expected (f(x) - f(x')) : 0.190671
2026-05-06 20:11:37 |  Difference: 2.7755575615628914e-17 using 100 samples to calculate f(x) and f(x')
2026-05-06 20:11:37 |  Relative error: 0.0000
2026-05-06 20:11:37 |     → Instance 88/100
2026-05-06 20:11:37 |     → ShapleyFlow (Backward Path Sampling): 287 edges, 3 sources
2026-05-06 20:11:37 |     → ShapleyFlow (MC Permutation): 287 edges, 100 trials = 28,800 model calls
2026-05-06 20:11:37 |     → Trial 1/100 completed (288 evaluations)
2026-05-06 20:11:39 |     → Trial 10/100 completed (288 evaluations)
2026-05-06 20:11:40 |     → Trial 20/100 completed (288 evaluations)
2026-05-06 20:11:42 |     → Trial 30/100 completed (288 evaluations)
2026-05-06 20:11:43 |     → Trial 40/100 completed (288 evaluations)
2026-05-06 20:11:45 |     → Trial 50/100 completed (288 evaluations)
2026-05-06 20:11:46 |     → Trial 60/100 completed (288 evaluations)
2026-05-06 20:11:47 |     → Trial 70/100 completed (288 evaluations)
2026-05-06 20:11:49 |     → Trial 80/100 completed (288 evaluations)
2026-05-06 20:11:50 |     → Trial 90/100 completed (288 evaluations)
2026-05-06 20:11:52 |     → Trial 100/100 completed (288 evaluations)
2026-05-06 20:11:52 |  Total edge attributions: -0.329986
2026-05-06 20:11:52 |  Expected (f(x) - f(x')) : -0.329986
2026-05-06 20:11:52 |  Difference: 5.551115123125783e-17 using 100 samples to calculate f(x) and f(x')
2026-05-06 20:11:52 |  Relative error: 0.0000
2026-05-06 20:11:52 |     → Instance 89/100
2026-05-06 20:11:52 |     → ShapleyFlow (Backward Path Sampling): 287 edges, 3 sources
2026-05-06 20:11:52 |     → ShapleyFlow (MC Permutation): 287 edges, 100 trials = 28,800 model calls
2026-05-06 20:11:52 |     → Trial 1/100 completed (288 evaluations)
2026-05-06 20:11:53 |     → Trial 10/100 completed (288 evaluations)
2026-05-06 20:11:55 |     → Trial 20/100 completed (288 evaluations)
2026-05-06 20:11:56 |     → Trial 30/100 completed (288 evaluations)
2026-05-06 20:11:58 |     → Trial 40/100 completed (288 evaluations)
2026-05-06 20:11:59 |     → Trial 50/100 completed (288 evaluations)
2026-05-06 20:12:01 |     → Trial 60/100 completed (288 evaluations)
2026-05-06 20:12:02 |     → Trial 70/100 completed (288 evaluations)
2026-05-06 20:12:04 |     → Trial 80/100 completed (288 evaluations)
2026-05-06 20:12:05 |     → Trial 90/100 completed (288 evaluations)
2026-05-06 20:12:07 |     → Trial 100/100 completed (288 evaluations)
2026-05-06 20:12:07 |  Total edge attributions: 0.436653
2026-05-06 20:12:07 |  Expected (f(x) - f(x')) : 0.436653
2026-05-06 20:12:07 |  Difference: 0.0 using 100 samples to calculate f(x) and f(x')
2026-05-06 20:12:07 |  Relative error: 0.0000
2026-05-06 20:12:07 |     → Instance 90/100
2026-05-06 20:12:07 |     → ShapleyFlow (Backward Path Sampling): 287 edges, 3 sources
2026-05-06 20:12:07 |     → ShapleyFlow (MC Permutation): 287 edges, 100 trials = 28,800 model calls
2026-05-06 20:12:07 |     → Trial 1/100 completed (288 evaluations)
2026-05-06 20:12:08 |     → Trial 10/100 completed (288 evaluations)
2026-05-06 20:12:10 |     → Trial 20/100 completed (288 evaluations)
2026-05-06 20:12:11 |     → Trial 30/100 completed (288 evaluations)
2026-05-06 20:12:13 |     → Trial 40/100 completed (288 evaluations)
2026-05-06 20:12:14 |     → Trial 50/100 completed (288 evaluations)
2026-05-06 20:12:15 |     → Trial 60/100 completed (288 evaluations)
2026-05-06 20:12:17 |     → Trial 70/100 completed (288 evaluations)
2026-05-06 20:12:18 |     → Trial 80/100 completed (288 evaluations)
2026-05-06 20:12:20 |     → Trial 90/100 completed (288 evaluations)
2026-05-06 20:12:21 |     → Trial 100/100 completed (288 evaluations)
2026-05-06 20:12:21 |  Total edge attributions: -0.523089
2026-05-06 20:12:21 |  Expected (f(x) - f(x')) : -0.523089
2026-05-06 20:12:21 |  Difference: 2.220446049250313e-16 using 100 samples to calculate f(x) and f(x')
2026-05-06 20:12:21 |  Relative error: 0.0000
2026-05-06 20:12:21 |     → Instance 91/100
2026-05-06 20:12:21 |     → ShapleyFlow (Backward Path Sampling): 287 edges, 3 sources
2026-05-06 20:12:21 |     → ShapleyFlow (MC Permutation): 287 edges, 100 trials = 28,800 model calls
2026-05-06 20:12:22 |     → Trial 1/100 completed (288 evaluations)
2026-05-06 20:12:23 |     → Trial 10/100 completed (288 evaluations)
2026-05-06 20:12:24 |     → Trial 20/100 completed (288 evaluations)
2026-05-06 20:12:26 |     → Trial 30/100 completed (288 evaluations)
2026-05-06 20:12:27 |     → Trial 40/100 completed (288 evaluations)
2026-05-06 20:12:29 |     → Trial 50/100 completed (288 evaluations)
2026-05-06 20:12:30 |     → Trial 60/100 completed (288 evaluations)
2026-05-06 20:12:32 |     → Trial 70/100 completed (288 evaluations)
2026-05-06 20:12:33 |     → Trial 80/100 completed (288 evaluations)
2026-05-06 20:12:35 |     → Trial 90/100 completed (288 evaluations)
2026-05-06 20:12:36 |     → Trial 100/100 completed (288 evaluations)
2026-05-06 20:12:36 |  Total edge attributions: -0.076206
2026-05-06 20:12:36 |  Expected (f(x) - f(x')) : -0.076206
2026-05-06 20:12:36 |  Difference: 2.914335439641036e-16 using 100 samples to calculate f(x) and f(x')
2026-05-06 20:12:36 |  Relative error: 0.0000
2026-05-06 20:12:36 |     → Instance 92/100
2026-05-06 20:12:36 |     → ShapleyFlow (Backward Path Sampling): 287 edges, 3 sources
2026-05-06 20:12:36 |     → ShapleyFlow (MC Permutation): 287 edges, 100 trials = 28,800 model calls
2026-05-06 20:12:36 |     → Trial 1/100 completed (288 evaluations)
2026-05-06 20:12:38 |     → Trial 10/100 completed (288 evaluations)
2026-05-06 20:12:39 |     → Trial 20/100 completed (288 evaluations)
2026-05-06 20:12:40 |     → Trial 30/100 completed (288 evaluations)
2026-05-06 20:12:42 |     → Trial 40/100 completed (288 evaluations)
2026-05-06 20:12:43 |     → Trial 50/100 completed (288 evaluations)
2026-05-06 20:12:45 |     → Trial 60/100 completed (288 evaluations)
2026-05-06 20:12:46 |     → Trial 70/100 completed (288 evaluations)
2026-05-06 20:12:48 |     → Trial 80/100 completed (288 evaluations)
2026-05-06 20:12:49 |     → Trial 90/100 completed (288 evaluations)
2026-05-06 20:12:51 |     → Trial 100/100 completed (288 evaluations)
2026-05-06 20:12:51 |  Total edge attributions: 0.285879
2026-05-06 20:12:51 |  Expected (f(x) - f(x')) : 0.285879
2026-05-06 20:12:51 |  Difference: 5.551115123125783e-17 using 100 samples to calculate f(x) and f(x')
2026-05-06 20:12:51 |  Relative error: 0.0000
2026-05-06 20:12:51 |     → Instance 93/100
2026-05-06 20:12:51 |     → ShapleyFlow (Backward Path Sampling): 287 edges, 3 sources
2026-05-06 20:12:51 |     → ShapleyFlow (MC Permutation): 287 edges, 100 trials = 28,800 model calls
2026-05-06 20:12:51 |     → Trial 1/100 completed (288 evaluations)
2026-05-06 20:12:52 |     → Trial 10/100 completed (288 evaluations)
2026-05-06 20:12:54 |     → Trial 20/100 completed (288 evaluations)
2026-05-06 20:12:55 |     → Trial 30/100 completed (288 evaluations)
2026-05-06 20:12:57 |     → Trial 40/100 completed (288 evaluations)
2026-05-06 20:12:58 |     → Trial 50/100 completed (288 evaluations)
2026-05-06 20:12:59 |     → Trial 60/100 completed (288 evaluations)
2026-05-06 20:13:01 |     → Trial 70/100 completed (288 evaluations)
2026-05-06 20:13:02 |     → Trial 80/100 completed (288 evaluations)
2026-05-06 20:13:04 |     → Trial 90/100 completed (288 evaluations)
2026-05-06 20:13:05 |     → Trial 100/100 completed (288 evaluations)
2026-05-06 20:13:05 |  Total edge attributions: 0.059338
2026-05-06 20:13:05 |  Expected (f(x) - f(x')) : 0.059338
2026-05-06 20:13:05 |  Difference: 4.163336342344337e-17 using 100 samples to calculate f(x) and f(x')
2026-05-06 20:13:05 |  Relative error: 0.0000
2026-05-06 20:13:05 |     → Instance 94/100
2026-05-06 20:13:05 |     → ShapleyFlow (Backward Path Sampling): 287 edges, 3 sources
2026-05-06 20:13:05 |     → ShapleyFlow (MC Permutation): 287 edges, 100 trials = 28,800 model calls
2026-05-06 20:13:06 |     → Trial 1/100 completed (288 evaluations)
2026-05-06 20:13:07 |     → Trial 10/100 completed (288 evaluations)
2026-05-06 20:13:08 |     → Trial 20/100 completed (288 evaluations)
2026-05-06 20:13:10 |     → Trial 30/100 completed (288 evaluations)
2026-05-06 20:13:11 |     → Trial 40/100 completed (288 evaluations)
2026-05-06 20:13:13 |     → Trial 50/100 completed (288 evaluations)
2026-05-06 20:13:14 |     → Trial 60/100 completed (288 evaluations)
2026-05-06 20:13:16 |     → Trial 70/100 completed (288 evaluations)
2026-05-06 20:13:17 |     → Trial 80/100 completed (288 evaluations)
2026-05-06 20:13:19 |     → Trial 90/100 completed (288 evaluations)
2026-05-06 20:13:20 |     → Trial 100/100 completed (288 evaluations)
2026-05-06 20:13:20 |  Total edge attributions: -0.609342
2026-05-06 20:13:20 |  Expected (f(x) - f(x')) : -0.609342
2026-05-06 20:13:20 |  Difference: 0.0 using 100 samples to calculate f(x) and f(x')
2026-05-06 20:13:20 |  Relative error: 0.0000
2026-05-06 20:13:20 |     → Instance 95/100
2026-05-06 20:13:20 |     → ShapleyFlow (Backward Path Sampling): 287 edges, 3 sources
2026-05-06 20:13:20 |     → ShapleyFlow (MC Permutation): 287 edges, 100 trials = 28,800 model calls
2026-05-06 20:13:20 |     → Trial 1/100 completed (288 evaluations)
2026-05-06 20:13:22 |     → Trial 10/100 completed (288 evaluations)
2026-05-06 20:13:23 |     → Trial 20/100 completed (288 evaluations)
2026-05-06 20:13:24 |     → Trial 30/100 completed (288 evaluations)
2026-05-06 20:13:26 |     → Trial 40/100 completed (288 evaluations)
2026-05-06 20:13:27 |     → Trial 50/100 completed (288 evaluations)
2026-05-06 20:13:29 |     → Trial 60/100 completed (288 evaluations)
2026-05-06 20:13:30 |     → Trial 70/100 completed (288 evaluations)
2026-05-06 20:13:32 |     → Trial 80/100 completed (288 evaluations)
2026-05-06 20:13:33 |     → Trial 90/100 completed (288 evaluations)
2026-05-06 20:13:35 |     → Trial 100/100 completed (288 evaluations)
2026-05-06 20:13:35 |  Total edge attributions: -0.460046
2026-05-06 20:13:35 |  Expected (f(x) - f(x')) : -0.460046
2026-05-06 20:13:35 |  Difference: 1.6653345369377348e-16 using 100 samples to calculate f(x) and f(x')
2026-05-06 20:13:35 |  Relative error: 0.0000
2026-05-06 20:13:35 |     → Instance 96/100
2026-05-06 20:13:35 |     → ShapleyFlow (Backward Path Sampling): 287 edges, 3 sources
2026-05-06 20:13:35 |     → ShapleyFlow (MC Permutation): 287 edges, 100 trials = 28,800 model calls
2026-05-06 20:13:35 |     → Trial 1/100 completed (288 evaluations)
2026-05-06 20:13:36 |     → Trial 10/100 completed (288 evaluations)
2026-05-06 20:13:38 |     → Trial 20/100 completed (288 evaluations)
2026-05-06 20:13:39 |     → Trial 30/100 completed (288 evaluations)
2026-05-06 20:13:41 |     → Trial 40/100 completed (288 evaluations)
2026-05-06 20:13:42 |     → Trial 50/100 completed (288 evaluations)
2026-05-06 20:13:44 |     → Trial 60/100 completed (288 evaluations)
2026-05-06 20:13:45 |     → Trial 70/100 completed (288 evaluations)
2026-05-06 20:13:46 |     → Trial 80/100 completed (288 evaluations)
2026-05-06 20:13:48 |     → Trial 90/100 completed (288 evaluations)
2026-05-06 20:13:49 |     → Trial 100/100 completed (288 evaluations)
2026-05-06 20:13:49 |  Total edge attributions: -0.122809
2026-05-06 20:13:49 |  Expected (f(x) - f(x')) : -0.122809
2026-05-06 20:13:49 |  Difference: 5.551115123125783e-17 using 100 samples to calculate f(x) and f(x')
2026-05-06 20:13:49 |  Relative error: 0.0000
2026-05-06 20:13:49 |     → Instance 97/100
2026-05-06 20:13:49 |     → ShapleyFlow (Backward Path Sampling): 287 edges, 3 sources
2026-05-06 20:13:49 |     → ShapleyFlow (MC Permutation): 287 edges, 100 trials = 28,800 model calls
2026-05-06 20:13:50 |     → Trial 1/100 completed (288 evaluations)
2026-05-06 20:13:51 |     → Trial 10/100 completed (288 evaluations)
2026-05-06 20:13:52 |     → Trial 20/100 completed (288 evaluations)
2026-05-06 20:13:54 |     → Trial 30/100 completed (288 evaluations)
2026-05-06 20:13:55 |     → Trial 40/100 completed (288 evaluations)
2026-05-06 20:13:57 |     → Trial 50/100 completed (288 evaluations)
2026-05-06 20:13:58 |     → Trial 60/100 completed (288 evaluations)
2026-05-06 20:14:00 |     → Trial 70/100 completed (288 evaluations)
2026-05-06 20:14:01 |     → Trial 80/100 completed (288 evaluations)
2026-05-06 20:14:03 |     → Trial 90/100 completed (288 evaluations)
2026-05-06 20:14:04 |     → Trial 100/100 completed (288 evaluations)
2026-05-06 20:14:04 |  Total edge attributions: 0.315540
2026-05-06 20:14:04 |  Expected (f(x) - f(x')) : 0.315540
2026-05-06 20:14:04 |  Difference: 5.551115123125783e-17 using 100 samples to calculate f(x) and f(x')
2026-05-06 20:14:04 |  Relative error: 0.0000
2026-05-06 20:14:04 |     → Instance 98/100
2026-05-06 20:14:04 |     → ShapleyFlow (Backward Path Sampling): 287 edges, 3 sources
2026-05-06 20:14:04 |     → ShapleyFlow (MC Permutation): 287 edges, 100 trials = 28,800 model calls
2026-05-06 20:14:04 |     → Trial 1/100 completed (288 evaluations)
2026-05-06 20:14:06 |     → Trial 10/100 completed (288 evaluations)
2026-05-06 20:14:07 |     → Trial 20/100 completed (288 evaluations)
2026-05-06 20:14:09 |     → Trial 30/100 completed (288 evaluations)
2026-05-06 20:14:10 |     → Trial 40/100 completed (288 evaluations)
2026-05-06 20:14:11 |     → Trial 50/100 completed (288 evaluations)
2026-05-06 20:14:13 |     → Trial 60/100 completed (288 evaluations)
2026-05-06 20:14:14 |     → Trial 70/100 completed (288 evaluations)
2026-05-06 20:14:16 |     → Trial 80/100 completed (288 evaluations)
2026-05-06 20:14:17 |     → Trial 90/100 completed (288 evaluations)
2026-05-06 20:14:19 |     → Trial 100/100 completed (288 evaluations)
2026-05-06 20:14:19 |  Total edge attributions: -0.966066
2026-05-06 20:14:19 |  Expected (f(x) - f(x')) : -0.966066
2026-05-06 20:14:19 |  Difference: 4.440892098500626e-16 using 100 samples to calculate f(x) and f(x')
2026-05-06 20:14:19 |  Relative error: 0.0000
2026-05-06 20:14:19 |     → Instance 99/100
2026-05-06 20:14:19 |     → ShapleyFlow (Backward Path Sampling): 287 edges, 3 sources
2026-05-06 20:14:19 |     → ShapleyFlow (MC Permutation): 287 edges, 100 trials = 28,800 model calls
2026-05-06 20:14:19 |     → Trial 1/100 completed (288 evaluations)
2026-05-06 20:14:20 |     → Trial 10/100 completed (288 evaluations)
2026-05-06 20:14:22 |     → Trial 20/100 completed (288 evaluations)
2026-05-06 20:14:23 |     → Trial 30/100 completed (288 evaluations)
2026-05-06 20:14:25 |     → Trial 40/100 completed (288 evaluations)
2026-05-06 20:14:26 |     → Trial 50/100 completed (288 evaluations)
2026-05-06 20:14:28 |     → Trial 60/100 completed (288 evaluations)
2026-05-06 20:14:29 |     → Trial 70/100 completed (288 evaluations)
2026-05-06 20:14:31 |     → Trial 80/100 completed (288 evaluations)
2026-05-06 20:14:32 |     → Trial 90/100 completed (288 evaluations)
2026-05-06 20:14:34 |     → Trial 100/100 completed (288 evaluations)
2026-05-06 20:14:34 |  Total edge attributions: -0.513205
2026-05-06 20:14:34 |  Expected (f(x) - f(x')) : -0.513205
2026-05-06 20:14:34 |  Difference: 1.1102230246251565e-16 using 100 samples to calculate f(x) and f(x')
2026-05-06 20:14:34 |  Relative error: 0.0000
2026-05-06 20:14:34 |     → Instance 100/100
2026-05-06 20:14:34 |     → ShapleyFlow (Backward Path Sampling): 287 edges, 3 sources
2026-05-06 20:14:34 |     → ShapleyFlow (MC Permutation): 287 edges, 100 trials = 28,800 model calls
2026-05-06 20:14:34 |     → Trial 1/100 completed (288 evaluations)
2026-05-06 20:14:35 |     → Trial 10/100 completed (288 evaluations)
2026-05-06 20:14:37 |     → Trial 20/100 completed (288 evaluations)
2026-05-06 20:14:38 |     → Trial 30/100 completed (288 evaluations)
2026-05-06 20:14:39 |     → Trial 40/100 completed (288 evaluations)
2026-05-06 20:14:41 |     → Trial 50/100 completed (288 evaluations)
2026-05-06 20:14:42 |     → Trial 60/100 completed (288 evaluations)
2026-05-06 20:14:44 |     → Trial 70/100 completed (288 evaluations)
2026-05-06 20:14:45 |     → Trial 80/100 completed (288 evaluations)
2026-05-06 20:14:47 |     → Trial 90/100 completed (288 evaluations)
2026-05-06 20:14:48 |     → Trial 100/100 completed (288 evaluations)
2026-05-06 20:14:48 |  Total edge attributions: 0.853503
2026-05-06 20:14:48 |  Expected (f(x) - f(x')) : 0.853503
2026-05-06 20:14:48 |  Difference: 2.220446049250313e-16 using 100 samples to calculate f(x) and f(x')
2026-05-06 20:14:48 |  Relative error: 0.0000
2026-05-06 20:14:48 |     → All instances completed
2026-05-06 20:14:48 |   [Progress: 9/9] LGBM + LINGAM - GraphExplainer
2026-05-06 20:14:48 |   ✓ Completed mixed_no_conf_f50_s1000_p50 in 169.6 minutes
2026-05-06 20:14:48 | 
================================================================================
2026-05-06 20:14:48 | Step 5 Complete: Shapley values calculated for all combinations
2026-05-06 20:14:48 | ================================================================================

2026-05-06 20:14:48 | 
================================================================================
2026-05-06 20:14:48 | PIPELINE COMPLETED SUCCESSFULLY!
2026-05-06 20:14:48 | ================================================================================
2026-05-06 20:14:48 | 
Total execution time: 171.9 minutes (2.87 hours)
2026-05-06 20:14:48 | 
Results saved in:
2026-05-06 20:14:48 |   - Synthetic data: /Users/juanrios/Documents/master_thesis/data/synthetic
2026-05-06 20:14:48 |   - Processed data: /Users/juanrios/Documents/master_thesis/data/processed
2026-05-06 20:14:48 |   - Causal discovery: /Users/juanrios/Documents/master_thesis/data/causal
2026-05-06 20:14:48 |   - Models: /Users/juanrios/Documents/master_thesis/models
2026-05-06 20:14:48 |   - Explainability: /Users/juanrios/Documents/master_thesis/data/explainability
2026-05-06 20:14:48 |   - Logs: /Users/juanrios/Documents/master_thesis/logs
2026-05-06 20:14:48 | 
================================================================================

