2026-04-13 23:50:41 | Log file: /Users/juanrios/Documents/master_thesis/logs/pipeline_20260413_235041.log
2026-04-13 23:50:41 | 
================================================================================
2026-04-13 23:50:41 | EXPERIMENTAL PIPELINE: CAUSAL FEATURE IMPORTANCE COMPARISON
2026-04-13 23:50:41 | ================================================================================
2026-04-13 23:50:41 | 
================================================================================
2026-04-13 23:50:41 | CONFIGURATION PARAMETERS
2026-04-13 23:50:41 | ================================================================================
2026-04-13 23:50:41 | 
1. DATASET PARAMETERS:
2026-04-13 23:50:41 |    - N_FEATURES: 50
2026-04-13 23:50:41 |    - N_SAMPLES: 1000
2026-04-13 23:50:41 |    - Y_PARENTS_RATIO: 0.5
2026-04-13 23:50:41 |    - NOISE_STD: 0.5
2026-04-13 23:50:41 |    - EDGE_PROBABILITY: 0.2
2026-04-13 23:50:41 |    - MIN_CONNECTED_EDGES: 2
2026-04-13 23:50:41 |    - RANDOM_STATE: 42
2026-04-13 23:50:41 | 
2. MODEL TRAINING PARAMETERS:
2026-04-13 23:50:41 |    - TEST_SIZE: 0.2
2026-04-13 23:50:41 |    - BACKGROUND_RATIO: 0.3
2026-04-13 23:50:41 |    - TEST_INSTANCES_RATIO: 0.5
2026-04-13 23:50:41 | 
3. EXPLAINABILITY PARAMETERS:
2026-04-13 23:50:41 |    - N_SHAPLEY_SAMPLES: 50
2026-04-13 23:50:41 |    - M_INNER_SAMPLES_CAUSAL: 10
2026-04-13 23:50:41 | 
4. CAUSAL DISCOVERY PARAMETERS:
2026-04-13 23:50:41 |    - LINGAM_ALPHA: 0.01
2026-04-13 23:50:41 |    - PC_ALPHA: 0.01
2026-04-13 23:50:41 |    - INDEP_TEST: fisherz
2026-04-13 23:50:41 | 
5. TARGET CONFIGURATION:
2026-04-13 23:50:41 |    - TARGET_DATASETS: ['mixed_conf_f50_s1000_p50', 'mixed_no_conf_f50_s1000_p50']
2026-04-13 23:50:41 |    - MODEL: LGBM (only)
2026-04-13 23:50:41 | 
6. DIRECTORIES:
2026-04-13 23:50:41 |    - BASE_DIR: /Users/juanrios/Documents/master_thesis
2026-04-13 23:50:41 |    - SYNTHETIC_DIR: /Users/juanrios/Documents/master_thesis/data/synthetic
2026-04-13 23:50:41 |    - PROCESSED_DIR: /Users/juanrios/Documents/master_thesis/data/processed
2026-04-13 23:50:41 |    - CAUSAL_DIR: /Users/juanrios/Documents/master_thesis/data/causal
2026-04-13 23:50:41 |    - EXPLAINABILITY_DIR: /Users/juanrios/Documents/master_thesis/data/explainability
2026-04-13 23:50:41 |    - MODELS_DIR: /Users/juanrios/Documents/master_thesis/models
2026-04-13 23:50:41 |    - LOGS_DIR: /Users/juanrios/Documents/master_thesis/logs
2026-04-13 23:50:41 | 
================================================================================

2026-04-13 23:50:41 | ================================================================================
2026-04-13 23:50:41 | STEP 1: GENERATING SYNTHETIC DATASETS
2026-04-13 23:50:41 | ================================================================================
2026-04-13 23:50:41 | 
[Dataset 1/6] Generating linear system without confounders
2026-04-13 23:50:41 |   ✓ Saved: linear_no_conf_f50_s1000_p50 | Features: 50, Samples: 1000, Y parents: 25, Edges: 291, Confounders: 0
2026-04-13 23:50:41 | 
[Dataset 2/6] Generating linear system with confounders
2026-04-13 23:50:41 |   ✓ Saved: linear_conf_f50_s1000_p50 | Features: 50, Samples: 1000, Y parents: 25, Edges: 291, Confounders: 5
2026-04-13 23:50:41 | 
[Dataset 3/6] Generating nonlinear system without confounders
2026-04-13 23:50:41 |   ✓ Saved: nonlinear_no_conf_f50_s1000_p50 | Features: 50, Samples: 1000, Y parents: 25, Edges: 291, Confounders: 0
2026-04-13 23:50:41 | 
[Dataset 4/6] Generating nonlinear system with confounders
2026-04-13 23:50:41 |   ✓ Saved: nonlinear_conf_f50_s1000_p50 | Features: 50, Samples: 1000, Y parents: 25, Edges: 291, Confounders: 5
2026-04-13 23:50:41 | 
[Dataset 5/6] Generating mixed system without confounders
2026-04-13 23:50:41 |   ✓ Saved: mixed_no_conf_f50_s1000_p50 | Features: 50, Samples: 1000, Y parents: 25, Edges: 291, Confounders: 0
2026-04-13 23:50:41 | 
[Dataset 6/6] Generating mixed system with confounders
2026-04-13 23:50:41 |   ✓ Saved: mixed_conf_f50_s1000_p50 | Features: 50, Samples: 1000, Y parents: 25, Edges: 291, Confounders: 5
2026-04-13 23:50:41 | 
================================================================================
2026-04-13 23:50:41 | Step 1 Complete: 6 datasets generated
2026-04-13 23:50:41 | ================================================================================

2026-04-13 23:50:41 | ================================================================================
2026-04-13 23:50:41 | STEP 2: CREATING TRAIN/TEST SPLITS
2026-04-13 23:50:41 | ================================================================================
2026-04-13 23:50:41 | 
[Dataset 1/6] Processing linear_no_conf_f50_s1000_p50...
2026-04-13 23:50:41 |   ✓ Train: (800, 51), Test: (200, 51)
2026-04-13 23:50:41 | 
[Dataset 2/6] Processing linear_conf_f50_s1000_p50...
2026-04-13 23:50:41 |   ✓ Train: (800, 51), Test: (200, 51)
2026-04-13 23:50:41 | 
[Dataset 3/6] Processing nonlinear_no_conf_f50_s1000_p50...
2026-04-13 23:50:41 |   ✓ Train: (800, 51), Test: (200, 51)
2026-04-13 23:50:41 | 
[Dataset 4/6] Processing nonlinear_conf_f50_s1000_p50...
2026-04-13 23:50:41 |   ✓ Train: (800, 51), Test: (200, 51)
2026-04-13 23:50:41 | 
[Dataset 5/6] Processing mixed_no_conf_f50_s1000_p50...
2026-04-13 23:50:41 |   ✓ Train: (800, 51), Test: (200, 51)
2026-04-13 23:50:41 | 
[Dataset 6/6] Processing mixed_conf_f50_s1000_p50...
2026-04-13 23:50:41 |   ✓ Train: (800, 51), Test: (200, 51)
2026-04-13 23:50:41 | 
================================================================================
2026-04-13 23:50:41 | Step 2 Complete: Train/test splits created for 6 datasets
2026-04-13 23:50:41 | ================================================================================

2026-04-13 23:50:41 | ================================================================================
2026-04-13 23:50:41 | STEP 3: RUNNING CAUSAL DISCOVERY
2026-04-13 23:50:41 | ================================================================================
2026-04-13 23:50:41 | 
[Dataset 1/6] Processing linear_no_conf_f50_s1000_p50
2026-04-13 23:50:41 |   Running LiNGAM...
2026-04-13 23:50:47 |   Running PC...
2026-04-13 23:50:50 |   Extracting train adjacency matrices for Step 5...
2026-04-13 23:50:50 |   ✓ LINGAM: F1=0.282, Precision=0.240, Recall=0.340
2026-04-13 23:50:52 |   ✓ PC: F1=0.140, Precision=0.325, Recall=0.089
2026-04-13 23:50:52 | 
[Dataset 2/6] Processing linear_conf_f50_s1000_p50
2026-04-13 23:50:52 |   Running LiNGAM...
2026-04-13 23:50:58 |   Running PC...
2026-04-13 23:51:02 |   Extracting train adjacency matrices for Step 5...
2026-04-13 23:51:02 |   ✓ LINGAM: F1=0.222, Precision=0.188, Recall=0.271
2026-04-13 23:51:03 |   ✓ PC: F1=0.193, Precision=0.434, Recall=0.124
2026-04-13 23:51:03 | 
[Dataset 3/6] Processing nonlinear_no_conf_f50_s1000_p50
2026-04-13 23:51:03 |   Running LiNGAM...
2026-04-13 23:51:08 |   Running PC...
2026-04-13 23:51:11 |   Extracting train adjacency matrices for Step 5...
2026-04-13 23:51:11 |   ✓ LINGAM: F1=0.192, Precision=0.212, Recall=0.175
2026-04-13 23:51:12 |   ✓ PC: F1=0.131, Precision=0.278, Recall=0.086
2026-04-13 23:51:13 | 
[Dataset 4/6] Processing nonlinear_conf_f50_s1000_p50
2026-04-13 23:51:13 |   Running LiNGAM...
2026-04-13 23:51:25 |   Running PC...
2026-04-13 23:51:42 |   Extracting train adjacency matrices for Step 5...
2026-04-13 23:51:42 |   ✓ LINGAM: F1=0.196, Precision=0.236, Recall=0.168
2026-04-13 23:51:43 |   ✓ PC: F1=0.128, Precision=0.286, Recall=0.082
2026-04-13 23:51:44 | 
[Dataset 5/6] Processing mixed_no_conf_f50_s1000_p50
2026-04-13 23:51:44 |   Running LiNGAM...
2026-04-13 23:51:49 |   Running PC...
2026-04-13 23:51:52 |   Extracting train adjacency matrices for Step 5...
2026-04-13 23:51:52 |   ✓ LINGAM: F1=0.174, Precision=0.193, Recall=0.158
2026-04-13 23:51:53 |   ✓ PC: F1=0.183, Precision=0.425, Recall=0.117
2026-04-13 23:51:54 | 
[Dataset 6/6] Processing mixed_conf_f50_s1000_p50
2026-04-13 23:51:54 |   Running LiNGAM...
2026-04-13 23:51:59 |   Running PC...
2026-04-13 23:52:02 |   Extracting train adjacency matrices for Step 5...
2026-04-13 23:52:02 |   ✓ LINGAM: F1=0.173, Precision=0.178, Recall=0.168
2026-04-13 23:52:03 |   ✓ PC: F1=0.180, Precision=0.361, Recall=0.120
2026-04-13 23:52:03 | 
================================================================================
2026-04-13 23:52:03 | Step 3 Complete: Causal discovery completed for 6 datasets
2026-04-13 23:52:03 | ================================================================================

2026-04-13 23:52:03 | ================================================================================
2026-04-13 23:52:03 | STEP 4: TRAINING PREDICTIVE MODELS (LGBM only, 2 datasets)
2026-04-13 23:52:03 | ================================================================================
2026-04-13 23:52:03 | 
[Dataset 1/2] Training LGBM model for mixed_no_conf_f50_s1000_p50
2026-04-13 23:52:03 |   Training LGBM...
2026-04-13 23:52:11 |   ✓ LGBM: R²=0.7617, MSE=0.3109, MAE=0.4372, RMSE=0.5576
2026-04-13 23:52:11 |   ✓ LGBM model saved with the following number of features: 50
2026-04-13 23:52:11 | 
[Dataset 2/2] Training LGBM model for mixed_conf_f50_s1000_p50
2026-04-13 23:52:11 |   Training LGBM...
2026-04-13 23:52:21 |   ✓ LGBM: R²=0.5561, MSE=0.6293, MAE=0.5373, RMSE=0.7933
2026-04-13 23:52:21 |   ✓ LGBM model saved with the following number of features: 50
2026-04-13 23:52:21 | 
================================================================================
2026-04-13 23:52:21 | Step 4 Complete: LGBM model trained for 2 datasets
2026-04-13 23:52:21 | ================================================================================

2026-04-13 23:52:21 | ================================================================================
2026-04-13 23:52:21 | STEP 5: CALCULATING SHAPLEY VALUES (2 datasets + LGBM only)
2026-04-13 23:52:21 | ================================================================================
2026-04-13 23:52:21 | 
[Dataset 1/2] Processing mixed_no_conf_f50_s1000_p50
2026-04-13 23:52:21 |   [Progress: 1/7] LGBM - ShapleyFromScratch
2026-04-13 23:54:22 |   [Progress: 2/7] LGBM + PC - AsymmetricShapley
2026-04-13 23:54:22 |  Calculating asymmetric SHAP values using Frye method
2026-04-13 23:56:26 |   [Progress: 3/7] LGBM + PC - CausalShapley (SLOW - uses 10 inner samples)
2026-04-14 00:15:32 |   [Progress: 4/7] LGBM + PC - ShapleyFlow
2026-04-14 00:15:32 |     → ShapleyFlowWrapper: 51 features, 80 edges, 2 sources
2026-04-14 00:15:32 |     → Computing Shapley Flow for 100 instances...
2026-04-14 00:15:32 |     → Instance 1/100
2026-04-14 00:15:32 |     → ShapleyFlow (Path Sampling): 80 edges, 2 sources
2026-04-14 00:15:32 |     → Sampling 100 paths/source × 50 trials
2026-04-14 00:15:33 |     → Trial 1/50 completed (~992 evaluations)
2026-04-14 00:15:37 |     → Trial 10/50 completed (~1028 evaluations)
2026-04-14 00:15:42 |     → Trial 20/50 completed (~1033 evaluations)
2026-04-14 00:15:47 |     → Trial 30/50 completed (~1034 evaluations)
2026-04-14 00:15:52 |     → Trial 40/50 completed (~1003 evaluations)
2026-04-14 00:15:57 |     → Trial 50/50 completed (~1028 evaluations)
2026-04-14 00:15:57 |     → Instance 2/100
2026-04-14 00:15:57 |     → ShapleyFlow (Path Sampling): 80 edges, 2 sources
2026-04-14 00:15:57 |     → Sampling 100 paths/source × 50 trials
2026-04-14 00:15:58 |     → Trial 1/50 completed (~1037 evaluations)
2026-04-14 00:16:02 |     → Trial 10/50 completed (~1025 evaluations)
2026-04-14 00:16:07 |     → Trial 20/50 completed (~1038 evaluations)
2026-04-14 00:16:12 |     → Trial 30/50 completed (~1057 evaluations)
2026-04-14 00:16:17 |     → Trial 40/50 completed (~991 evaluations)
2026-04-14 00:16:22 |     → Trial 50/50 completed (~1060 evaluations)
2026-04-14 00:16:22 |     → Instance 3/100
2026-04-14 00:16:22 |     → ShapleyFlow (Path Sampling): 80 edges, 2 sources
2026-04-14 00:16:22 |     → Sampling 100 paths/source × 50 trials
2026-04-14 00:16:23 |     → Trial 1/50 completed (~1015 evaluations)
2026-04-14 00:16:27 |     → Trial 10/50 completed (~1021 evaluations)
2026-04-14 00:16:32 |     → Trial 20/50 completed (~985 evaluations)
2026-04-14 00:16:37 |     → Trial 30/50 completed (~1020 evaluations)
2026-04-14 00:16:42 |     → Trial 40/50 completed (~993 evaluations)
2026-04-14 00:16:47 |     → Trial 50/50 completed (~1009 evaluations)
2026-04-14 00:16:47 |     → Instance 4/100
2026-04-14 00:16:47 |     → ShapleyFlow (Path Sampling): 80 edges, 2 sources
2026-04-14 00:16:47 |     → Sampling 100 paths/source × 50 trials
2026-04-14 00:16:47 |     → Trial 1/50 completed (~1033 evaluations)
2026-04-14 00:16:52 |     → Trial 10/50 completed (~1002 evaluations)
2026-04-14 00:16:57 |     → Trial 20/50 completed (~1004 evaluations)
2026-04-14 00:17:02 |     → Trial 30/50 completed (~1025 evaluations)
2026-04-14 00:17:07 |     → Trial 40/50 completed (~1021 evaluations)
2026-04-14 00:17:12 |     → Trial 50/50 completed (~1049 evaluations)
2026-04-14 00:17:12 |     → Instance 5/100
2026-04-14 00:17:12 |     → ShapleyFlow (Path Sampling): 80 edges, 2 sources
2026-04-14 00:17:12 |     → Sampling 100 paths/source × 50 trials
2026-04-14 00:17:12 |     → Trial 1/50 completed (~997 evaluations)
2026-04-14 00:17:17 |     → Trial 10/50 completed (~978 evaluations)
2026-04-14 00:17:22 |     → Trial 20/50 completed (~1019 evaluations)
2026-04-14 00:17:27 |     → Trial 30/50 completed (~988 evaluations)
2026-04-14 00:17:32 |     → Trial 40/50 completed (~1023 evaluations)
2026-04-14 00:17:37 |     → Trial 50/50 completed (~1052 evaluations)
2026-04-14 00:17:37 |     → Instance 6/100
2026-04-14 00:17:37 |     → ShapleyFlow (Path Sampling): 80 edges, 2 sources
2026-04-14 00:17:37 |     → Sampling 100 paths/source × 50 trials
2026-04-14 00:17:37 |     → Trial 1/50 completed (~1000 evaluations)
2026-04-14 00:17:42 |     → Trial 10/50 completed (~1041 evaluations)
2026-04-14 00:17:47 |     → Trial 20/50 completed (~1001 evaluations)
2026-04-14 00:17:51 |     → Trial 30/50 completed (~996 evaluations)
2026-04-14 00:17:56 |     → Trial 40/50 completed (~999 evaluations)
2026-04-14 00:18:01 |     → Trial 50/50 completed (~1041 evaluations)
2026-04-14 00:18:01 |     → Instance 7/100
2026-04-14 00:18:01 |     → ShapleyFlow (Path Sampling): 80 edges, 2 sources
2026-04-14 00:18:01 |     → Sampling 100 paths/source × 50 trials
2026-04-14 00:18:02 |     → Trial 1/50 completed (~1018 evaluations)
2026-04-14 00:18:07 |     → Trial 10/50 completed (~1044 evaluations)
2026-04-14 00:18:12 |     → Trial 20/50 completed (~1007 evaluations)
2026-04-14 00:18:16 |     → Trial 30/50 completed (~997 evaluations)
2026-04-14 00:18:21 |     → Trial 40/50 completed (~1011 evaluations)
2026-04-14 00:18:26 |     → Trial 50/50 completed (~1030 evaluations)
2026-04-14 00:18:27 |     → Instance 8/100
2026-04-14 00:18:27 |     → ShapleyFlow (Path Sampling): 80 edges, 2 sources
2026-04-14 00:18:27 |     → Sampling 100 paths/source × 50 trials
2026-04-14 00:18:27 |     → Trial 1/50 completed (~1035 evaluations)
2026-04-14 00:18:32 |     → Trial 10/50 completed (~1011 evaluations)
2026-04-14 00:18:37 |     → Trial 20/50 completed (~1025 evaluations)
2026-04-14 00:18:42 |     → Trial 30/50 completed (~1018 evaluations)
2026-04-14 00:18:47 |     → Trial 40/50 completed (~1025 evaluations)
2026-04-14 00:18:51 |     → Trial 50/50 completed (~1003 evaluations)
2026-04-14 00:18:51 |     → Instance 9/100
2026-04-14 00:18:51 |     → ShapleyFlow (Path Sampling): 80 edges, 2 sources
2026-04-14 00:18:51 |     → Sampling 100 paths/source × 50 trials
2026-04-14 00:18:52 |     → Trial 1/50 completed (~1015 evaluations)
2026-04-14 00:18:57 |     → Trial 10/50 completed (~1042 evaluations)
2026-04-14 00:19:01 |     → Trial 20/50 completed (~1000 evaluations)
2026-04-14 00:19:06 |     → Trial 30/50 completed (~1018 evaluations)
2026-04-14 00:19:11 |     → Trial 40/50 completed (~998 evaluations)
2026-04-14 00:19:16 |     → Trial 50/50 completed (~1021 evaluations)
2026-04-14 00:19:16 |     → Instance 10/100
2026-04-14 00:19:16 |     → ShapleyFlow (Path Sampling): 80 edges, 2 sources
2026-04-14 00:19:16 |     → Sampling 100 paths/source × 50 trials
2026-04-14 00:19:17 |     → Trial 1/50 completed (~1004 evaluations)
2026-04-14 00:19:21 |     → Trial 10/50 completed (~1006 evaluations)
2026-04-14 00:19:26 |     → Trial 20/50 completed (~1001 evaluations)
2026-04-14 00:19:31 |     → Trial 30/50 completed (~1026 evaluations)
2026-04-14 00:19:36 |     → Trial 40/50 completed (~1002 evaluations)
2026-04-14 00:19:41 |     → Trial 50/50 completed (~987 evaluations)
2026-04-14 00:19:41 |     → Instance 11/100
2026-04-14 00:19:41 |     → ShapleyFlow (Path Sampling): 80 edges, 2 sources
2026-04-14 00:19:41 |     → Sampling 100 paths/source × 50 trials
2026-04-14 00:19:42 |     → Trial 1/50 completed (~1032 evaluations)
2026-04-14 00:19:46 |     → Trial 10/50 completed (~1007 evaluations)
2026-04-14 00:19:51 |     → Trial 20/50 completed (~1000 evaluations)
2026-04-14 00:19:56 |     → Trial 30/50 completed (~1018 evaluations)
2026-04-14 00:20:01 |     → Trial 40/50 completed (~1019 evaluations)
2026-04-14 00:20:06 |     → Trial 50/50 completed (~997 evaluations)
2026-04-14 00:20:06 |     → Instance 12/100
2026-04-14 00:20:06 |     → ShapleyFlow (Path Sampling): 80 edges, 2 sources
2026-04-14 00:20:06 |     → Sampling 100 paths/source × 50 trials
2026-04-14 00:20:07 |     → Trial 1/50 completed (~1017 evaluations)
2026-04-14 00:20:11 |     → Trial 10/50 completed (~1033 evaluations)
2026-04-14 00:20:16 |     → Trial 20/50 completed (~991 evaluations)
2026-04-14 00:20:21 |     → Trial 30/50 completed (~1044 evaluations)
2026-04-14 00:20:26 |     → Trial 40/50 completed (~1032 evaluations)
2026-04-14 00:20:31 |     → Trial 50/50 completed (~997 evaluations)
2026-04-14 00:20:31 |     → Instance 13/100
2026-04-14 00:20:31 |     → ShapleyFlow (Path Sampling): 80 edges, 2 sources
2026-04-14 00:20:31 |     → Sampling 100 paths/source × 50 trials
2026-04-14 00:20:32 |     → Trial 1/50 completed (~1029 evaluations)
2026-04-14 00:20:36 |     → Trial 10/50 completed (~1032 evaluations)
2026-04-14 00:20:41 |     → Trial 20/50 completed (~1034 evaluations)
2026-04-14 00:20:46 |     → Trial 30/50 completed (~993 evaluations)
2026-04-14 00:20:51 |     → Trial 40/50 completed (~1009 evaluations)
2026-04-14 00:20:56 |     → Trial 50/50 completed (~1010 evaluations)
2026-04-14 00:20:56 |     → Instance 14/100
2026-04-14 00:20:56 |     → ShapleyFlow (Path Sampling): 80 edges, 2 sources
2026-04-14 00:20:56 |     → Sampling 100 paths/source × 50 trials
2026-04-14 00:20:57 |     → Trial 1/50 completed (~994 evaluations)
2026-04-14 00:21:01 |     → Trial 10/50 completed (~1007 evaluations)
2026-04-14 00:21:06 |     → Trial 20/50 completed (~1017 evaluations)
2026-04-14 00:21:11 |     → Trial 30/50 completed (~1005 evaluations)
2026-04-14 00:21:16 |     → Trial 40/50 completed (~1009 evaluations)
2026-04-14 00:21:21 |     → Trial 50/50 completed (~1034 evaluations)
2026-04-14 00:21:21 |     → Instance 15/100
2026-04-14 00:21:21 |     → ShapleyFlow (Path Sampling): 80 edges, 2 sources
2026-04-14 00:21:21 |     → Sampling 100 paths/source × 50 trials
2026-04-14 00:21:22 |     → Trial 1/50 completed (~1020 evaluations)
2026-04-14 00:21:26 |     → Trial 10/50 completed (~1041 evaluations)
2026-04-14 00:21:31 |     → Trial 20/50 completed (~1007 evaluations)
2026-04-14 00:21:36 |     → Trial 30/50 completed (~1025 evaluations)
2026-04-14 00:21:41 |     → Trial 40/50 completed (~1021 evaluations)
2026-04-14 00:21:46 |     → Trial 50/50 completed (~1027 evaluations)
2026-04-14 00:21:46 |     → Instance 16/100
2026-04-14 00:21:46 |     → ShapleyFlow (Path Sampling): 80 edges, 2 sources
2026-04-14 00:21:46 |     → Sampling 100 paths/source × 50 trials
2026-04-14 00:21:47 |     → Trial 1/50 completed (~1021 evaluations)
2026-04-14 00:21:51 |     → Trial 10/50 completed (~1007 evaluations)
2026-04-14 00:21:56 |     → Trial 20/50 completed (~1008 evaluations)
2026-04-14 00:22:01 |     → Trial 30/50 completed (~990 evaluations)
2026-04-14 00:22:06 |     → Trial 40/50 completed (~1008 evaluations)
2026-04-14 00:22:11 |     → Trial 50/50 completed (~1023 evaluations)
2026-04-14 00:22:11 |     → Instance 17/100
2026-04-14 00:22:11 |     → ShapleyFlow (Path Sampling): 80 edges, 2 sources
2026-04-14 00:22:11 |     → Sampling 100 paths/source × 50 trials
2026-04-14 00:22:12 |     → Trial 1/50 completed (~992 evaluations)
2026-04-14 00:22:16 |     → Trial 10/50 completed (~1042 evaluations)
2026-04-14 00:22:21 |     → Trial 20/50 completed (~1003 evaluations)
2026-04-14 00:22:26 |     → Trial 30/50 completed (~1047 evaluations)
2026-04-14 00:22:31 |     → Trial 40/50 completed (~1029 evaluations)
2026-04-14 00:22:36 |     → Trial 50/50 completed (~1035 evaluations)
2026-04-14 00:22:36 |     → Instance 18/100
2026-04-14 00:22:36 |     → ShapleyFlow (Path Sampling): 80 edges, 2 sources
2026-04-14 00:22:36 |     → Sampling 100 paths/source × 50 trials
2026-04-14 00:22:37 |     → Trial 1/50 completed (~999 evaluations)
2026-04-14 00:22:41 |     → Trial 10/50 completed (~1007 evaluations)
2026-04-14 00:22:46 |     → Trial 20/50 completed (~1042 evaluations)
2026-04-14 00:22:51 |     → Trial 30/50 completed (~1021 evaluations)
2026-04-14 00:22:56 |     → Trial 40/50 completed (~1004 evaluations)
2026-04-14 00:23:01 |     → Trial 50/50 completed (~1010 evaluations)
2026-04-14 00:23:01 |     → Instance 19/100
2026-04-14 00:23:01 |     → ShapleyFlow (Path Sampling): 80 edges, 2 sources
2026-04-14 00:23:01 |     → Sampling 100 paths/source × 50 trials
2026-04-14 00:23:02 |     → Trial 1/50 completed (~1014 evaluations)
2026-04-14 00:23:06 |     → Trial 10/50 completed (~1015 evaluations)
2026-04-14 00:23:11 |     → Trial 20/50 completed (~1061 evaluations)
2026-04-14 00:23:16 |     → Trial 30/50 completed (~1025 evaluations)
2026-04-14 00:23:21 |     → Trial 40/50 completed (~998 evaluations)
2026-04-14 00:23:27 |     → Trial 50/50 completed (~1018 evaluations)
2026-04-14 00:23:27 |     → Instance 20/100
2026-04-14 00:23:27 |     → ShapleyFlow (Path Sampling): 80 edges, 2 sources
2026-04-14 00:23:27 |     → Sampling 100 paths/source × 50 trials
2026-04-14 00:23:27 |     → Trial 1/50 completed (~1023 evaluations)
2026-04-14 00:23:32 |     → Trial 10/50 completed (~1053 evaluations)
2026-04-14 00:23:37 |     → Trial 20/50 completed (~991 evaluations)
2026-04-14 00:23:42 |     → Trial 30/50 completed (~1016 evaluations)
2026-04-14 00:23:47 |     → Trial 40/50 completed (~1027 evaluations)
2026-04-14 00:23:52 |     → Trial 50/50 completed (~1013 evaluations)
2026-04-14 00:23:52 |     → Instance 21/100
2026-04-14 00:23:52 |     → ShapleyFlow (Path Sampling): 80 edges, 2 sources
2026-04-14 00:23:52 |     → Sampling 100 paths/source × 50 trials
2026-04-14 00:23:52 |     → Trial 1/50 completed (~1019 evaluations)
2026-04-14 00:23:57 |     → Trial 10/50 completed (~1015 evaluations)
2026-04-14 00:24:02 |     → Trial 20/50 completed (~990 evaluations)
2026-04-14 00:24:07 |     → Trial 30/50 completed (~1018 evaluations)
2026-04-14 00:24:12 |     → Trial 40/50 completed (~984 evaluations)
2026-04-14 00:24:17 |     → Trial 50/50 completed (~1013 evaluations)
2026-04-14 00:24:17 |     → Instance 22/100
2026-04-14 00:24:17 |     → ShapleyFlow (Path Sampling): 80 edges, 2 sources
2026-04-14 00:24:17 |     → Sampling 100 paths/source × 50 trials
2026-04-14 00:24:17 |     → Trial 1/50 completed (~1019 evaluations)
2026-04-14 00:24:22 |     → Trial 10/50 completed (~1022 evaluations)
2026-04-14 00:24:27 |     → Trial 20/50 completed (~1011 evaluations)
2026-04-14 00:24:32 |     → Trial 30/50 completed (~992 evaluations)
2026-04-14 00:24:37 |     → Trial 40/50 completed (~1041 evaluations)
2026-04-14 00:24:42 |     → Trial 50/50 completed (~1008 evaluations)
2026-04-14 00:24:42 |     → Instance 23/100
2026-04-14 00:24:42 |     → ShapleyFlow (Path Sampling): 80 edges, 2 sources
2026-04-14 00:24:42 |     → Sampling 100 paths/source × 50 trials
2026-04-14 00:24:42 |     → Trial 1/50 completed (~1030 evaluations)
2026-04-14 00:24:47 |     → Trial 10/50 completed (~983 evaluations)
2026-04-14 00:24:52 |     → Trial 20/50 completed (~1032 evaluations)
2026-04-14 00:24:57 |     → Trial 30/50 completed (~1028 evaluations)
2026-04-14 00:25:02 |     → Trial 40/50 completed (~1019 evaluations)
2026-04-14 00:25:07 |     → Trial 50/50 completed (~1037 evaluations)
2026-04-14 00:25:07 |     → Instance 24/100
2026-04-14 00:25:07 |     → ShapleyFlow (Path Sampling): 80 edges, 2 sources
2026-04-14 00:25:07 |     → Sampling 100 paths/source × 50 trials
2026-04-14 00:25:07 |     → Trial 1/50 completed (~995 evaluations)
2026-04-14 00:25:12 |     → Trial 10/50 completed (~1025 evaluations)
2026-04-14 00:25:17 |     → Trial 20/50 completed (~1066 evaluations)
2026-04-14 00:25:22 |     → Trial 30/50 completed (~1027 evaluations)
2026-04-14 00:25:27 |     → Trial 40/50 completed (~1010 evaluations)
2026-04-14 00:25:32 |     → Trial 50/50 completed (~1039 evaluations)
2026-04-14 00:25:32 |     → Instance 25/100
2026-04-14 00:25:32 |     → ShapleyFlow (Path Sampling): 80 edges, 2 sources
2026-04-14 00:25:32 |     → Sampling 100 paths/source × 50 trials
2026-04-14 00:25:33 |     → Trial 1/50 completed (~1003 evaluations)
2026-04-14 00:25:37 |     → Trial 10/50 completed (~1022 evaluations)
2026-04-14 00:25:42 |     → Trial 20/50 completed (~1022 evaluations)
2026-04-14 00:25:47 |     → Trial 30/50 completed (~1038 evaluations)
2026-04-14 00:25:52 |     → Trial 40/50 completed (~1022 evaluations)
2026-04-14 00:25:57 |     → Trial 50/50 completed (~1004 evaluations)
2026-04-14 00:25:57 |     → Instance 26/100
2026-04-14 00:25:57 |     → ShapleyFlow (Path Sampling): 80 edges, 2 sources
2026-04-14 00:25:57 |     → Sampling 100 paths/source × 50 trials
2026-04-14 00:25:57 |     → Trial 1/50 completed (~1035 evaluations)
2026-04-14 00:26:02 |     → Trial 10/50 completed (~1044 evaluations)
2026-04-14 00:26:07 |     → Trial 20/50 completed (~996 evaluations)
2026-04-14 00:26:12 |     → Trial 30/50 completed (~1010 evaluations)
2026-04-14 00:26:17 |     → Trial 40/50 completed (~995 evaluations)
2026-04-14 00:26:22 |     → Trial 50/50 completed (~1009 evaluations)
2026-04-14 00:26:22 |     → Instance 27/100
2026-04-14 00:26:22 |     → ShapleyFlow (Path Sampling): 80 edges, 2 sources
2026-04-14 00:26:22 |     → Sampling 100 paths/source × 50 trials
2026-04-14 00:26:22 |     → Trial 1/50 completed (~1036 evaluations)
2026-04-14 00:26:27 |     → Trial 10/50 completed (~1030 evaluations)
2026-04-14 00:26:32 |     → Trial 20/50 completed (~1043 evaluations)
2026-04-14 00:26:37 |     → Trial 30/50 completed (~989 evaluations)
2026-04-14 00:26:42 |     → Trial 40/50 completed (~1025 evaluations)
2026-04-14 00:26:47 |     → Trial 50/50 completed (~1048 evaluations)
2026-04-14 00:26:47 |     → Instance 28/100
2026-04-14 00:26:47 |     → ShapleyFlow (Path Sampling): 80 edges, 2 sources
2026-04-14 00:26:47 |     → Sampling 100 paths/source × 50 trials
2026-04-14 00:26:47 |     → Trial 1/50 completed (~1002 evaluations)
2026-04-14 00:26:52 |     → Trial 10/50 completed (~1049 evaluations)
2026-04-14 00:26:57 |     → Trial 20/50 completed (~1018 evaluations)
2026-04-14 00:27:02 |     → Trial 30/50 completed (~1027 evaluations)
2026-04-14 00:27:07 |     → Trial 40/50 completed (~1044 evaluations)
2026-04-14 00:27:12 |     → Trial 50/50 completed (~988 evaluations)
2026-04-14 00:27:12 |     → Instance 29/100
2026-04-14 00:27:12 |     → ShapleyFlow (Path Sampling): 80 edges, 2 sources
2026-04-14 00:27:12 |     → Sampling 100 paths/source × 50 trials
2026-04-14 00:27:12 |     → Trial 1/50 completed (~1016 evaluations)
2026-04-14 00:27:17 |     → Trial 10/50 completed (~1028 evaluations)
2026-04-14 00:27:22 |     → Trial 20/50 completed (~1060 evaluations)
2026-04-14 00:27:27 |     → Trial 30/50 completed (~1010 evaluations)
2026-04-14 00:27:32 |     → Trial 40/50 completed (~1022 evaluations)
2026-04-14 00:27:37 |     → Trial 50/50 completed (~1016 evaluations)
2026-04-14 00:27:37 |     → Instance 30/100
2026-04-14 00:27:37 |     → ShapleyFlow (Path Sampling): 80 edges, 2 sources
2026-04-14 00:27:37 |     → Sampling 100 paths/source × 50 trials
2026-04-14 00:27:37 |     → Trial 1/50 completed (~1024 evaluations)
2026-04-14 00:27:42 |     → Trial 10/50 completed (~1026 evaluations)
2026-04-14 00:27:47 |     → Trial 20/50 completed (~995 evaluations)
2026-04-14 00:27:52 |     → Trial 30/50 completed (~989 evaluations)
2026-04-14 00:27:57 |     → Trial 40/50 completed (~997 evaluations)
2026-04-14 00:28:02 |     → Trial 50/50 completed (~995 evaluations)
2026-04-14 00:28:02 |     → Instance 31/100
2026-04-14 00:28:02 |     → ShapleyFlow (Path Sampling): 80 edges, 2 sources
2026-04-14 00:28:02 |     → Sampling 100 paths/source × 50 trials
2026-04-14 00:28:02 |     → Trial 1/50 completed (~998 evaluations)
2026-04-14 00:28:07 |     → Trial 10/50 completed (~1038 evaluations)
2026-04-14 00:28:12 |     → Trial 20/50 completed (~979 evaluations)
2026-04-14 00:28:17 |     → Trial 30/50 completed (~1014 evaluations)
2026-04-14 00:28:22 |     → Trial 40/50 completed (~1003 evaluations)
2026-04-14 00:28:27 |     → Trial 50/50 completed (~1011 evaluations)
2026-04-14 00:28:27 |     → Instance 32/100
2026-04-14 00:28:27 |     → ShapleyFlow (Path Sampling): 80 edges, 2 sources
2026-04-14 00:28:27 |     → Sampling 100 paths/source × 50 trials
2026-04-14 00:28:27 |     → Trial 1/50 completed (~1006 evaluations)
2026-04-14 00:28:32 |     → Trial 10/50 completed (~1020 evaluations)
2026-04-14 00:28:37 |     → Trial 20/50 completed (~1019 evaluations)
2026-04-14 00:28:42 |     → Trial 30/50 completed (~983 evaluations)
2026-04-14 00:28:47 |     → Trial 40/50 completed (~1002 evaluations)
2026-04-14 00:28:52 |     → Trial 50/50 completed (~1021 evaluations)
2026-04-14 00:28:52 |     → Instance 33/100
2026-04-14 00:28:52 |     → ShapleyFlow (Path Sampling): 80 edges, 2 sources
2026-04-14 00:28:52 |     → Sampling 100 paths/source × 50 trials
2026-04-14 00:28:52 |     → Trial 1/50 completed (~1019 evaluations)
2026-04-14 00:28:57 |     → Trial 10/50 completed (~1059 evaluations)
2026-04-14 00:29:02 |     → Trial 20/50 completed (~1026 evaluations)
2026-04-14 00:29:07 |     → Trial 30/50 completed (~995 evaluations)
2026-04-14 00:29:12 |     → Trial 40/50 completed (~1040 evaluations)
2026-04-14 00:29:17 |     → Trial 50/50 completed (~1025 evaluations)
2026-04-14 00:29:17 |     → Instance 34/100
2026-04-14 00:29:17 |     → ShapleyFlow (Path Sampling): 80 edges, 2 sources
2026-04-14 00:29:17 |     → Sampling 100 paths/source × 50 trials
2026-04-14 00:29:17 |     → Trial 1/50 completed (~1021 evaluations)
2026-04-14 00:29:22 |     → Trial 10/50 completed (~1020 evaluations)
2026-04-14 00:29:27 |     → Trial 20/50 completed (~1029 evaluations)
2026-04-14 00:29:32 |     → Trial 30/50 completed (~1020 evaluations)
2026-04-14 00:29:37 |     → Trial 40/50 completed (~995 evaluations)
2026-04-14 00:29:42 |     → Trial 50/50 completed (~1009 evaluations)
2026-04-14 00:29:42 |     → Instance 35/100
2026-04-14 00:29:42 |     → ShapleyFlow (Path Sampling): 80 edges, 2 sources
2026-04-14 00:29:42 |     → Sampling 100 paths/source × 50 trials
2026-04-14 00:29:42 |     → Trial 1/50 completed (~1004 evaluations)
2026-04-14 00:29:47 |     → Trial 10/50 completed (~1021 evaluations)
2026-04-14 00:29:52 |     → Trial 20/50 completed (~1035 evaluations)
2026-04-14 00:29:57 |     → Trial 30/50 completed (~1027 evaluations)
2026-04-14 00:30:02 |     → Trial 40/50 completed (~997 evaluations)
2026-04-14 00:30:07 |     → Trial 50/50 completed (~1023 evaluations)
2026-04-14 00:30:07 |     → Instance 36/100
2026-04-14 00:30:07 |     → ShapleyFlow (Path Sampling): 80 edges, 2 sources
2026-04-14 00:30:07 |     → Sampling 100 paths/source × 50 trials
2026-04-14 00:30:07 |     → Trial 1/50 completed (~1011 evaluations)
2026-04-14 00:30:12 |     → Trial 10/50 completed (~994 evaluations)
2026-04-14 00:30:17 |     → Trial 20/50 completed (~1019 evaluations)
2026-04-14 00:30:22 |     → Trial 30/50 completed (~1017 evaluations)
2026-04-14 00:30:27 |     → Trial 40/50 completed (~1033 evaluations)
2026-04-14 00:30:32 |     → Trial 50/50 completed (~1020 evaluations)
2026-04-14 00:30:32 |     → Instance 37/100
2026-04-14 00:30:32 |     → ShapleyFlow (Path Sampling): 80 edges, 2 sources
2026-04-14 00:30:32 |     → Sampling 100 paths/source × 50 trials
2026-04-14 00:30:32 |     → Trial 1/50 completed (~983 evaluations)
2026-04-14 00:30:37 |     → Trial 10/50 completed (~1036 evaluations)
2026-04-14 00:30:41 |     → Trial 20/50 completed (~1016 evaluations)
2026-04-14 00:30:46 |     → Trial 30/50 completed (~1047 evaluations)
2026-04-14 00:30:52 |     → Trial 40/50 completed (~1017 evaluations)
2026-04-14 00:30:56 |     → Trial 50/50 completed (~1030 evaluations)
2026-04-14 00:30:57 |     → Instance 38/100
2026-04-14 00:30:57 |     → ShapleyFlow (Path Sampling): 80 edges, 2 sources
2026-04-14 00:30:57 |     → Sampling 100 paths/source × 50 trials
2026-04-14 00:30:57 |     → Trial 1/50 completed (~1007 evaluations)
2026-04-14 00:31:02 |     → Trial 10/50 completed (~1039 evaluations)
2026-04-14 00:31:06 |     → Trial 20/50 completed (~1009 evaluations)
2026-04-14 00:31:11 |     → Trial 30/50 completed (~1019 evaluations)
2026-04-14 00:31:17 |     → Trial 40/50 completed (~1027 evaluations)
2026-04-14 00:31:22 |     → Trial 50/50 completed (~971 evaluations)
2026-04-14 00:31:22 |     → Instance 39/100
2026-04-14 00:31:22 |     → ShapleyFlow (Path Sampling): 80 edges, 2 sources
2026-04-14 00:31:22 |     → Sampling 100 paths/source × 50 trials
2026-04-14 00:31:22 |     → Trial 1/50 completed (~995 evaluations)
2026-04-14 00:31:27 |     → Trial 10/50 completed (~1010 evaluations)
2026-04-14 00:31:32 |     → Trial 20/50 completed (~1010 evaluations)
2026-04-14 00:31:37 |     → Trial 30/50 completed (~1034 evaluations)
2026-04-14 00:31:42 |     → Trial 40/50 completed (~1028 evaluations)
2026-04-14 00:31:47 |     → Trial 50/50 completed (~1031 evaluations)
2026-04-14 00:31:47 |     → Instance 40/100
2026-04-14 00:31:47 |     → ShapleyFlow (Path Sampling): 80 edges, 2 sources
2026-04-14 00:31:47 |     → Sampling 100 paths/source × 50 trials
2026-04-14 00:31:47 |     → Trial 1/50 completed (~1019 evaluations)
2026-04-14 00:31:52 |     → Trial 10/50 completed (~1035 evaluations)
2026-04-14 00:31:57 |     → Trial 20/50 completed (~1002 evaluations)
2026-04-14 00:32:02 |     → Trial 30/50 completed (~984 evaluations)
2026-04-14 00:32:07 |     → Trial 40/50 completed (~1023 evaluations)
2026-04-14 00:32:12 |     → Trial 50/50 completed (~1021 evaluations)
2026-04-14 00:32:12 |     → Instance 41/100
2026-04-14 00:32:12 |     → ShapleyFlow (Path Sampling): 80 edges, 2 sources
2026-04-14 00:32:12 |     → Sampling 100 paths/source × 50 trials
2026-04-14 00:32:12 |     → Trial 1/50 completed (~1019 evaluations)
2026-04-14 00:32:17 |     → Trial 10/50 completed (~995 evaluations)
2026-04-14 00:32:22 |     → Trial 20/50 completed (~1021 evaluations)
2026-04-14 00:32:27 |     → Trial 30/50 completed (~1022 evaluations)
2026-04-14 00:32:32 |     → Trial 40/50 completed (~1016 evaluations)
2026-04-14 00:32:37 |     → Trial 50/50 completed (~1019 evaluations)
2026-04-14 00:32:37 |     → Instance 42/100
2026-04-14 00:32:37 |     → ShapleyFlow (Path Sampling): 80 edges, 2 sources
2026-04-14 00:32:37 |     → Sampling 100 paths/source × 50 trials
2026-04-14 00:32:37 |     → Trial 1/50 completed (~997 evaluations)
2026-04-14 00:32:42 |     → Trial 10/50 completed (~1038 evaluations)
2026-04-14 00:32:47 |     → Trial 20/50 completed (~999 evaluations)
2026-04-14 00:32:52 |     → Trial 30/50 completed (~1050 evaluations)
2026-04-14 00:32:57 |     → Trial 40/50 completed (~1053 evaluations)
2026-04-14 00:33:02 |     → Trial 50/50 completed (~996 evaluations)
2026-04-14 00:33:02 |     → Instance 43/100
2026-04-14 00:33:02 |     → ShapleyFlow (Path Sampling): 80 edges, 2 sources
2026-04-14 00:33:02 |     → Sampling 100 paths/source × 50 trials
2026-04-14 00:33:02 |     → Trial 1/50 completed (~955 evaluations)
2026-04-14 00:33:07 |     → Trial 10/50 completed (~994 evaluations)
2026-04-14 00:33:12 |     → Trial 20/50 completed (~997 evaluations)
2026-04-14 00:33:17 |     → Trial 30/50 completed (~1007 evaluations)
2026-04-14 00:33:22 |     → Trial 40/50 completed (~1030 evaluations)
2026-04-14 00:33:27 |     → Trial 50/50 completed (~1010 evaluations)
2026-04-14 00:33:27 |     → Instance 44/100
2026-04-14 00:33:27 |     → ShapleyFlow (Path Sampling): 80 edges, 2 sources
2026-04-14 00:33:27 |     → Sampling 100 paths/source × 50 trials
2026-04-14 00:33:27 |     → Trial 1/50 completed (~1014 evaluations)
2026-04-14 00:33:32 |     → Trial 10/50 completed (~1048 evaluations)
2026-04-14 00:33:37 |     → Trial 20/50 completed (~1019 evaluations)
2026-04-14 00:33:42 |     → Trial 30/50 completed (~1018 evaluations)
2026-04-14 00:33:47 |     → Trial 40/50 completed (~1001 evaluations)
2026-04-14 00:33:52 |     → Trial 50/50 completed (~1003 evaluations)
2026-04-14 00:33:52 |     → Instance 45/100
2026-04-14 00:33:52 |     → ShapleyFlow (Path Sampling): 80 edges, 2 sources
2026-04-14 00:33:52 |     → Sampling 100 paths/source × 50 trials
2026-04-14 00:33:52 |     → Trial 1/50 completed (~966 evaluations)
2026-04-14 00:33:57 |     → Trial 10/50 completed (~1000 evaluations)
2026-04-14 00:34:02 |     → Trial 20/50 completed (~1037 evaluations)
2026-04-14 00:34:07 |     → Trial 30/50 completed (~1007 evaluations)
2026-04-14 00:34:12 |     → Trial 40/50 completed (~1083 evaluations)
2026-04-14 00:34:17 |     → Trial 50/50 completed (~1044 evaluations)
2026-04-14 00:34:17 |     → Instance 46/100
2026-04-14 00:34:17 |     → ShapleyFlow (Path Sampling): 80 edges, 2 sources
2026-04-14 00:34:17 |     → Sampling 100 paths/source × 50 trials
2026-04-14 00:34:17 |     → Trial 1/50 completed (~1011 evaluations)
2026-04-14 00:34:22 |     → Trial 10/50 completed (~988 evaluations)
2026-04-14 00:34:27 |     → Trial 20/50 completed (~1017 evaluations)
2026-04-14 00:34:32 |     → Trial 30/50 completed (~1045 evaluations)
2026-04-14 00:34:37 |     → Trial 40/50 completed (~1004 evaluations)
2026-04-14 00:34:42 |     → Trial 50/50 completed (~1035 evaluations)
2026-04-14 00:34:42 |     → Instance 47/100
2026-04-14 00:34:42 |     → ShapleyFlow (Path Sampling): 80 edges, 2 sources
2026-04-14 00:34:42 |     → Sampling 100 paths/source × 50 trials
2026-04-14 00:34:42 |     → Trial 1/50 completed (~1019 evaluations)
2026-04-14 00:34:47 |     → Trial 10/50 completed (~1019 evaluations)
2026-04-14 00:34:52 |     → Trial 20/50 completed (~1008 evaluations)
2026-04-14 00:34:57 |     → Trial 30/50 completed (~1018 evaluations)
2026-04-14 00:35:02 |     → Trial 40/50 completed (~1022 evaluations)
2026-04-14 00:35:07 |     → Trial 50/50 completed (~1048 evaluations)
2026-04-14 00:35:07 |     → Instance 48/100
2026-04-14 00:35:07 |     → ShapleyFlow (Path Sampling): 80 edges, 2 sources
2026-04-14 00:35:07 |     → Sampling 100 paths/source × 50 trials
2026-04-14 00:35:07 |     → Trial 1/50 completed (~977 evaluations)
2026-04-14 00:35:12 |     → Trial 10/50 completed (~985 evaluations)
2026-04-14 00:35:17 |     → Trial 20/50 completed (~985 evaluations)
2026-04-14 00:35:22 |     → Trial 30/50 completed (~974 evaluations)
2026-04-14 00:35:27 |     → Trial 40/50 completed (~1045 evaluations)
2026-04-14 00:35:32 |     → Trial 50/50 completed (~979 evaluations)
2026-04-14 00:35:32 |     → Instance 49/100
2026-04-14 00:35:32 |     → ShapleyFlow (Path Sampling): 80 edges, 2 sources
2026-04-14 00:35:32 |     → Sampling 100 paths/source × 50 trials
2026-04-14 00:35:32 |     → Trial 1/50 completed (~1016 evaluations)
2026-04-14 00:35:37 |     → Trial 10/50 completed (~1014 evaluations)
2026-04-14 00:35:42 |     → Trial 20/50 completed (~1030 evaluations)
2026-04-14 00:35:47 |     → Trial 30/50 completed (~1006 evaluations)
2026-04-14 00:35:52 |     → Trial 40/50 completed (~1025 evaluations)
2026-04-14 00:35:57 |     → Trial 50/50 completed (~1018 evaluations)
2026-04-14 00:35:57 |     → Instance 50/100
2026-04-14 00:35:57 |     → ShapleyFlow (Path Sampling): 80 edges, 2 sources
2026-04-14 00:35:57 |     → Sampling 100 paths/source × 50 trials
2026-04-14 00:35:57 |     → Trial 1/50 completed (~997 evaluations)
2026-04-14 00:36:02 |     → Trial 10/50 completed (~1028 evaluations)
2026-04-14 00:36:07 |     → Trial 20/50 completed (~1014 evaluations)
2026-04-14 00:36:12 |     → Trial 30/50 completed (~1009 evaluations)
2026-04-14 00:36:17 |     → Trial 40/50 completed (~997 evaluations)
2026-04-14 00:36:22 |     → Trial 50/50 completed (~985 evaluations)
2026-04-14 00:36:22 |     → Instance 51/100
2026-04-14 00:36:22 |     → ShapleyFlow (Path Sampling): 80 edges, 2 sources
2026-04-14 00:36:22 |     → Sampling 100 paths/source × 50 trials
2026-04-14 00:36:22 |     → Trial 1/50 completed (~1012 evaluations)
2026-04-14 00:36:27 |     → Trial 10/50 completed (~1011 evaluations)
2026-04-14 00:36:32 |     → Trial 20/50 completed (~1039 evaluations)
2026-04-14 00:36:37 |     → Trial 30/50 completed (~1011 evaluations)
2026-04-14 00:36:42 |     → Trial 40/50 completed (~1044 evaluations)
2026-04-14 00:36:47 |     → Trial 50/50 completed (~992 evaluations)
2026-04-14 00:36:47 |     → Instance 52/100
2026-04-14 00:36:47 |     → ShapleyFlow (Path Sampling): 80 edges, 2 sources
2026-04-14 00:36:47 |     → Sampling 100 paths/source × 50 trials
2026-04-14 00:36:47 |     → Trial 1/50 completed (~995 evaluations)
2026-04-14 00:36:52 |     → Trial 10/50 completed (~987 evaluations)
2026-04-14 00:36:57 |     → Trial 20/50 completed (~1001 evaluations)
2026-04-14 00:37:02 |     → Trial 30/50 completed (~1009 evaluations)
2026-04-14 00:37:07 |     → Trial 40/50 completed (~1032 evaluations)
2026-04-14 00:37:12 |     → Trial 50/50 completed (~1028 evaluations)
2026-04-14 00:37:12 |     → Instance 53/100
2026-04-14 00:37:12 |     → ShapleyFlow (Path Sampling): 80 edges, 2 sources
2026-04-14 00:37:12 |     → Sampling 100 paths/source × 50 trials
2026-04-14 00:37:12 |     → Trial 1/50 completed (~977 evaluations)
2026-04-14 00:37:17 |     → Trial 10/50 completed (~1028 evaluations)
2026-04-14 00:37:22 |     → Trial 20/50 completed (~1002 evaluations)
2026-04-14 00:37:27 |     → Trial 30/50 completed (~1056 evaluations)
2026-04-14 00:37:32 |     → Trial 40/50 completed (~1000 evaluations)
2026-04-14 00:37:37 |     → Trial 50/50 completed (~1035 evaluations)
2026-04-14 00:37:37 |     → Instance 54/100
2026-04-14 00:37:37 |     → ShapleyFlow (Path Sampling): 80 edges, 2 sources
2026-04-14 00:37:37 |     → Sampling 100 paths/source × 50 trials
2026-04-14 00:37:37 |     → Trial 1/50 completed (~1018 evaluations)
2026-04-14 00:37:42 |     → Trial 10/50 completed (~1039 evaluations)
2026-04-14 00:37:47 |     → Trial 20/50 completed (~995 evaluations)
2026-04-14 00:37:52 |     → Trial 30/50 completed (~1024 evaluations)
2026-04-14 00:37:57 |     → Trial 40/50 completed (~975 evaluations)
2026-04-14 00:38:02 |     → Trial 50/50 completed (~1005 evaluations)
2026-04-14 00:38:02 |     → Instance 55/100
2026-04-14 00:38:02 |     → ShapleyFlow (Path Sampling): 80 edges, 2 sources
2026-04-14 00:38:02 |     → Sampling 100 paths/source × 50 trials
2026-04-14 00:38:02 |     → Trial 1/50 completed (~987 evaluations)
2026-04-14 00:38:07 |     → Trial 10/50 completed (~997 evaluations)
2026-04-14 00:38:12 |     → Trial 20/50 completed (~1020 evaluations)
2026-04-14 00:38:17 |     → Trial 30/50 completed (~1059 evaluations)
2026-04-14 00:38:22 |     → Trial 40/50 completed (~1015 evaluations)
2026-04-14 00:38:26 |     → Trial 50/50 completed (~987 evaluations)
2026-04-14 00:38:27 |     → Instance 56/100
2026-04-14 00:38:27 |     → ShapleyFlow (Path Sampling): 80 edges, 2 sources
2026-04-14 00:38:27 |     → Sampling 100 paths/source × 50 trials
2026-04-14 00:38:27 |     → Trial 1/50 completed (~1035 evaluations)
2026-04-14 00:38:31 |     → Trial 10/50 completed (~995 evaluations)
2026-04-14 00:38:36 |     → Trial 20/50 completed (~1047 evaluations)
2026-04-14 00:38:41 |     → Trial 30/50 completed (~982 evaluations)
2026-04-14 00:38:46 |     → Trial 40/50 completed (~1014 evaluations)
2026-04-14 00:38:51 |     → Trial 50/50 completed (~1019 evaluations)
2026-04-14 00:38:51 |     → Instance 57/100
2026-04-14 00:38:51 |     → ShapleyFlow (Path Sampling): 80 edges, 2 sources
2026-04-14 00:38:51 |     → Sampling 100 paths/source × 50 trials
2026-04-14 00:38:52 |     → Trial 1/50 completed (~1014 evaluations)
2026-04-14 00:38:56 |     → Trial 10/50 completed (~1034 evaluations)
2026-04-14 00:39:01 |     → Trial 20/50 completed (~979 evaluations)
2026-04-14 00:39:06 |     → Trial 30/50 completed (~1000 evaluations)
2026-04-14 00:39:11 |     → Trial 40/50 completed (~1024 evaluations)
2026-04-14 00:39:16 |     → Trial 50/50 completed (~999 evaluations)
2026-04-14 00:39:16 |     → Instance 58/100
2026-04-14 00:39:16 |     → ShapleyFlow (Path Sampling): 80 edges, 2 sources
2026-04-14 00:39:16 |     → Sampling 100 paths/source × 50 trials
2026-04-14 00:39:17 |     → Trial 1/50 completed (~981 evaluations)
2026-04-14 00:39:21 |     → Trial 10/50 completed (~1002 evaluations)
2026-04-14 00:39:26 |     → Trial 20/50 completed (~988 evaluations)
2026-04-14 00:39:31 |     → Trial 30/50 completed (~986 evaluations)
2026-04-14 00:39:36 |     → Trial 40/50 completed (~1035 evaluations)
2026-04-14 00:39:41 |     → Trial 50/50 completed (~1010 evaluations)
2026-04-14 00:39:41 |     → Instance 59/100
2026-04-14 00:39:41 |     → ShapleyFlow (Path Sampling): 80 edges, 2 sources
2026-04-14 00:39:41 |     → Sampling 100 paths/source × 50 trials
2026-04-14 00:39:42 |     → Trial 1/50 completed (~1024 evaluations)
2026-04-14 00:39:46 |     → Trial 10/50 completed (~1000 evaluations)
2026-04-14 00:39:51 |     → Trial 20/50 completed (~1036 evaluations)
2026-04-14 00:39:56 |     → Trial 30/50 completed (~959 evaluations)
2026-04-14 00:40:01 |     → Trial 40/50 completed (~1064 evaluations)
2026-04-14 00:40:06 |     → Trial 50/50 completed (~1036 evaluations)
2026-04-14 00:40:06 |     → Instance 60/100
2026-04-14 00:40:06 |     → ShapleyFlow (Path Sampling): 80 edges, 2 sources
2026-04-14 00:40:06 |     → Sampling 100 paths/source × 50 trials
2026-04-14 00:40:06 |     → Trial 1/50 completed (~1001 evaluations)
2026-04-14 00:40:11 |     → Trial 10/50 completed (~1040 evaluations)
2026-04-14 00:40:16 |     → Trial 20/50 completed (~1004 evaluations)
2026-04-14 00:40:21 |     → Trial 30/50 completed (~999 evaluations)
2026-04-14 00:40:26 |     → Trial 40/50 completed (~1012 evaluations)
2026-04-14 00:40:31 |     → Trial 50/50 completed (~985 evaluations)
2026-04-14 00:40:31 |     → Instance 61/100
2026-04-14 00:40:31 |     → ShapleyFlow (Path Sampling): 80 edges, 2 sources
2026-04-14 00:40:31 |     → Sampling 100 paths/source × 50 trials
2026-04-14 00:40:31 |     → Trial 1/50 completed (~981 evaluations)
2026-04-14 00:40:36 |     → Trial 10/50 completed (~1004 evaluations)
2026-04-14 00:40:41 |     → Trial 20/50 completed (~1029 evaluations)
2026-04-14 00:40:46 |     → Trial 30/50 completed (~988 evaluations)
2026-04-14 00:40:51 |     → Trial 40/50 completed (~1007 evaluations)
2026-04-14 00:40:56 |     → Trial 50/50 completed (~993 evaluations)
2026-04-14 00:40:56 |     → Instance 62/100
2026-04-14 00:40:56 |     → ShapleyFlow (Path Sampling): 80 edges, 2 sources
2026-04-14 00:40:56 |     → Sampling 100 paths/source × 50 trials
2026-04-14 00:40:56 |     → Trial 1/50 completed (~1002 evaluations)
2026-04-14 00:41:01 |     → Trial 10/50 completed (~1007 evaluations)
2026-04-14 00:41:06 |     → Trial 20/50 completed (~1019 evaluations)
2026-04-14 00:41:11 |     → Trial 30/50 completed (~1035 evaluations)
2026-04-14 00:41:16 |     → Trial 40/50 completed (~1019 evaluations)
2026-04-14 00:41:21 |     → Trial 50/50 completed (~1026 evaluations)
2026-04-14 00:41:21 |     → Instance 63/100
2026-04-14 00:41:21 |     → ShapleyFlow (Path Sampling): 80 edges, 2 sources
2026-04-14 00:41:21 |     → Sampling 100 paths/source × 50 trials
2026-04-14 00:41:21 |     → Trial 1/50 completed (~1006 evaluations)
2026-04-14 00:41:26 |     → Trial 10/50 completed (~1057 evaluations)
2026-04-14 00:41:31 |     → Trial 20/50 completed (~1034 evaluations)
2026-04-14 00:41:36 |     → Trial 30/50 completed (~990 evaluations)
2026-04-14 00:41:41 |     → Trial 40/50 completed (~1052 evaluations)
2026-04-14 00:41:46 |     → Trial 50/50 completed (~1024 evaluations)
2026-04-14 00:41:46 |     → Instance 64/100
2026-04-14 00:41:46 |     → ShapleyFlow (Path Sampling): 80 edges, 2 sources
2026-04-14 00:41:46 |     → Sampling 100 paths/source × 50 trials
2026-04-14 00:41:46 |     → Trial 1/50 completed (~992 evaluations)
2026-04-14 00:41:51 |     → Trial 10/50 completed (~1007 evaluations)
2026-04-14 00:41:56 |     → Trial 20/50 completed (~995 evaluations)
2026-04-14 00:42:01 |     → Trial 30/50 completed (~1017 evaluations)
2026-04-14 00:42:06 |     → Trial 40/50 completed (~1022 evaluations)
2026-04-14 00:42:11 |     → Trial 50/50 completed (~1007 evaluations)
2026-04-14 00:42:11 |     → Instance 65/100
2026-04-14 00:42:11 |     → ShapleyFlow (Path Sampling): 80 edges, 2 sources
2026-04-14 00:42:11 |     → Sampling 100 paths/source × 50 trials
2026-04-14 00:42:11 |     → Trial 1/50 completed (~1020 evaluations)
2026-04-14 00:42:16 |     → Trial 10/50 completed (~1054 evaluations)
2026-04-14 00:42:21 |     → Trial 20/50 completed (~974 evaluations)
2026-04-14 00:42:25 |     → Trial 30/50 completed (~995 evaluations)
2026-04-14 00:42:30 |     → Trial 40/50 completed (~1026 evaluations)
2026-04-14 00:42:35 |     → Trial 50/50 completed (~1020 evaluations)
2026-04-14 00:42:36 |     → Instance 66/100
2026-04-14 00:42:36 |     → ShapleyFlow (Path Sampling): 80 edges, 2 sources
2026-04-14 00:42:36 |     → Sampling 100 paths/source × 50 trials
2026-04-14 00:42:36 |     → Trial 1/50 completed (~1031 evaluations)
2026-04-14 00:42:41 |     → Trial 10/50 completed (~1007 evaluations)
2026-04-14 00:42:45 |     → Trial 20/50 completed (~1036 evaluations)
2026-04-14 00:42:50 |     → Trial 30/50 completed (~1005 evaluations)
2026-04-14 00:42:55 |     → Trial 40/50 completed (~1031 evaluations)
2026-04-14 00:43:00 |     → Trial 50/50 completed (~1030 evaluations)
2026-04-14 00:43:00 |     → Instance 67/100
2026-04-14 00:43:00 |     → ShapleyFlow (Path Sampling): 80 edges, 2 sources
2026-04-14 00:43:00 |     → Sampling 100 paths/source × 50 trials
2026-04-14 00:43:01 |     → Trial 1/50 completed (~1006 evaluations)
2026-04-14 00:43:05 |     → Trial 10/50 completed (~1029 evaluations)
2026-04-14 00:43:10 |     → Trial 20/50 completed (~998 evaluations)
2026-04-14 00:43:15 |     → Trial 30/50 completed (~1051 evaluations)
2026-04-14 00:43:20 |     → Trial 40/50 completed (~1040 evaluations)
2026-04-14 00:43:25 |     → Trial 50/50 completed (~1000 evaluations)
2026-04-14 00:43:25 |     → Instance 68/100
2026-04-14 00:43:25 |     → ShapleyFlow (Path Sampling): 80 edges, 2 sources
2026-04-14 00:43:25 |     → Sampling 100 paths/source × 50 trials
2026-04-14 00:43:26 |     → Trial 1/50 completed (~1014 evaluations)
2026-04-14 00:43:30 |     → Trial 10/50 completed (~1029 evaluations)
2026-04-14 00:43:35 |     → Trial 20/50 completed (~1022 evaluations)
2026-04-14 00:43:40 |     → Trial 30/50 completed (~1030 evaluations)
2026-04-14 00:43:45 |     → Trial 40/50 completed (~1049 evaluations)
2026-04-14 00:43:50 |     → Trial 50/50 completed (~1021 evaluations)
2026-04-14 00:43:50 |     → Instance 69/100
2026-04-14 00:43:50 |     → ShapleyFlow (Path Sampling): 80 edges, 2 sources
2026-04-14 00:43:50 |     → Sampling 100 paths/source × 50 trials
2026-04-14 00:43:51 |     → Trial 1/50 completed (~999 evaluations)
2026-04-14 00:43:55 |     → Trial 10/50 completed (~1026 evaluations)
2026-04-14 00:44:00 |     → Trial 20/50 completed (~1028 evaluations)
2026-04-14 00:44:05 |     → Trial 30/50 completed (~1028 evaluations)
2026-04-14 00:44:10 |     → Trial 40/50 completed (~1053 evaluations)
2026-04-14 00:44:15 |     → Trial 50/50 completed (~1025 evaluations)
2026-04-14 00:44:15 |     → Instance 70/100
2026-04-14 00:44:15 |     → ShapleyFlow (Path Sampling): 80 edges, 2 sources
2026-04-14 00:44:15 |     → Sampling 100 paths/source × 50 trials
2026-04-14 00:44:16 |     → Trial 1/50 completed (~1026 evaluations)
2026-04-14 00:44:20 |     → Trial 10/50 completed (~1018 evaluations)
2026-04-14 00:44:25 |     → Trial 20/50 completed (~1041 evaluations)
2026-04-14 00:44:30 |     → Trial 30/50 completed (~1028 evaluations)
2026-04-14 00:44:35 |     → Trial 40/50 completed (~1007 evaluations)
2026-04-14 00:44:40 |     → Trial 50/50 completed (~1016 evaluations)
2026-04-14 00:44:40 |     → Instance 71/100
2026-04-14 00:44:40 |     → ShapleyFlow (Path Sampling): 80 edges, 2 sources
2026-04-14 00:44:40 |     → Sampling 100 paths/source × 50 trials
2026-04-14 00:44:41 |     → Trial 1/50 completed (~1009 evaluations)
2026-04-14 00:44:45 |     → Trial 10/50 completed (~993 evaluations)
2026-04-14 00:44:50 |     → Trial 20/50 completed (~1048 evaluations)
2026-04-14 00:44:55 |     → Trial 30/50 completed (~1042 evaluations)
2026-04-14 00:45:00 |     → Trial 40/50 completed (~1058 evaluations)
2026-04-14 00:45:05 |     → Trial 50/50 completed (~1024 evaluations)
2026-04-14 00:45:05 |     → Instance 72/100
2026-04-14 00:45:05 |     → ShapleyFlow (Path Sampling): 80 edges, 2 sources
2026-04-14 00:45:05 |     → Sampling 100 paths/source × 50 trials
2026-04-14 00:45:06 |     → Trial 1/50 completed (~1032 evaluations)
2026-04-14 00:45:10 |     → Trial 10/50 completed (~1023 evaluations)
2026-04-14 00:45:15 |     → Trial 20/50 completed (~996 evaluations)
2026-04-14 00:45:20 |     → Trial 30/50 completed (~1054 evaluations)
2026-04-14 00:45:25 |     → Trial 40/50 completed (~1021 evaluations)
2026-04-14 00:45:30 |     → Trial 50/50 completed (~993 evaluations)
2026-04-14 00:45:30 |     → Instance 73/100
2026-04-14 00:45:30 |     → ShapleyFlow (Path Sampling): 80 edges, 2 sources
2026-04-14 00:45:30 |     → Sampling 100 paths/source × 50 trials
2026-04-14 00:45:31 |     → Trial 1/50 completed (~1016 evaluations)
2026-04-14 00:45:35 |     → Trial 10/50 completed (~1013 evaluations)
2026-04-14 00:45:40 |     → Trial 20/50 completed (~1015 evaluations)
2026-04-14 00:45:45 |     → Trial 30/50 completed (~997 evaluations)
2026-04-14 00:45:50 |     → Trial 40/50 completed (~1033 evaluations)
2026-04-14 00:45:55 |     → Trial 50/50 completed (~1004 evaluations)
2026-04-14 00:45:55 |     → Instance 74/100
2026-04-14 00:45:55 |     → ShapleyFlow (Path Sampling): 80 edges, 2 sources
2026-04-14 00:45:55 |     → Sampling 100 paths/source × 50 trials
2026-04-14 00:45:56 |     → Trial 1/50 completed (~996 evaluations)
2026-04-14 00:46:00 |     → Trial 10/50 completed (~1016 evaluations)
2026-04-14 00:46:05 |     → Trial 20/50 completed (~1024 evaluations)
2026-04-14 00:46:10 |     → Trial 30/50 completed (~1010 evaluations)
2026-04-14 00:46:15 |     → Trial 40/50 completed (~985 evaluations)
2026-04-14 00:46:20 |     → Trial 50/50 completed (~1047 evaluations)
2026-04-14 00:46:20 |     → Instance 75/100
2026-04-14 00:46:20 |     → ShapleyFlow (Path Sampling): 80 edges, 2 sources
2026-04-14 00:46:20 |     → Sampling 100 paths/source × 50 trials
2026-04-14 00:46:20 |     → Trial 1/50 completed (~1009 evaluations)
2026-04-14 00:46:25 |     → Trial 10/50 completed (~1003 evaluations)
2026-04-14 00:46:30 |     → Trial 20/50 completed (~1016 evaluations)
2026-04-14 00:46:35 |     → Trial 30/50 completed (~1008 evaluations)
2026-04-14 00:46:40 |     → Trial 40/50 completed (~1027 evaluations)
2026-04-14 00:46:45 |     → Trial 50/50 completed (~995 evaluations)
2026-04-14 00:46:45 |     → Instance 76/100
2026-04-14 00:46:45 |     → ShapleyFlow (Path Sampling): 80 edges, 2 sources
2026-04-14 00:46:45 |     → Sampling 100 paths/source × 50 trials
2026-04-14 00:46:45 |     → Trial 1/50 completed (~1033 evaluations)
2026-04-14 00:46:50 |     → Trial 10/50 completed (~999 evaluations)
2026-04-14 00:46:55 |     → Trial 20/50 completed (~1005 evaluations)
2026-04-14 00:47:00 |     → Trial 30/50 completed (~995 evaluations)
2026-04-14 00:47:05 |     → Trial 40/50 completed (~1013 evaluations)
2026-04-14 00:47:10 |     → Trial 50/50 completed (~978 evaluations)
2026-04-14 00:47:10 |     → Instance 77/100
2026-04-14 00:47:10 |     → ShapleyFlow (Path Sampling): 80 edges, 2 sources
2026-04-14 00:47:10 |     → Sampling 100 paths/source × 50 trials
2026-04-14 00:47:10 |     → Trial 1/50 completed (~1008 evaluations)
2026-04-14 00:47:15 |     → Trial 10/50 completed (~1014 evaluations)
2026-04-14 00:47:20 |     → Trial 20/50 completed (~1038 evaluations)
2026-04-14 00:47:25 |     → Trial 30/50 completed (~1014 evaluations)
2026-04-14 00:47:30 |     → Trial 40/50 completed (~1071 evaluations)
2026-04-14 00:47:35 |     → Trial 50/50 completed (~1009 evaluations)
2026-04-14 00:47:35 |     → Instance 78/100
2026-04-14 00:47:35 |     → ShapleyFlow (Path Sampling): 80 edges, 2 sources
2026-04-14 00:47:35 |     → Sampling 100 paths/source × 50 trials
2026-04-14 00:47:35 |     → Trial 1/50 completed (~988 evaluations)
2026-04-14 00:47:40 |     → Trial 10/50 completed (~1018 evaluations)
2026-04-14 00:47:45 |     → Trial 20/50 completed (~1021 evaluations)
2026-04-14 00:47:50 |     → Trial 30/50 completed (~1027 evaluations)
2026-04-14 00:47:55 |     → Trial 40/50 completed (~1035 evaluations)
2026-04-14 00:48:00 |     → Trial 50/50 completed (~1027 evaluations)
2026-04-14 00:48:00 |     → Instance 79/100
2026-04-14 00:48:00 |     → ShapleyFlow (Path Sampling): 80 edges, 2 sources
2026-04-14 00:48:00 |     → Sampling 100 paths/source × 50 trials
2026-04-14 00:48:00 |     → Trial 1/50 completed (~997 evaluations)
2026-04-14 00:48:05 |     → Trial 10/50 completed (~1009 evaluations)
2026-04-14 00:48:10 |     → Trial 20/50 completed (~1011 evaluations)
2026-04-14 00:48:15 |     → Trial 30/50 completed (~990 evaluations)
2026-04-14 00:48:20 |     → Trial 40/50 completed (~1011 evaluations)
2026-04-14 00:48:25 |     → Trial 50/50 completed (~1018 evaluations)
2026-04-14 00:48:25 |     → Instance 80/100
2026-04-14 00:48:25 |     → ShapleyFlow (Path Sampling): 80 edges, 2 sources
2026-04-14 00:48:25 |     → Sampling 100 paths/source × 50 trials
2026-04-14 00:48:25 |     → Trial 1/50 completed (~1003 evaluations)
2026-04-14 00:48:30 |     → Trial 10/50 completed (~968 evaluations)
2026-04-14 00:48:35 |     → Trial 20/50 completed (~998 evaluations)
2026-04-14 00:48:40 |     → Trial 30/50 completed (~1013 evaluations)
2026-04-14 00:48:45 |     → Trial 40/50 completed (~1016 evaluations)
2026-04-14 00:48:50 |     → Trial 50/50 completed (~1013 evaluations)
2026-04-14 00:48:50 |     → Instance 81/100
2026-04-14 00:48:50 |     → ShapleyFlow (Path Sampling): 80 edges, 2 sources
2026-04-14 00:48:50 |     → Sampling 100 paths/source × 50 trials
2026-04-14 00:48:50 |     → Trial 1/50 completed (~997 evaluations)
2026-04-14 00:48:55 |     → Trial 10/50 completed (~997 evaluations)
2026-04-14 00:48:59 |     → Trial 20/50 completed (~1009 evaluations)
2026-04-14 00:49:04 |     → Trial 30/50 completed (~1038 evaluations)
2026-04-14 00:49:09 |     → Trial 40/50 completed (~986 evaluations)
2026-04-14 00:49:14 |     → Trial 50/50 completed (~1045 evaluations)
2026-04-14 00:49:14 |     → Instance 82/100
2026-04-14 00:49:14 |     → ShapleyFlow (Path Sampling): 80 edges, 2 sources
2026-04-14 00:49:14 |     → Sampling 100 paths/source × 50 trials
2026-04-14 00:49:15 |     → Trial 1/50 completed (~1009 evaluations)
2026-04-14 00:49:19 |     → Trial 10/50 completed (~1015 evaluations)
2026-04-14 00:49:24 |     → Trial 20/50 completed (~1012 evaluations)
2026-04-14 00:49:29 |     → Trial 30/50 completed (~1042 evaluations)
2026-04-14 00:49:34 |     → Trial 40/50 completed (~1049 evaluations)
2026-04-14 00:49:40 |     → Trial 50/50 completed (~1004 evaluations)
2026-04-14 00:49:40 |     → Instance 83/100
2026-04-14 00:49:40 |     → ShapleyFlow (Path Sampling): 80 edges, 2 sources
2026-04-14 00:49:40 |     → Sampling 100 paths/source × 50 trials
2026-04-14 00:49:40 |     → Trial 1/50 completed (~1017 evaluations)
2026-04-14 00:49:45 |     → Trial 10/50 completed (~1026 evaluations)
2026-04-14 00:49:49 |     → Trial 20/50 completed (~993 evaluations)
2026-04-14 00:49:54 |     → Trial 30/50 completed (~1026 evaluations)
2026-04-14 00:49:59 |     → Trial 40/50 completed (~1021 evaluations)
2026-04-14 00:50:04 |     → Trial 50/50 completed (~1002 evaluations)
2026-04-14 00:50:04 |     → Instance 84/100
2026-04-14 00:50:04 |     → ShapleyFlow (Path Sampling): 80 edges, 2 sources
2026-04-14 00:50:04 |     → Sampling 100 paths/source × 50 trials
2026-04-14 00:50:05 |     → Trial 1/50 completed (~1029 evaluations)
2026-04-14 00:50:09 |     → Trial 10/50 completed (~1048 evaluations)
2026-04-14 00:50:14 |     → Trial 20/50 completed (~1027 evaluations)
2026-04-14 00:50:19 |     → Trial 30/50 completed (~1031 evaluations)
2026-04-14 00:50:24 |     → Trial 40/50 completed (~1036 evaluations)
2026-04-14 00:50:29 |     → Trial 50/50 completed (~1018 evaluations)
2026-04-14 00:50:29 |     → Instance 85/100
2026-04-14 00:50:29 |     → ShapleyFlow (Path Sampling): 80 edges, 2 sources
2026-04-14 00:50:29 |     → Sampling 100 paths/source × 50 trials
2026-04-14 00:50:30 |     → Trial 1/50 completed (~1024 evaluations)
2026-04-14 00:50:34 |     → Trial 10/50 completed (~1041 evaluations)
2026-04-14 00:50:39 |     → Trial 20/50 completed (~1016 evaluations)
2026-04-14 00:50:44 |     → Trial 30/50 completed (~1017 evaluations)
2026-04-14 00:50:49 |     → Trial 40/50 completed (~985 evaluations)
2026-04-14 00:50:54 |     → Trial 50/50 completed (~1022 evaluations)
2026-04-14 00:50:54 |     → Instance 86/100
2026-04-14 00:50:54 |     → ShapleyFlow (Path Sampling): 80 edges, 2 sources
2026-04-14 00:50:54 |     → Sampling 100 paths/source × 50 trials
2026-04-14 00:50:55 |     → Trial 1/50 completed (~1029 evaluations)
2026-04-14 00:50:59 |     → Trial 10/50 completed (~1050 evaluations)
2026-04-14 00:51:04 |     → Trial 20/50 completed (~1015 evaluations)
2026-04-14 00:51:09 |     → Trial 30/50 completed (~1035 evaluations)
2026-04-14 00:51:14 |     → Trial 40/50 completed (~988 evaluations)
2026-04-14 00:51:19 |     → Trial 50/50 completed (~1012 evaluations)
2026-04-14 00:51:19 |     → Instance 87/100
2026-04-14 00:51:19 |     → ShapleyFlow (Path Sampling): 80 edges, 2 sources
2026-04-14 00:51:19 |     → Sampling 100 paths/source × 50 trials
2026-04-14 00:51:19 |     → Trial 1/50 completed (~1036 evaluations)
2026-04-14 00:51:24 |     → Trial 10/50 completed (~1034 evaluations)
2026-04-14 00:51:29 |     → Trial 20/50 completed (~1012 evaluations)
2026-04-14 00:51:34 |     → Trial 30/50 completed (~994 evaluations)
2026-04-14 00:51:39 |     → Trial 40/50 completed (~1028 evaluations)
2026-04-14 00:51:44 |     → Trial 50/50 completed (~986 evaluations)
2026-04-14 00:51:44 |     → Instance 88/100
2026-04-14 00:51:44 |     → ShapleyFlow (Path Sampling): 80 edges, 2 sources
2026-04-14 00:51:44 |     → Sampling 100 paths/source × 50 trials
2026-04-14 00:51:44 |     → Trial 1/50 completed (~980 evaluations)
2026-04-14 00:51:49 |     → Trial 10/50 completed (~1024 evaluations)
2026-04-14 00:51:54 |     → Trial 20/50 completed (~1008 evaluations)
2026-04-14 00:51:59 |     → Trial 30/50 completed (~1012 evaluations)
2026-04-14 00:52:04 |     → Trial 40/50 completed (~1024 evaluations)
2026-04-14 00:52:09 |     → Trial 50/50 completed (~1059 evaluations)
2026-04-14 00:52:09 |     → Instance 89/100
2026-04-14 00:52:09 |     → ShapleyFlow (Path Sampling): 80 edges, 2 sources
2026-04-14 00:52:09 |     → Sampling 100 paths/source × 50 trials
2026-04-14 00:52:09 |     → Trial 1/50 completed (~1016 evaluations)
2026-04-14 00:52:14 |     → Trial 10/50 completed (~1034 evaluations)
2026-04-14 00:52:19 |     → Trial 20/50 completed (~1003 evaluations)
2026-04-14 00:52:24 |     → Trial 30/50 completed (~991 evaluations)
2026-04-14 00:52:29 |     → Trial 40/50 completed (~1010 evaluations)
2026-04-14 00:52:34 |     → Trial 50/50 completed (~1008 evaluations)
2026-04-14 00:52:34 |     → Instance 90/100
2026-04-14 00:52:34 |     → ShapleyFlow (Path Sampling): 80 edges, 2 sources
2026-04-14 00:52:34 |     → Sampling 100 paths/source × 50 trials
2026-04-14 00:52:34 |     → Trial 1/50 completed (~1006 evaluations)
2026-04-14 00:52:39 |     → Trial 10/50 completed (~994 evaluations)
2026-04-14 00:52:44 |     → Trial 20/50 completed (~1028 evaluations)
2026-04-14 00:52:49 |     → Trial 30/50 completed (~1018 evaluations)
2026-04-14 00:52:54 |     → Trial 40/50 completed (~1025 evaluations)
2026-04-14 00:52:59 |     → Trial 50/50 completed (~986 evaluations)
2026-04-14 00:52:59 |     → Instance 91/100
2026-04-14 00:52:59 |     → ShapleyFlow (Path Sampling): 80 edges, 2 sources
2026-04-14 00:52:59 |     → Sampling 100 paths/source × 50 trials
2026-04-14 00:52:59 |     → Trial 1/50 completed (~1018 evaluations)
2026-04-14 00:53:04 |     → Trial 10/50 completed (~1028 evaluations)
2026-04-14 00:53:09 |     → Trial 20/50 completed (~997 evaluations)
2026-04-14 00:53:14 |     → Trial 30/50 completed (~1000 evaluations)
2026-04-14 00:53:19 |     → Trial 40/50 completed (~996 evaluations)
2026-04-14 00:53:24 |     → Trial 50/50 completed (~1021 evaluations)
2026-04-14 00:53:24 |     → Instance 92/100
2026-04-14 00:53:24 |     → ShapleyFlow (Path Sampling): 80 edges, 2 sources
2026-04-14 00:53:24 |     → Sampling 100 paths/source × 50 trials
2026-04-14 00:53:24 |     → Trial 1/50 completed (~1034 evaluations)
2026-04-14 00:53:29 |     → Trial 10/50 completed (~1006 evaluations)
2026-04-14 00:53:34 |     → Trial 20/50 completed (~966 evaluations)
2026-04-14 00:53:39 |     → Trial 30/50 completed (~1023 evaluations)
2026-04-14 00:53:44 |     → Trial 40/50 completed (~1033 evaluations)
2026-04-14 00:53:48 |     → Trial 50/50 completed (~998 evaluations)
2026-04-14 00:53:49 |     → Instance 93/100
2026-04-14 00:53:49 |     → ShapleyFlow (Path Sampling): 80 edges, 2 sources
2026-04-14 00:53:49 |     → Sampling 100 paths/source × 50 trials
2026-04-14 00:53:49 |     → Trial 1/50 completed (~990 evaluations)
2026-04-14 00:53:53 |     → Trial 10/50 completed (~1004 evaluations)
2026-04-14 00:53:58 |     → Trial 20/50 completed (~1027 evaluations)
2026-04-14 00:54:03 |     → Trial 30/50 completed (~994 evaluations)
2026-04-14 00:54:08 |     → Trial 40/50 completed (~1045 evaluations)
2026-04-14 00:54:13 |     → Trial 50/50 completed (~1041 evaluations)
2026-04-14 00:54:13 |     → Instance 94/100
2026-04-14 00:54:13 |     → ShapleyFlow (Path Sampling): 80 edges, 2 sources
2026-04-14 00:54:13 |     → Sampling 100 paths/source × 50 trials
2026-04-14 00:54:14 |     → Trial 1/50 completed (~1008 evaluations)
2026-04-14 00:54:18 |     → Trial 10/50 completed (~1012 evaluations)
2026-04-14 00:54:23 |     → Trial 20/50 completed (~1008 evaluations)
2026-04-14 00:54:28 |     → Trial 30/50 completed (~1019 evaluations)
2026-04-14 00:54:33 |     → Trial 40/50 completed (~1005 evaluations)
2026-04-14 00:54:38 |     → Trial 50/50 completed (~1015 evaluations)
2026-04-14 00:54:38 |     → Instance 95/100
2026-04-14 00:54:38 |     → ShapleyFlow (Path Sampling): 80 edges, 2 sources
2026-04-14 00:54:38 |     → Sampling 100 paths/source × 50 trials
2026-04-14 00:54:39 |     → Trial 1/50 completed (~1008 evaluations)
2026-04-14 00:54:43 |     → Trial 10/50 completed (~981 evaluations)
2026-04-14 00:54:48 |     → Trial 20/50 completed (~1013 evaluations)
2026-04-14 00:54:53 |     → Trial 30/50 completed (~1008 evaluations)
2026-04-14 00:54:58 |     → Trial 40/50 completed (~994 evaluations)
2026-04-14 00:55:03 |     → Trial 50/50 completed (~1008 evaluations)
2026-04-14 00:55:03 |     → Instance 96/100
2026-04-14 00:55:03 |     → ShapleyFlow (Path Sampling): 80 edges, 2 sources
2026-04-14 00:55:03 |     → Sampling 100 paths/source × 50 trials
2026-04-14 00:55:04 |     → Trial 1/50 completed (~1041 evaluations)
2026-04-14 00:55:08 |     → Trial 10/50 completed (~1055 evaluations)
2026-04-14 00:55:13 |     → Trial 20/50 completed (~1024 evaluations)
2026-04-14 00:55:18 |     → Trial 30/50 completed (~1023 evaluations)
2026-04-14 00:55:23 |     → Trial 40/50 completed (~998 evaluations)
2026-04-14 00:55:28 |     → Trial 50/50 completed (~990 evaluations)
2026-04-14 00:55:28 |     → Instance 97/100
2026-04-14 00:55:28 |     → ShapleyFlow (Path Sampling): 80 edges, 2 sources
2026-04-14 00:55:28 |     → Sampling 100 paths/source × 50 trials
2026-04-14 00:55:28 |     → Trial 1/50 completed (~981 evaluations)
2026-04-14 00:55:33 |     → Trial 10/50 completed (~1005 evaluations)
2026-04-14 00:55:38 |     → Trial 20/50 completed (~1050 evaluations)
2026-04-14 00:55:43 |     → Trial 30/50 completed (~1009 evaluations)
2026-04-14 00:55:48 |     → Trial 40/50 completed (~1030 evaluations)
2026-04-14 00:55:53 |     → Trial 50/50 completed (~1008 evaluations)
2026-04-14 00:55:53 |     → Instance 98/100
2026-04-14 00:55:53 |     → ShapleyFlow (Path Sampling): 80 edges, 2 sources
2026-04-14 00:55:53 |     → Sampling 100 paths/source × 50 trials
2026-04-14 00:55:53 |     → Trial 1/50 completed (~998 evaluations)
2026-04-14 00:55:58 |     → Trial 10/50 completed (~990 evaluations)
2026-04-14 00:56:03 |     → Trial 20/50 completed (~1022 evaluations)
2026-04-14 00:56:08 |     → Trial 30/50 completed (~1041 evaluations)
2026-04-14 00:56:13 |     → Trial 40/50 completed (~1008 evaluations)
2026-04-14 00:56:18 |     → Trial 50/50 completed (~1045 evaluations)
2026-04-14 00:56:18 |     → Instance 99/100
2026-04-14 00:56:18 |     → ShapleyFlow (Path Sampling): 80 edges, 2 sources
2026-04-14 00:56:18 |     → Sampling 100 paths/source × 50 trials
2026-04-14 00:56:18 |     → Trial 1/50 completed (~999 evaluations)
2026-04-14 00:56:23 |     → Trial 10/50 completed (~979 evaluations)
2026-04-14 00:56:28 |     → Trial 20/50 completed (~1007 evaluations)
2026-04-14 00:56:33 |     → Trial 30/50 completed (~1068 evaluations)
2026-04-14 00:56:38 |     → Trial 40/50 completed (~1007 evaluations)
2026-04-14 00:56:42 |     → Trial 50/50 completed (~971 evaluations)
2026-04-14 00:56:43 |     → Instance 100/100
2026-04-14 00:56:43 |     → ShapleyFlow (Path Sampling): 80 edges, 2 sources
2026-04-14 00:56:43 |     → Sampling 100 paths/source × 50 trials
2026-04-14 00:56:43 |     → Trial 1/50 completed (~986 evaluations)
2026-04-14 00:56:47 |     → Trial 10/50 completed (~993 evaluations)
2026-04-14 00:56:52 |     → Trial 20/50 completed (~1018 evaluations)
2026-04-14 00:56:57 |     → Trial 30/50 completed (~997 evaluations)
2026-04-14 00:57:02 |     → Trial 40/50 completed (~1039 evaluations)
2026-04-14 00:57:07 |     → Trial 50/50 completed (~1020 evaluations)
2026-04-14 00:57:07 |     → All instances completed
2026-04-14 00:57:07 |   [Progress: 5/7] LGBM + LINGAM - AsymmetricShapley
2026-04-14 00:57:07 |  Calculating asymmetric SHAP values using Frye method
2026-04-14 00:59:15 |   [Progress: 6/7] LGBM + LINGAM - CausalShapley (SLOW - uses 10 inner samples)
2026-04-14 01:23:26 |   [Progress: 7/7] LGBM + LINGAM - ShapleyFlow
2026-04-14 01:23:26 |     → ShapleyFlowWrapper: 51 features, 238 edges, 5 sources
2026-04-14 01:23:26 |     → Computing Shapley Flow for 100 instances...
2026-04-14 01:23:26 |     → Instance 1/100
2026-04-14 01:23:26 |     → ShapleyFlow (Path Sampling): 238 edges, 5 sources
2026-04-14 01:23:26 |     → Sampling 100 paths/source × 50 trials
2026-04-14 01:23:28 |     → Trial 1/50 completed (~2890 evaluations)
2026-04-14 01:23:41 |     → Trial 10/50 completed (~2996 evaluations)
2026-04-14 01:23:56 |     → Trial 20/50 completed (~3016 evaluations)
2026-04-14 01:24:10 |     → Trial 30/50 completed (~2971 evaluations)
2026-04-14 01:24:25 |     → Trial 40/50 completed (~3005 evaluations)
2026-04-14 01:24:39 |     → Trial 50/50 completed (~2875 evaluations)
2026-04-14 01:24:40 |     → Instance 2/100
2026-04-14 01:24:40 |     → ShapleyFlow (Path Sampling): 238 edges, 5 sources
2026-04-14 01:24:40 |     → Sampling 100 paths/source × 50 trials
2026-04-14 01:24:41 |     → Trial 1/50 completed (~2977 evaluations)
2026-04-14 01:24:54 |     → Trial 10/50 completed (~2910 evaluations)
2026-04-14 01:25:09 |     → Trial 20/50 completed (~3036 evaluations)
2026-04-14 01:25:23 |     → Trial 30/50 completed (~2985 evaluations)
2026-04-14 01:25:38 |     → Trial 40/50 completed (~2950 evaluations)
2026-04-14 01:25:53 |     → Trial 50/50 completed (~3016 evaluations)
2026-04-14 01:25:53 |     → Instance 3/100
2026-04-14 01:25:53 |     → ShapleyFlow (Path Sampling): 238 edges, 5 sources
2026-04-14 01:25:53 |     → Sampling 100 paths/source × 50 trials
2026-04-14 01:25:54 |     → Trial 1/50 completed (~2991 evaluations)
2026-04-14 01:26:08 |     → Trial 10/50 completed (~2981 evaluations)
2026-04-14 01:26:22 |     → Trial 20/50 completed (~2962 evaluations)
2026-04-14 01:26:37 |     → Trial 30/50 completed (~2920 evaluations)
2026-04-14 01:26:52 |     → Trial 40/50 completed (~2969 evaluations)
2026-04-14 01:27:06 |     → Trial 50/50 completed (~3060 evaluations)
2026-04-14 01:27:06 |     → Instance 4/100
2026-04-14 01:27:06 |     → ShapleyFlow (Path Sampling): 238 edges, 5 sources
2026-04-14 01:27:06 |     → Sampling 100 paths/source × 50 trials
2026-04-14 01:27:08 |     → Trial 1/50 completed (~2980 evaluations)
2026-04-14 01:27:21 |     → Trial 10/50 completed (~2976 evaluations)
2026-04-14 01:27:36 |     → Trial 20/50 completed (~2934 evaluations)
2026-04-14 01:27:51 |     → Trial 30/50 completed (~2995 evaluations)
2026-04-14 01:28:05 |     → Trial 40/50 completed (~2964 evaluations)
2026-04-14 01:28:20 |     → Trial 50/50 completed (~3030 evaluations)
2026-04-14 01:28:20 |     → Instance 5/100
2026-04-14 01:28:20 |     → ShapleyFlow (Path Sampling): 238 edges, 5 sources
2026-04-14 01:28:20 |     → Sampling 100 paths/source × 50 trials
2026-04-14 01:28:21 |     → Trial 1/50 completed (~2925 evaluations)
2026-04-14 01:28:35 |     → Trial 10/50 completed (~2954 evaluations)
2026-04-14 01:28:49 |     → Trial 20/50 completed (~2971 evaluations)
2026-04-14 01:29:04 |     → Trial 30/50 completed (~2984 evaluations)
2026-04-14 01:29:19 |     → Trial 40/50 completed (~2958 evaluations)
2026-04-14 01:29:34 |     → Trial 50/50 completed (~2928 evaluations)
2026-04-14 01:29:34 |     → Instance 6/100
2026-04-14 01:29:34 |     → ShapleyFlow (Path Sampling): 238 edges, 5 sources
2026-04-14 01:29:34 |     → Sampling 100 paths/source × 50 trials
2026-04-14 01:29:35 |     → Trial 1/50 completed (~2889 evaluations)
2026-04-14 01:29:48 |     → Trial 10/50 completed (~2941 evaluations)
2026-04-14 01:30:03 |     → Trial 20/50 completed (~2938 evaluations)
2026-04-14 01:30:18 |     → Trial 30/50 completed (~3009 evaluations)
2026-04-14 01:30:32 |     → Trial 40/50 completed (~2863 evaluations)
2026-04-14 01:30:47 |     → Trial 50/50 completed (~2918 evaluations)
2026-04-14 01:30:47 |     → Instance 7/100
2026-04-14 01:30:47 |     → ShapleyFlow (Path Sampling): 238 edges, 5 sources
2026-04-14 01:30:47 |     → Sampling 100 paths/source × 50 trials
2026-04-14 01:30:49 |     → Trial 1/50 completed (~2901 evaluations)
2026-04-14 01:31:02 |     → Trial 10/50 completed (~2963 evaluations)
2026-04-14 01:31:17 |     → Trial 20/50 completed (~2978 evaluations)
2026-04-14 01:31:32 |     → Trial 30/50 completed (~2946 evaluations)
2026-04-14 01:31:46 |     → Trial 40/50 completed (~2988 evaluations)
2026-04-14 01:32:01 |     → Trial 50/50 completed (~3029 evaluations)
2026-04-14 01:32:01 |     → Instance 8/100
2026-04-14 01:32:01 |     → ShapleyFlow (Path Sampling): 238 edges, 5 sources
2026-04-14 01:32:01 |     → Sampling 100 paths/source × 50 trials
2026-04-14 01:32:03 |     → Trial 1/50 completed (~2989 evaluations)
2026-04-14 01:32:16 |     → Trial 10/50 completed (~2991 evaluations)
2026-04-14 01:32:31 |     → Trial 20/50 completed (~3030 evaluations)
2026-04-14 01:32:45 |     → Trial 30/50 completed (~2975 evaluations)
2026-04-14 01:33:00 |     → Trial 40/50 completed (~3023 evaluations)
2026-04-14 01:33:15 |     → Trial 50/50 completed (~2944 evaluations)
2026-04-14 01:33:15 |     → Instance 9/100
2026-04-14 01:33:15 |     → ShapleyFlow (Path Sampling): 238 edges, 5 sources
2026-04-14 01:33:15 |     → Sampling 100 paths/source × 50 trials
2026-04-14 01:33:17 |     → Trial 1/50 completed (~2968 evaluations)
2026-04-14 01:33:30 |     → Trial 10/50 completed (~2937 evaluations)
2026-04-14 01:33:45 |     → Trial 20/50 completed (~2906 evaluations)
2026-04-14 01:33:59 |     → Trial 30/50 completed (~2966 evaluations)
2026-04-14 01:34:14 |     → Trial 40/50 completed (~2997 evaluations)
2026-04-14 01:34:29 |     → Trial 50/50 completed (~2969 evaluations)
2026-04-14 01:34:29 |     → Instance 10/100
2026-04-14 01:34:29 |     → ShapleyFlow (Path Sampling): 238 edges, 5 sources
2026-04-14 01:34:29 |     → Sampling 100 paths/source × 50 trials
2026-04-14 01:34:30 |     → Trial 1/50 completed (~3022 evaluations)
2026-04-14 01:34:44 |     → Trial 10/50 completed (~2956 evaluations)
2026-04-14 01:34:58 |     → Trial 20/50 completed (~3021 evaluations)
2026-04-14 01:35:13 |     → Trial 30/50 completed (~3029 evaluations)
2026-04-14 01:35:28 |     → Trial 40/50 completed (~2963 evaluations)
2026-04-14 01:35:43 |     → Trial 50/50 completed (~2934 evaluations)
2026-04-14 01:35:43 |     → Instance 11/100
2026-04-14 01:35:43 |     → ShapleyFlow (Path Sampling): 238 edges, 5 sources
2026-04-14 01:35:43 |     → Sampling 100 paths/source × 50 trials
2026-04-14 01:35:44 |     → Trial 1/50 completed (~2999 evaluations)
2026-04-14 01:35:58 |     → Trial 10/50 completed (~2959 evaluations)
2026-04-14 01:36:13 |     → Trial 20/50 completed (~3071 evaluations)
2026-04-14 01:36:27 |     → Trial 30/50 completed (~2963 evaluations)
2026-04-14 01:36:42 |     → Trial 40/50 completed (~2977 evaluations)
2026-04-14 01:36:57 |     → Trial 50/50 completed (~2994 evaluations)
2026-04-14 01:36:57 |     → Instance 12/100
2026-04-14 01:36:57 |     → ShapleyFlow (Path Sampling): 238 edges, 5 sources
2026-04-14 01:36:57 |     → Sampling 100 paths/source × 50 trials
2026-04-14 01:36:58 |     → Trial 1/50 completed (~2917 evaluations)
2026-04-14 01:37:11 |     → Trial 10/50 completed (~2891 evaluations)
2026-04-14 01:37:26 |     → Trial 20/50 completed (~2954 evaluations)
2026-04-14 01:37:41 |     → Trial 30/50 completed (~2963 evaluations)
2026-04-14 01:37:56 |     → Trial 40/50 completed (~2930 evaluations)
2026-04-14 01:38:10 |     → Trial 50/50 completed (~2973 evaluations)
2026-04-14 01:38:11 |     → Instance 13/100
2026-04-14 01:38:11 |     → ShapleyFlow (Path Sampling): 238 edges, 5 sources
2026-04-14 01:38:11 |     → Sampling 100 paths/source × 50 trials
2026-04-14 01:38:12 |     → Trial 1/50 completed (~2907 evaluations)
2026-04-14 01:38:25 |     → Trial 10/50 completed (~2997 evaluations)
2026-04-14 01:38:40 |     → Trial 20/50 completed (~3067 evaluations)
2026-04-14 01:38:55 |     → Trial 30/50 completed (~3030 evaluations)
2026-04-14 01:39:10 |     → Trial 40/50 completed (~2971 evaluations)
2026-04-14 01:39:24 |     → Trial 50/50 completed (~2945 evaluations)
2026-04-14 01:39:24 |     → Instance 14/100
2026-04-14 01:39:24 |     → ShapleyFlow (Path Sampling): 238 edges, 5 sources
2026-04-14 01:39:24 |     → Sampling 100 paths/source × 50 trials
2026-04-14 01:39:26 |     → Trial 1/50 completed (~3087 evaluations)
2026-04-14 01:39:39 |     → Trial 10/50 completed (~3034 evaluations)
2026-04-14 01:39:54 |     → Trial 20/50 completed (~3001 evaluations)
2026-04-14 01:40:09 |     → Trial 30/50 completed (~3002 evaluations)
2026-04-14 01:40:24 |     → Trial 40/50 completed (~2980 evaluations)
2026-04-14 01:40:38 |     → Trial 50/50 completed (~2951 evaluations)
2026-04-14 01:40:38 |     → Instance 15/100
2026-04-14 01:40:38 |     → ShapleyFlow (Path Sampling): 238 edges, 5 sources
2026-04-14 01:40:38 |     → Sampling 100 paths/source × 50 trials
2026-04-14 01:40:40 |     → Trial 1/50 completed (~3022 evaluations)
2026-04-14 01:40:53 |     → Trial 10/50 completed (~2964 evaluations)
2026-04-14 01:41:08 |     → Trial 20/50 completed (~2930 evaluations)
2026-04-14 01:41:23 |     → Trial 30/50 completed (~2996 evaluations)
2026-04-14 01:41:38 |     → Trial 40/50 completed (~3043 evaluations)
2026-04-14 01:41:52 |     → Trial 50/50 completed (~2887 evaluations)
2026-04-14 01:41:52 |     → Instance 16/100
2026-04-14 01:41:52 |     → ShapleyFlow (Path Sampling): 238 edges, 5 sources
2026-04-14 01:41:52 |     → Sampling 100 paths/source × 50 trials
2026-04-14 01:41:54 |     → Trial 1/50 completed (~3041 evaluations)
2026-04-14 01:42:07 |     → Trial 10/50 completed (~2937 evaluations)
2026-04-14 01:42:22 |     → Trial 20/50 completed (~2998 evaluations)
2026-04-14 01:42:37 |     → Trial 30/50 completed (~2916 evaluations)
2026-04-14 01:42:52 |     → Trial 40/50 completed (~2976 evaluations)
2026-04-14 01:43:06 |     → Trial 50/50 completed (~2964 evaluations)
2026-04-14 01:43:06 |     → Instance 17/100
2026-04-14 01:43:06 |     → ShapleyFlow (Path Sampling): 238 edges, 5 sources
2026-04-14 01:43:06 |     → Sampling 100 paths/source × 50 trials
2026-04-14 01:43:08 |     → Trial 1/50 completed (~2985 evaluations)
2026-04-14 01:43:21 |     → Trial 10/50 completed (~2938 evaluations)
2026-04-14 01:43:36 |     → Trial 20/50 completed (~2995 evaluations)
2026-04-14 01:43:51 |     → Trial 30/50 completed (~2878 evaluations)
2026-04-14 01:44:05 |     → Trial 40/50 completed (~2963 evaluations)
2026-04-14 01:44:20 |     → Trial 50/50 completed (~2989 evaluations)
2026-04-14 01:44:20 |     → Instance 18/100
2026-04-14 01:44:20 |     → ShapleyFlow (Path Sampling): 238 edges, 5 sources
2026-04-14 01:44:20 |     → Sampling 100 paths/source × 50 trials
2026-04-14 01:44:22 |     → Trial 1/50 completed (~3010 evaluations)
2026-04-14 01:44:35 |     → Trial 10/50 completed (~2980 evaluations)
2026-04-14 01:44:50 |     → Trial 20/50 completed (~2958 evaluations)
2026-04-14 01:45:04 |     → Trial 30/50 completed (~2982 evaluations)
2026-04-14 01:45:19 |     → Trial 40/50 completed (~2983 evaluations)
2026-04-14 01:45:34 |     → Trial 50/50 completed (~2981 evaluations)
2026-04-14 01:45:34 |     → Instance 19/100
2026-04-14 01:45:34 |     → ShapleyFlow (Path Sampling): 238 edges, 5 sources
2026-04-14 01:45:34 |     → Sampling 100 paths/source × 50 trials
2026-04-14 01:45:35 |     → Trial 1/50 completed (~3065 evaluations)
2026-04-14 01:45:49 |     → Trial 10/50 completed (~2936 evaluations)
2026-04-14 01:46:04 |     → Trial 20/50 completed (~2942 evaluations)
2026-04-14 01:46:18 |     → Trial 30/50 completed (~2928 evaluations)
2026-04-14 01:46:33 |     → Trial 40/50 completed (~3014 evaluations)
2026-04-14 01:46:48 |     → Trial 50/50 completed (~3004 evaluations)
2026-04-14 01:46:48 |     → Instance 20/100
2026-04-14 01:46:48 |     → ShapleyFlow (Path Sampling): 238 edges, 5 sources
2026-04-14 01:46:48 |     → Sampling 100 paths/source × 50 trials
2026-04-14 01:46:49 |     → Trial 1/50 completed (~2923 evaluations)
2026-04-14 01:47:03 |     → Trial 10/50 completed (~3017 evaluations)
2026-04-14 01:47:18 |     → Trial 20/50 completed (~2996 evaluations)
2026-04-14 01:47:32 |     → Trial 30/50 completed (~3045 evaluations)
2026-04-14 01:47:47 |     → Trial 40/50 completed (~3002 evaluations)
2026-04-14 01:48:02 |     → Trial 50/50 completed (~2888 evaluations)
2026-04-14 01:48:02 |     → Instance 21/100
2026-04-14 01:48:02 |     → ShapleyFlow (Path Sampling): 238 edges, 5 sources
2026-04-14 01:48:02 |     → Sampling 100 paths/source × 50 trials
2026-04-14 01:48:03 |     → Trial 1/50 completed (~2830 evaluations)
2026-04-14 01:48:16 |     → Trial 10/50 completed (~2920 evaluations)
2026-04-14 01:48:31 |     → Trial 20/50 completed (~2931 evaluations)
2026-04-14 01:48:46 |     → Trial 30/50 completed (~2963 evaluations)
2026-04-14 01:49:01 |     → Trial 40/50 completed (~2928 evaluations)
2026-04-14 01:49:16 |     → Trial 50/50 completed (~2958 evaluations)
2026-04-14 01:49:16 |     → Instance 22/100
2026-04-14 01:49:16 |     → ShapleyFlow (Path Sampling): 238 edges, 5 sources
2026-04-14 01:49:16 |     → Sampling 100 paths/source × 50 trials
2026-04-14 01:49:17 |     → Trial 1/50 completed (~2977 evaluations)
2026-04-14 01:49:30 |     → Trial 10/50 completed (~3013 evaluations)
2026-04-14 01:49:45 |     → Trial 20/50 completed (~2890 evaluations)
2026-04-14 01:50:00 |     → Trial 30/50 completed (~2951 evaluations)
2026-04-14 01:50:15 |     → Trial 40/50 completed (~2996 evaluations)
2026-04-14 01:50:30 |     → Trial 50/50 completed (~2967 evaluations)
2026-04-14 01:50:30 |     → Instance 23/100
2026-04-14 01:50:30 |     → ShapleyFlow (Path Sampling): 238 edges, 5 sources
2026-04-14 01:50:30 |     → Sampling 100 paths/source × 50 trials
2026-04-14 01:50:31 |     → Trial 1/50 completed (~2903 evaluations)
2026-04-14 01:50:44 |     → Trial 10/50 completed (~2952 evaluations)
2026-04-14 01:50:59 |     → Trial 20/50 completed (~2992 evaluations)
2026-04-14 01:51:14 |     → Trial 30/50 completed (~2993 evaluations)
2026-04-14 01:51:29 |     → Trial 40/50 completed (~2919 evaluations)
2026-04-14 01:51:44 |     → Trial 50/50 completed (~2956 evaluations)
2026-04-14 01:51:44 |     → Instance 24/100
2026-04-14 01:51:44 |     → ShapleyFlow (Path Sampling): 238 edges, 5 sources
2026-04-14 01:51:44 |     → Sampling 100 paths/source × 50 trials
2026-04-14 01:51:45 |     → Trial 1/50 completed (~2997 evaluations)
2026-04-14 01:51:59 |     → Trial 10/50 completed (~2977 evaluations)
2026-04-14 01:52:13 |     → Trial 20/50 completed (~3015 evaluations)
2026-04-14 01:52:28 |     → Trial 30/50 completed (~2904 evaluations)
2026-04-14 01:52:43 |     → Trial 40/50 completed (~2947 evaluations)
2026-04-14 01:52:58 |     → Trial 50/50 completed (~2982 evaluations)
2026-04-14 01:52:58 |     → Instance 25/100
2026-04-14 01:52:58 |     → ShapleyFlow (Path Sampling): 238 edges, 5 sources
2026-04-14 01:52:58 |     → Sampling 100 paths/source × 50 trials
2026-04-14 01:52:59 |     → Trial 1/50 completed (~3014 evaluations)
2026-04-14 01:53:13 |     → Trial 10/50 completed (~3002 evaluations)
2026-04-14 01:53:27 |     → Trial 20/50 completed (~2969 evaluations)
2026-04-14 01:53:42 |     → Trial 30/50 completed (~2933 evaluations)
2026-04-14 01:53:57 |     → Trial 40/50 completed (~2945 evaluations)
2026-04-14 01:54:12 |     → Trial 50/50 completed (~2950 evaluations)
2026-04-14 01:54:12 |     → Instance 26/100
2026-04-14 01:54:12 |     → ShapleyFlow (Path Sampling): 238 edges, 5 sources
2026-04-14 01:54:12 |     → Sampling 100 paths/source × 50 trials
2026-04-14 01:54:13 |     → Trial 1/50 completed (~2999 evaluations)
2026-04-14 01:54:26 |     → Trial 10/50 completed (~2979 evaluations)
2026-04-14 01:54:41 |     → Trial 20/50 completed (~3024 evaluations)
2026-04-14 01:54:56 |     → Trial 30/50 completed (~2990 evaluations)
2026-04-14 01:55:11 |     → Trial 40/50 completed (~2929 evaluations)
2026-04-14 01:55:26 |     → Trial 50/50 completed (~2959 evaluations)
2026-04-14 01:55:26 |     → Instance 27/100
2026-04-14 01:55:26 |     → ShapleyFlow (Path Sampling): 238 edges, 5 sources
2026-04-14 01:55:26 |     → Sampling 100 paths/source × 50 trials
2026-04-14 01:55:27 |     → Trial 1/50 completed (~2958 evaluations)
2026-04-14 01:55:40 |     → Trial 10/50 completed (~2962 evaluations)
2026-04-14 01:55:55 |     → Trial 20/50 completed (~3026 evaluations)
2026-04-14 01:56:10 |     → Trial 30/50 completed (~2930 evaluations)
2026-04-14 01:56:25 |     → Trial 40/50 completed (~2953 evaluations)
2026-04-14 01:56:39 |     → Trial 50/50 completed (~2992 evaluations)
2026-04-14 01:56:39 |     → Instance 28/100
2026-04-14 01:56:39 |     → ShapleyFlow (Path Sampling): 238 edges, 5 sources
2026-04-14 01:56:39 |     → Sampling 100 paths/source × 50 trials
2026-04-14 01:56:41 |     → Trial 1/50 completed (~3040 evaluations)
2026-04-14 01:56:54 |     → Trial 10/50 completed (~3019 evaluations)
2026-04-14 01:57:09 |     → Trial 20/50 completed (~2990 evaluations)
2026-04-14 01:57:24 |     → Trial 30/50 completed (~2955 evaluations)
2026-04-14 01:57:39 |     → Trial 40/50 completed (~2945 evaluations)
2026-04-14 01:57:54 |     → Trial 50/50 completed (~2919 evaluations)
2026-04-14 01:57:54 |     → Instance 29/100
2026-04-14 01:57:54 |     → ShapleyFlow (Path Sampling): 238 edges, 5 sources
2026-04-14 01:57:54 |     → Sampling 100 paths/source × 50 trials
2026-04-14 01:57:55 |     → Trial 1/50 completed (~2956 evaluations)
2026-04-14 01:58:08 |     → Trial 10/50 completed (~3000 evaluations)
2026-04-14 01:58:23 |     → Trial 20/50 completed (~2994 evaluations)
2026-04-14 01:58:38 |     → Trial 30/50 completed (~2936 evaluations)
2026-04-14 01:58:53 |     → Trial 40/50 completed (~2931 evaluations)
2026-04-14 01:59:08 |     → Trial 50/50 completed (~2952 evaluations)
2026-04-14 01:59:08 |     → Instance 30/100
2026-04-14 01:59:08 |     → ShapleyFlow (Path Sampling): 238 edges, 5 sources
2026-04-14 01:59:08 |     → Sampling 100 paths/source × 50 trials
2026-04-14 01:59:09 |     → Trial 1/50 completed (~3037 evaluations)
2026-04-14 01:59:23 |     → Trial 10/50 completed (~2955 evaluations)
2026-04-14 01:59:37 |     → Trial 20/50 completed (~2982 evaluations)
2026-04-14 01:59:52 |     → Trial 30/50 completed (~3020 evaluations)
2026-04-14 02:00:07 |     → Trial 40/50 completed (~2879 evaluations)
2026-04-14 02:00:22 |     → Trial 50/50 completed (~2986 evaluations)
2026-04-14 02:00:22 |     → Instance 31/100
2026-04-14 02:00:22 |     → ShapleyFlow (Path Sampling): 238 edges, 5 sources
2026-04-14 02:00:22 |     → Sampling 100 paths/source × 50 trials
2026-04-14 02:00:23 |     → Trial 1/50 completed (~2931 evaluations)
2026-04-14 02:00:37 |     → Trial 10/50 completed (~3005 evaluations)
2026-04-14 02:00:52 |     → Trial 20/50 completed (~3033 evaluations)
2026-04-14 02:01:06 |     → Trial 30/50 completed (~2954 evaluations)
2026-04-14 02:01:21 |     → Trial 40/50 completed (~2946 evaluations)
2026-04-14 02:01:36 |     → Trial 50/50 completed (~3036 evaluations)
2026-04-14 02:01:36 |     → Instance 32/100
2026-04-14 02:01:36 |     → ShapleyFlow (Path Sampling): 238 edges, 5 sources
2026-04-14 02:01:36 |     → Sampling 100 paths/source × 50 trials
2026-04-14 02:01:38 |     → Trial 1/50 completed (~2943 evaluations)
2026-04-14 02:01:51 |     → Trial 10/50 completed (~3051 evaluations)
2026-04-14 02:02:06 |     → Trial 20/50 completed (~2918 evaluations)
2026-04-14 02:02:21 |     → Trial 30/50 completed (~2941 evaluations)
2026-04-14 02:02:36 |     → Trial 40/50 completed (~2972 evaluations)
2026-04-14 02:02:50 |     → Trial 50/50 completed (~2966 evaluations)
2026-04-14 02:02:50 |     → Instance 33/100
2026-04-14 02:02:50 |     → ShapleyFlow (Path Sampling): 238 edges, 5 sources
2026-04-14 02:02:50 |     → Sampling 100 paths/source × 50 trials
2026-04-14 02:02:52 |     → Trial 1/50 completed (~2955 evaluations)
2026-04-14 02:03:05 |     → Trial 10/50 completed (~3075 evaluations)
2026-04-14 02:03:20 |     → Trial 20/50 completed (~2981 evaluations)
2026-04-14 02:03:35 |     → Trial 30/50 completed (~3005 evaluations)
2026-04-14 02:03:50 |     → Trial 40/50 completed (~2970 evaluations)
2026-04-14 02:04:04 |     → Trial 50/50 completed (~2933 evaluations)
2026-04-14 02:04:04 |     → Instance 34/100
2026-04-14 02:04:04 |     → ShapleyFlow (Path Sampling): 238 edges, 5 sources
2026-04-14 02:04:04 |     → Sampling 100 paths/source × 50 trials
2026-04-14 02:04:06 |     → Trial 1/50 completed (~2919 evaluations)
2026-04-14 02:04:19 |     → Trial 10/50 completed (~2980 evaluations)
2026-04-14 02:04:34 |     → Trial 20/50 completed (~2902 evaluations)
2026-04-14 02:04:49 |     → Trial 30/50 completed (~2929 evaluations)
2026-04-14 02:05:04 |     → Trial 40/50 completed (~2981 evaluations)
2026-04-14 02:05:18 |     → Trial 50/50 completed (~2936 evaluations)
2026-04-14 02:05:18 |     → Instance 35/100
2026-04-14 02:05:18 |     → ShapleyFlow (Path Sampling): 238 edges, 5 sources
2026-04-14 02:05:18 |     → Sampling 100 paths/source × 50 trials
2026-04-14 02:05:20 |     → Trial 1/50 completed (~2945 evaluations)
2026-04-14 02:05:33 |     → Trial 10/50 completed (~2876 evaluations)
2026-04-14 02:05:48 |     → Trial 20/50 completed (~2980 evaluations)
2026-04-14 02:06:03 |     → Trial 30/50 completed (~2986 evaluations)
2026-04-14 02:06:18 |     → Trial 40/50 completed (~2938 evaluations)
2026-04-14 02:06:32 |     → Trial 50/50 completed (~2950 evaluations)
2026-04-14 02:06:32 |     → Instance 36/100
2026-04-14 02:06:32 |     → ShapleyFlow (Path Sampling): 238 edges, 5 sources
2026-04-14 02:06:32 |     → Sampling 100 paths/source × 50 trials
2026-04-14 02:06:34 |     → Trial 1/50 completed (~2926 evaluations)
2026-04-14 02:06:47 |     → Trial 10/50 completed (~2995 evaluations)
2026-04-14 02:07:02 |     → Trial 20/50 completed (~3007 evaluations)
2026-04-14 02:07:17 |     → Trial 30/50 completed (~2968 evaluations)
2026-04-14 02:07:32 |     → Trial 40/50 completed (~2979 evaluations)
2026-04-14 02:07:47 |     → Trial 50/50 completed (~2991 evaluations)
2026-04-14 02:07:47 |     → Instance 37/100
2026-04-14 02:07:47 |     → ShapleyFlow (Path Sampling): 238 edges, 5 sources
2026-04-14 02:07:47 |     → Sampling 100 paths/source × 50 trials
2026-04-14 02:07:48 |     → Trial 1/50 completed (~2971 evaluations)
2026-04-14 02:08:01 |     → Trial 10/50 completed (~2994 evaluations)
2026-04-14 02:08:16 |     → Trial 20/50 completed (~2929 evaluations)
2026-04-14 02:08:31 |     → Trial 30/50 completed (~2939 evaluations)
2026-04-14 02:08:46 |     → Trial 40/50 completed (~2973 evaluations)
2026-04-14 02:09:00 |     → Trial 50/50 completed (~2962 evaluations)
2026-04-14 02:09:00 |     → Instance 38/100
2026-04-14 02:09:00 |     → ShapleyFlow (Path Sampling): 238 edges, 5 sources
2026-04-14 02:09:00 |     → Sampling 100 paths/source × 50 trials
2026-04-14 02:09:02 |     → Trial 1/50 completed (~2892 evaluations)
2026-04-14 02:09:15 |     → Trial 10/50 completed (~2983 evaluations)
2026-04-14 02:09:30 |     → Trial 20/50 completed (~2958 evaluations)
2026-04-14 02:09:45 |     → Trial 30/50 completed (~3006 evaluations)
2026-04-14 02:10:00 |     → Trial 40/50 completed (~2967 evaluations)
2026-04-14 02:10:15 |     → Trial 50/50 completed (~3073 evaluations)
2026-04-14 02:10:15 |     → Instance 39/100
2026-04-14 02:10:15 |     → ShapleyFlow (Path Sampling): 238 edges, 5 sources
2026-04-14 02:10:15 |     → Sampling 100 paths/source × 50 trials
2026-04-14 02:10:16 |     → Trial 1/50 completed (~3000 evaluations)
2026-04-14 02:10:29 |     → Trial 10/50 completed (~3003 evaluations)
2026-04-14 02:10:44 |     → Trial 20/50 completed (~2981 evaluations)
2026-04-14 02:10:59 |     → Trial 30/50 completed (~2983 evaluations)
2026-04-14 02:11:14 |     → Trial 40/50 completed (~2980 evaluations)
2026-04-14 02:11:28 |     → Trial 50/50 completed (~2931 evaluations)
2026-04-14 02:11:28 |     → Instance 40/100
2026-04-14 02:11:28 |     → ShapleyFlow (Path Sampling): 238 edges, 5 sources
2026-04-14 02:11:28 |     → Sampling 100 paths/source × 50 trials
2026-04-14 02:11:30 |     → Trial 1/50 completed (~2994 evaluations)
2026-04-14 02:11:43 |     → Trial 10/50 completed (~2964 evaluations)
2026-04-14 02:11:58 |     → Trial 20/50 completed (~2992 evaluations)
2026-04-14 02:12:13 |     → Trial 30/50 completed (~3020 evaluations)
2026-04-14 02:12:28 |     → Trial 40/50 completed (~2980 evaluations)
2026-04-14 02:12:42 |     → Trial 50/50 completed (~3032 evaluations)
2026-04-14 02:12:43 |     → Instance 41/100
2026-04-14 02:12:43 |     → ShapleyFlow (Path Sampling): 238 edges, 5 sources
2026-04-14 02:12:43 |     → Sampling 100 paths/source × 50 trials
2026-04-14 02:12:44 |     → Trial 1/50 completed (~3001 evaluations)
2026-04-14 02:12:57 |     → Trial 10/50 completed (~3027 evaluations)
2026-04-14 02:13:12 |     → Trial 20/50 completed (~2954 evaluations)
2026-04-14 02:13:27 |     → Trial 30/50 completed (~3017 evaluations)
2026-04-14 02:13:42 |     → Trial 40/50 completed (~2956 evaluations)
2026-04-14 02:13:57 |     → Trial 50/50 completed (~2920 evaluations)
2026-04-14 02:13:57 |     → Instance 42/100
2026-04-14 02:13:57 |     → ShapleyFlow (Path Sampling): 238 edges, 5 sources
2026-04-14 02:13:57 |     → Sampling 100 paths/source × 50 trials
2026-04-14 02:13:58 |     → Trial 1/50 completed (~2933 evaluations)
2026-04-14 02:14:12 |     → Trial 10/50 completed (~3010 evaluations)
2026-04-14 02:14:26 |     → Trial 20/50 completed (~2959 evaluations)
2026-04-14 02:14:41 |     → Trial 30/50 completed (~2962 evaluations)
2026-04-14 02:14:56 |     → Trial 40/50 completed (~2967 evaluations)
2026-04-14 02:15:11 |     → Trial 50/50 completed (~2936 evaluations)
2026-04-14 02:15:11 |     → Instance 43/100
2026-04-14 02:15:11 |     → ShapleyFlow (Path Sampling): 238 edges, 5 sources
2026-04-14 02:15:11 |     → Sampling 100 paths/source × 50 trials
2026-04-14 02:15:13 |     → Trial 1/50 completed (~3033 evaluations)
2026-04-14 02:15:26 |     → Trial 10/50 completed (~2949 evaluations)
2026-04-14 02:15:41 |     → Trial 20/50 completed (~2918 evaluations)
2026-04-14 02:15:55 |     → Trial 30/50 completed (~2891 evaluations)
2026-04-14 02:16:10 |     → Trial 40/50 completed (~2915 evaluations)
2026-04-14 02:16:25 |     → Trial 50/50 completed (~2901 evaluations)
2026-04-14 02:16:25 |     → Instance 44/100
2026-04-14 02:16:25 |     → ShapleyFlow (Path Sampling): 238 edges, 5 sources
2026-04-14 02:16:25 |     → Sampling 100 paths/source × 50 trials
2026-04-14 02:16:26 |     → Trial 1/50 completed (~2987 evaluations)
2026-04-14 02:16:40 |     → Trial 10/50 completed (~2936 evaluations)
2026-04-14 02:16:55 |     → Trial 20/50 completed (~2935 evaluations)
2026-04-14 02:17:09 |     → Trial 30/50 completed (~2893 evaluations)
2026-04-14 02:17:24 |     → Trial 40/50 completed (~2997 evaluations)
2026-04-14 02:17:39 |     → Trial 50/50 completed (~2964 evaluations)
2026-04-14 02:17:39 |     → Instance 45/100
2026-04-14 02:17:39 |     → ShapleyFlow (Path Sampling): 238 edges, 5 sources
2026-04-14 02:17:39 |     → Sampling 100 paths/source × 50 trials
2026-04-14 02:17:40 |     → Trial 1/50 completed (~2923 evaluations)
2026-04-14 02:17:54 |     → Trial 10/50 completed (~2880 evaluations)
2026-04-14 02:18:09 |     → Trial 20/50 completed (~2979 evaluations)
2026-04-14 02:18:23 |     → Trial 30/50 completed (~2886 evaluations)
2026-04-14 02:18:38 |     → Trial 40/50 completed (~2965 evaluations)
2026-04-14 02:18:53 |     → Trial 50/50 completed (~3016 evaluations)
2026-04-14 02:18:53 |     → Instance 46/100
2026-04-14 02:18:53 |     → ShapleyFlow (Path Sampling): 238 edges, 5 sources
2026-04-14 02:18:53 |     → Sampling 100 paths/source × 50 trials
2026-04-14 02:18:54 |     → Trial 1/50 completed (~2979 evaluations)
2026-04-14 02:19:08 |     → Trial 10/50 completed (~2909 evaluations)
2026-04-14 02:19:22 |     → Trial 20/50 completed (~3027 evaluations)
2026-04-14 02:19:37 |     → Trial 30/50 completed (~3062 evaluations)
2026-04-14 02:19:52 |     → Trial 40/50 completed (~3005 evaluations)
2026-04-14 02:20:07 |     → Trial 50/50 completed (~3021 evaluations)
2026-04-14 02:20:07 |     → Instance 47/100
2026-04-14 02:20:07 |     → ShapleyFlow (Path Sampling): 238 edges, 5 sources
2026-04-14 02:20:07 |     → Sampling 100 paths/source × 50 trials
2026-04-14 02:20:08 |     → Trial 1/50 completed (~2993 evaluations)
2026-04-14 02:20:22 |     → Trial 10/50 completed (~2957 evaluations)
2026-04-14 02:20:37 |     → Trial 20/50 completed (~2972 evaluations)
2026-04-14 02:20:52 |     → Trial 30/50 completed (~2983 evaluations)
2026-04-14 02:21:06 |     → Trial 40/50 completed (~2948 evaluations)
2026-04-14 02:21:21 |     → Trial 50/50 completed (~2936 evaluations)
2026-04-14 02:21:21 |     → Instance 48/100
2026-04-14 02:21:21 |     → ShapleyFlow (Path Sampling): 238 edges, 5 sources
2026-04-14 02:21:21 |     → Sampling 100 paths/source × 50 trials
2026-04-14 02:21:23 |     → Trial 1/50 completed (~2941 evaluations)
2026-04-14 02:21:36 |     → Trial 10/50 completed (~3011 evaluations)
2026-04-14 02:21:51 |     → Trial 20/50 completed (~3009 evaluations)
2026-04-14 02:22:06 |     → Trial 30/50 completed (~2980 evaluations)
2026-04-14 02:22:20 |     → Trial 40/50 completed (~2964 evaluations)
2026-04-14 02:22:35 |     → Trial 50/50 completed (~2987 evaluations)
2026-04-14 02:22:35 |     → Instance 49/100
2026-04-14 02:22:35 |     → ShapleyFlow (Path Sampling): 238 edges, 5 sources
2026-04-14 02:22:35 |     → Sampling 100 paths/source × 50 trials
2026-04-14 02:22:37 |     → Trial 1/50 completed (~2970 evaluations)
2026-04-14 02:22:50 |     → Trial 10/50 completed (~2940 evaluations)
2026-04-14 02:23:05 |     → Trial 20/50 completed (~3056 evaluations)
2026-04-14 02:23:20 |     → Trial 30/50 completed (~3018 evaluations)
2026-04-14 02:23:35 |     → Trial 40/50 completed (~3073 evaluations)
2026-04-14 02:23:49 |     → Trial 50/50 completed (~2870 evaluations)
2026-04-14 02:23:49 |     → Instance 50/100
2026-04-14 02:23:49 |     → ShapleyFlow (Path Sampling): 238 edges, 5 sources
2026-04-14 02:23:49 |     → Sampling 100 paths/source × 50 trials
2026-04-14 02:23:51 |     → Trial 1/50 completed (~2966 evaluations)
2026-04-14 02:24:04 |     → Trial 10/50 completed (~3006 evaluations)
2026-04-14 02:24:19 |     → Trial 20/50 completed (~2952 evaluations)
2026-04-14 02:24:34 |     → Trial 30/50 completed (~3021 evaluations)
2026-04-14 02:24:48 |     → Trial 40/50 completed (~2919 evaluations)
2026-04-14 02:25:03 |     → Trial 50/50 completed (~2939 evaluations)
2026-04-14 02:25:03 |     → Instance 51/100
2026-04-14 02:25:03 |     → ShapleyFlow (Path Sampling): 238 edges, 5 sources
2026-04-14 02:25:03 |     → Sampling 100 paths/source × 50 trials
2026-04-14 02:25:05 |     → Trial 1/50 completed (~3023 evaluations)
2026-04-14 02:25:18 |     → Trial 10/50 completed (~2943 evaluations)
2026-04-14 02:25:33 |     → Trial 20/50 completed (~2932 evaluations)
2026-04-14 02:25:48 |     → Trial 30/50 completed (~2946 evaluations)
2026-04-14 02:26:03 |     → Trial 40/50 completed (~3079 evaluations)
2026-04-14 02:26:17 |     → Trial 50/50 completed (~2967 evaluations)
2026-04-14 02:26:17 |     → Instance 52/100
2026-04-14 02:26:17 |     → ShapleyFlow (Path Sampling): 238 edges, 5 sources
2026-04-14 02:26:17 |     → Sampling 100 paths/source × 50 trials
2026-04-14 02:26:19 |     → Trial 1/50 completed (~2999 evaluations)
2026-04-14 02:26:32 |     → Trial 10/50 completed (~2906 evaluations)
2026-04-14 02:26:47 |     → Trial 20/50 completed (~2950 evaluations)
2026-04-14 02:27:02 |     → Trial 30/50 completed (~2968 evaluations)
2026-04-14 02:27:16 |     → Trial 40/50 completed (~3001 evaluations)
2026-04-14 02:27:31 |     → Trial 50/50 completed (~2971 evaluations)
2026-04-14 02:27:31 |     → Instance 53/100
2026-04-14 02:27:31 |     → ShapleyFlow (Path Sampling): 238 edges, 5 sources
2026-04-14 02:27:31 |     → Sampling 100 paths/source × 50 trials
2026-04-14 02:27:33 |     → Trial 1/50 completed (~3051 evaluations)
2026-04-14 02:27:46 |     → Trial 10/50 completed (~2971 evaluations)
2026-04-14 02:28:01 |     → Trial 20/50 completed (~2955 evaluations)
2026-04-14 02:28:16 |     → Trial 30/50 completed (~2987 evaluations)
2026-04-14 02:28:30 |     → Trial 40/50 completed (~3021 evaluations)
2026-04-14 02:28:45 |     → Trial 50/50 completed (~3017 evaluations)
2026-04-14 02:28:45 |     → Instance 54/100
2026-04-14 02:28:45 |     → ShapleyFlow (Path Sampling): 238 edges, 5 sources
2026-04-14 02:28:45 |     → Sampling 100 paths/source × 50 trials
2026-04-14 02:28:47 |     → Trial 1/50 completed (~2906 evaluations)
2026-04-14 02:29:00 |     → Trial 10/50 completed (~3015 evaluations)
2026-04-14 02:29:15 |     → Trial 20/50 completed (~3001 evaluations)
2026-04-14 02:29:30 |     → Trial 30/50 completed (~2990 evaluations)
2026-04-14 02:29:45 |     → Trial 40/50 completed (~2929 evaluations)
2026-04-14 02:30:00 |     → Trial 50/50 completed (~2976 evaluations)
2026-04-14 02:30:00 |     → Instance 55/100
2026-04-14 02:30:00 |     → ShapleyFlow (Path Sampling): 238 edges, 5 sources
2026-04-14 02:30:00 |     → Sampling 100 paths/source × 50 trials
2026-04-14 02:30:01 |     → Trial 1/50 completed (~2930 evaluations)
2026-04-14 02:30:14 |     → Trial 10/50 completed (~3017 evaluations)
2026-04-14 02:30:29 |     → Trial 20/50 completed (~2891 evaluations)
2026-04-14 02:30:44 |     → Trial 30/50 completed (~3035 evaluations)
2026-04-14 02:30:59 |     → Trial 40/50 completed (~2977 evaluations)
2026-04-14 02:31:14 |     → Trial 50/50 completed (~3020 evaluations)
2026-04-14 02:31:14 |     → Instance 56/100
2026-04-14 02:31:14 |     → ShapleyFlow (Path Sampling): 238 edges, 5 sources
2026-04-14 02:31:14 |     → Sampling 100 paths/source × 50 trials
2026-04-14 02:31:15 |     → Trial 1/50 completed (~2981 evaluations)
2026-04-14 02:31:28 |     → Trial 10/50 completed (~3047 evaluations)
2026-04-14 02:31:43 |     → Trial 20/50 completed (~2967 evaluations)
2026-04-14 02:31:58 |     → Trial 30/50 completed (~2906 evaluations)
2026-04-14 02:32:13 |     → Trial 40/50 completed (~2967 evaluations)
2026-04-14 02:32:28 |     → Trial 50/50 completed (~2973 evaluations)
2026-04-14 02:32:28 |     → Instance 57/100
2026-04-14 02:32:28 |     → ShapleyFlow (Path Sampling): 238 edges, 5 sources
2026-04-14 02:32:28 |     → Sampling 100 paths/source × 50 trials
2026-04-14 02:32:29 |     → Trial 1/50 completed (~2988 evaluations)
2026-04-14 02:32:43 |     → Trial 10/50 completed (~2940 evaluations)
2026-04-14 02:32:57 |     → Trial 20/50 completed (~2913 evaluations)
2026-04-14 02:33:12 |     → Trial 30/50 completed (~2928 evaluations)
2026-04-14 02:33:27 |     → Trial 40/50 completed (~2959 evaluations)
2026-04-14 02:33:42 |     → Trial 50/50 completed (~2934 evaluations)
2026-04-14 02:33:42 |     → Instance 58/100
2026-04-14 02:33:42 |     → ShapleyFlow (Path Sampling): 238 edges, 5 sources
2026-04-14 02:33:42 |     → Sampling 100 paths/source × 50 trials
2026-04-14 02:33:43 |     → Trial 1/50 completed (~2994 evaluations)
2026-04-14 02:33:57 |     → Trial 10/50 completed (~2973 evaluations)
2026-04-14 02:34:12 |     → Trial 20/50 completed (~3027 evaluations)
2026-04-14 02:34:27 |     → Trial 30/50 completed (~3006 evaluations)
2026-04-14 02:34:41 |     → Trial 40/50 completed (~3023 evaluations)
2026-04-14 02:34:56 |     → Trial 50/50 completed (~3003 evaluations)
2026-04-14 02:34:56 |     → Instance 59/100
2026-04-14 02:34:56 |     → ShapleyFlow (Path Sampling): 238 edges, 5 sources
2026-04-14 02:34:56 |     → Sampling 100 paths/source × 50 trials
2026-04-14 02:34:58 |     → Trial 1/50 completed (~2988 evaluations)
2026-04-14 02:35:11 |     → Trial 10/50 completed (~2950 evaluations)
2026-04-14 02:35:26 |     → Trial 20/50 completed (~3044 evaluations)
2026-04-14 02:35:41 |     → Trial 30/50 completed (~2977 evaluations)
2026-04-14 02:35:55 |     → Trial 40/50 completed (~3007 evaluations)
2026-04-14 02:36:10 |     → Trial 50/50 completed (~2977 evaluations)
2026-04-14 02:36:10 |     → Instance 60/100
2026-04-14 02:36:10 |     → ShapleyFlow (Path Sampling): 238 edges, 5 sources
2026-04-14 02:36:10 |     → Sampling 100 paths/source × 50 trials
2026-04-14 02:36:12 |     → Trial 1/50 completed (~2920 evaluations)
2026-04-14 02:36:25 |     → Trial 10/50 completed (~2963 evaluations)
2026-04-14 02:36:40 |     → Trial 20/50 completed (~2967 evaluations)
2026-04-14 02:36:55 |     → Trial 30/50 completed (~3018 evaluations)
2026-04-14 02:37:10 |     → Trial 40/50 completed (~2959 evaluations)
2026-04-14 02:37:25 |     → Trial 50/50 completed (~2985 evaluations)
2026-04-14 02:37:25 |     → Instance 61/100
2026-04-14 02:37:25 |     → ShapleyFlow (Path Sampling): 238 edges, 5 sources
2026-04-14 02:37:25 |     → Sampling 100 paths/source × 50 trials
2026-04-14 02:37:26 |     → Trial 1/50 completed (~2956 evaluations)
2026-04-14 02:37:39 |     → Trial 10/50 completed (~3007 evaluations)
2026-04-14 02:37:54 |     → Trial 20/50 completed (~2979 evaluations)
2026-04-14 02:38:09 |     → Trial 30/50 completed (~2945 evaluations)
2026-04-14 02:38:24 |     → Trial 40/50 completed (~2973 evaluations)
2026-04-14 02:38:39 |     → Trial 50/50 completed (~3029 evaluations)
2026-04-14 02:38:39 |     → Instance 62/100
2026-04-14 02:38:39 |     → ShapleyFlow (Path Sampling): 238 edges, 5 sources
2026-04-14 02:38:39 |     → Sampling 100 paths/source × 50 trials
2026-04-14 02:38:40 |     → Trial 1/50 completed (~3002 evaluations)
2026-04-14 02:38:53 |     → Trial 10/50 completed (~2935 evaluations)
2026-04-14 02:39:08 |     → Trial 20/50 completed (~3005 evaluations)
2026-04-14 02:39:23 |     → Trial 30/50 completed (~2975 evaluations)
2026-04-14 02:39:38 |     → Trial 40/50 completed (~2947 evaluations)
2026-04-14 02:39:53 |     → Trial 50/50 completed (~2962 evaluations)
2026-04-14 02:39:53 |     → Instance 63/100
2026-04-14 02:39:53 |     → ShapleyFlow (Path Sampling): 238 edges, 5 sources
2026-04-14 02:39:53 |     → Sampling 100 paths/source × 50 trials
2026-04-14 02:39:54 |     → Trial 1/50 completed (~2997 evaluations)
2026-04-14 02:40:08 |     → Trial 10/50 completed (~3005 evaluations)
2026-04-14 02:40:22 |     → Trial 20/50 completed (~3119 evaluations)
2026-04-14 02:40:37 |     → Trial 30/50 completed (~2903 evaluations)
2026-04-14 02:40:52 |     → Trial 40/50 completed (~2950 evaluations)
2026-04-14 02:41:06 |     → Trial 50/50 completed (~3022 evaluations)
2026-04-14 02:41:07 |     → Instance 64/100
2026-04-14 02:41:07 |     → ShapleyFlow (Path Sampling): 238 edges, 5 sources
2026-04-14 02:41:07 |     → Sampling 100 paths/source × 50 trials
2026-04-14 02:41:08 |     → Trial 1/50 completed (~2992 evaluations)
2026-04-14 02:41:21 |     → Trial 10/50 completed (~2927 evaluations)
2026-04-14 02:41:36 |     → Trial 20/50 completed (~2912 evaluations)
2026-04-14 02:41:51 |     → Trial 30/50 completed (~2991 evaluations)
2026-04-14 02:42:06 |     → Trial 40/50 completed (~3033 evaluations)
2026-04-14 02:42:20 |     → Trial 50/50 completed (~2981 evaluations)
2026-04-14 02:42:21 |     → Instance 65/100
2026-04-14 02:42:21 |     → ShapleyFlow (Path Sampling): 238 edges, 5 sources
2026-04-14 02:42:21 |     → Sampling 100 paths/source × 50 trials
2026-04-14 02:42:22 |     → Trial 1/50 completed (~2967 evaluations)
2026-04-14 02:42:35 |     → Trial 10/50 completed (~2955 evaluations)
2026-04-14 02:42:50 |     → Trial 20/50 completed (~2951 evaluations)
2026-04-14 02:43:05 |     → Trial 30/50 completed (~2925 evaluations)
2026-04-14 02:43:20 |     → Trial 40/50 completed (~2990 evaluations)
2026-04-14 02:43:34 |     → Trial 50/50 completed (~2966 evaluations)
2026-04-14 02:43:35 |     → Instance 66/100
2026-04-14 02:43:35 |     → ShapleyFlow (Path Sampling): 238 edges, 5 sources
2026-04-14 02:43:35 |     → Sampling 100 paths/source × 50 trials
2026-04-14 02:43:36 |     → Trial 1/50 completed (~2953 evaluations)
2026-04-14 02:43:49 |     → Trial 10/50 completed (~2987 evaluations)
2026-04-14 02:44:04 |     → Trial 20/50 completed (~2963 evaluations)
2026-04-14 02:44:19 |     → Trial 30/50 completed (~3025 evaluations)
2026-04-14 02:44:34 |     → Trial 40/50 completed (~2953 evaluations)
2026-04-14 02:44:49 |     → Trial 50/50 completed (~3004 evaluations)
2026-04-14 02:44:49 |     → Instance 67/100
2026-04-14 02:44:49 |     → ShapleyFlow (Path Sampling): 238 edges, 5 sources
2026-04-14 02:44:49 |     → Sampling 100 paths/source × 50 trials
2026-04-14 02:44:50 |     → Trial 1/50 completed (~3070 evaluations)
2026-04-14 02:45:03 |     → Trial 10/50 completed (~2960 evaluations)
2026-04-14 02:45:18 |     → Trial 20/50 completed (~2959 evaluations)
2026-04-14 02:45:33 |     → Trial 30/50 completed (~2998 evaluations)
2026-04-14 02:45:48 |     → Trial 40/50 completed (~2927 evaluations)
2026-04-14 02:46:03 |     → Trial 50/50 completed (~2973 evaluations)
2026-04-14 02:46:03 |     → Instance 68/100
2026-04-14 02:46:03 |     → ShapleyFlow (Path Sampling): 238 edges, 5 sources
2026-04-14 02:46:03 |     → Sampling 100 paths/source × 50 trials
2026-04-14 02:46:04 |     → Trial 1/50 completed (~2895 evaluations)
2026-04-14 02:46:18 |     → Trial 10/50 completed (~3011 evaluations)
2026-04-14 02:46:32 |     → Trial 20/50 completed (~2897 evaluations)
2026-04-14 02:46:47 |     → Trial 30/50 completed (~2970 evaluations)
2026-04-14 02:47:02 |     → Trial 40/50 completed (~2971 evaluations)
2026-04-14 02:47:17 |     → Trial 50/50 completed (~2943 evaluations)
2026-04-14 02:47:17 |     → Instance 69/100
2026-04-14 02:47:17 |     → ShapleyFlow (Path Sampling): 238 edges, 5 sources
2026-04-14 02:47:17 |     → Sampling 100 paths/source × 50 trials
2026-04-14 02:47:18 |     → Trial 1/50 completed (~2986 evaluations)
2026-04-14 02:47:32 |     → Trial 10/50 completed (~2961 evaluations)
2026-04-14 02:47:46 |     → Trial 20/50 completed (~3014 evaluations)
2026-04-14 02:48:01 |     → Trial 30/50 completed (~2927 evaluations)
2026-04-14 02:48:16 |     → Trial 40/50 completed (~2943 evaluations)
2026-04-14 02:48:31 |     → Trial 50/50 completed (~2978 evaluations)
2026-04-14 02:48:31 |     → Instance 70/100
2026-04-14 02:48:31 |     → ShapleyFlow (Path Sampling): 238 edges, 5 sources
2026-04-14 02:48:31 |     → Sampling 100 paths/source × 50 trials
2026-04-14 02:48:32 |     → Trial 1/50 completed (~3029 evaluations)
2026-04-14 02:48:46 |     → Trial 10/50 completed (~2921 evaluations)
2026-04-14 02:49:00 |     → Trial 20/50 completed (~2918 evaluations)
2026-04-14 02:49:15 |     → Trial 30/50 completed (~2988 evaluations)
2026-04-14 02:49:30 |     → Trial 40/50 completed (~2985 evaluations)
2026-04-14 02:49:45 |     → Trial 50/50 completed (~2917 evaluations)
2026-04-14 02:49:45 |     → Instance 71/100
2026-04-14 02:49:45 |     → ShapleyFlow (Path Sampling): 238 edges, 5 sources
2026-04-14 02:49:45 |     → Sampling 100 paths/source × 50 trials
2026-04-14 02:49:46 |     → Trial 1/50 completed (~2980 evaluations)
2026-04-14 02:49:59 |     → Trial 10/50 completed (~2908 evaluations)
2026-04-14 02:50:14 |     → Trial 20/50 completed (~2972 evaluations)
2026-04-14 02:50:29 |     → Trial 30/50 completed (~2909 evaluations)
2026-04-14 02:50:44 |     → Trial 40/50 completed (~2966 evaluations)
2026-04-14 02:50:59 |     → Trial 50/50 completed (~2941 evaluations)
2026-04-14 02:50:59 |     → Instance 72/100
2026-04-14 02:50:59 |     → ShapleyFlow (Path Sampling): 238 edges, 5 sources
2026-04-14 02:50:59 |     → Sampling 100 paths/source × 50 trials
2026-04-14 02:51:00 |     → Trial 1/50 completed (~2961 evaluations)
2026-04-14 02:51:13 |     → Trial 10/50 completed (~2970 evaluations)
2026-04-14 02:51:28 |     → Trial 20/50 completed (~2970 evaluations)
2026-04-14 02:51:43 |     → Trial 30/50 completed (~3004 evaluations)
2026-04-14 02:51:58 |     → Trial 40/50 completed (~2999 evaluations)
2026-04-14 02:52:13 |     → Trial 50/50 completed (~3038 evaluations)
2026-04-14 02:52:13 |     → Instance 73/100
2026-04-14 02:52:13 |     → ShapleyFlow (Path Sampling): 238 edges, 5 sources
2026-04-14 02:52:13 |     → Sampling 100 paths/source × 50 trials
2026-04-14 02:52:14 |     → Trial 1/50 completed (~2994 evaluations)
2026-04-14 02:52:27 |     → Trial 10/50 completed (~2972 evaluations)
2026-04-14 02:52:42 |     → Trial 20/50 completed (~3088 evaluations)
2026-04-14 02:52:57 |     → Trial 30/50 completed (~3060 evaluations)
2026-04-14 02:53:12 |     → Trial 40/50 completed (~2927 evaluations)
2026-04-14 02:53:27 |     → Trial 50/50 completed (~2995 evaluations)
2026-04-14 02:53:27 |     → Instance 74/100
2026-04-14 02:53:27 |     → ShapleyFlow (Path Sampling): 238 edges, 5 sources
2026-04-14 02:53:27 |     → Sampling 100 paths/source × 50 trials
2026-04-14 02:53:28 |     → Trial 1/50 completed (~2906 evaluations)
2026-04-14 02:53:42 |     → Trial 10/50 completed (~2975 evaluations)
2026-04-14 02:53:56 |     → Trial 20/50 completed (~2913 evaluations)
2026-04-14 02:54:11 |     → Trial 30/50 completed (~2962 evaluations)
2026-04-14 02:54:26 |     → Trial 40/50 completed (~3052 evaluations)
2026-04-14 02:54:41 |     → Trial 50/50 completed (~3090 evaluations)
2026-04-14 02:54:41 |     → Instance 75/100
2026-04-14 02:54:41 |     → ShapleyFlow (Path Sampling): 238 edges, 5 sources
2026-04-14 02:54:41 |     → Sampling 100 paths/source × 50 trials
2026-04-14 02:54:42 |     → Trial 1/50 completed (~3033 evaluations)
2026-04-14 02:54:56 |     → Trial 10/50 completed (~2961 evaluations)
2026-04-14 02:55:11 |     → Trial 20/50 completed (~2963 evaluations)
2026-04-14 02:55:25 |     → Trial 30/50 completed (~3005 evaluations)
2026-04-14 02:55:40 |     → Trial 40/50 completed (~2922 evaluations)
2026-04-14 02:55:55 |     → Trial 50/50 completed (~3026 evaluations)
2026-04-14 02:55:55 |     → Instance 76/100
2026-04-14 02:55:55 |     → ShapleyFlow (Path Sampling): 238 edges, 5 sources
2026-04-14 02:55:55 |     → Sampling 100 paths/source × 50 trials
2026-04-14 02:55:57 |     → Trial 1/50 completed (~2985 evaluations)
2026-04-14 02:56:10 |     → Trial 10/50 completed (~3026 evaluations)
2026-04-14 02:56:25 |     → Trial 20/50 completed (~2992 evaluations)
2026-04-14 02:56:40 |     → Trial 30/50 completed (~3003 evaluations)
2026-04-14 02:56:55 |     → Trial 40/50 completed (~2934 evaluations)
2026-04-14 02:57:09 |     → Trial 50/50 completed (~2966 evaluations)
2026-04-14 02:57:09 |     → Instance 77/100
2026-04-14 02:57:09 |     → ShapleyFlow (Path Sampling): 238 edges, 5 sources
2026-04-14 02:57:09 |     → Sampling 100 paths/source × 50 trials
2026-04-14 02:57:11 |     → Trial 1/50 completed (~2891 evaluations)
2026-04-14 02:57:24 |     → Trial 10/50 completed (~2957 evaluations)
2026-04-14 02:57:39 |     → Trial 20/50 completed (~2918 evaluations)
2026-04-14 02:57:54 |     → Trial 30/50 completed (~2924 evaluations)
2026-04-14 02:58:08 |     → Trial 40/50 completed (~2939 evaluations)
2026-04-14 02:58:23 |     → Trial 50/50 completed (~2899 evaluations)
2026-04-14 02:58:23 |     → Instance 78/100
2026-04-14 02:58:23 |     → ShapleyFlow (Path Sampling): 238 edges, 5 sources
2026-04-14 02:58:23 |     → Sampling 100 paths/source × 50 trials
2026-04-14 02:58:25 |     → Trial 1/50 completed (~3025 evaluations)
2026-04-14 02:58:38 |     → Trial 10/50 completed (~3028 evaluations)
2026-04-14 02:58:53 |     → Trial 20/50 completed (~2972 evaluations)
2026-04-14 02:59:08 |     → Trial 30/50 completed (~3072 evaluations)
2026-04-14 02:59:23 |     → Trial 40/50 completed (~3038 evaluations)
2026-04-14 02:59:37 |     → Trial 50/50 completed (~2896 evaluations)
2026-04-14 02:59:37 |     → Instance 79/100
2026-04-14 02:59:37 |     → ShapleyFlow (Path Sampling): 238 edges, 5 sources
2026-04-14 02:59:37 |     → Sampling 100 paths/source × 50 trials
2026-04-14 02:59:39 |     → Trial 1/50 completed (~3060 evaluations)
2026-04-14 02:59:52 |     → Trial 10/50 completed (~2943 evaluations)
2026-04-14 03:00:07 |     → Trial 20/50 completed (~2929 evaluations)
2026-04-14 03:00:21 |     → Trial 30/50 completed (~2937 evaluations)
2026-04-14 03:00:36 |     → Trial 40/50 completed (~2960 evaluations)
2026-04-14 03:00:51 |     → Trial 50/50 completed (~2931 evaluations)
2026-04-14 03:00:51 |     → Instance 80/100
2026-04-14 03:00:51 |     → ShapleyFlow (Path Sampling): 238 edges, 5 sources
2026-04-14 03:00:51 |     → Sampling 100 paths/source × 50 trials
2026-04-14 03:00:53 |     → Trial 1/50 completed (~2966 evaluations)
2026-04-14 03:01:06 |     → Trial 10/50 completed (~2988 evaluations)
2026-04-14 03:01:21 |     → Trial 20/50 completed (~3014 evaluations)
2026-04-14 03:01:35 |     → Trial 30/50 completed (~2925 evaluations)
2026-04-14 03:01:50 |     → Trial 40/50 completed (~2936 evaluations)
2026-04-14 03:02:05 |     → Trial 50/50 completed (~2977 evaluations)
2026-04-14 03:02:05 |     → Instance 81/100
2026-04-14 03:02:05 |     → ShapleyFlow (Path Sampling): 238 edges, 5 sources
2026-04-14 03:02:05 |     → Sampling 100 paths/source × 50 trials
2026-04-14 03:02:07 |     → Trial 1/50 completed (~2994 evaluations)
2026-04-14 03:02:20 |     → Trial 10/50 completed (~3057 evaluations)
2026-04-14 03:02:35 |     → Trial 20/50 completed (~3052 evaluations)
2026-04-14 03:02:50 |     → Trial 30/50 completed (~2994 evaluations)
2026-04-14 03:03:05 |     → Trial 40/50 completed (~2975 evaluations)
2026-04-14 03:03:20 |     → Trial 50/50 completed (~3011 evaluations)
2026-04-14 03:03:20 |     → Instance 82/100
2026-04-14 03:03:20 |     → ShapleyFlow (Path Sampling): 238 edges, 5 sources
2026-04-14 03:03:20 |     → Sampling 100 paths/source × 50 trials
2026-04-14 03:03:21 |     → Trial 1/50 completed (~2909 evaluations)
2026-04-14 03:03:34 |     → Trial 10/50 completed (~2909 evaluations)
2026-04-14 03:03:49 |     → Trial 20/50 completed (~2945 evaluations)
2026-04-14 03:04:04 |     → Trial 30/50 completed (~3034 evaluations)
2026-04-14 03:04:19 |     → Trial 40/50 completed (~2932 evaluations)
2026-04-14 03:04:34 |     → Trial 50/50 completed (~2926 evaluations)
2026-04-14 03:04:34 |     → Instance 83/100
2026-04-14 03:04:34 |     → ShapleyFlow (Path Sampling): 238 edges, 5 sources
2026-04-14 03:04:34 |     → Sampling 100 paths/source × 50 trials
2026-04-14 03:04:35 |     → Trial 1/50 completed (~2961 evaluations)
2026-04-14 03:04:49 |     → Trial 10/50 completed (~2967 evaluations)
2026-04-14 03:05:04 |     → Trial 20/50 completed (~2897 evaluations)
2026-04-14 03:05:18 |     → Trial 30/50 completed (~2988 evaluations)
2026-04-14 03:05:33 |     → Trial 40/50 completed (~2981 evaluations)
2026-04-14 03:05:48 |     → Trial 50/50 completed (~2954 evaluations)
2026-04-14 03:05:48 |     → Instance 84/100
2026-04-14 03:05:48 |     → ShapleyFlow (Path Sampling): 238 edges, 5 sources
2026-04-14 03:05:48 |     → Sampling 100 paths/source × 50 trials
2026-04-14 03:05:50 |     → Trial 1/50 completed (~2939 evaluations)
2026-04-14 03:06:03 |     → Trial 10/50 completed (~2976 evaluations)
2026-04-14 03:06:18 |     → Trial 20/50 completed (~3034 evaluations)
2026-04-14 03:06:33 |     → Trial 30/50 completed (~2983 evaluations)
2026-04-14 03:06:47 |     → Trial 40/50 completed (~2987 evaluations)
2026-04-14 03:07:02 |     → Trial 50/50 completed (~2975 evaluations)
2026-04-14 03:07:02 |     → Instance 85/100
2026-04-14 03:07:02 |     → ShapleyFlow (Path Sampling): 238 edges, 5 sources
2026-04-14 03:07:02 |     → Sampling 100 paths/source × 50 trials
2026-04-14 03:07:04 |     → Trial 1/50 completed (~2964 evaluations)
2026-04-14 03:07:17 |     → Trial 10/50 completed (~2949 evaluations)
2026-04-14 03:07:32 |     → Trial 20/50 completed (~2965 evaluations)
2026-04-14 03:07:47 |     → Trial 30/50 completed (~2928 evaluations)
2026-04-14 03:08:02 |     → Trial 40/50 completed (~2954 evaluations)
2026-04-14 03:08:16 |     → Trial 50/50 completed (~2961 evaluations)
2026-04-14 03:08:16 |     → Instance 86/100
2026-04-14 03:08:16 |     → ShapleyFlow (Path Sampling): 238 edges, 5 sources
2026-04-14 03:08:16 |     → Sampling 100 paths/source × 50 trials
2026-04-14 03:08:18 |     → Trial 1/50 completed (~3032 evaluations)
2026-04-14 03:08:31 |     → Trial 10/50 completed (~2943 evaluations)
2026-04-14 03:08:46 |     → Trial 20/50 completed (~2956 evaluations)
2026-04-14 03:09:01 |     → Trial 30/50 completed (~2957 evaluations)
2026-04-14 03:09:16 |     → Trial 40/50 completed (~2964 evaluations)
2026-04-14 03:09:31 |     → Trial 50/50 completed (~3036 evaluations)
2026-04-14 03:09:31 |     → Instance 87/100
2026-04-14 03:09:31 |     → ShapleyFlow (Path Sampling): 238 edges, 5 sources
2026-04-14 03:09:31 |     → Sampling 100 paths/source × 50 trials
2026-04-14 03:09:32 |     → Trial 1/50 completed (~2946 evaluations)
2026-04-14 03:09:45 |     → Trial 10/50 completed (~2901 evaluations)
2026-04-14 03:10:00 |     → Trial 20/50 completed (~2927 evaluations)
2026-04-14 03:10:15 |     → Trial 30/50 completed (~3051 evaluations)
2026-04-14 03:10:30 |     → Trial 40/50 completed (~2986 evaluations)
2026-04-14 03:10:45 |     → Trial 50/50 completed (~3048 evaluations)
2026-04-14 03:10:45 |     → Instance 88/100
2026-04-14 03:10:45 |     → ShapleyFlow (Path Sampling): 238 edges, 5 sources
2026-04-14 03:10:45 |     → Sampling 100 paths/source × 50 trials
2026-04-14 03:10:46 |     → Trial 1/50 completed (~2878 evaluations)
2026-04-14 03:11:00 |     → Trial 10/50 completed (~2962 evaluations)
2026-04-14 03:11:14 |     → Trial 20/50 completed (~2936 evaluations)
2026-04-14 03:11:29 |     → Trial 30/50 completed (~3032 evaluations)
2026-04-14 03:11:44 |     → Trial 40/50 completed (~2986 evaluations)
2026-04-14 03:11:59 |     → Trial 50/50 completed (~2980 evaluations)
2026-04-14 03:11:59 |     → Instance 89/100
2026-04-14 03:11:59 |     → ShapleyFlow (Path Sampling): 238 edges, 5 sources
2026-04-14 03:11:59 |     → Sampling 100 paths/source × 50 trials
2026-04-14 03:12:00 |     → Trial 1/50 completed (~2958 evaluations)
2026-04-14 03:12:14 |     → Trial 10/50 completed (~2996 evaluations)
2026-04-14 03:12:28 |     → Trial 20/50 completed (~2969 evaluations)
2026-04-14 03:12:43 |     → Trial 30/50 completed (~2933 evaluations)
2026-04-14 03:12:58 |     → Trial 40/50 completed (~2994 evaluations)
2026-04-14 03:13:13 |     → Trial 50/50 completed (~2988 evaluations)
2026-04-14 03:13:13 |     → Instance 90/100
2026-04-14 03:13:13 |     → ShapleyFlow (Path Sampling): 238 edges, 5 sources
2026-04-14 03:13:13 |     → Sampling 100 paths/source × 50 trials
2026-04-14 03:13:14 |     → Trial 1/50 completed (~3055 evaluations)
2026-04-14 03:13:28 |     → Trial 10/50 completed (~2953 evaluations)
2026-04-14 03:13:43 |     → Trial 20/50 completed (~2976 evaluations)
2026-04-14 03:13:57 |     → Trial 30/50 completed (~2939 evaluations)
2026-04-14 03:14:12 |     → Trial 40/50 completed (~2959 evaluations)
2026-04-14 03:14:27 |     → Trial 50/50 completed (~2999 evaluations)
2026-04-14 03:14:27 |     → Instance 91/100
2026-04-14 03:14:27 |     → ShapleyFlow (Path Sampling): 238 edges, 5 sources
2026-04-14 03:14:27 |     → Sampling 100 paths/source × 50 trials
2026-04-14 03:14:28 |     → Trial 1/50 completed (~2942 evaluations)
2026-04-14 03:14:42 |     → Trial 10/50 completed (~2980 evaluations)
2026-04-14 03:14:57 |     → Trial 20/50 completed (~2953 evaluations)
2026-04-14 03:15:12 |     → Trial 30/50 completed (~3033 evaluations)
2026-04-14 03:15:26 |     → Trial 40/50 completed (~2937 evaluations)
2026-04-14 03:15:41 |     → Trial 50/50 completed (~2948 evaluations)
2026-04-14 03:15:41 |     → Instance 92/100
2026-04-14 03:15:41 |     → ShapleyFlow (Path Sampling): 238 edges, 5 sources
2026-04-14 03:15:41 |     → Sampling 100 paths/source × 50 trials
2026-04-14 03:15:43 |     → Trial 1/50 completed (~2925 evaluations)
2026-04-14 03:15:56 |     → Trial 10/50 completed (~2993 evaluations)
2026-04-14 03:16:11 |     → Trial 20/50 completed (~2990 evaluations)
2026-04-14 03:16:26 |     → Trial 30/50 completed (~3005 evaluations)
2026-04-14 03:16:40 |     → Trial 40/50 completed (~2965 evaluations)
2026-04-14 03:16:55 |     → Trial 50/50 completed (~3050 evaluations)
2026-04-14 03:16:55 |     → Instance 93/100
2026-04-14 03:16:55 |     → ShapleyFlow (Path Sampling): 238 edges, 5 sources
2026-04-14 03:16:55 |     → Sampling 100 paths/source × 50 trials
2026-04-14 03:16:57 |     → Trial 1/50 completed (~2968 evaluations)
2026-04-14 03:17:10 |     → Trial 10/50 completed (~3031 evaluations)
2026-04-14 03:17:25 |     → Trial 20/50 completed (~2947 evaluations)
2026-04-14 03:17:40 |     → Trial 30/50 completed (~2896 evaluations)
2026-04-14 03:17:54 |     → Trial 40/50 completed (~2952 evaluations)
2026-04-14 03:18:09 |     → Trial 50/50 completed (~2955 evaluations)
2026-04-14 03:18:09 |     → Instance 94/100
2026-04-14 03:18:09 |     → ShapleyFlow (Path Sampling): 238 edges, 5 sources
2026-04-14 03:18:09 |     → Sampling 100 paths/source × 50 trials
2026-04-14 03:18:11 |     → Trial 1/50 completed (~3000 evaluations)
2026-04-14 03:18:24 |     → Trial 10/50 completed (~2955 evaluations)
2026-04-14 03:18:39 |     → Trial 20/50 completed (~2959 evaluations)
2026-04-14 03:18:54 |     → Trial 30/50 completed (~2980 evaluations)
2026-04-14 03:19:08 |     → Trial 40/50 completed (~2984 evaluations)
2026-04-14 03:19:23 |     → Trial 50/50 completed (~2989 evaluations)
2026-04-14 03:19:23 |     → Instance 95/100
2026-04-14 03:19:23 |     → ShapleyFlow (Path Sampling): 238 edges, 5 sources
2026-04-14 03:19:23 |     → Sampling 100 paths/source × 50 trials
2026-04-14 03:19:25 |     → Trial 1/50 completed (~2935 evaluations)
2026-04-14 03:19:38 |     → Trial 10/50 completed (~2918 evaluations)
2026-04-14 03:19:53 |     → Trial 20/50 completed (~2930 evaluations)
2026-04-14 03:20:08 |     → Trial 30/50 completed (~2952 evaluations)
2026-04-14 03:20:23 |     → Trial 40/50 completed (~2970 evaluations)
2026-04-14 03:20:37 |     → Trial 50/50 completed (~2923 evaluations)
2026-04-14 03:20:37 |     → Instance 96/100
2026-04-14 03:20:37 |     → ShapleyFlow (Path Sampling): 238 edges, 5 sources
2026-04-14 03:20:37 |     → Sampling 100 paths/source × 50 trials
2026-04-14 03:20:39 |     → Trial 1/50 completed (~2982 evaluations)
2026-04-14 03:20:52 |     → Trial 10/50 completed (~2951 evaluations)
2026-04-14 03:21:07 |     → Trial 20/50 completed (~2977 evaluations)
2026-04-14 03:21:22 |     → Trial 30/50 completed (~3053 evaluations)
2026-04-14 03:21:37 |     → Trial 40/50 completed (~2997 evaluations)
2026-04-14 03:21:51 |     → Trial 50/50 completed (~2968 evaluations)
2026-04-14 03:21:51 |     → Instance 97/100
2026-04-14 03:21:51 |     → ShapleyFlow (Path Sampling): 238 edges, 5 sources
2026-04-14 03:21:51 |     → Sampling 100 paths/source × 50 trials
2026-04-14 03:21:53 |     → Trial 1/50 completed (~2981 evaluations)
2026-04-14 03:22:06 |     → Trial 10/50 completed (~3035 evaluations)
2026-04-14 03:22:21 |     → Trial 20/50 completed (~2946 evaluations)
2026-04-14 03:22:36 |     → Trial 30/50 completed (~2943 evaluations)
2026-04-14 03:22:51 |     → Trial 40/50 completed (~2973 evaluations)
2026-04-14 03:23:05 |     → Trial 50/50 completed (~2938 evaluations)
2026-04-14 03:23:06 |     → Instance 98/100
2026-04-14 03:23:06 |     → ShapleyFlow (Path Sampling): 238 edges, 5 sources
2026-04-14 03:23:06 |     → Sampling 100 paths/source × 50 trials
2026-04-14 03:23:07 |     → Trial 1/50 completed (~2878 evaluations)
2026-04-14 03:23:20 |     → Trial 10/50 completed (~3043 evaluations)
2026-04-14 03:23:35 |     → Trial 20/50 completed (~2971 evaluations)
2026-04-14 03:23:50 |     → Trial 30/50 completed (~3007 evaluations)
2026-04-14 03:24:05 |     → Trial 40/50 completed (~3044 evaluations)
2026-04-14 03:24:20 |     → Trial 50/50 completed (~2991 evaluations)
2026-04-14 03:24:20 |     → Instance 99/100
2026-04-14 03:24:20 |     → ShapleyFlow (Path Sampling): 238 edges, 5 sources
2026-04-14 03:24:20 |     → Sampling 100 paths/source × 50 trials
2026-04-14 03:24:21 |     → Trial 1/50 completed (~2964 evaluations)
2026-04-14 03:24:34 |     → Trial 10/50 completed (~2953 evaluations)
2026-04-14 03:24:49 |     → Trial 20/50 completed (~3051 evaluations)
2026-04-14 03:25:04 |     → Trial 30/50 completed (~3000 evaluations)
2026-04-14 03:25:19 |     → Trial 40/50 completed (~3000 evaluations)
2026-04-14 03:25:33 |     → Trial 50/50 completed (~2913 evaluations)
2026-04-14 03:25:34 |     → Instance 100/100
2026-04-14 03:25:34 |     → ShapleyFlow (Path Sampling): 238 edges, 5 sources
2026-04-14 03:25:34 |     → Sampling 100 paths/source × 50 trials
2026-04-14 03:25:35 |     → Trial 1/50 completed (~3067 evaluations)
2026-04-14 03:25:48 |     → Trial 10/50 completed (~2923 evaluations)
2026-04-14 03:26:03 |     → Trial 20/50 completed (~2951 evaluations)
2026-04-14 03:26:18 |     → Trial 30/50 completed (~2977 evaluations)
2026-04-14 03:26:33 |     → Trial 40/50 completed (~2932 evaluations)
2026-04-14 03:26:48 |     → Trial 50/50 completed (~2915 evaluations)
2026-04-14 03:26:48 |     → All instances completed
2026-04-14 03:26:48 |   ✓ Completed mixed_no_conf_f50_s1000_p50 in 214.5 minutes
2026-04-14 03:26:48 | 
[Dataset 2/2] Processing mixed_conf_f50_s1000_p50
2026-04-14 03:26:48 |   [Progress: 1/7] LGBM - ShapleyFromScratch
2026-04-14 03:29:14 |   [Progress: 2/7] LGBM + PC - AsymmetricShapley
2026-04-14 03:29:14 |  Calculating asymmetric SHAP values using Frye method
2026-04-14 03:31:41 |   [Progress: 3/7] LGBM + PC - CausalShapley (SLOW - uses 10 inner samples)
2026-04-14 03:56:02 |   [Progress: 4/7] LGBM + PC - ShapleyFlow
2026-04-14 03:56:02 |     → ShapleyFlowWrapper: 51 features, 97 edges, 4 sources
2026-04-14 03:56:02 |     → Computing Shapley Flow for 100 instances...
2026-04-14 03:56:02 |     → Instance 1/100
2026-04-14 03:56:02 |     → ShapleyFlow (Path Sampling): 97 edges, 4 sources
2026-04-14 03:56:02 |     → Sampling 100 paths/source × 50 trials
2026-04-14 03:56:03 |     → Trial 1/50 completed (~1539 evaluations)
2026-04-14 03:56:10 |     → Trial 10/50 completed (~1581 evaluations)
2026-04-14 03:56:17 |     → Trial 20/50 completed (~1560 evaluations)
2026-04-14 03:56:25 |     → Trial 30/50 completed (~1608 evaluations)
2026-04-14 03:56:33 |     → Trial 40/50 completed (~1528 evaluations)
2026-04-14 03:56:40 |     → Trial 50/50 completed (~1631 evaluations)
2026-04-14 03:56:40 |     → Instance 2/100
2026-04-14 03:56:40 |     → ShapleyFlow (Path Sampling): 97 edges, 4 sources
2026-04-14 03:56:40 |     → Sampling 100 paths/source × 50 trials
2026-04-14 03:56:41 |     → Trial 1/50 completed (~1568 evaluations)
2026-04-14 03:56:48 |     → Trial 10/50 completed (~1560 evaluations)
2026-04-14 03:56:55 |     → Trial 20/50 completed (~1602 evaluations)
2026-04-14 03:57:03 |     → Trial 30/50 completed (~1603 evaluations)
2026-04-14 03:57:10 |     → Trial 40/50 completed (~1622 evaluations)
2026-04-14 03:57:18 |     → Trial 50/50 completed (~1583 evaluations)
2026-04-14 03:57:18 |     → Instance 3/100
2026-04-14 03:57:18 |     → ShapleyFlow (Path Sampling): 97 edges, 4 sources
2026-04-14 03:57:18 |     → Sampling 100 paths/source × 50 trials
2026-04-14 03:57:19 |     → Trial 1/50 completed (~1572 evaluations)
2026-04-14 03:57:26 |     → Trial 10/50 completed (~1597 evaluations)
2026-04-14 03:57:33 |     → Trial 20/50 completed (~1626 evaluations)
2026-04-14 03:57:41 |     → Trial 30/50 completed (~1579 evaluations)
2026-04-14 03:57:48 |     → Trial 40/50 completed (~1586 evaluations)
2026-04-14 03:57:56 |     → Trial 50/50 completed (~1589 evaluations)
2026-04-14 03:57:56 |     → Instance 4/100
2026-04-14 03:57:56 |     → ShapleyFlow (Path Sampling): 97 edges, 4 sources
2026-04-14 03:57:56 |     → Sampling 100 paths/source × 50 trials
2026-04-14 03:57:57 |     → Trial 1/50 completed (~1564 evaluations)
2026-04-14 03:58:04 |     → Trial 10/50 completed (~1660 evaluations)
2026-04-14 03:58:11 |     → Trial 20/50 completed (~1621 evaluations)
2026-04-14 03:58:19 |     → Trial 30/50 completed (~1582 evaluations)
2026-04-14 03:58:26 |     → Trial 40/50 completed (~1600 evaluations)
2026-04-14 03:58:34 |     → Trial 50/50 completed (~1535 evaluations)
2026-04-14 03:58:34 |     → Instance 5/100
2026-04-14 03:58:34 |     → ShapleyFlow (Path Sampling): 97 edges, 4 sources
2026-04-14 03:58:34 |     → Sampling 100 paths/source × 50 trials
2026-04-14 03:58:35 |     → Trial 1/50 completed (~1596 evaluations)
2026-04-14 03:58:42 |     → Trial 10/50 completed (~1570 evaluations)
2026-04-14 03:58:49 |     → Trial 20/50 completed (~1603 evaluations)
2026-04-14 03:58:57 |     → Trial 30/50 completed (~1620 evaluations)
2026-04-14 03:59:04 |     → Trial 40/50 completed (~1616 evaluations)
2026-04-14 03:59:12 |     → Trial 50/50 completed (~1592 evaluations)
2026-04-14 03:59:12 |     → Instance 6/100
2026-04-14 03:59:12 |     → ShapleyFlow (Path Sampling): 97 edges, 4 sources
2026-04-14 03:59:12 |     → Sampling 100 paths/source × 50 trials
2026-04-14 03:59:13 |     → Trial 1/50 completed (~1590 evaluations)
2026-04-14 03:59:20 |     → Trial 10/50 completed (~1589 evaluations)
2026-04-14 03:59:27 |     → Trial 20/50 completed (~1594 evaluations)
2026-04-14 03:59:35 |     → Trial 30/50 completed (~1580 evaluations)
2026-04-14 03:59:42 |     → Trial 40/50 completed (~1587 evaluations)
2026-04-14 03:59:50 |     → Trial 50/50 completed (~1559 evaluations)
2026-04-14 03:59:50 |     → Instance 7/100
2026-04-14 03:59:50 |     → ShapleyFlow (Path Sampling): 97 edges, 4 sources
2026-04-14 03:59:50 |     → Sampling 100 paths/source × 50 trials
2026-04-14 03:59:51 |     → Trial 1/50 completed (~1611 evaluations)
2026-04-14 03:59:58 |     → Trial 10/50 completed (~1495 evaluations)
2026-04-14 04:00:05 |     → Trial 20/50 completed (~1629 evaluations)
2026-04-14 04:00:13 |     → Trial 30/50 completed (~1600 evaluations)
2026-04-14 04:00:21 |     → Trial 40/50 completed (~1602 evaluations)
2026-04-14 04:00:28 |     → Trial 50/50 completed (~1594 evaluations)
2026-04-14 04:00:28 |     → Instance 8/100
2026-04-14 04:00:28 |     → ShapleyFlow (Path Sampling): 97 edges, 4 sources
2026-04-14 04:00:28 |     → Sampling 100 paths/source × 50 trials
2026-04-14 04:00:29 |     → Trial 1/50 completed (~1628 evaluations)
2026-04-14 04:00:36 |     → Trial 10/50 completed (~1611 evaluations)
2026-04-14 04:00:44 |     → Trial 20/50 completed (~1603 evaluations)
2026-04-14 04:00:51 |     → Trial 30/50 completed (~1589 evaluations)
2026-04-14 04:00:59 |     → Trial 40/50 completed (~1584 evaluations)
2026-04-14 04:01:06 |     → Trial 50/50 completed (~1561 evaluations)
2026-04-14 04:01:06 |     → Instance 9/100
2026-04-14 04:01:06 |     → ShapleyFlow (Path Sampling): 97 edges, 4 sources
2026-04-14 04:01:06 |     → Sampling 100 paths/source × 50 trials
2026-04-14 04:01:07 |     → Trial 1/50 completed (~1542 evaluations)
2026-04-14 04:01:14 |     → Trial 10/50 completed (~1604 evaluations)
2026-04-14 04:01:22 |     → Trial 20/50 completed (~1602 evaluations)
2026-04-14 04:01:29 |     → Trial 30/50 completed (~1558 evaluations)
2026-04-14 04:01:37 |     → Trial 40/50 completed (~1608 evaluations)
2026-04-14 04:01:45 |     → Trial 50/50 completed (~1613 evaluations)
2026-04-14 04:01:45 |     → Instance 10/100
2026-04-14 04:01:45 |     → ShapleyFlow (Path Sampling): 97 edges, 4 sources
2026-04-14 04:01:45 |     → Sampling 100 paths/source × 50 trials
2026-04-14 04:01:45 |     → Trial 1/50 completed (~1577 evaluations)
2026-04-14 04:01:52 |     → Trial 10/50 completed (~1577 evaluations)
2026-04-14 04:02:00 |     → Trial 20/50 completed (~1605 evaluations)
2026-04-14 04:02:08 |     → Trial 30/50 completed (~1596 evaluations)
2026-04-14 04:02:15 |     → Trial 40/50 completed (~1586 evaluations)
2026-04-14 04:02:23 |     → Trial 50/50 completed (~1546 evaluations)
2026-04-14 04:02:23 |     → Instance 11/100
2026-04-14 04:02:23 |     → ShapleyFlow (Path Sampling): 97 edges, 4 sources
2026-04-14 04:02:23 |     → Sampling 100 paths/source × 50 trials
2026-04-14 04:02:24 |     → Trial 1/50 completed (~1586 evaluations)
2026-04-14 04:02:31 |     → Trial 10/50 completed (~1629 evaluations)
2026-04-14 04:02:38 |     → Trial 20/50 completed (~1537 evaluations)
2026-04-14 04:02:46 |     → Trial 30/50 completed (~1581 evaluations)
2026-04-14 04:02:53 |     → Trial 40/50 completed (~1583 evaluations)
2026-04-14 04:03:01 |     → Trial 50/50 completed (~1566 evaluations)
2026-04-14 04:03:01 |     → Instance 12/100
2026-04-14 04:03:01 |     → ShapleyFlow (Path Sampling): 97 edges, 4 sources
2026-04-14 04:03:01 |     → Sampling 100 paths/source × 50 trials
2026-04-14 04:03:02 |     → Trial 1/50 completed (~1523 evaluations)
2026-04-14 04:03:09 |     → Trial 10/50 completed (~1558 evaluations)
2026-04-14 04:03:16 |     → Trial 20/50 completed (~1535 evaluations)
2026-04-14 04:03:24 |     → Trial 30/50 completed (~1609 evaluations)
2026-04-14 04:03:32 |     → Trial 40/50 completed (~1569 evaluations)
2026-04-14 04:03:39 |     → Trial 50/50 completed (~1540 evaluations)
2026-04-14 04:03:39 |     → Instance 13/100
2026-04-14 04:03:39 |     → ShapleyFlow (Path Sampling): 97 edges, 4 sources
2026-04-14 04:03:39 |     → Sampling 100 paths/source × 50 trials
2026-04-14 04:03:40 |     → Trial 1/50 completed (~1579 evaluations)
2026-04-14 04:03:47 |     → Trial 10/50 completed (~1605 evaluations)
2026-04-14 04:03:54 |     → Trial 20/50 completed (~1605 evaluations)
2026-04-14 04:04:02 |     → Trial 30/50 completed (~1575 evaluations)
2026-04-14 04:04:10 |     → Trial 40/50 completed (~1594 evaluations)
2026-04-14 04:04:17 |     → Trial 50/50 completed (~1584 evaluations)
2026-04-14 04:04:17 |     → Instance 14/100
2026-04-14 04:04:17 |     → ShapleyFlow (Path Sampling): 97 edges, 4 sources
2026-04-14 04:04:17 |     → Sampling 100 paths/source × 50 trials
2026-04-14 04:04:18 |     → Trial 1/50 completed (~1561 evaluations)
2026-04-14 04:04:25 |     → Trial 10/50 completed (~1559 evaluations)
2026-04-14 04:04:33 |     → Trial 20/50 completed (~1533 evaluations)
2026-04-14 04:04:41 |     → Trial 30/50 completed (~1573 evaluations)
2026-04-14 04:04:48 |     → Trial 40/50 completed (~1604 evaluations)
2026-04-14 04:04:56 |     → Trial 50/50 completed (~1604 evaluations)
2026-04-14 04:04:56 |     → Instance 15/100
2026-04-14 04:04:56 |     → ShapleyFlow (Path Sampling): 97 edges, 4 sources
2026-04-14 04:04:56 |     → Sampling 100 paths/source × 50 trials
2026-04-14 04:04:57 |     → Trial 1/50 completed (~1591 evaluations)
2026-04-14 04:05:04 |     → Trial 10/50 completed (~1578 evaluations)
2026-04-14 04:05:11 |     → Trial 20/50 completed (~1614 evaluations)
2026-04-14 04:05:19 |     → Trial 30/50 completed (~1541 evaluations)
2026-04-14 04:05:26 |     → Trial 40/50 completed (~1567 evaluations)
2026-04-14 04:05:34 |     → Trial 50/50 completed (~1569 evaluations)
2026-04-14 04:05:34 |     → Instance 16/100
2026-04-14 04:05:34 |     → ShapleyFlow (Path Sampling): 97 edges, 4 sources
2026-04-14 04:05:34 |     → Sampling 100 paths/source × 50 trials
2026-04-14 04:05:35 |     → Trial 1/50 completed (~1511 evaluations)
2026-04-14 04:05:42 |     → Trial 10/50 completed (~1604 evaluations)
2026-04-14 04:05:49 |     → Trial 20/50 completed (~1560 evaluations)
2026-04-14 04:05:57 |     → Trial 30/50 completed (~1558 evaluations)
2026-04-14 04:06:05 |     → Trial 40/50 completed (~1560 evaluations)
2026-04-14 04:06:12 |     → Trial 50/50 completed (~1591 evaluations)
2026-04-14 04:06:12 |     → Instance 17/100
2026-04-14 04:06:12 |     → ShapleyFlow (Path Sampling): 97 edges, 4 sources
2026-04-14 04:06:12 |     → Sampling 100 paths/source × 50 trials
2026-04-14 04:06:13 |     → Trial 1/50 completed (~1633 evaluations)
2026-04-14 04:06:20 |     → Trial 10/50 completed (~1559 evaluations)
2026-04-14 04:06:28 |     → Trial 20/50 completed (~1596 evaluations)
2026-04-14 04:06:35 |     → Trial 30/50 completed (~1561 evaluations)
2026-04-14 04:06:43 |     → Trial 40/50 completed (~1580 evaluations)
2026-04-14 04:06:51 |     → Trial 50/50 completed (~1640 evaluations)
2026-04-14 04:06:51 |     → Instance 18/100
2026-04-14 04:06:51 |     → ShapleyFlow (Path Sampling): 97 edges, 4 sources
2026-04-14 04:06:51 |     → Sampling 100 paths/source × 50 trials
2026-04-14 04:06:51 |     → Trial 1/50 completed (~1582 evaluations)
2026-04-14 04:06:58 |     → Trial 10/50 completed (~1557 evaluations)
2026-04-14 04:07:06 |     → Trial 20/50 completed (~1572 evaluations)
2026-04-14 04:07:14 |     → Trial 30/50 completed (~1573 evaluations)
2026-04-14 04:07:21 |     → Trial 40/50 completed (~1576 evaluations)
2026-04-14 04:07:29 |     → Trial 50/50 completed (~1572 evaluations)
2026-04-14 04:07:29 |     → Instance 19/100
2026-04-14 04:07:29 |     → ShapleyFlow (Path Sampling): 97 edges, 4 sources
2026-04-14 04:07:29 |     → Sampling 100 paths/source × 50 trials
2026-04-14 04:07:30 |     → Trial 1/50 completed (~1553 evaluations)
2026-04-14 04:07:37 |     → Trial 10/50 completed (~1533 evaluations)
2026-04-14 04:07:44 |     → Trial 20/50 completed (~1547 evaluations)
2026-04-14 04:07:52 |     → Trial 30/50 completed (~1526 evaluations)
2026-04-14 04:07:59 |     → Trial 40/50 completed (~1603 evaluations)
2026-04-14 04:08:07 |     → Trial 50/50 completed (~1531 evaluations)
2026-04-14 04:08:07 |     → Instance 20/100
2026-04-14 04:08:07 |     → ShapleyFlow (Path Sampling): 97 edges, 4 sources
2026-04-14 04:08:07 |     → Sampling 100 paths/source × 50 trials
2026-04-14 04:08:08 |     → Trial 1/50 completed (~1603 evaluations)
2026-04-14 04:08:15 |     → Trial 10/50 completed (~1596 evaluations)
2026-04-14 04:08:22 |     → Trial 20/50 completed (~1530 evaluations)
2026-04-14 04:08:30 |     → Trial 30/50 completed (~1614 evaluations)
2026-04-14 04:08:38 |     → Trial 40/50 completed (~1560 evaluations)
2026-04-14 04:08:45 |     → Trial 50/50 completed (~1604 evaluations)
2026-04-14 04:08:45 |     → Instance 21/100
2026-04-14 04:08:45 |     → ShapleyFlow (Path Sampling): 97 edges, 4 sources
2026-04-14 04:08:45 |     → Sampling 100 paths/source × 50 trials
2026-04-14 04:08:46 |     → Trial 1/50 completed (~1623 evaluations)
2026-04-14 04:08:53 |     → Trial 10/50 completed (~1516 evaluations)
2026-04-14 04:09:01 |     → Trial 20/50 completed (~1574 evaluations)
2026-04-14 04:09:08 |     → Trial 30/50 completed (~1521 evaluations)
2026-04-14 04:09:16 |     → Trial 40/50 completed (~1570 evaluations)
2026-04-14 04:09:23 |     → Trial 50/50 completed (~1592 evaluations)
2026-04-14 04:09:23 |     → Instance 22/100
2026-04-14 04:09:23 |     → ShapleyFlow (Path Sampling): 97 edges, 4 sources
2026-04-14 04:09:23 |     → Sampling 100 paths/source × 50 trials
2026-04-14 04:09:24 |     → Trial 1/50 completed (~1607 evaluations)
2026-04-14 04:09:31 |     → Trial 10/50 completed (~1566 evaluations)
2026-04-14 04:09:39 |     → Trial 20/50 completed (~1591 evaluations)
2026-04-14 04:09:46 |     → Trial 30/50 completed (~1602 evaluations)
2026-04-14 04:09:54 |     → Trial 40/50 completed (~1572 evaluations)
2026-04-14 04:10:02 |     → Trial 50/50 completed (~1599 evaluations)
2026-04-14 04:10:02 |     → Instance 23/100
2026-04-14 04:10:02 |     → ShapleyFlow (Path Sampling): 97 edges, 4 sources
2026-04-14 04:10:02 |     → Sampling 100 paths/source × 50 trials
2026-04-14 04:10:02 |     → Trial 1/50 completed (~1589 evaluations)
2026-04-14 04:10:09 |     → Trial 10/50 completed (~1517 evaluations)
2026-04-14 04:10:17 |     → Trial 20/50 completed (~1590 evaluations)
2026-04-14 04:10:24 |     → Trial 30/50 completed (~1641 evaluations)
2026-04-14 04:10:32 |     → Trial 40/50 completed (~1594 evaluations)
2026-04-14 04:10:40 |     → Trial 50/50 completed (~1628 evaluations)
2026-04-14 04:10:40 |     → Instance 24/100
2026-04-14 04:10:40 |     → ShapleyFlow (Path Sampling): 97 edges, 4 sources
2026-04-14 04:10:40 |     → Sampling 100 paths/source × 50 trials
2026-04-14 04:10:41 |     → Trial 1/50 completed (~1601 evaluations)
2026-04-14 04:10:48 |     → Trial 10/50 completed (~1591 evaluations)
2026-04-14 04:10:55 |     → Trial 20/50 completed (~1537 evaluations)
2026-04-14 04:11:03 |     → Trial 30/50 completed (~1597 evaluations)
2026-04-14 04:11:11 |     → Trial 40/50 completed (~1558 evaluations)
2026-04-14 04:11:18 |     → Trial 50/50 completed (~1489 evaluations)
2026-04-14 04:11:18 |     → Instance 25/100
2026-04-14 04:11:18 |     → ShapleyFlow (Path Sampling): 97 edges, 4 sources
2026-04-14 04:11:18 |     → Sampling 100 paths/source × 50 trials
2026-04-14 04:11:19 |     → Trial 1/50 completed (~1632 evaluations)
2026-04-14 04:11:26 |     → Trial 10/50 completed (~1550 evaluations)
2026-04-14 04:11:34 |     → Trial 20/50 completed (~1530 evaluations)
2026-04-14 04:11:41 |     → Trial 30/50 completed (~1604 evaluations)
2026-04-14 04:11:49 |     → Trial 40/50 completed (~1583 evaluations)
2026-04-14 04:11:57 |     → Trial 50/50 completed (~1548 evaluations)
2026-04-14 04:11:57 |     → Instance 26/100
2026-04-14 04:11:57 |     → ShapleyFlow (Path Sampling): 97 edges, 4 sources
2026-04-14 04:11:57 |     → Sampling 100 paths/source × 50 trials
2026-04-14 04:11:57 |     → Trial 1/50 completed (~1561 evaluations)
2026-04-14 04:12:04 |     → Trial 10/50 completed (~1564 evaluations)
2026-04-14 04:12:12 |     → Trial 20/50 completed (~1588 evaluations)
2026-04-14 04:12:19 |     → Trial 30/50 completed (~1565 evaluations)
2026-04-14 04:12:27 |     → Trial 40/50 completed (~1602 evaluations)
2026-04-14 04:12:35 |     → Trial 50/50 completed (~1549 evaluations)
2026-04-14 04:12:35 |     → Instance 27/100
2026-04-14 04:12:35 |     → ShapleyFlow (Path Sampling): 97 edges, 4 sources
2026-04-14 04:12:35 |     → Sampling 100 paths/source × 50 trials
2026-04-14 04:12:35 |     → Trial 1/50 completed (~1599 evaluations)
2026-04-14 04:12:42 |     → Trial 10/50 completed (~1545 evaluations)
2026-04-14 04:12:50 |     → Trial 20/50 completed (~1566 evaluations)
2026-04-14 04:12:57 |     → Trial 30/50 completed (~1572 evaluations)
2026-04-14 04:13:05 |     → Trial 40/50 completed (~1550 evaluations)
2026-04-14 04:13:13 |     → Trial 50/50 completed (~1543 evaluations)
2026-04-14 04:13:13 |     → Instance 28/100
2026-04-14 04:13:13 |     → ShapleyFlow (Path Sampling): 97 edges, 4 sources
2026-04-14 04:13:13 |     → Sampling 100 paths/source × 50 trials
2026-04-14 04:13:13 |     → Trial 1/50 completed (~1602 evaluations)
2026-04-14 04:13:20 |     → Trial 10/50 completed (~1566 evaluations)
2026-04-14 04:13:28 |     → Trial 20/50 completed (~1584 evaluations)
2026-04-14 04:13:36 |     → Trial 30/50 completed (~1594 evaluations)
2026-04-14 04:13:43 |     → Trial 40/50 completed (~1568 evaluations)
2026-04-14 04:13:51 |     → Trial 50/50 completed (~1560 evaluations)
2026-04-14 04:13:51 |     → Instance 29/100
2026-04-14 04:13:51 |     → ShapleyFlow (Path Sampling): 97 edges, 4 sources
2026-04-14 04:13:51 |     → Sampling 100 paths/source × 50 trials
2026-04-14 04:13:52 |     → Trial 1/50 completed (~1588 evaluations)
2026-04-14 04:13:59 |     → Trial 10/50 completed (~1598 evaluations)
2026-04-14 04:14:06 |     → Trial 20/50 completed (~1565 evaluations)
2026-04-14 04:14:14 |     → Trial 30/50 completed (~1559 evaluations)
2026-04-14 04:14:22 |     → Trial 40/50 completed (~1599 evaluations)
2026-04-14 04:14:29 |     → Trial 50/50 completed (~1529 evaluations)
2026-04-14 04:14:29 |     → Instance 30/100
2026-04-14 04:14:29 |     → ShapleyFlow (Path Sampling): 97 edges, 4 sources
2026-04-14 04:14:29 |     → Sampling 100 paths/source × 50 trials
2026-04-14 04:14:30 |     → Trial 1/50 completed (~1576 evaluations)
2026-04-14 04:14:37 |     → Trial 10/50 completed (~1559 evaluations)
2026-04-14 04:14:45 |     → Trial 20/50 completed (~1582 evaluations)
2026-04-14 04:14:52 |     → Trial 30/50 completed (~1547 evaluations)
2026-04-14 04:15:00 |     → Trial 40/50 completed (~1558 evaluations)
2026-04-14 04:15:08 |     → Trial 50/50 completed (~1603 evaluations)
2026-04-14 04:15:08 |     → Instance 31/100
2026-04-14 04:15:08 |     → ShapleyFlow (Path Sampling): 97 edges, 4 sources
2026-04-14 04:15:08 |     → Sampling 100 paths/source × 50 trials
2026-04-14 04:15:09 |     → Trial 1/50 completed (~1639 evaluations)
2026-04-14 04:15:16 |     → Trial 10/50 completed (~1571 evaluations)
2026-04-14 04:15:23 |     → Trial 20/50 completed (~1557 evaluations)
2026-04-14 04:15:31 |     → Trial 30/50 completed (~1563 evaluations)
2026-04-14 04:15:38 |     → Trial 40/50 completed (~1550 evaluations)
2026-04-14 04:15:46 |     → Trial 50/50 completed (~1561 evaluations)
2026-04-14 04:15:46 |     → Instance 32/100
2026-04-14 04:15:46 |     → ShapleyFlow (Path Sampling): 97 edges, 4 sources
2026-04-14 04:15:46 |     → Sampling 100 paths/source × 50 trials
2026-04-14 04:15:47 |     → Trial 1/50 completed (~1589 evaluations)
2026-04-14 04:15:54 |     → Trial 10/50 completed (~1584 evaluations)
2026-04-14 04:16:02 |     → Trial 20/50 completed (~1643 evaluations)
2026-04-14 04:16:09 |     → Trial 30/50 completed (~1570 evaluations)
2026-04-14 04:16:17 |     → Trial 40/50 completed (~1602 evaluations)
2026-04-14 04:16:24 |     → Trial 50/50 completed (~1571 evaluations)
2026-04-14 04:16:24 |     → Instance 33/100
2026-04-14 04:16:24 |     → ShapleyFlow (Path Sampling): 97 edges, 4 sources
2026-04-14 04:16:24 |     → Sampling 100 paths/source × 50 trials
2026-04-14 04:16:25 |     → Trial 1/50 completed (~1598 evaluations)
2026-04-14 04:16:32 |     → Trial 10/50 completed (~1550 evaluations)
2026-04-14 04:16:40 |     → Trial 20/50 completed (~1600 evaluations)
2026-04-14 04:16:47 |     → Trial 30/50 completed (~1578 evaluations)
2026-04-14 04:16:55 |     → Trial 40/50 completed (~1619 evaluations)
2026-04-14 04:17:02 |     → Trial 50/50 completed (~1564 evaluations)
2026-04-14 04:17:02 |     → Instance 34/100
2026-04-14 04:17:02 |     → ShapleyFlow (Path Sampling): 97 edges, 4 sources
2026-04-14 04:17:02 |     → Sampling 100 paths/source × 50 trials
2026-04-14 04:17:03 |     → Trial 1/50 completed (~1569 evaluations)
2026-04-14 04:17:10 |     → Trial 10/50 completed (~1562 evaluations)
2026-04-14 04:17:18 |     → Trial 20/50 completed (~1560 evaluations)
2026-04-14 04:17:25 |     → Trial 30/50 completed (~1617 evaluations)
2026-04-14 04:17:33 |     → Trial 40/50 completed (~1582 evaluations)
2026-04-14 04:17:41 |     → Trial 50/50 completed (~1595 evaluations)
2026-04-14 04:17:41 |     → Instance 35/100
2026-04-14 04:17:41 |     → ShapleyFlow (Path Sampling): 97 edges, 4 sources
2026-04-14 04:17:41 |     → Sampling 100 paths/source × 50 trials
2026-04-14 04:17:42 |     → Trial 1/50 completed (~1566 evaluations)
2026-04-14 04:17:48 |     → Trial 10/50 completed (~1519 evaluations)
2026-04-14 04:17:56 |     → Trial 20/50 completed (~1593 evaluations)
2026-04-14 04:18:04 |     → Trial 30/50 completed (~1629 evaluations)
2026-04-14 04:18:12 |     → Trial 40/50 completed (~1600 evaluations)
2026-04-14 04:18:19 |     → Trial 50/50 completed (~1581 evaluations)
2026-04-14 04:18:19 |     → Instance 36/100
2026-04-14 04:18:19 |     → ShapleyFlow (Path Sampling): 97 edges, 4 sources
2026-04-14 04:18:19 |     → Sampling 100 paths/source × 50 trials
2026-04-14 04:18:20 |     → Trial 1/50 completed (~1594 evaluations)
2026-04-14 04:18:27 |     → Trial 10/50 completed (~1578 evaluations)
2026-04-14 04:18:35 |     → Trial 20/50 completed (~1545 evaluations)
2026-04-14 04:18:42 |     → Trial 30/50 completed (~1604 evaluations)
2026-04-14 04:18:50 |     → Trial 40/50 completed (~1608 evaluations)
2026-04-14 04:18:58 |     → Trial 50/50 completed (~1541 evaluations)
2026-04-14 04:18:58 |     → Instance 37/100
2026-04-14 04:18:58 |     → ShapleyFlow (Path Sampling): 97 edges, 4 sources
2026-04-14 04:18:58 |     → Sampling 100 paths/source × 50 trials
2026-04-14 04:18:58 |     → Trial 1/50 completed (~1576 evaluations)
2026-04-14 04:19:05 |     → Trial 10/50 completed (~1615 evaluations)
2026-04-14 04:19:13 |     → Trial 20/50 completed (~1615 evaluations)
2026-04-14 04:19:21 |     → Trial 30/50 completed (~1633 evaluations)
2026-04-14 04:19:28 |     → Trial 40/50 completed (~1562 evaluations)
2026-04-14 04:19:36 |     → Trial 50/50 completed (~1527 evaluations)
2026-04-14 04:19:36 |     → Instance 38/100
2026-04-14 04:19:36 |     → ShapleyFlow (Path Sampling): 97 edges, 4 sources
2026-04-14 04:19:36 |     → Sampling 100 paths/source × 50 trials
2026-04-14 04:19:37 |     → Trial 1/50 completed (~1622 evaluations)
2026-04-14 04:19:44 |     → Trial 10/50 completed (~1587 evaluations)
2026-04-14 04:19:51 |     → Trial 20/50 completed (~1608 evaluations)
2026-04-14 04:19:59 |     → Trial 30/50 completed (~1616 evaluations)
2026-04-14 04:20:07 |     → Trial 40/50 completed (~1557 evaluations)
2026-04-14 04:20:14 |     → Trial 50/50 completed (~1611 evaluations)
2026-04-14 04:20:14 |     → Instance 39/100
2026-04-14 04:20:14 |     → ShapleyFlow (Path Sampling): 97 edges, 4 sources
2026-04-14 04:20:14 |     → Sampling 100 paths/source × 50 trials
2026-04-14 04:20:15 |     → Trial 1/50 completed (~1577 evaluations)
2026-04-14 04:20:22 |     → Trial 10/50 completed (~1542 evaluations)
2026-04-14 04:20:30 |     → Trial 20/50 completed (~1528 evaluations)
2026-04-14 04:20:37 |     → Trial 30/50 completed (~1583 evaluations)
2026-04-14 04:20:45 |     → Trial 40/50 completed (~1553 evaluations)
2026-04-14 04:20:53 |     → Trial 50/50 completed (~1584 evaluations)
2026-04-14 04:20:53 |     → Instance 40/100
2026-04-14 04:20:53 |     → ShapleyFlow (Path Sampling): 97 edges, 4 sources
2026-04-14 04:20:53 |     → Sampling 100 paths/source × 50 trials
2026-04-14 04:20:53 |     → Trial 1/50 completed (~1540 evaluations)
2026-04-14 04:21:00 |     → Trial 10/50 completed (~1571 evaluations)
2026-04-14 04:21:08 |     → Trial 20/50 completed (~1618 evaluations)
2026-04-14 04:21:16 |     → Trial 30/50 completed (~1513 evaluations)
2026-04-14 04:21:23 |     → Trial 40/50 completed (~1547 evaluations)
2026-04-14 04:21:31 |     → Trial 50/50 completed (~1597 evaluations)
2026-04-14 04:21:31 |     → Instance 41/100
2026-04-14 04:21:31 |     → ShapleyFlow (Path Sampling): 97 edges, 4 sources
2026-04-14 04:21:31 |     → Sampling 100 paths/source × 50 trials
2026-04-14 04:21:32 |     → Trial 1/50 completed (~1516 evaluations)
2026-04-14 04:21:38 |     → Trial 10/50 completed (~1610 evaluations)
2026-04-14 04:21:46 |     → Trial 20/50 completed (~1647 evaluations)
2026-04-14 04:21:54 |     → Trial 30/50 completed (~1585 evaluations)
2026-04-14 04:22:01 |     → Trial 40/50 completed (~1572 evaluations)
2026-04-14 04:22:09 |     → Trial 50/50 completed (~1630 evaluations)
2026-04-14 04:22:09 |     → Instance 42/100
2026-04-14 04:22:09 |     → ShapleyFlow (Path Sampling): 97 edges, 4 sources
2026-04-14 04:22:09 |     → Sampling 100 paths/source × 50 trials
2026-04-14 04:22:10 |     → Trial 1/50 completed (~1549 evaluations)
2026-04-14 04:22:17 |     → Trial 10/50 completed (~1650 evaluations)
2026-04-14 04:22:24 |     → Trial 20/50 completed (~1584 evaluations)
2026-04-14 04:22:32 |     → Trial 30/50 completed (~1567 evaluations)
2026-04-14 04:22:40 |     → Trial 40/50 completed (~1569 evaluations)
2026-04-14 04:22:47 |     → Trial 50/50 completed (~1566 evaluations)
2026-04-14 04:22:47 |     → Instance 43/100
2026-04-14 04:22:47 |     → ShapleyFlow (Path Sampling): 97 edges, 4 sources
2026-04-14 04:22:47 |     → Sampling 100 paths/source × 50 trials
2026-04-14 04:22:48 |     → Trial 1/50 completed (~1581 evaluations)
2026-04-14 04:22:55 |     → Trial 10/50 completed (~1595 evaluations)
2026-04-14 04:23:03 |     → Trial 20/50 completed (~1641 evaluations)
2026-04-14 04:23:10 |     → Trial 30/50 completed (~1557 evaluations)
2026-04-14 04:23:18 |     → Trial 40/50 completed (~1526 evaluations)
2026-04-14 04:23:25 |     → Trial 50/50 completed (~1575 evaluations)
2026-04-14 04:23:25 |     → Instance 44/100
2026-04-14 04:23:25 |     → ShapleyFlow (Path Sampling): 97 edges, 4 sources
2026-04-14 04:23:25 |     → Sampling 100 paths/source × 50 trials
2026-04-14 04:23:26 |     → Trial 1/50 completed (~1607 evaluations)
2026-04-14 04:23:33 |     → Trial 10/50 completed (~1582 evaluations)
2026-04-14 04:23:41 |     → Trial 20/50 completed (~1573 evaluations)
2026-04-14 04:23:48 |     → Trial 30/50 completed (~1541 evaluations)
2026-04-14 04:23:56 |     → Trial 40/50 completed (~1575 evaluations)
2026-04-14 04:24:03 |     → Trial 50/50 completed (~1552 evaluations)
2026-04-14 04:24:03 |     → Instance 45/100
2026-04-14 04:24:03 |     → ShapleyFlow (Path Sampling): 97 edges, 4 sources
2026-04-14 04:24:03 |     → Sampling 100 paths/source × 50 trials
2026-04-14 04:24:04 |     → Trial 1/50 completed (~1579 evaluations)
2026-04-14 04:24:11 |     → Trial 10/50 completed (~1558 evaluations)
2026-04-14 04:24:19 |     → Trial 20/50 completed (~1659 evaluations)
2026-04-14 04:24:26 |     → Trial 30/50 completed (~1622 evaluations)
2026-04-14 04:24:34 |     → Trial 40/50 completed (~1585 evaluations)
2026-04-14 04:24:42 |     → Trial 50/50 completed (~1582 evaluations)
2026-04-14 04:24:42 |     → Instance 46/100
2026-04-14 04:24:42 |     → ShapleyFlow (Path Sampling): 97 edges, 4 sources
2026-04-14 04:24:42 |     → Sampling 100 paths/source × 50 trials
2026-04-14 04:24:42 |     → Trial 1/50 completed (~1578 evaluations)
2026-04-14 04:24:49 |     → Trial 10/50 completed (~1592 evaluations)
2026-04-14 04:24:57 |     → Trial 20/50 completed (~1586 evaluations)
2026-04-14 04:25:05 |     → Trial 30/50 completed (~1549 evaluations)
2026-04-14 04:25:12 |     → Trial 40/50 completed (~1625 evaluations)
2026-04-14 04:25:20 |     → Trial 50/50 completed (~1622 evaluations)
2026-04-14 04:25:20 |     → Instance 47/100
2026-04-14 04:25:20 |     → ShapleyFlow (Path Sampling): 97 edges, 4 sources
2026-04-14 04:25:20 |     → Sampling 100 paths/source × 50 trials
2026-04-14 04:25:21 |     → Trial 1/50 completed (~1593 evaluations)
2026-04-14 04:25:28 |     → Trial 10/50 completed (~1645 evaluations)
2026-04-14 04:25:36 |     → Trial 20/50 completed (~1622 evaluations)
2026-04-14 04:25:43 |     → Trial 30/50 completed (~1574 evaluations)
2026-04-14 04:25:51 |     → Trial 40/50 completed (~1545 evaluations)
2026-04-14 04:25:58 |     → Trial 50/50 completed (~1551 evaluations)
2026-04-14 04:25:59 |     → Instance 48/100
2026-04-14 04:25:59 |     → ShapleyFlow (Path Sampling): 97 edges, 4 sources
2026-04-14 04:25:59 |     → Sampling 100 paths/source × 50 trials
2026-04-14 04:25:59 |     → Trial 1/50 completed (~1578 evaluations)
2026-04-14 04:26:06 |     → Trial 10/50 completed (~1602 evaluations)
2026-04-14 04:26:14 |     → Trial 20/50 completed (~1620 evaluations)
2026-04-14 04:26:21 |     → Trial 30/50 completed (~1575 evaluations)
2026-04-14 04:26:29 |     → Trial 40/50 completed (~1610 evaluations)
2026-04-14 04:26:37 |     → Trial 50/50 completed (~1569 evaluations)
2026-04-14 04:26:37 |     → Instance 49/100
2026-04-14 04:26:37 |     → ShapleyFlow (Path Sampling): 97 edges, 4 sources
2026-04-14 04:26:37 |     → Sampling 100 paths/source × 50 trials
2026-04-14 04:26:38 |     → Trial 1/50 completed (~1587 evaluations)
2026-04-14 04:26:44 |     → Trial 10/50 completed (~1580 evaluations)
2026-04-14 04:26:52 |     → Trial 20/50 completed (~1561 evaluations)
2026-04-14 04:27:00 |     → Trial 30/50 completed (~1650 evaluations)
2026-04-14 04:27:07 |     → Trial 40/50 completed (~1559 evaluations)
2026-04-14 04:27:15 |     → Trial 50/50 completed (~1651 evaluations)
2026-04-14 04:27:15 |     → Instance 50/100
2026-04-14 04:27:15 |     → ShapleyFlow (Path Sampling): 97 edges, 4 sources
2026-04-14 04:27:15 |     → Sampling 100 paths/source × 50 trials
2026-04-14 04:27:16 |     → Trial 1/50 completed (~1572 evaluations)
2026-04-14 04:27:23 |     → Trial 10/50 completed (~1559 evaluations)
2026-04-14 04:27:30 |     → Trial 20/50 completed (~1572 evaluations)
2026-04-14 04:27:38 |     → Trial 30/50 completed (~1598 evaluations)
2026-04-14 04:27:46 |     → Trial 40/50 completed (~1589 evaluations)
2026-04-14 04:27:53 |     → Trial 50/50 completed (~1615 evaluations)
2026-04-14 04:27:53 |     → Instance 51/100
2026-04-14 04:27:53 |     → ShapleyFlow (Path Sampling): 97 edges, 4 sources
2026-04-14 04:27:53 |     → Sampling 100 paths/source × 50 trials
2026-04-14 04:27:54 |     → Trial 1/50 completed (~1589 evaluations)
2026-04-14 04:28:01 |     → Trial 10/50 completed (~1602 evaluations)
2026-04-14 04:28:09 |     → Trial 20/50 completed (~1633 evaluations)
2026-04-14 04:28:16 |     → Trial 30/50 completed (~1594 evaluations)
2026-04-14 04:28:24 |     → Trial 40/50 completed (~1559 evaluations)
2026-04-14 04:28:32 |     → Trial 50/50 completed (~1595 evaluations)
2026-04-14 04:28:32 |     → Instance 52/100
2026-04-14 04:28:32 |     → ShapleyFlow (Path Sampling): 97 edges, 4 sources
2026-04-14 04:28:32 |     → Sampling 100 paths/source × 50 trials
2026-04-14 04:28:32 |     → Trial 1/50 completed (~1560 evaluations)
2026-04-14 04:28:39 |     → Trial 10/50 completed (~1581 evaluations)
2026-04-14 04:28:47 |     → Trial 20/50 completed (~1573 evaluations)
2026-04-14 04:28:54 |     → Trial 30/50 completed (~1538 evaluations)
2026-04-14 04:29:02 |     → Trial 40/50 completed (~1578 evaluations)
2026-04-14 04:29:10 |     → Trial 50/50 completed (~1536 evaluations)
2026-04-14 04:29:10 |     → Instance 53/100
2026-04-14 04:29:10 |     → ShapleyFlow (Path Sampling): 97 edges, 4 sources
2026-04-14 04:29:10 |     → Sampling 100 paths/source × 50 trials
2026-04-14 04:29:11 |     → Trial 1/50 completed (~1592 evaluations)
2026-04-14 04:29:17 |     → Trial 10/50 completed (~1529 evaluations)
2026-04-14 04:29:25 |     → Trial 20/50 completed (~1623 evaluations)
2026-04-14 04:29:33 |     → Trial 30/50 completed (~1547 evaluations)
2026-04-14 04:29:40 |     → Trial 40/50 completed (~1534 evaluations)
2026-04-14 04:29:48 |     → Trial 50/50 completed (~1544 evaluations)
2026-04-14 04:29:48 |     → Instance 54/100
2026-04-14 04:29:48 |     → ShapleyFlow (Path Sampling): 97 edges, 4 sources
2026-04-14 04:29:48 |     → Sampling 100 paths/source × 50 trials
2026-04-14 04:29:49 |     → Trial 1/50 completed (~1570 evaluations)
2026-04-14 04:29:56 |     → Trial 10/50 completed (~1603 evaluations)
2026-04-14 04:30:04 |     → Trial 20/50 completed (~1575 evaluations)
2026-04-14 04:30:11 |     → Trial 30/50 completed (~1570 evaluations)
2026-04-14 04:30:19 |     → Trial 40/50 completed (~1590 evaluations)
2026-04-14 04:30:27 |     → Trial 50/50 completed (~1599 evaluations)
2026-04-14 04:30:27 |     → Instance 55/100
2026-04-14 04:30:27 |     → ShapleyFlow (Path Sampling): 97 edges, 4 sources
2026-04-14 04:30:27 |     → Sampling 100 paths/source × 50 trials
2026-04-14 04:30:27 |     → Trial 1/50 completed (~1609 evaluations)
2026-04-14 04:30:34 |     → Trial 10/50 completed (~1533 evaluations)
2026-04-14 04:30:42 |     → Trial 20/50 completed (~1558 evaluations)
2026-04-14 04:30:49 |     → Trial 30/50 completed (~1559 evaluations)
2026-04-14 04:30:57 |     → Trial 40/50 completed (~1616 evaluations)
2026-04-14 04:31:05 |     → Trial 50/50 completed (~1608 evaluations)
2026-04-14 04:31:05 |     → Instance 56/100
2026-04-14 04:31:05 |     → ShapleyFlow (Path Sampling): 97 edges, 4 sources
2026-04-14 04:31:05 |     → Sampling 100 paths/source × 50 trials
2026-04-14 04:31:06 |     → Trial 1/50 completed (~1541 evaluations)
2026-04-14 04:31:13 |     → Trial 10/50 completed (~1556 evaluations)
2026-04-14 04:31:20 |     → Trial 20/50 completed (~1601 evaluations)
2026-04-14 04:31:28 |     → Trial 30/50 completed (~1583 evaluations)
2026-04-14 04:31:35 |     → Trial 40/50 completed (~1528 evaluations)
2026-04-14 04:31:43 |     → Trial 50/50 completed (~1597 evaluations)
2026-04-14 04:31:43 |     → Instance 57/100
2026-04-14 04:31:43 |     → ShapleyFlow (Path Sampling): 97 edges, 4 sources
2026-04-14 04:31:43 |     → Sampling 100 paths/source × 50 trials
2026-04-14 04:31:44 |     → Trial 1/50 completed (~1565 evaluations)
2026-04-14 04:31:51 |     → Trial 10/50 completed (~1597 evaluations)
2026-04-14 04:31:58 |     → Trial 20/50 completed (~1574 evaluations)
2026-04-14 04:32:06 |     → Trial 30/50 completed (~1594 evaluations)
2026-04-14 04:32:14 |     → Trial 40/50 completed (~1523 evaluations)
2026-04-14 04:32:21 |     → Trial 50/50 completed (~1609 evaluations)
2026-04-14 04:32:21 |     → Instance 58/100
2026-04-14 04:32:21 |     → ShapleyFlow (Path Sampling): 97 edges, 4 sources
2026-04-14 04:32:21 |     → Sampling 100 paths/source × 50 trials
2026-04-14 04:32:22 |     → Trial 1/50 completed (~1628 evaluations)
2026-04-14 04:32:29 |     → Trial 10/50 completed (~1534 evaluations)
2026-04-14 04:32:37 |     → Trial 20/50 completed (~1561 evaluations)
2026-04-14 04:32:44 |     → Trial 30/50 completed (~1595 evaluations)
2026-04-14 04:32:52 |     → Trial 40/50 completed (~1557 evaluations)
2026-04-14 04:33:00 |     → Trial 50/50 completed (~1601 evaluations)
2026-04-14 04:33:00 |     → Instance 59/100
2026-04-14 04:33:00 |     → ShapleyFlow (Path Sampling): 97 edges, 4 sources
2026-04-14 04:33:00 |     → Sampling 100 paths/source × 50 trials
2026-04-14 04:33:01 |     → Trial 1/50 completed (~1596 evaluations)
2026-04-14 04:33:08 |     → Trial 10/50 completed (~1597 evaluations)
2026-04-14 04:33:15 |     → Trial 20/50 completed (~1610 evaluations)
2026-04-14 04:33:23 |     → Trial 30/50 completed (~1571 evaluations)
2026-04-14 04:33:31 |     → Trial 40/50 completed (~1605 evaluations)
2026-04-14 04:33:38 |     → Trial 50/50 completed (~1590 evaluations)
2026-04-14 04:33:38 |     → Instance 60/100
2026-04-14 04:33:38 |     → ShapleyFlow (Path Sampling): 97 edges, 4 sources
2026-04-14 04:33:38 |     → Sampling 100 paths/source × 50 trials
2026-04-14 04:33:39 |     → Trial 1/50 completed (~1617 evaluations)
2026-04-14 04:33:46 |     → Trial 10/50 completed (~1583 evaluations)
2026-04-14 04:33:53 |     → Trial 20/50 completed (~1579 evaluations)
2026-04-14 04:34:01 |     → Trial 30/50 completed (~1518 evaluations)
2026-04-14 04:34:09 |     → Trial 40/50 completed (~1595 evaluations)
2026-04-14 04:34:16 |     → Trial 50/50 completed (~1569 evaluations)
2026-04-14 04:34:16 |     → Instance 61/100
2026-04-14 04:34:16 |     → ShapleyFlow (Path Sampling): 97 edges, 4 sources
2026-04-14 04:34:16 |     → Sampling 100 paths/source × 50 trials
2026-04-14 04:34:17 |     → Trial 1/50 completed (~1560 evaluations)
2026-04-14 04:34:24 |     → Trial 10/50 completed (~1574 evaluations)
2026-04-14 04:34:32 |     → Trial 20/50 completed (~1550 evaluations)
2026-04-14 04:34:39 |     → Trial 30/50 completed (~1608 evaluations)
2026-04-14 04:34:47 |     → Trial 40/50 completed (~1609 evaluations)
2026-04-14 04:34:55 |     → Trial 50/50 completed (~1603 evaluations)
2026-04-14 04:34:55 |     → Instance 62/100
2026-04-14 04:34:55 |     → ShapleyFlow (Path Sampling): 97 edges, 4 sources
2026-04-14 04:34:55 |     → Sampling 100 paths/source × 50 trials
2026-04-14 04:34:55 |     → Trial 1/50 completed (~1565 evaluations)
2026-04-14 04:35:02 |     → Trial 10/50 completed (~1605 evaluations)
2026-04-14 04:35:10 |     → Trial 20/50 completed (~1560 evaluations)
2026-04-14 04:35:18 |     → Trial 30/50 completed (~1536 evaluations)
2026-04-14 04:35:25 |     → Trial 40/50 completed (~1589 evaluations)
2026-04-14 04:35:33 |     → Trial 50/50 completed (~1562 evaluations)
2026-04-14 04:35:33 |     → Instance 63/100
2026-04-14 04:35:33 |     → ShapleyFlow (Path Sampling): 97 edges, 4 sources
2026-04-14 04:35:33 |     → Sampling 100 paths/source × 50 trials
2026-04-14 04:35:34 |     → Trial 1/50 completed (~1580 evaluations)
2026-04-14 04:35:40 |     → Trial 10/50 completed (~1578 evaluations)
2026-04-14 04:35:48 |     → Trial 20/50 completed (~1614 evaluations)
2026-04-14 04:35:56 |     → Trial 30/50 completed (~1532 evaluations)
2026-04-14 04:36:03 |     → Trial 40/50 completed (~1538 evaluations)
2026-04-14 04:36:11 |     → Trial 50/50 completed (~1578 evaluations)
2026-04-14 04:36:11 |     → Instance 64/100
2026-04-14 04:36:11 |     → ShapleyFlow (Path Sampling): 97 edges, 4 sources
2026-04-14 04:36:11 |     → Sampling 100 paths/source × 50 trials
2026-04-14 04:36:12 |     → Trial 1/50 completed (~1581 evaluations)
2026-04-14 04:36:19 |     → Trial 10/50 completed (~1594 evaluations)
2026-04-14 04:36:26 |     → Trial 20/50 completed (~1591 evaluations)
2026-04-14 04:36:34 |     → Trial 30/50 completed (~1593 evaluations)
2026-04-14 04:36:42 |     → Trial 40/50 completed (~1568 evaluations)
2026-04-14 04:36:49 |     → Trial 50/50 completed (~1569 evaluations)
2026-04-14 04:36:49 |     → Instance 65/100
2026-04-14 04:36:49 |     → ShapleyFlow (Path Sampling): 97 edges, 4 sources
2026-04-14 04:36:49 |     → Sampling 100 paths/source × 50 trials
2026-04-14 04:36:50 |     → Trial 1/50 completed (~1554 evaluations)
2026-04-14 04:36:57 |     → Trial 10/50 completed (~1607 evaluations)
2026-04-14 04:37:05 |     → Trial 20/50 completed (~1600 evaluations)
2026-04-14 04:37:12 |     → Trial 30/50 completed (~1559 evaluations)
2026-04-14 04:37:20 |     → Trial 40/50 completed (~1553 evaluations)
2026-04-14 04:37:28 |     → Trial 50/50 completed (~1558 evaluations)
2026-04-14 04:37:28 |     → Instance 66/100
2026-04-14 04:37:28 |     → ShapleyFlow (Path Sampling): 97 edges, 4 sources
2026-04-14 04:37:28 |     → Sampling 100 paths/source × 50 trials
2026-04-14 04:37:28 |     → Trial 1/50 completed (~1598 evaluations)
2026-04-14 04:37:35 |     → Trial 10/50 completed (~1587 evaluations)
2026-04-14 04:37:43 |     → Trial 20/50 completed (~1491 evaluations)
2026-04-14 04:37:51 |     → Trial 30/50 completed (~1521 evaluations)
2026-04-14 04:37:58 |     → Trial 40/50 completed (~1601 evaluations)
2026-04-14 04:38:06 |     → Trial 50/50 completed (~1563 evaluations)
2026-04-14 04:38:06 |     → Instance 67/100
2026-04-14 04:38:06 |     → ShapleyFlow (Path Sampling): 97 edges, 4 sources
2026-04-14 04:38:06 |     → Sampling 100 paths/source × 50 trials
2026-04-14 04:38:07 |     → Trial 1/50 completed (~1568 evaluations)
2026-04-14 04:38:14 |     → Trial 10/50 completed (~1533 evaluations)
2026-04-14 04:38:22 |     → Trial 20/50 completed (~1574 evaluations)
2026-04-14 04:38:29 |     → Trial 30/50 completed (~1552 evaluations)
2026-04-14 04:38:37 |     → Trial 40/50 completed (~1567 evaluations)
2026-04-14 04:38:45 |     → Trial 50/50 completed (~1546 evaluations)
2026-04-14 04:38:45 |     → Instance 68/100
2026-04-14 04:38:45 |     → ShapleyFlow (Path Sampling): 97 edges, 4 sources
2026-04-14 04:38:45 |     → Sampling 100 paths/source × 50 trials
2026-04-14 04:38:45 |     → Trial 1/50 completed (~1598 evaluations)
2026-04-14 04:38:52 |     → Trial 10/50 completed (~1620 evaluations)
2026-04-14 04:39:00 |     → Trial 20/50 completed (~1575 evaluations)
2026-04-14 04:39:07 |     → Trial 30/50 completed (~1537 evaluations)
2026-04-14 04:39:15 |     → Trial 40/50 completed (~1575 evaluations)
2026-04-14 04:39:23 |     → Trial 50/50 completed (~1566 evaluations)
2026-04-14 04:39:23 |     → Instance 69/100
2026-04-14 04:39:23 |     → ShapleyFlow (Path Sampling): 97 edges, 4 sources
2026-04-14 04:39:23 |     → Sampling 100 paths/source × 50 trials
2026-04-14 04:39:23 |     → Trial 1/50 completed (~1582 evaluations)
2026-04-14 04:39:30 |     → Trial 10/50 completed (~1569 evaluations)
2026-04-14 04:39:38 |     → Trial 20/50 completed (~1577 evaluations)
2026-04-14 04:39:46 |     → Trial 30/50 completed (~1557 evaluations)
2026-04-14 04:39:53 |     → Trial 40/50 completed (~1553 evaluations)
2026-04-14 04:40:01 |     → Trial 50/50 completed (~1645 evaluations)
2026-04-14 04:40:01 |     → Instance 70/100
2026-04-14 04:40:01 |     → ShapleyFlow (Path Sampling): 97 edges, 4 sources
2026-04-14 04:40:01 |     → Sampling 100 paths/source × 50 trials
2026-04-14 04:40:02 |     → Trial 1/50 completed (~1568 evaluations)
2026-04-14 04:40:09 |     → Trial 10/50 completed (~1628 evaluations)
2026-04-14 04:40:16 |     → Trial 20/50 completed (~1570 evaluations)
2026-04-14 04:40:24 |     → Trial 30/50 completed (~1600 evaluations)
2026-04-14 04:40:32 |     → Trial 40/50 completed (~1618 evaluations)
2026-04-14 04:40:39 |     → Trial 50/50 completed (~1614 evaluations)
2026-04-14 04:40:39 |     → Instance 71/100
2026-04-14 04:40:39 |     → ShapleyFlow (Path Sampling): 97 edges, 4 sources
2026-04-14 04:40:39 |     → Sampling 100 paths/source × 50 trials
2026-04-14 04:40:40 |     → Trial 1/50 completed (~1563 evaluations)
2026-04-14 04:40:47 |     → Trial 10/50 completed (~1550 evaluations)
2026-04-14 04:40:55 |     → Trial 20/50 completed (~1582 evaluations)
2026-04-14 04:41:02 |     → Trial 30/50 completed (~1619 evaluations)
2026-04-14 04:41:10 |     → Trial 40/50 completed (~1589 evaluations)
2026-04-14 04:41:17 |     → Trial 50/50 completed (~1596 evaluations)
2026-04-14 04:41:18 |     → Instance 72/100
2026-04-14 04:41:18 |     → ShapleyFlow (Path Sampling): 97 edges, 4 sources
2026-04-14 04:41:18 |     → Sampling 100 paths/source × 50 trials
2026-04-14 04:41:18 |     → Trial 1/50 completed (~1550 evaluations)
2026-04-14 04:41:25 |     → Trial 10/50 completed (~1593 evaluations)
2026-04-14 04:41:33 |     → Trial 20/50 completed (~1548 evaluations)
2026-04-14 04:41:40 |     → Trial 30/50 completed (~1593 evaluations)
2026-04-14 04:41:48 |     → Trial 40/50 completed (~1566 evaluations)
2026-04-14 04:41:56 |     → Trial 50/50 completed (~1545 evaluations)
2026-04-14 04:41:56 |     → Instance 73/100
2026-04-14 04:41:56 |     → ShapleyFlow (Path Sampling): 97 edges, 4 sources
2026-04-14 04:41:56 |     → Sampling 100 paths/source × 50 trials
2026-04-14 04:41:56 |     → Trial 1/50 completed (~1566 evaluations)
2026-04-14 04:42:03 |     → Trial 10/50 completed (~1561 evaluations)
2026-04-14 04:42:11 |     → Trial 20/50 completed (~1613 evaluations)
2026-04-14 04:42:19 |     → Trial 30/50 completed (~1590 evaluations)
2026-04-14 04:42:26 |     → Trial 40/50 completed (~1613 evaluations)
2026-04-14 04:42:34 |     → Trial 50/50 completed (~1492 evaluations)
2026-04-14 04:42:34 |     → Instance 74/100
2026-04-14 04:42:34 |     → ShapleyFlow (Path Sampling): 97 edges, 4 sources
2026-04-14 04:42:34 |     → Sampling 100 paths/source × 50 trials
2026-04-14 04:42:35 |     → Trial 1/50 completed (~1558 evaluations)
2026-04-14 04:42:42 |     → Trial 10/50 completed (~1641 evaluations)
2026-04-14 04:42:49 |     → Trial 20/50 completed (~1605 evaluations)
2026-04-14 04:42:57 |     → Trial 30/50 completed (~1566 evaluations)
2026-04-14 04:43:05 |     → Trial 40/50 completed (~1590 evaluations)
2026-04-14 04:43:12 |     → Trial 50/50 completed (~1609 evaluations)
2026-04-14 04:43:12 |     → Instance 75/100
2026-04-14 04:43:12 |     → ShapleyFlow (Path Sampling): 97 edges, 4 sources
2026-04-14 04:43:12 |     → Sampling 100 paths/source × 50 trials
2026-04-14 04:43:13 |     → Trial 1/50 completed (~1563 evaluations)
2026-04-14 04:43:20 |     → Trial 10/50 completed (~1545 evaluations)
2026-04-14 04:43:27 |     → Trial 20/50 completed (~1605 evaluations)
2026-04-14 04:43:35 |     → Trial 30/50 completed (~1612 evaluations)
2026-04-14 04:43:43 |     → Trial 40/50 completed (~1494 evaluations)
2026-04-14 04:43:50 |     → Trial 50/50 completed (~1582 evaluations)
2026-04-14 04:43:51 |     → Instance 76/100
2026-04-14 04:43:51 |     → ShapleyFlow (Path Sampling): 97 edges, 4 sources
2026-04-14 04:43:51 |     → Sampling 100 paths/source × 50 trials
2026-04-14 04:43:51 |     → Trial 1/50 completed (~1640 evaluations)
2026-04-14 04:43:58 |     → Trial 10/50 completed (~1550 evaluations)
2026-04-14 04:44:06 |     → Trial 20/50 completed (~1625 evaluations)
2026-04-14 04:44:13 |     → Trial 30/50 completed (~1562 evaluations)
2026-04-14 04:44:21 |     → Trial 40/50 completed (~1582 evaluations)
2026-04-14 04:44:29 |     → Trial 50/50 completed (~1588 evaluations)
2026-04-14 04:44:29 |     → Instance 77/100
2026-04-14 04:44:29 |     → ShapleyFlow (Path Sampling): 97 edges, 4 sources
2026-04-14 04:44:29 |     → Sampling 100 paths/source × 50 trials
2026-04-14 04:44:29 |     → Trial 1/50 completed (~1578 evaluations)
2026-04-14 04:44:36 |     → Trial 10/50 completed (~1554 evaluations)
2026-04-14 04:44:44 |     → Trial 20/50 completed (~1564 evaluations)
2026-04-14 04:44:51 |     → Trial 30/50 completed (~1528 evaluations)
2026-04-14 04:44:59 |     → Trial 40/50 completed (~1606 evaluations)
2026-04-14 04:45:07 |     → Trial 50/50 completed (~1623 evaluations)
2026-04-14 04:45:07 |     → Instance 78/100
2026-04-14 04:45:07 |     → ShapleyFlow (Path Sampling): 97 edges, 4 sources
2026-04-14 04:45:07 |     → Sampling 100 paths/source × 50 trials
2026-04-14 04:45:07 |     → Trial 1/50 completed (~1566 evaluations)
2026-04-14 04:45:14 |     → Trial 10/50 completed (~1507 evaluations)
2026-04-14 04:45:22 |     → Trial 20/50 completed (~1523 evaluations)
2026-04-14 04:45:29 |     → Trial 30/50 completed (~1533 evaluations)
2026-04-14 04:45:37 |     → Trial 40/50 completed (~1529 evaluations)
2026-04-14 04:45:45 |     → Trial 50/50 completed (~1492 evaluations)
2026-04-14 04:45:45 |     → Instance 79/100
2026-04-14 04:45:45 |     → ShapleyFlow (Path Sampling): 97 edges, 4 sources
2026-04-14 04:45:45 |     → Sampling 100 paths/source × 50 trials
2026-04-14 04:45:45 |     → Trial 1/50 completed (~1549 evaluations)
2026-04-14 04:45:52 |     → Trial 10/50 completed (~1588 evaluations)
2026-04-14 04:46:00 |     → Trial 20/50 completed (~1570 evaluations)
2026-04-14 04:46:08 |     → Trial 30/50 completed (~1567 evaluations)
2026-04-14 04:46:15 |     → Trial 40/50 completed (~1642 evaluations)
2026-04-14 04:46:23 |     → Trial 50/50 completed (~1589 evaluations)
2026-04-14 04:46:23 |     → Instance 80/100
2026-04-14 04:46:23 |     → ShapleyFlow (Path Sampling): 97 edges, 4 sources
2026-04-14 04:46:23 |     → Sampling 100 paths/source × 50 trials
2026-04-14 04:46:24 |     → Trial 1/50 completed (~1571 evaluations)
2026-04-14 04:46:30 |     → Trial 10/50 completed (~1591 evaluations)
2026-04-14 04:46:38 |     → Trial 20/50 completed (~1619 evaluations)
2026-04-14 04:46:46 |     → Trial 30/50 completed (~1596 evaluations)
2026-04-14 04:46:53 |     → Trial 40/50 completed (~1551 evaluations)
2026-04-14 04:47:01 |     → Trial 50/50 completed (~1647 evaluations)
2026-04-14 04:47:01 |     → Instance 81/100
2026-04-14 04:47:01 |     → ShapleyFlow (Path Sampling): 97 edges, 4 sources
2026-04-14 04:47:01 |     → Sampling 100 paths/source × 50 trials
2026-04-14 04:47:02 |     → Trial 1/50 completed (~1571 evaluations)
2026-04-14 04:47:09 |     → Trial 10/50 completed (~1603 evaluations)
2026-04-14 04:47:16 |     → Trial 20/50 completed (~1588 evaluations)
2026-04-14 04:47:24 |     → Trial 30/50 completed (~1572 evaluations)
2026-04-14 04:47:32 |     → Trial 40/50 completed (~1624 evaluations)
2026-04-14 04:47:39 |     → Trial 50/50 completed (~1562 evaluations)
2026-04-14 04:47:39 |     → Instance 82/100
2026-04-14 04:47:39 |     → ShapleyFlow (Path Sampling): 97 edges, 4 sources
2026-04-14 04:47:39 |     → Sampling 100 paths/source × 50 trials
2026-04-14 04:47:40 |     → Trial 1/50 completed (~1510 evaluations)
2026-04-14 04:47:47 |     → Trial 10/50 completed (~1596 evaluations)
2026-04-14 04:47:54 |     → Trial 20/50 completed (~1570 evaluations)
2026-04-14 04:48:02 |     → Trial 30/50 completed (~1547 evaluations)
2026-04-14 04:48:10 |     → Trial 40/50 completed (~1592 evaluations)
2026-04-14 04:48:18 |     → Trial 50/50 completed (~1605 evaluations)
2026-04-14 04:48:18 |     → Instance 83/100
2026-04-14 04:48:18 |     → ShapleyFlow (Path Sampling): 97 edges, 4 sources
2026-04-14 04:48:18 |     → Sampling 100 paths/source × 50 trials
2026-04-14 04:48:18 |     → Trial 1/50 completed (~1556 evaluations)
2026-04-14 04:48:25 |     → Trial 10/50 completed (~1555 evaluations)
2026-04-14 04:48:33 |     → Trial 20/50 completed (~1565 evaluations)
2026-04-14 04:48:41 |     → Trial 30/50 completed (~1591 evaluations)
2026-04-14 04:48:48 |     → Trial 40/50 completed (~1583 evaluations)
2026-04-14 04:48:56 |     → Trial 50/50 completed (~1568 evaluations)
2026-04-14 04:48:56 |     → Instance 84/100
2026-04-14 04:48:56 |     → ShapleyFlow (Path Sampling): 97 edges, 4 sources
2026-04-14 04:48:56 |     → Sampling 100 paths/source × 50 trials
2026-04-14 04:48:57 |     → Trial 1/50 completed (~1572 evaluations)
2026-04-14 04:49:04 |     → Trial 10/50 completed (~1527 evaluations)
2026-04-14 04:49:11 |     → Trial 20/50 completed (~1620 evaluations)
2026-04-14 04:49:19 |     → Trial 30/50 completed (~1522 evaluations)
2026-04-14 04:49:26 |     → Trial 40/50 completed (~1585 evaluations)
2026-04-14 04:49:34 |     → Trial 50/50 completed (~1643 evaluations)
2026-04-14 04:49:34 |     → Instance 85/100
2026-04-14 04:49:34 |     → ShapleyFlow (Path Sampling): 97 edges, 4 sources
2026-04-14 04:49:34 |     → Sampling 100 paths/source × 50 trials
2026-04-14 04:49:35 |     → Trial 1/50 completed (~1619 evaluations)
2026-04-14 04:49:42 |     → Trial 10/50 completed (~1529 evaluations)
2026-04-14 04:49:50 |     → Trial 20/50 completed (~1568 evaluations)
2026-04-14 04:49:57 |     → Trial 30/50 completed (~1583 evaluations)
2026-04-14 04:50:05 |     → Trial 40/50 completed (~1585 evaluations)
2026-04-14 04:50:12 |     → Trial 50/50 completed (~1567 evaluations)
2026-04-14 04:50:12 |     → Instance 86/100
2026-04-14 04:50:12 |     → ShapleyFlow (Path Sampling): 97 edges, 4 sources
2026-04-14 04:50:12 |     → Sampling 100 paths/source × 50 trials
2026-04-14 04:50:13 |     → Trial 1/50 completed (~1554 evaluations)
2026-04-14 04:50:20 |     → Trial 10/50 completed (~1570 evaluations)
2026-04-14 04:50:28 |     → Trial 20/50 completed (~1631 evaluations)
2026-04-14 04:50:35 |     → Trial 30/50 completed (~1579 evaluations)
2026-04-14 04:50:43 |     → Trial 40/50 completed (~1582 evaluations)
2026-04-14 04:50:51 |     → Trial 50/50 completed (~1579 evaluations)
2026-04-14 04:50:51 |     → Instance 87/100
2026-04-14 04:50:51 |     → ShapleyFlow (Path Sampling): 97 edges, 4 sources
2026-04-14 04:50:51 |     → Sampling 100 paths/source × 50 trials
2026-04-14 04:50:51 |     → Trial 1/50 completed (~1598 evaluations)
2026-04-14 04:50:58 |     → Trial 10/50 completed (~1527 evaluations)
2026-04-14 04:51:06 |     → Trial 20/50 completed (~1580 evaluations)
2026-04-14 04:51:14 |     → Trial 30/50 completed (~1583 evaluations)
2026-04-14 04:51:21 |     → Trial 40/50 completed (~1570 evaluations)
2026-04-14 04:51:29 |     → Trial 50/50 completed (~1571 evaluations)
2026-04-14 04:51:29 |     → Instance 88/100
2026-04-14 04:51:29 |     → ShapleyFlow (Path Sampling): 97 edges, 4 sources
2026-04-14 04:51:29 |     → Sampling 100 paths/source × 50 trials
2026-04-14 04:51:30 |     → Trial 1/50 completed (~1586 evaluations)
2026-04-14 04:51:37 |     → Trial 10/50 completed (~1552 evaluations)
2026-04-14 04:51:44 |     → Trial 20/50 completed (~1564 evaluations)
2026-04-14 04:51:52 |     → Trial 30/50 completed (~1617 evaluations)
2026-04-14 04:52:00 |     → Trial 40/50 completed (~1535 evaluations)
2026-04-14 04:52:07 |     → Trial 50/50 completed (~1629 evaluations)
2026-04-14 04:52:07 |     → Instance 89/100
2026-04-14 04:52:07 |     → ShapleyFlow (Path Sampling): 97 edges, 4 sources
2026-04-14 04:52:07 |     → Sampling 100 paths/source × 50 trials
2026-04-14 04:52:08 |     → Trial 1/50 completed (~1565 evaluations)
2026-04-14 04:52:15 |     → Trial 10/50 completed (~1527 evaluations)
2026-04-14 04:52:23 |     → Trial 20/50 completed (~1556 evaluations)
2026-04-14 04:52:30 |     → Trial 30/50 completed (~1647 evaluations)
2026-04-14 04:52:38 |     → Trial 40/50 completed (~1561 evaluations)
2026-04-14 04:52:46 |     → Trial 50/50 completed (~1586 evaluations)
2026-04-14 04:52:46 |     → Instance 90/100
2026-04-14 04:52:46 |     → ShapleyFlow (Path Sampling): 97 edges, 4 sources
2026-04-14 04:52:46 |     → Sampling 100 paths/source × 50 trials
2026-04-14 04:52:46 |     → Trial 1/50 completed (~1570 evaluations)
2026-04-14 04:52:53 |     → Trial 10/50 completed (~1513 evaluations)
2026-04-14 04:53:01 |     → Trial 20/50 completed (~1581 evaluations)
2026-04-14 04:53:08 |     → Trial 30/50 completed (~1604 evaluations)
2026-04-14 04:53:16 |     → Trial 40/50 completed (~1548 evaluations)
2026-04-14 04:53:24 |     → Trial 50/50 completed (~1592 evaluations)
2026-04-14 04:53:24 |     → Instance 91/100
2026-04-14 04:53:24 |     → ShapleyFlow (Path Sampling): 97 edges, 4 sources
2026-04-14 04:53:24 |     → Sampling 100 paths/source × 50 trials
2026-04-14 04:53:25 |     → Trial 1/50 completed (~1554 evaluations)
2026-04-14 04:53:31 |     → Trial 10/50 completed (~1583 evaluations)
2026-04-14 04:53:39 |     → Trial 20/50 completed (~1598 evaluations)
2026-04-14 04:53:47 |     → Trial 30/50 completed (~1601 evaluations)
2026-04-14 04:53:54 |     → Trial 40/50 completed (~1640 evaluations)
2026-04-14 04:54:02 |     → Trial 50/50 completed (~1590 evaluations)
2026-04-14 04:54:02 |     → Instance 92/100
2026-04-14 04:54:02 |     → ShapleyFlow (Path Sampling): 97 edges, 4 sources
2026-04-14 04:54:02 |     → Sampling 100 paths/source × 50 trials
2026-04-14 04:54:03 |     → Trial 1/50 completed (~1549 evaluations)
2026-04-14 04:54:10 |     → Trial 10/50 completed (~1585 evaluations)
2026-04-14 04:54:17 |     → Trial 20/50 completed (~1519 evaluations)
2026-04-14 04:54:25 |     → Trial 30/50 completed (~1554 evaluations)
2026-04-14 04:54:33 |     → Trial 40/50 completed (~1617 evaluations)
2026-04-14 04:54:40 |     → Trial 50/50 completed (~1593 evaluations)
2026-04-14 04:54:40 |     → Instance 93/100
2026-04-14 04:54:40 |     → ShapleyFlow (Path Sampling): 97 edges, 4 sources
2026-04-14 04:54:40 |     → Sampling 100 paths/source × 50 trials
2026-04-14 04:54:41 |     → Trial 1/50 completed (~1567 evaluations)
2026-04-14 04:54:48 |     → Trial 10/50 completed (~1529 evaluations)
2026-04-14 04:54:56 |     → Trial 20/50 completed (~1611 evaluations)
2026-04-14 04:55:03 |     → Trial 30/50 completed (~1621 evaluations)
2026-04-14 04:55:11 |     → Trial 40/50 completed (~1464 evaluations)
2026-04-14 04:55:18 |     → Trial 50/50 completed (~1570 evaluations)
2026-04-14 04:55:18 |     → Instance 94/100
2026-04-14 04:55:18 |     → ShapleyFlow (Path Sampling): 97 edges, 4 sources
2026-04-14 04:55:18 |     → Sampling 100 paths/source × 50 trials
2026-04-14 04:55:19 |     → Trial 1/50 completed (~1661 evaluations)
2026-04-14 04:55:26 |     → Trial 10/50 completed (~1587 evaluations)
2026-04-14 04:55:34 |     → Trial 20/50 completed (~1636 evaluations)
2026-04-14 04:55:41 |     → Trial 30/50 completed (~1563 evaluations)
2026-04-14 04:55:49 |     → Trial 40/50 completed (~1554 evaluations)
2026-04-14 04:55:57 |     → Trial 50/50 completed (~1538 evaluations)
2026-04-14 04:55:57 |     → Instance 95/100
2026-04-14 04:55:57 |     → ShapleyFlow (Path Sampling): 97 edges, 4 sources
2026-04-14 04:55:57 |     → Sampling 100 paths/source × 50 trials
2026-04-14 04:55:57 |     → Trial 1/50 completed (~1607 evaluations)
2026-04-14 04:56:04 |     → Trial 10/50 completed (~1522 evaluations)
2026-04-14 04:56:12 |     → Trial 20/50 completed (~1572 evaluations)
2026-04-14 04:56:20 |     → Trial 30/50 completed (~1505 evaluations)
2026-04-14 04:56:27 |     → Trial 40/50 completed (~1583 evaluations)
2026-04-14 04:56:35 |     → Trial 50/50 completed (~1607 evaluations)
2026-04-14 04:56:35 |     → Instance 96/100
2026-04-14 04:56:35 |     → ShapleyFlow (Path Sampling): 97 edges, 4 sources
2026-04-14 04:56:35 |     → Sampling 100 paths/source × 50 trials
2026-04-14 04:56:36 |     → Trial 1/50 completed (~1524 evaluations)
2026-04-14 04:56:42 |     → Trial 10/50 completed (~1549 evaluations)
2026-04-14 04:56:50 |     → Trial 20/50 completed (~1578 evaluations)
2026-04-14 04:56:58 |     → Trial 30/50 completed (~1584 evaluations)
2026-04-14 04:57:05 |     → Trial 40/50 completed (~1554 evaluations)
2026-04-14 04:57:13 |     → Trial 50/50 completed (~1529 evaluations)
2026-04-14 04:57:13 |     → Instance 97/100
2026-04-14 04:57:13 |     → ShapleyFlow (Path Sampling): 97 edges, 4 sources
2026-04-14 04:57:13 |     → Sampling 100 paths/source × 50 trials
2026-04-14 04:57:14 |     → Trial 1/50 completed (~1603 evaluations)
2026-04-14 04:57:20 |     → Trial 10/50 completed (~1567 evaluations)
2026-04-14 04:57:28 |     → Trial 20/50 completed (~1612 evaluations)
2026-04-14 04:57:36 |     → Trial 30/50 completed (~1557 evaluations)
2026-04-14 04:57:43 |     → Trial 40/50 completed (~1630 evaluations)
2026-04-14 04:57:51 |     → Trial 50/50 completed (~1547 evaluations)
2026-04-14 04:57:51 |     → Instance 98/100
2026-04-14 04:57:51 |     → ShapleyFlow (Path Sampling): 97 edges, 4 sources
2026-04-14 04:57:51 |     → Sampling 100 paths/source × 50 trials
2026-04-14 04:57:52 |     → Trial 1/50 completed (~1584 evaluations)
2026-04-14 04:57:59 |     → Trial 10/50 completed (~1574 evaluations)
2026-04-14 04:58:06 |     → Trial 20/50 completed (~1586 evaluations)
2026-04-14 04:58:14 |     → Trial 30/50 completed (~1559 evaluations)
2026-04-14 04:58:21 |     → Trial 40/50 completed (~1601 evaluations)
2026-04-14 04:58:29 |     → Trial 50/50 completed (~1639 evaluations)
2026-04-14 04:58:29 |     → Instance 99/100
2026-04-14 04:58:29 |     → ShapleyFlow (Path Sampling): 97 edges, 4 sources
2026-04-14 04:58:29 |     → Sampling 100 paths/source × 50 trials
2026-04-14 04:58:30 |     → Trial 1/50 completed (~1582 evaluations)
2026-04-14 04:58:37 |     → Trial 10/50 completed (~1612 evaluations)
2026-04-14 04:58:44 |     → Trial 20/50 completed (~1533 evaluations)
2026-04-14 04:58:52 |     → Trial 30/50 completed (~1545 evaluations)
2026-04-14 04:59:00 |     → Trial 40/50 completed (~1590 evaluations)
2026-04-14 04:59:07 |     → Trial 50/50 completed (~1523 evaluations)
2026-04-14 04:59:07 |     → Instance 100/100
2026-04-14 04:59:07 |     → ShapleyFlow (Path Sampling): 97 edges, 4 sources
2026-04-14 04:59:07 |     → Sampling 100 paths/source × 50 trials
2026-04-14 04:59:08 |     → Trial 1/50 completed (~1554 evaluations)
2026-04-14 04:59:15 |     → Trial 10/50 completed (~1592 evaluations)
2026-04-14 04:59:23 |     → Trial 20/50 completed (~1588 evaluations)
2026-04-14 04:59:30 |     → Trial 30/50 completed (~1583 evaluations)
2026-04-14 04:59:38 |     → Trial 40/50 completed (~1609 evaluations)
2026-04-14 04:59:46 |     → Trial 50/50 completed (~1579 evaluations)
2026-04-14 04:59:46 |     → All instances completed
2026-04-14 04:59:46 |   [Progress: 5/7] LGBM + LINGAM - AsymmetricShapley
2026-04-14 04:59:46 |  Calculating asymmetric SHAP values using Frye method
2026-04-14 05:02:13 |   [Progress: 6/7] LGBM + LINGAM - CausalShapley (SLOW - uses 10 inner samples)
2026-04-14 05:34:54 |   [Progress: 7/7] LGBM + LINGAM - ShapleyFlow
2026-04-14 05:34:54 |     → ShapleyFlowWrapper: 51 features, 275 edges, 5 sources
2026-04-14 05:34:54 |     → Computing Shapley Flow for 100 instances...
2026-04-14 05:34:54 |     → Instance 1/100
2026-04-14 05:34:54 |     → ShapleyFlow (Path Sampling): 275 edges, 5 sources
2026-04-14 05:34:54 |     → Sampling 100 paths/source × 50 trials
2026-04-14 05:34:55 |     → Trial 1/50 completed (~2280 evaluations)
2026-04-14 05:35:05 |     → Trial 10/50 completed (~2272 evaluations)
2026-04-14 05:35:16 |     → Trial 20/50 completed (~2301 evaluations)
2026-04-14 05:35:28 |     → Trial 30/50 completed (~2267 evaluations)
2026-04-14 05:35:39 |     → Trial 40/50 completed (~2259 evaluations)
2026-04-14 05:35:50 |     → Trial 50/50 completed (~2237 evaluations)
2026-04-14 05:35:50 |     → Instance 2/100
2026-04-14 05:35:50 |     → ShapleyFlow (Path Sampling): 275 edges, 5 sources
2026-04-14 05:35:50 |     → Sampling 100 paths/source × 50 trials
2026-04-14 05:35:52 |     → Trial 1/50 completed (~2384 evaluations)
2026-04-14 05:36:02 |     → Trial 10/50 completed (~2329 evaluations)
2026-04-14 05:36:13 |     → Trial 20/50 completed (~2280 evaluations)
2026-04-14 05:36:25 |     → Trial 30/50 completed (~2318 evaluations)
2026-04-14 05:36:36 |     → Trial 40/50 completed (~2298 evaluations)
2026-04-14 05:36:48 |     → Trial 50/50 completed (~2321 evaluations)
2026-04-14 05:36:48 |     → Instance 3/100
2026-04-14 05:36:48 |     → ShapleyFlow (Path Sampling): 275 edges, 5 sources
2026-04-14 05:36:48 |     → Sampling 100 paths/source × 50 trials
2026-04-14 05:36:49 |     → Trial 1/50 completed (~2264 evaluations)
2026-04-14 05:36:59 |     → Trial 10/50 completed (~2323 evaluations)
2026-04-14 05:37:11 |     → Trial 20/50 completed (~2335 evaluations)
2026-04-14 05:37:22 |     → Trial 30/50 completed (~2269 evaluations)
2026-04-14 05:37:33 |     → Trial 40/50 completed (~2341 evaluations)
2026-04-14 05:37:45 |     → Trial 50/50 completed (~2289 evaluations)
2026-04-14 05:37:45 |     → Instance 4/100
2026-04-14 05:37:45 |     → ShapleyFlow (Path Sampling): 275 edges, 5 sources
2026-04-14 05:37:45 |     → Sampling 100 paths/source × 50 trials
2026-04-14 05:37:46 |     → Trial 1/50 completed (~2330 evaluations)
2026-04-14 05:37:56 |     → Trial 10/50 completed (~2306 evaluations)
2026-04-14 05:38:08 |     → Trial 20/50 completed (~2380 evaluations)
2026-04-14 05:38:19 |     → Trial 30/50 completed (~2297 evaluations)
2026-04-14 05:38:31 |     → Trial 40/50 completed (~2331 evaluations)
2026-04-14 05:38:42 |     → Trial 50/50 completed (~2348 evaluations)
2026-04-14 05:38:42 |     → Instance 5/100
2026-04-14 05:38:42 |     → ShapleyFlow (Path Sampling): 275 edges, 5 sources
2026-04-14 05:38:42 |     → Sampling 100 paths/source × 50 trials
2026-04-14 05:38:43 |     → Trial 1/50 completed (~2380 evaluations)
2026-04-14 05:38:53 |     → Trial 10/50 completed (~2261 evaluations)
2026-04-14 05:39:05 |     → Trial 20/50 completed (~2278 evaluations)
2026-04-14 05:39:16 |     → Trial 30/50 completed (~2330 evaluations)
2026-04-14 05:39:27 |     → Trial 40/50 completed (~2337 evaluations)
2026-04-14 05:39:39 |     → Trial 50/50 completed (~2301 evaluations)
2026-04-14 05:39:39 |     → Instance 6/100
2026-04-14 05:39:39 |     → ShapleyFlow (Path Sampling): 275 edges, 5 sources
2026-04-14 05:39:39 |     → Sampling 100 paths/source × 50 trials
2026-04-14 05:39:40 |     → Trial 1/50 completed (~2372 evaluations)
2026-04-14 05:39:50 |     → Trial 10/50 completed (~2222 evaluations)
2026-04-14 05:40:01 |     → Trial 20/50 completed (~2324 evaluations)
2026-04-14 05:40:13 |     → Trial 30/50 completed (~2273 evaluations)
2026-04-14 05:40:24 |     → Trial 40/50 completed (~2267 evaluations)
2026-04-14 05:40:35 |     → Trial 50/50 completed (~2367 evaluations)
2026-04-14 05:40:35 |     → Instance 7/100
2026-04-14 05:40:35 |     → ShapleyFlow (Path Sampling): 275 edges, 5 sources
2026-04-14 05:40:35 |     → Sampling 100 paths/source × 50 trials
2026-04-14 05:40:36 |     → Trial 1/50 completed (~2305 evaluations)
2026-04-14 05:40:46 |     → Trial 10/50 completed (~2264 evaluations)
2026-04-14 05:40:58 |     → Trial 20/50 completed (~2295 evaluations)
2026-04-14 05:41:09 |     → Trial 30/50 completed (~2366 evaluations)
2026-04-14 05:41:21 |     → Trial 40/50 completed (~2382 evaluations)
2026-04-14 05:41:32 |     → Trial 50/50 completed (~2319 evaluations)
2026-04-14 05:41:32 |     → Instance 8/100
2026-04-14 05:41:32 |     → ShapleyFlow (Path Sampling): 275 edges, 5 sources
2026-04-14 05:41:32 |     → Sampling 100 paths/source × 50 trials
2026-04-14 05:41:33 |     → Trial 1/50 completed (~2352 evaluations)
2026-04-14 05:41:44 |     → Trial 10/50 completed (~2373 evaluations)
2026-04-14 05:41:55 |     → Trial 20/50 completed (~2338 evaluations)
2026-04-14 05:42:06 |     → Trial 30/50 completed (~2306 evaluations)
2026-04-14 05:42:18 |     → Trial 40/50 completed (~2340 evaluations)
2026-04-14 05:42:29 |     → Trial 50/50 completed (~2319 evaluations)
2026-04-14 05:42:29 |     → Instance 9/100
2026-04-14 05:42:29 |     → ShapleyFlow (Path Sampling): 275 edges, 5 sources
2026-04-14 05:42:29 |     → Sampling 100 paths/source × 50 trials
2026-04-14 05:42:30 |     → Trial 1/50 completed (~2316 evaluations)
2026-04-14 05:42:40 |     → Trial 10/50 completed (~2355 evaluations)
2026-04-14 05:42:52 |     → Trial 20/50 completed (~2354 evaluations)
2026-04-14 05:43:03 |     → Trial 30/50 completed (~2306 evaluations)
2026-04-14 05:43:15 |     → Trial 40/50 completed (~2354 evaluations)
2026-04-14 05:43:26 |     → Trial 50/50 completed (~2370 evaluations)
2026-04-14 05:43:26 |     → Instance 10/100
2026-04-14 05:43:26 |     → ShapleyFlow (Path Sampling): 275 edges, 5 sources
2026-04-14 05:43:26 |     → Sampling 100 paths/source × 50 trials
2026-04-14 05:43:27 |     → Trial 1/50 completed (~2314 evaluations)
2026-04-14 05:43:38 |     → Trial 10/50 completed (~2328 evaluations)
2026-04-14 05:43:49 |     → Trial 20/50 completed (~2290 evaluations)
2026-04-14 05:44:00 |     → Trial 30/50 completed (~2328 evaluations)
2026-04-14 05:44:12 |     → Trial 40/50 completed (~2287 evaluations)
2026-04-14 05:44:23 |     → Trial 50/50 completed (~2319 evaluations)
2026-04-14 05:44:23 |     → Instance 11/100
2026-04-14 05:44:23 |     → ShapleyFlow (Path Sampling): 275 edges, 5 sources
2026-04-14 05:44:23 |     → Sampling 100 paths/source × 50 trials
2026-04-14 05:44:24 |     → Trial 1/50 completed (~2256 evaluations)
2026-04-14 05:44:35 |     → Trial 10/50 completed (~2349 evaluations)
2026-04-14 05:44:46 |     → Trial 20/50 completed (~2391 evaluations)
2026-04-14 05:44:58 |     → Trial 30/50 completed (~2312 evaluations)
2026-04-14 05:45:09 |     → Trial 40/50 completed (~2311 evaluations)
2026-04-14 05:45:20 |     → Trial 50/50 completed (~2240 evaluations)
2026-04-14 05:45:20 |     → Instance 12/100
2026-04-14 05:45:20 |     → ShapleyFlow (Path Sampling): 275 edges, 5 sources
2026-04-14 05:45:20 |     → Sampling 100 paths/source × 50 trials
2026-04-14 05:45:21 |     → Trial 1/50 completed (~2296 evaluations)
2026-04-14 05:45:32 |     → Trial 10/50 completed (~2283 evaluations)
2026-04-14 05:45:43 |     → Trial 20/50 completed (~2301 evaluations)
2026-04-14 05:45:54 |     → Trial 30/50 completed (~2355 evaluations)
2026-04-14 05:46:06 |     → Trial 40/50 completed (~2278 evaluations)
2026-04-14 05:46:17 |     → Trial 50/50 completed (~2297 evaluations)
2026-04-14 05:46:17 |     → Instance 13/100
2026-04-14 05:46:17 |     → ShapleyFlow (Path Sampling): 275 edges, 5 sources
2026-04-14 05:46:17 |     → Sampling 100 paths/source × 50 trials
2026-04-14 05:46:18 |     → Trial 1/50 completed (~2319 evaluations)
2026-04-14 05:46:28 |     → Trial 10/50 completed (~2203 evaluations)
2026-04-14 05:46:40 |     → Trial 20/50 completed (~2348 evaluations)
2026-04-14 05:46:51 |     → Trial 30/50 completed (~2352 evaluations)
2026-04-14 05:47:03 |     → Trial 40/50 completed (~2352 evaluations)
2026-04-14 05:47:14 |     → Trial 50/50 completed (~2368 evaluations)
2026-04-14 05:47:14 |     → Instance 14/100
2026-04-14 05:47:14 |     → ShapleyFlow (Path Sampling): 275 edges, 5 sources
2026-04-14 05:47:14 |     → Sampling 100 paths/source × 50 trials
2026-04-14 05:47:15 |     → Trial 1/50 completed (~2312 evaluations)
2026-04-14 05:47:26 |     → Trial 10/50 completed (~2301 evaluations)
2026-04-14 05:47:37 |     → Trial 20/50 completed (~2266 evaluations)
2026-04-14 05:47:48 |     → Trial 30/50 completed (~2308 evaluations)
2026-04-14 05:48:00 |     → Trial 40/50 completed (~2302 evaluations)
2026-04-14 05:48:11 |     → Trial 50/50 completed (~2357 evaluations)
2026-04-14 05:48:11 |     → Instance 15/100
2026-04-14 05:48:11 |     → ShapleyFlow (Path Sampling): 275 edges, 5 sources
2026-04-14 05:48:11 |     → Sampling 100 paths/source × 50 trials
2026-04-14 05:48:12 |     → Trial 1/50 completed (~2333 evaluations)
2026-04-14 05:48:22 |     → Trial 10/50 completed (~2288 evaluations)
2026-04-14 05:48:34 |     → Trial 20/50 completed (~2321 evaluations)
2026-04-14 05:48:45 |     → Trial 30/50 completed (~2378 evaluations)
2026-04-14 05:48:57 |     → Trial 40/50 completed (~2399 evaluations)
2026-04-14 05:49:08 |     → Trial 50/50 completed (~2297 evaluations)
2026-04-14 05:49:08 |     → Instance 16/100
2026-04-14 05:49:08 |     → ShapleyFlow (Path Sampling): 275 edges, 5 sources
2026-04-14 05:49:08 |     → Sampling 100 paths/source × 50 trials
2026-04-14 05:49:09 |     → Trial 1/50 completed (~2241 evaluations)
2026-04-14 05:49:19 |     → Trial 10/50 completed (~2311 evaluations)
2026-04-14 05:49:31 |     → Trial 20/50 completed (~2293 evaluations)
2026-04-14 05:49:42 |     → Trial 30/50 completed (~2327 evaluations)
2026-04-14 05:49:54 |     → Trial 40/50 completed (~2314 evaluations)
2026-04-14 05:50:05 |     → Trial 50/50 completed (~2317 evaluations)
2026-04-14 05:50:05 |     → Instance 17/100
2026-04-14 05:50:05 |     → ShapleyFlow (Path Sampling): 275 edges, 5 sources
2026-04-14 05:50:05 |     → Sampling 100 paths/source × 50 trials
2026-04-14 05:50:06 |     → Trial 1/50 completed (~2361 evaluations)
2026-04-14 05:50:17 |     → Trial 10/50 completed (~2313 evaluations)
2026-04-14 05:50:28 |     → Trial 20/50 completed (~2316 evaluations)
2026-04-14 05:50:40 |     → Trial 30/50 completed (~2321 evaluations)
2026-04-14 05:50:51 |     → Trial 40/50 completed (~2271 evaluations)
2026-04-14 05:51:02 |     → Trial 50/50 completed (~2331 evaluations)
2026-04-14 05:51:02 |     → Instance 18/100
2026-04-14 05:51:02 |     → ShapleyFlow (Path Sampling): 275 edges, 5 sources
2026-04-14 05:51:02 |     → Sampling 100 paths/source × 50 trials
2026-04-14 05:51:04 |     → Trial 1/50 completed (~2383 evaluations)
2026-04-14 05:51:14 |     → Trial 10/50 completed (~2343 evaluations)
2026-04-14 05:51:25 |     → Trial 20/50 completed (~2393 evaluations)
2026-04-14 05:51:37 |     → Trial 30/50 completed (~2271 evaluations)
2026-04-14 05:51:48 |     → Trial 40/50 completed (~2286 evaluations)
2026-04-14 05:52:00 |     → Trial 50/50 completed (~2403 evaluations)
2026-04-14 05:52:00 |     → Instance 19/100
2026-04-14 05:52:00 |     → ShapleyFlow (Path Sampling): 275 edges, 5 sources
2026-04-14 05:52:00 |     → Sampling 100 paths/source × 50 trials
2026-04-14 05:52:01 |     → Trial 1/50 completed (~2277 evaluations)
2026-04-14 05:52:11 |     → Trial 10/50 completed (~2343 evaluations)
2026-04-14 05:52:22 |     → Trial 20/50 completed (~2267 evaluations)
2026-04-14 05:52:34 |     → Trial 30/50 completed (~2267 evaluations)
2026-04-14 05:52:45 |     → Trial 40/50 completed (~2384 evaluations)
2026-04-14 05:52:56 |     → Trial 50/50 completed (~2256 evaluations)
2026-04-14 05:52:56 |     → Instance 20/100
2026-04-14 05:52:56 |     → ShapleyFlow (Path Sampling): 275 edges, 5 sources
2026-04-14 05:52:56 |     → Sampling 100 paths/source × 50 trials
2026-04-14 05:52:58 |     → Trial 1/50 completed (~2347 evaluations)
2026-04-14 05:53:08 |     → Trial 10/50 completed (~2296 evaluations)
2026-04-14 05:53:19 |     → Trial 20/50 completed (~2293 evaluations)
2026-04-14 05:53:31 |     → Trial 30/50 completed (~2310 evaluations)
2026-04-14 05:53:42 |     → Trial 40/50 completed (~2280 evaluations)
2026-04-14 05:53:53 |     → Trial 50/50 completed (~2290 evaluations)
2026-04-14 05:53:54 |     → Instance 21/100
2026-04-14 05:53:54 |     → ShapleyFlow (Path Sampling): 275 edges, 5 sources
2026-04-14 05:53:54 |     → Sampling 100 paths/source × 50 trials
2026-04-14 05:53:55 |     → Trial 1/50 completed (~2274 evaluations)
2026-04-14 05:54:05 |     → Trial 10/50 completed (~2337 evaluations)
2026-04-14 05:54:16 |     → Trial 20/50 completed (~2281 evaluations)
2026-04-14 05:54:28 |     → Trial 30/50 completed (~2396 evaluations)
2026-04-14 05:54:39 |     → Trial 40/50 completed (~2370 evaluations)
2026-04-14 05:54:51 |     → Trial 50/50 completed (~2341 evaluations)
2026-04-14 05:54:51 |     → Instance 22/100
2026-04-14 05:54:51 |     → ShapleyFlow (Path Sampling): 275 edges, 5 sources
2026-04-14 05:54:51 |     → Sampling 100 paths/source × 50 trials
2026-04-14 05:54:52 |     → Trial 1/50 completed (~2344 evaluations)
2026-04-14 05:55:02 |     → Trial 10/50 completed (~2278 evaluations)
2026-04-14 05:55:14 |     → Trial 20/50 completed (~2330 evaluations)
2026-04-14 05:55:25 |     → Trial 30/50 completed (~2285 evaluations)
2026-04-14 05:55:36 |     → Trial 40/50 completed (~2253 evaluations)
2026-04-14 05:55:48 |     → Trial 50/50 completed (~2291 evaluations)
2026-04-14 05:55:48 |     → Instance 23/100
2026-04-14 05:55:48 |     → ShapleyFlow (Path Sampling): 275 edges, 5 sources
2026-04-14 05:55:48 |     → Sampling 100 paths/source × 50 trials
2026-04-14 05:55:49 |     → Trial 1/50 completed (~2265 evaluations)
2026-04-14 05:55:59 |     → Trial 10/50 completed (~2313 evaluations)
2026-04-14 05:56:11 |     → Trial 20/50 completed (~2306 evaluations)
2026-04-14 05:56:22 |     → Trial 30/50 completed (~2276 evaluations)
2026-04-14 05:56:34 |     → Trial 40/50 completed (~2338 evaluations)
2026-04-14 05:56:46 |     → Trial 50/50 completed (~2344 evaluations)
2026-04-14 05:56:46 |     → Instance 24/100
2026-04-14 05:56:46 |     → ShapleyFlow (Path Sampling): 275 edges, 5 sources
2026-04-14 05:56:46 |     → Sampling 100 paths/source × 50 trials
2026-04-14 05:56:47 |     → Trial 1/50 completed (~2437 evaluations)
2026-04-14 05:56:57 |     → Trial 10/50 completed (~2331 evaluations)
2026-04-14 05:57:09 |     → Trial 20/50 completed (~2420 evaluations)
2026-04-14 05:57:20 |     → Trial 30/50 completed (~2290 evaluations)
2026-04-14 05:57:31 |     → Trial 40/50 completed (~2272 evaluations)
2026-04-14 05:57:43 |     → Trial 50/50 completed (~2363 evaluations)
2026-04-14 05:57:43 |     → Instance 25/100
2026-04-14 05:57:43 |     → ShapleyFlow (Path Sampling): 275 edges, 5 sources
2026-04-14 05:57:43 |     → Sampling 100 paths/source × 50 trials
2026-04-14 05:57:44 |     → Trial 1/50 completed (~2325 evaluations)
2026-04-14 05:57:54 |     → Trial 10/50 completed (~2293 evaluations)
2026-04-14 05:58:06 |     → Trial 20/50 completed (~2258 evaluations)
2026-04-14 05:58:17 |     → Trial 30/50 completed (~2269 evaluations)
2026-04-14 05:58:29 |     → Trial 40/50 completed (~2287 evaluations)
2026-04-14 05:58:40 |     → Trial 50/50 completed (~2313 evaluations)
2026-04-14 05:58:40 |     → Instance 26/100
2026-04-14 05:58:40 |     → ShapleyFlow (Path Sampling): 275 edges, 5 sources
2026-04-14 05:58:40 |     → Sampling 100 paths/source × 50 trials
2026-04-14 05:58:41 |     → Trial 1/50 completed (~2305 evaluations)
2026-04-14 05:58:51 |     → Trial 10/50 completed (~2342 evaluations)
2026-04-14 05:59:03 |     → Trial 20/50 completed (~2341 evaluations)
2026-04-14 05:59:14 |     → Trial 30/50 completed (~2260 evaluations)
2026-04-14 05:59:26 |     → Trial 40/50 completed (~2241 evaluations)
2026-04-14 05:59:37 |     → Trial 50/50 completed (~2300 evaluations)
2026-04-14 05:59:37 |     → Instance 27/100
2026-04-14 05:59:37 |     → ShapleyFlow (Path Sampling): 275 edges, 5 sources
2026-04-14 05:59:37 |     → Sampling 100 paths/source × 50 trials
2026-04-14 05:59:38 |     → Trial 1/50 completed (~2372 evaluations)
2026-04-14 05:59:48 |     → Trial 10/50 completed (~2322 evaluations)
2026-04-14 06:00:00 |     → Trial 20/50 completed (~2334 evaluations)
2026-04-14 06:00:11 |     → Trial 30/50 completed (~2352 evaluations)
2026-04-14 06:00:23 |     → Trial 40/50 completed (~2346 evaluations)
2026-04-14 06:00:34 |     → Trial 50/50 completed (~2304 evaluations)
2026-04-14 06:00:34 |     → Instance 28/100
2026-04-14 06:00:34 |     → ShapleyFlow (Path Sampling): 275 edges, 5 sources
2026-04-14 06:00:34 |     → Sampling 100 paths/source × 50 trials
2026-04-14 06:00:36 |     → Trial 1/50 completed (~2325 evaluations)
2026-04-14 06:00:46 |     → Trial 10/50 completed (~2331 evaluations)
2026-04-14 06:00:57 |     → Trial 20/50 completed (~2277 evaluations)
2026-04-14 06:01:09 |     → Trial 30/50 completed (~2313 evaluations)
2026-04-14 06:01:20 |     → Trial 40/50 completed (~2261 evaluations)
2026-04-14 06:01:31 |     → Trial 50/50 completed (~2266 evaluations)
2026-04-14 06:01:32 |     → Instance 29/100
2026-04-14 06:01:32 |     → ShapleyFlow (Path Sampling): 275 edges, 5 sources
2026-04-14 06:01:32 |     → Sampling 100 paths/source × 50 trials
2026-04-14 06:01:33 |     → Trial 1/50 completed (~2321 evaluations)
2026-04-14 06:01:43 |     → Trial 10/50 completed (~2357 evaluations)
2026-04-14 06:01:54 |     → Trial 20/50 completed (~2276 evaluations)
2026-04-14 06:02:06 |     → Trial 30/50 completed (~2334 evaluations)
2026-04-14 06:02:17 |     → Trial 40/50 completed (~2372 evaluations)
2026-04-14 06:02:29 |     → Trial 50/50 completed (~2320 evaluations)
2026-04-14 06:02:29 |     → Instance 30/100
2026-04-14 06:02:29 |     → ShapleyFlow (Path Sampling): 275 edges, 5 sources
2026-04-14 06:02:29 |     → Sampling 100 paths/source × 50 trials
2026-04-14 06:02:30 |     → Trial 1/50 completed (~2343 evaluations)
2026-04-14 06:02:40 |     → Trial 10/50 completed (~2271 evaluations)
2026-04-14 06:02:52 |     → Trial 20/50 completed (~2371 evaluations)
2026-04-14 06:03:03 |     → Trial 30/50 completed (~2310 evaluations)
2026-04-14 06:03:15 |     → Trial 40/50 completed (~2363 evaluations)
2026-04-14 06:03:26 |     → Trial 50/50 completed (~2291 evaluations)
2026-04-14 06:03:26 |     → Instance 31/100
2026-04-14 06:03:26 |     → ShapleyFlow (Path Sampling): 275 edges, 5 sources
2026-04-14 06:03:26 |     → Sampling 100 paths/source × 50 trials
2026-04-14 06:03:28 |     → Trial 1/50 completed (~2317 evaluations)
2026-04-14 06:03:38 |     → Trial 10/50 completed (~2336 evaluations)
2026-04-14 06:03:49 |     → Trial 20/50 completed (~2249 evaluations)
2026-04-14 06:04:01 |     → Trial 30/50 completed (~2326 evaluations)
2026-04-14 06:04:12 |     → Trial 40/50 completed (~2371 evaluations)
2026-04-14 06:04:23 |     → Trial 50/50 completed (~2317 evaluations)
2026-04-14 06:04:23 |     → Instance 32/100
2026-04-14 06:04:23 |     → ShapleyFlow (Path Sampling): 275 edges, 5 sources
2026-04-14 06:04:23 |     → Sampling 100 paths/source × 50 trials
2026-04-14 06:04:24 |     → Trial 1/50 completed (~2253 evaluations)
2026-04-14 06:04:35 |     → Trial 10/50 completed (~2381 evaluations)
2026-04-14 06:04:46 |     → Trial 20/50 completed (~2260 evaluations)
2026-04-14 06:04:58 |     → Trial 30/50 completed (~2328 evaluations)
2026-04-14 06:05:09 |     → Trial 40/50 completed (~2305 evaluations)
2026-04-14 06:05:21 |     → Trial 50/50 completed (~2290 evaluations)
2026-04-14 06:05:21 |     → Instance 33/100
2026-04-14 06:05:21 |     → ShapleyFlow (Path Sampling): 275 edges, 5 sources
2026-04-14 06:05:21 |     → Sampling 100 paths/source × 50 trials
2026-04-14 06:05:22 |     → Trial 1/50 completed (~2376 evaluations)
2026-04-14 06:05:32 |     → Trial 10/50 completed (~2271 evaluations)
2026-04-14 06:05:43 |     → Trial 20/50 completed (~2323 evaluations)
2026-04-14 06:05:55 |     → Trial 30/50 completed (~2213 evaluations)
2026-04-14 06:06:06 |     → Trial 40/50 completed (~2313 evaluations)
2026-04-14 06:06:18 |     → Trial 50/50 completed (~2370 evaluations)
2026-04-14 06:06:18 |     → Instance 34/100
2026-04-14 06:06:18 |     → ShapleyFlow (Path Sampling): 275 edges, 5 sources
2026-04-14 06:06:18 |     → Sampling 100 paths/source × 50 trials
2026-04-14 06:06:19 |     → Trial 1/50 completed (~2351 evaluations)
2026-04-14 06:06:29 |     → Trial 10/50 completed (~2404 evaluations)
2026-04-14 06:06:40 |     → Trial 20/50 completed (~2300 evaluations)
2026-04-14 06:06:52 |     → Trial 30/50 completed (~2366 evaluations)
2026-04-14 06:07:03 |     → Trial 40/50 completed (~2372 evaluations)
2026-04-14 06:07:15 |     → Trial 50/50 completed (~2358 evaluations)
2026-04-14 06:07:15 |     → Instance 35/100
2026-04-14 06:07:15 |     → ShapleyFlow (Path Sampling): 275 edges, 5 sources
2026-04-14 06:07:15 |     → Sampling 100 paths/source × 50 trials
2026-04-14 06:07:16 |     → Trial 1/50 completed (~2342 evaluations)
2026-04-14 06:07:26 |     → Trial 10/50 completed (~2326 evaluations)
2026-04-14 06:07:38 |     → Trial 20/50 completed (~2221 evaluations)
2026-04-14 06:07:49 |     → Trial 30/50 completed (~2227 evaluations)
2026-04-14 06:08:00 |     → Trial 40/50 completed (~2314 evaluations)
2026-04-14 06:08:12 |     → Trial 50/50 completed (~2336 evaluations)
2026-04-14 06:08:12 |     → Instance 36/100
2026-04-14 06:08:12 |     → ShapleyFlow (Path Sampling): 275 edges, 5 sources
2026-04-14 06:08:12 |     → Sampling 100 paths/source × 50 trials
2026-04-14 06:08:13 |     → Trial 1/50 completed (~2297 evaluations)
2026-04-14 06:08:24 |     → Trial 10/50 completed (~2313 evaluations)
2026-04-14 06:08:35 |     → Trial 20/50 completed (~2375 evaluations)
2026-04-14 06:08:47 |     → Trial 30/50 completed (~2322 evaluations)
2026-04-14 06:08:58 |     → Trial 40/50 completed (~2303 evaluations)
2026-04-14 06:09:09 |     → Trial 50/50 completed (~2354 evaluations)
2026-04-14 06:09:10 |     → Instance 37/100
2026-04-14 06:09:10 |     → ShapleyFlow (Path Sampling): 275 edges, 5 sources
2026-04-14 06:09:10 |     → Sampling 100 paths/source × 50 trials
2026-04-14 06:09:11 |     → Trial 1/50 completed (~2302 evaluations)
2026-04-14 06:09:21 |     → Trial 10/50 completed (~2314 evaluations)
2026-04-14 06:09:32 |     → Trial 20/50 completed (~2296 evaluations)
2026-04-14 06:09:44 |     → Trial 30/50 completed (~2257 evaluations)
2026-04-14 06:09:55 |     → Trial 40/50 completed (~2185 evaluations)
2026-04-14 06:10:06 |     → Trial 50/50 completed (~2330 evaluations)
2026-04-14 06:10:07 |     → Instance 38/100
2026-04-14 06:10:07 |     → ShapleyFlow (Path Sampling): 275 edges, 5 sources
2026-04-14 06:10:07 |     → Sampling 100 paths/source × 50 trials
2026-04-14 06:10:08 |     → Trial 1/50 completed (~2321 evaluations)
2026-04-14 06:10:18 |     → Trial 10/50 completed (~2259 evaluations)
2026-04-14 06:10:29 |     → Trial 20/50 completed (~2304 evaluations)
2026-04-14 06:10:41 |     → Trial 30/50 completed (~2280 evaluations)
2026-04-14 06:10:52 |     → Trial 40/50 completed (~2286 evaluations)
2026-04-14 06:11:03 |     → Trial 50/50 completed (~2268 evaluations)
2026-04-14 06:11:03 |     → Instance 39/100
2026-04-14 06:11:03 |     → ShapleyFlow (Path Sampling): 275 edges, 5 sources
2026-04-14 06:11:03 |     → Sampling 100 paths/source × 50 trials
2026-04-14 06:11:04 |     → Trial 1/50 completed (~2350 evaluations)
2026-04-14 06:11:15 |     → Trial 10/50 completed (~2355 evaluations)
2026-04-14 06:11:26 |     → Trial 20/50 completed (~2412 evaluations)
2026-04-14 06:11:38 |     → Trial 30/50 completed (~2372 evaluations)
2026-04-14 06:11:49 |     → Trial 40/50 completed (~2278 evaluations)
2026-04-14 06:12:00 |     → Trial 50/50 completed (~2299 evaluations)
2026-04-14 06:12:00 |     → Instance 40/100
2026-04-14 06:12:00 |     → ShapleyFlow (Path Sampling): 275 edges, 5 sources
2026-04-14 06:12:00 |     → Sampling 100 paths/source × 50 trials
2026-04-14 06:12:01 |     → Trial 1/50 completed (~2330 evaluations)
2026-04-14 06:12:12 |     → Trial 10/50 completed (~2384 evaluations)
2026-04-14 06:12:23 |     → Trial 20/50 completed (~2278 evaluations)
2026-04-14 06:12:35 |     → Trial 30/50 completed (~2351 evaluations)
2026-04-14 06:12:46 |     → Trial 40/50 completed (~2261 evaluations)
2026-04-14 06:12:57 |     → Trial 50/50 completed (~2377 evaluations)
2026-04-14 06:12:57 |     → Instance 41/100
2026-04-14 06:12:57 |     → ShapleyFlow (Path Sampling): 275 edges, 5 sources
2026-04-14 06:12:57 |     → Sampling 100 paths/source × 50 trials
2026-04-14 06:12:59 |     → Trial 1/50 completed (~2364 evaluations)
2026-04-14 06:13:09 |     → Trial 10/50 completed (~2352 evaluations)
2026-04-14 06:13:20 |     → Trial 20/50 completed (~2313 evaluations)
2026-04-14 06:13:32 |     → Trial 30/50 completed (~2329 evaluations)
2026-04-14 06:13:43 |     → Trial 40/50 completed (~2344 evaluations)
2026-04-14 06:13:54 |     → Trial 50/50 completed (~2286 evaluations)
2026-04-14 06:13:54 |     → Instance 42/100
2026-04-14 06:13:54 |     → ShapleyFlow (Path Sampling): 275 edges, 5 sources
2026-04-14 06:13:54 |     → Sampling 100 paths/source × 50 trials
2026-04-14 06:13:56 |     → Trial 1/50 completed (~2372 evaluations)
2026-04-14 06:14:06 |     → Trial 10/50 completed (~2327 evaluations)
2026-04-14 06:14:17 |     → Trial 20/50 completed (~2305 evaluations)
2026-04-14 06:14:29 |     → Trial 30/50 completed (~2318 evaluations)
2026-04-14 06:14:40 |     → Trial 40/50 completed (~2327 evaluations)
2026-04-14 06:14:51 |     → Trial 50/50 completed (~2331 evaluations)
2026-04-14 06:14:52 |     → Instance 43/100
2026-04-14 06:14:52 |     → ShapleyFlow (Path Sampling): 275 edges, 5 sources
2026-04-14 06:14:52 |     → Sampling 100 paths/source × 50 trials
2026-04-14 06:14:53 |     → Trial 1/50 completed (~2298 evaluations)
2026-04-14 06:15:03 |     → Trial 10/50 completed (~2308 evaluations)
2026-04-14 06:15:14 |     → Trial 20/50 completed (~2236 evaluations)
2026-04-14 06:15:26 |     → Trial 30/50 completed (~2258 evaluations)
2026-04-14 06:15:37 |     → Trial 40/50 completed (~2276 evaluations)
2026-04-14 06:15:48 |     → Trial 50/50 completed (~2342 evaluations)
2026-04-14 06:15:48 |     → Instance 44/100
2026-04-14 06:15:48 |     → ShapleyFlow (Path Sampling): 275 edges, 5 sources
2026-04-14 06:15:48 |     → Sampling 100 paths/source × 50 trials
2026-04-14 06:15:50 |     → Trial 1/50 completed (~2325 evaluations)
2026-04-14 06:16:00 |     → Trial 10/50 completed (~2313 evaluations)
2026-04-14 06:16:11 |     → Trial 20/50 completed (~2325 evaluations)
2026-04-14 06:16:22 |     → Trial 30/50 completed (~2244 evaluations)
2026-04-14 06:16:34 |     → Trial 40/50 completed (~2308 evaluations)
2026-04-14 06:16:45 |     → Trial 50/50 completed (~2268 evaluations)
2026-04-14 06:16:45 |     → Instance 45/100
2026-04-14 06:16:45 |     → ShapleyFlow (Path Sampling): 275 edges, 5 sources
2026-04-14 06:16:45 |     → Sampling 100 paths/source × 50 trials
2026-04-14 06:16:46 |     → Trial 1/50 completed (~2349 evaluations)
2026-04-14 06:16:57 |     → Trial 10/50 completed (~2353 evaluations)
2026-04-14 06:17:08 |     → Trial 20/50 completed (~2295 evaluations)
2026-04-14 06:17:19 |     → Trial 30/50 completed (~2341 evaluations)
2026-04-14 06:17:31 |     → Trial 40/50 completed (~2351 evaluations)
2026-04-14 06:17:42 |     → Trial 50/50 completed (~2329 evaluations)
2026-04-14 06:17:42 |     → Instance 46/100
2026-04-14 06:17:42 |     → ShapleyFlow (Path Sampling): 275 edges, 5 sources
2026-04-14 06:17:42 |     → Sampling 100 paths/source × 50 trials
2026-04-14 06:17:43 |     → Trial 1/50 completed (~2316 evaluations)
2026-04-14 06:17:53 |     → Trial 10/50 completed (~2333 evaluations)
2026-04-14 06:18:05 |     → Trial 20/50 completed (~2326 evaluations)
2026-04-14 06:18:16 |     → Trial 30/50 completed (~2300 evaluations)
2026-04-14 06:18:27 |     → Trial 40/50 completed (~2288 evaluations)
2026-04-14 06:18:39 |     → Trial 50/50 completed (~2332 evaluations)
2026-04-14 06:18:39 |     → Instance 47/100
2026-04-14 06:18:39 |     → ShapleyFlow (Path Sampling): 275 edges, 5 sources
2026-04-14 06:18:39 |     → Sampling 100 paths/source × 50 trials
2026-04-14 06:18:40 |     → Trial 1/50 completed (~2300 evaluations)
2026-04-14 06:18:50 |     → Trial 10/50 completed (~2297 evaluations)
2026-04-14 06:19:01 |     → Trial 20/50 completed (~2330 evaluations)
2026-04-14 06:19:13 |     → Trial 30/50 completed (~2356 evaluations)
2026-04-14 06:19:24 |     → Trial 40/50 completed (~2316 evaluations)
2026-04-14 06:19:36 |     → Trial 50/50 completed (~2365 evaluations)
2026-04-14 06:19:36 |     → Instance 48/100
2026-04-14 06:19:36 |     → ShapleyFlow (Path Sampling): 275 edges, 5 sources
2026-04-14 06:19:36 |     → Sampling 100 paths/source × 50 trials
2026-04-14 06:19:37 |     → Trial 1/50 completed (~2276 evaluations)
2026-04-14 06:19:47 |     → Trial 10/50 completed (~2350 evaluations)
2026-04-14 06:19:59 |     → Trial 20/50 completed (~2416 evaluations)
2026-04-14 06:20:10 |     → Trial 30/50 completed (~2416 evaluations)
2026-04-14 06:20:21 |     → Trial 40/50 completed (~2236 evaluations)
2026-04-14 06:20:33 |     → Trial 50/50 completed (~2390 evaluations)
2026-04-14 06:20:33 |     → Instance 49/100
2026-04-14 06:20:33 |     → ShapleyFlow (Path Sampling): 275 edges, 5 sources
2026-04-14 06:20:33 |     → Sampling 100 paths/source × 50 trials
2026-04-14 06:20:34 |     → Trial 1/50 completed (~2278 evaluations)
2026-04-14 06:20:44 |     → Trial 10/50 completed (~2236 evaluations)
2026-04-14 06:20:56 |     → Trial 20/50 completed (~2253 evaluations)
2026-04-14 06:21:07 |     → Trial 30/50 completed (~2282 evaluations)
2026-04-14 06:21:19 |     → Trial 40/50 completed (~2345 evaluations)
2026-04-14 06:21:30 |     → Trial 50/50 completed (~2308 evaluations)
2026-04-14 06:21:30 |     → Instance 50/100
2026-04-14 06:21:30 |     → ShapleyFlow (Path Sampling): 275 edges, 5 sources
2026-04-14 06:21:30 |     → Sampling 100 paths/source × 50 trials
2026-04-14 06:21:31 |     → Trial 1/50 completed (~2345 evaluations)
2026-04-14 06:21:41 |     → Trial 10/50 completed (~2366 evaluations)
2026-04-14 06:21:53 |     → Trial 20/50 completed (~2392 evaluations)
2026-04-14 06:22:04 |     → Trial 30/50 completed (~2310 evaluations)
2026-04-14 06:22:16 |     → Trial 40/50 completed (~2354 evaluations)
2026-04-14 06:22:27 |     → Trial 50/50 completed (~2279 evaluations)
2026-04-14 06:22:27 |     → Instance 51/100
2026-04-14 06:22:27 |     → ShapleyFlow (Path Sampling): 275 edges, 5 sources
2026-04-14 06:22:27 |     → Sampling 100 paths/source × 50 trials
2026-04-14 06:22:28 |     → Trial 1/50 completed (~2291 evaluations)
2026-04-14 06:22:39 |     → Trial 10/50 completed (~2264 evaluations)
2026-04-14 06:22:50 |     → Trial 20/50 completed (~2252 evaluations)
2026-04-14 06:23:01 |     → Trial 30/50 completed (~2362 evaluations)
2026-04-14 06:23:13 |     → Trial 40/50 completed (~2210 evaluations)
2026-04-14 06:23:24 |     → Trial 50/50 completed (~2267 evaluations)
2026-04-14 06:23:24 |     → Instance 52/100
2026-04-14 06:23:24 |     → ShapleyFlow (Path Sampling): 275 edges, 5 sources
2026-04-14 06:23:24 |     → Sampling 100 paths/source × 50 trials
2026-04-14 06:23:25 |     → Trial 1/50 completed (~2403 evaluations)
2026-04-14 06:23:36 |     → Trial 10/50 completed (~2391 evaluations)
2026-04-14 06:23:47 |     → Trial 20/50 completed (~2243 evaluations)
2026-04-14 06:23:59 |     → Trial 30/50 completed (~2370 evaluations)
2026-04-14 06:24:10 |     → Trial 40/50 completed (~2316 evaluations)
2026-04-14 06:24:21 |     → Trial 50/50 completed (~2293 evaluations)
2026-04-14 06:24:21 |     → Instance 53/100
2026-04-14 06:24:21 |     → ShapleyFlow (Path Sampling): 275 edges, 5 sources
2026-04-14 06:24:21 |     → Sampling 100 paths/source × 50 trials
2026-04-14 06:24:23 |     → Trial 1/50 completed (~2361 evaluations)
2026-04-14 06:24:33 |     → Trial 10/50 completed (~2346 evaluations)
2026-04-14 06:24:44 |     → Trial 20/50 completed (~2376 evaluations)
2026-04-14 06:24:56 |     → Trial 30/50 completed (~2378 evaluations)
2026-04-14 06:25:07 |     → Trial 40/50 completed (~2326 evaluations)
2026-04-14 06:25:19 |     → Trial 50/50 completed (~2322 evaluations)
2026-04-14 06:25:19 |     → Instance 54/100
2026-04-14 06:25:19 |     → ShapleyFlow (Path Sampling): 275 edges, 5 sources
2026-04-14 06:25:19 |     → Sampling 100 paths/source × 50 trials
2026-04-14 06:25:20 |     → Trial 1/50 completed (~2421 evaluations)
2026-04-14 06:25:30 |     → Trial 10/50 completed (~2313 evaluations)
2026-04-14 06:25:42 |     → Trial 20/50 completed (~2334 evaluations)
2026-04-14 06:25:53 |     → Trial 30/50 completed (~2381 evaluations)
2026-04-14 06:26:05 |     → Trial 40/50 completed (~2311 evaluations)
2026-04-14 06:26:16 |     → Trial 50/50 completed (~2373 evaluations)
2026-04-14 06:26:16 |     → Instance 55/100
2026-04-14 06:26:16 |     → ShapleyFlow (Path Sampling): 275 edges, 5 sources
2026-04-14 06:26:16 |     → Sampling 100 paths/source × 50 trials
2026-04-14 06:26:17 |     → Trial 1/50 completed (~2346 evaluations)
2026-04-14 06:26:28 |     → Trial 10/50 completed (~2315 evaluations)
2026-04-14 06:26:39 |     → Trial 20/50 completed (~2440 evaluations)
2026-04-14 06:26:50 |     → Trial 30/50 completed (~2365 evaluations)
2026-04-14 06:27:02 |     → Trial 40/50 completed (~2361 evaluations)
2026-04-14 06:27:13 |     → Trial 50/50 completed (~2293 evaluations)
2026-04-14 06:27:13 |     → Instance 56/100
2026-04-14 06:27:13 |     → ShapleyFlow (Path Sampling): 275 edges, 5 sources
2026-04-14 06:27:13 |     → Sampling 100 paths/source × 50 trials
2026-04-14 06:27:14 |     → Trial 1/50 completed (~2279 evaluations)
2026-04-14 06:27:25 |     → Trial 10/50 completed (~2366 evaluations)
2026-04-14 06:27:36 |     → Trial 20/50 completed (~2364 evaluations)
2026-04-14 06:27:47 |     → Trial 30/50 completed (~2322 evaluations)
2026-04-14 06:27:59 |     → Trial 40/50 completed (~2352 evaluations)
2026-04-14 06:28:10 |     → Trial 50/50 completed (~2303 evaluations)
2026-04-14 06:28:10 |     → Instance 57/100
2026-04-14 06:28:10 |     → ShapleyFlow (Path Sampling): 275 edges, 5 sources
2026-04-14 06:28:10 |     → Sampling 100 paths/source × 50 trials
2026-04-14 06:28:11 |     → Trial 1/50 completed (~2329 evaluations)
2026-04-14 06:28:21 |     → Trial 10/50 completed (~2316 evaluations)
2026-04-14 06:28:33 |     → Trial 20/50 completed (~2392 evaluations)
2026-04-14 06:28:44 |     → Trial 30/50 completed (~2309 evaluations)
2026-04-14 06:28:55 |     → Trial 40/50 completed (~2251 evaluations)
2026-04-14 06:29:07 |     → Trial 50/50 completed (~2315 evaluations)
2026-04-14 06:29:07 |     → Instance 58/100
2026-04-14 06:29:07 |     → ShapleyFlow (Path Sampling): 275 edges, 5 sources
2026-04-14 06:29:07 |     → Sampling 100 paths/source × 50 trials
2026-04-14 06:29:08 |     → Trial 1/50 completed (~2374 evaluations)
2026-04-14 06:29:18 |     → Trial 10/50 completed (~2319 evaluations)
2026-04-14 06:29:30 |     → Trial 20/50 completed (~2230 evaluations)
2026-04-14 06:29:41 |     → Trial 30/50 completed (~2330 evaluations)
2026-04-14 06:29:52 |     → Trial 40/50 completed (~2281 evaluations)
2026-04-14 06:30:04 |     → Trial 50/50 completed (~2371 evaluations)
2026-04-14 06:30:04 |     → Instance 59/100
2026-04-14 06:30:04 |     → ShapleyFlow (Path Sampling): 275 edges, 5 sources
2026-04-14 06:30:04 |     → Sampling 100 paths/source × 50 trials
2026-04-14 06:30:05 |     → Trial 1/50 completed (~2303 evaluations)
2026-04-14 06:30:15 |     → Trial 10/50 completed (~2270 evaluations)
2026-04-14 06:30:27 |     → Trial 20/50 completed (~2359 evaluations)
2026-04-14 06:30:38 |     → Trial 30/50 completed (~2311 evaluations)
2026-04-14 06:30:50 |     → Trial 40/50 completed (~2307 evaluations)
2026-04-14 06:31:01 |     → Trial 50/50 completed (~2317 evaluations)
2026-04-14 06:31:01 |     → Instance 60/100
2026-04-14 06:31:01 |     → ShapleyFlow (Path Sampling): 275 edges, 5 sources
2026-04-14 06:31:01 |     → Sampling 100 paths/source × 50 trials
2026-04-14 06:31:02 |     → Trial 1/50 completed (~2303 evaluations)
2026-04-14 06:31:12 |     → Trial 10/50 completed (~2337 evaluations)
2026-04-14 06:31:24 |     → Trial 20/50 completed (~2269 evaluations)
2026-04-14 06:31:35 |     → Trial 30/50 completed (~2291 evaluations)
2026-04-14 06:31:46 |     → Trial 40/50 completed (~2368 evaluations)
2026-04-14 06:31:58 |     → Trial 50/50 completed (~2287 evaluations)
2026-04-14 06:31:58 |     → Instance 61/100
2026-04-14 06:31:58 |     → ShapleyFlow (Path Sampling): 275 edges, 5 sources
2026-04-14 06:31:58 |     → Sampling 100 paths/source × 50 trials
2026-04-14 06:31:59 |     → Trial 1/50 completed (~2293 evaluations)
2026-04-14 06:32:09 |     → Trial 10/50 completed (~2307 evaluations)
2026-04-14 06:32:21 |     → Trial 20/50 completed (~2324 evaluations)
2026-04-14 06:32:32 |     → Trial 30/50 completed (~2359 evaluations)
2026-04-14 06:32:43 |     → Trial 40/50 completed (~2301 evaluations)
2026-04-14 06:32:55 |     → Trial 50/50 completed (~2268 evaluations)
2026-04-14 06:32:55 |     → Instance 62/100
2026-04-14 06:32:55 |     → ShapleyFlow (Path Sampling): 275 edges, 5 sources
2026-04-14 06:32:55 |     → Sampling 100 paths/source × 50 trials
2026-04-14 06:32:56 |     → Trial 1/50 completed (~2329 evaluations)
2026-04-14 06:33:06 |     → Trial 10/50 completed (~2310 evaluations)
2026-04-14 06:33:18 |     → Trial 20/50 completed (~2387 evaluations)
2026-04-14 06:33:29 |     → Trial 30/50 completed (~2297 evaluations)
2026-04-14 06:33:40 |     → Trial 40/50 completed (~2299 evaluations)
2026-04-14 06:33:52 |     → Trial 50/50 completed (~2314 evaluations)
2026-04-14 06:33:52 |     → Instance 63/100
2026-04-14 06:33:52 |     → ShapleyFlow (Path Sampling): 275 edges, 5 sources
2026-04-14 06:33:52 |     → Sampling 100 paths/source × 50 trials
2026-04-14 06:33:53 |     → Trial 1/50 completed (~2282 evaluations)
2026-04-14 06:34:03 |     → Trial 10/50 completed (~2312 evaluations)
2026-04-14 06:34:15 |     → Trial 20/50 completed (~2326 evaluations)
2026-04-14 06:34:26 |     → Trial 30/50 completed (~2301 evaluations)
2026-04-14 06:34:38 |     → Trial 40/50 completed (~2347 evaluations)
2026-04-14 06:34:49 |     → Trial 50/50 completed (~2433 evaluations)
2026-04-14 06:34:49 |     → Instance 64/100
2026-04-14 06:34:49 |     → ShapleyFlow (Path Sampling): 275 edges, 5 sources
2026-04-14 06:34:49 |     → Sampling 100 paths/source × 50 trials
2026-04-14 06:34:50 |     → Trial 1/50 completed (~2348 evaluations)
2026-04-14 06:35:01 |     → Trial 10/50 completed (~2321 evaluations)
2026-04-14 06:35:12 |     → Trial 20/50 completed (~2229 evaluations)
2026-04-14 06:35:23 |     → Trial 30/50 completed (~2346 evaluations)
2026-04-14 06:35:35 |     → Trial 40/50 completed (~2274 evaluations)
2026-04-14 06:35:46 |     → Trial 50/50 completed (~2339 evaluations)
2026-04-14 06:35:46 |     → Instance 65/100
2026-04-14 06:35:46 |     → ShapleyFlow (Path Sampling): 275 edges, 5 sources
2026-04-14 06:35:46 |     → Sampling 100 paths/source × 50 trials
2026-04-14 06:35:47 |     → Trial 1/50 completed (~2383 evaluations)
2026-04-14 06:35:58 |     → Trial 10/50 completed (~2310 evaluations)
2026-04-14 06:36:09 |     → Trial 20/50 completed (~2339 evaluations)
2026-04-14 06:36:21 |     → Trial 30/50 completed (~2377 evaluations)
2026-04-14 06:36:32 |     → Trial 40/50 completed (~2263 evaluations)
2026-04-14 06:36:44 |     → Trial 50/50 completed (~2286 evaluations)
2026-04-14 06:36:44 |     → Instance 66/100
2026-04-14 06:36:44 |     → ShapleyFlow (Path Sampling): 275 edges, 5 sources
2026-04-14 06:36:44 |     → Sampling 100 paths/source × 50 trials
2026-04-14 06:36:45 |     → Trial 1/50 completed (~2339 evaluations)
2026-04-14 06:36:55 |     → Trial 10/50 completed (~2374 evaluations)
2026-04-14 06:37:06 |     → Trial 20/50 completed (~2327 evaluations)
2026-04-14 06:37:18 |     → Trial 30/50 completed (~2355 evaluations)
2026-04-14 06:37:29 |     → Trial 40/50 completed (~2358 evaluations)
2026-04-14 06:37:41 |     → Trial 50/50 completed (~2338 evaluations)
2026-04-14 06:37:41 |     → Instance 67/100
2026-04-14 06:37:41 |     → ShapleyFlow (Path Sampling): 275 edges, 5 sources
2026-04-14 06:37:41 |     → Sampling 100 paths/source × 50 trials
2026-04-14 06:37:42 |     → Trial 1/50 completed (~2316 evaluations)
2026-04-14 06:37:52 |     → Trial 10/50 completed (~2300 evaluations)
2026-04-14 06:38:04 |     → Trial 20/50 completed (~2304 evaluations)
2026-04-14 06:38:15 |     → Trial 30/50 completed (~2296 evaluations)
2026-04-14 06:38:27 |     → Trial 40/50 completed (~2286 evaluations)
2026-04-14 06:38:38 |     → Trial 50/50 completed (~2313 evaluations)
2026-04-14 06:38:38 |     → Instance 68/100
2026-04-14 06:38:38 |     → ShapleyFlow (Path Sampling): 275 edges, 5 sources
2026-04-14 06:38:38 |     → Sampling 100 paths/source × 50 trials
2026-04-14 06:38:39 |     → Trial 1/50 completed (~2328 evaluations)
2026-04-14 06:38:49 |     → Trial 10/50 completed (~2293 evaluations)
2026-04-14 06:39:01 |     → Trial 20/50 completed (~2377 evaluations)
2026-04-14 06:39:12 |     → Trial 30/50 completed (~2345 evaluations)
2026-04-14 06:39:24 |     → Trial 40/50 completed (~2314 evaluations)
2026-04-14 06:39:35 |     → Trial 50/50 completed (~2308 evaluations)
2026-04-14 06:39:35 |     → Instance 69/100
2026-04-14 06:39:35 |     → ShapleyFlow (Path Sampling): 275 edges, 5 sources
2026-04-14 06:39:35 |     → Sampling 100 paths/source × 50 trials
2026-04-14 06:39:36 |     → Trial 1/50 completed (~2319 evaluations)
2026-04-14 06:39:47 |     → Trial 10/50 completed (~2373 evaluations)
2026-04-14 06:39:58 |     → Trial 20/50 completed (~2255 evaluations)
2026-04-14 06:40:09 |     → Trial 30/50 completed (~2374 evaluations)
2026-04-14 06:40:21 |     → Trial 40/50 completed (~2377 evaluations)
2026-04-14 06:40:32 |     → Trial 50/50 completed (~2325 evaluations)
2026-04-14 06:40:32 |     → Instance 70/100
2026-04-14 06:40:32 |     → ShapleyFlow (Path Sampling): 275 edges, 5 sources
2026-04-14 06:40:32 |     → Sampling 100 paths/source × 50 trials
2026-04-14 06:40:33 |     → Trial 1/50 completed (~2288 evaluations)
2026-04-14 06:40:44 |     → Trial 10/50 completed (~2301 evaluations)
2026-04-14 06:40:55 |     → Trial 20/50 completed (~2307 evaluations)
2026-04-14 06:41:06 |     → Trial 30/50 completed (~2351 evaluations)
2026-04-14 06:41:18 |     → Trial 40/50 completed (~2311 evaluations)
2026-04-14 06:41:29 |     → Trial 50/50 completed (~2384 evaluations)
2026-04-14 06:41:29 |     → Instance 71/100
2026-04-14 06:41:29 |     → ShapleyFlow (Path Sampling): 275 edges, 5 sources
2026-04-14 06:41:29 |     → Sampling 100 paths/source × 50 trials
2026-04-14 06:41:31 |     → Trial 1/50 completed (~2339 evaluations)
2026-04-14 06:41:41 |     → Trial 10/50 completed (~2291 evaluations)
2026-04-14 06:41:52 |     → Trial 20/50 completed (~2321 evaluations)
2026-04-14 06:42:04 |     → Trial 30/50 completed (~2366 evaluations)
2026-04-14 06:42:15 |     → Trial 40/50 completed (~2348 evaluations)
2026-04-14 06:42:26 |     → Trial 50/50 completed (~2288 evaluations)
2026-04-14 06:42:26 |     → Instance 72/100
2026-04-14 06:42:26 |     → ShapleyFlow (Path Sampling): 275 edges, 5 sources
2026-04-14 06:42:26 |     → Sampling 100 paths/source × 50 trials
2026-04-14 06:42:28 |     → Trial 1/50 completed (~2302 evaluations)
2026-04-14 06:42:38 |     → Trial 10/50 completed (~2401 evaluations)
2026-04-14 06:42:49 |     → Trial 20/50 completed (~2346 evaluations)
2026-04-14 06:43:01 |     → Trial 30/50 completed (~2295 evaluations)
2026-04-14 06:43:12 |     → Trial 40/50 completed (~2397 evaluations)
2026-04-14 06:43:24 |     → Trial 50/50 completed (~2381 evaluations)
2026-04-14 06:43:24 |     → Instance 73/100
2026-04-14 06:43:24 |     → ShapleyFlow (Path Sampling): 275 edges, 5 sources
2026-04-14 06:43:24 |     → Sampling 100 paths/source × 50 trials
2026-04-14 06:43:25 |     → Trial 1/50 completed (~2343 evaluations)
2026-04-14 06:43:35 |     → Trial 10/50 completed (~2308 evaluations)
2026-04-14 06:43:46 |     → Trial 20/50 completed (~2230 evaluations)
2026-04-14 06:43:57 |     → Trial 30/50 completed (~2263 evaluations)
2026-04-14 06:44:09 |     → Trial 40/50 completed (~2401 evaluations)
2026-04-14 06:44:20 |     → Trial 50/50 completed (~2284 evaluations)
2026-04-14 06:44:20 |     → Instance 74/100
2026-04-14 06:44:20 |     → ShapleyFlow (Path Sampling): 275 edges, 5 sources
2026-04-14 06:44:20 |     → Sampling 100 paths/source × 50 trials
2026-04-14 06:44:21 |     → Trial 1/50 completed (~2276 evaluations)
2026-04-14 06:44:32 |     → Trial 10/50 completed (~2366 evaluations)
2026-04-14 06:44:43 |     → Trial 20/50 completed (~2339 evaluations)
2026-04-14 06:44:54 |     → Trial 30/50 completed (~2283 evaluations)
2026-04-14 06:45:06 |     → Trial 40/50 completed (~2347 evaluations)
2026-04-14 06:45:17 |     → Trial 50/50 completed (~2330 evaluations)
2026-04-14 06:45:17 |     → Instance 75/100
2026-04-14 06:45:17 |     → ShapleyFlow (Path Sampling): 275 edges, 5 sources
2026-04-14 06:45:17 |     → Sampling 100 paths/source × 50 trials
2026-04-14 06:45:18 |     → Trial 1/50 completed (~2329 evaluations)
2026-04-14 06:45:29 |     → Trial 10/50 completed (~2419 evaluations)
2026-04-14 06:45:40 |     → Trial 20/50 completed (~2374 evaluations)
2026-04-14 06:45:51 |     → Trial 30/50 completed (~2369 evaluations)
2026-04-14 06:46:03 |     → Trial 40/50 completed (~2337 evaluations)
2026-04-14 06:46:15 |     → Trial 50/50 completed (~2374 evaluations)
2026-04-14 06:46:15 |     → Instance 76/100
2026-04-14 06:46:15 |     → ShapleyFlow (Path Sampling): 275 edges, 5 sources
2026-04-14 06:46:15 |     → Sampling 100 paths/source × 50 trials
2026-04-14 06:46:16 |     → Trial 1/50 completed (~2303 evaluations)
2026-04-14 06:46:26 |     → Trial 10/50 completed (~2326 evaluations)
2026-04-14 06:46:37 |     → Trial 20/50 completed (~2394 evaluations)
2026-04-14 06:46:49 |     → Trial 30/50 completed (~2350 evaluations)
2026-04-14 06:47:00 |     → Trial 40/50 completed (~2286 evaluations)
2026-04-14 06:47:12 |     → Trial 50/50 completed (~2288 evaluations)
2026-04-14 06:47:12 |     → Instance 77/100
2026-04-14 06:47:12 |     → ShapleyFlow (Path Sampling): 275 edges, 5 sources
2026-04-14 06:47:12 |     → Sampling 100 paths/source × 50 trials
2026-04-14 06:47:13 |     → Trial 1/50 completed (~2353 evaluations)
2026-04-14 06:47:23 |     → Trial 10/50 completed (~2310 evaluations)
2026-04-14 06:47:35 |     → Trial 20/50 completed (~2366 evaluations)
2026-04-14 06:47:46 |     → Trial 30/50 completed (~2316 evaluations)
2026-04-14 06:47:57 |     → Trial 40/50 completed (~2336 evaluations)
2026-04-14 06:48:09 |     → Trial 50/50 completed (~2291 evaluations)
2026-04-14 06:48:09 |     → Instance 78/100
2026-04-14 06:48:09 |     → ShapleyFlow (Path Sampling): 275 edges, 5 sources
2026-04-14 06:48:09 |     → Sampling 100 paths/source × 50 trials
2026-04-14 06:48:10 |     → Trial 1/50 completed (~2334 evaluations)
2026-04-14 06:48:20 |     → Trial 10/50 completed (~2360 evaluations)
2026-04-14 06:48:32 |     → Trial 20/50 completed (~2382 evaluations)
2026-04-14 06:48:43 |     → Trial 30/50 completed (~2283 evaluations)
2026-04-14 06:48:54 |     → Trial 40/50 completed (~2307 evaluations)
2026-04-14 06:49:06 |     → Trial 50/50 completed (~2267 evaluations)
2026-04-14 06:49:06 |     → Instance 79/100
2026-04-14 06:49:06 |     → ShapleyFlow (Path Sampling): 275 edges, 5 sources
2026-04-14 06:49:06 |     → Sampling 100 paths/source × 50 trials
2026-04-14 06:49:07 |     → Trial 1/50 completed (~2303 evaluations)
2026-04-14 06:49:17 |     → Trial 10/50 completed (~2322 evaluations)
2026-04-14 06:49:29 |     → Trial 20/50 completed (~2318 evaluations)
2026-04-14 06:49:40 |     → Trial 30/50 completed (~2318 evaluations)
2026-04-14 06:49:52 |     → Trial 40/50 completed (~2368 evaluations)
2026-04-14 06:50:03 |     → Trial 50/50 completed (~2298 evaluations)
2026-04-14 06:50:03 |     → Instance 80/100
2026-04-14 06:50:03 |     → ShapleyFlow (Path Sampling): 275 edges, 5 sources
2026-04-14 06:50:03 |     → Sampling 100 paths/source × 50 trials
2026-04-14 06:50:04 |     → Trial 1/50 completed (~2319 evaluations)
2026-04-14 06:50:14 |     → Trial 10/50 completed (~2326 evaluations)
2026-04-14 06:50:26 |     → Trial 20/50 completed (~2384 evaluations)
2026-04-14 06:50:37 |     → Trial 30/50 completed (~2337 evaluations)
2026-04-14 06:50:48 |     → Trial 40/50 completed (~2287 evaluations)
2026-04-14 06:51:00 |     → Trial 50/50 completed (~2382 evaluations)
2026-04-14 06:51:00 |     → Instance 81/100
2026-04-14 06:51:00 |     → ShapleyFlow (Path Sampling): 275 edges, 5 sources
2026-04-14 06:51:00 |     → Sampling 100 paths/source × 50 trials
2026-04-14 06:51:01 |     → Trial 1/50 completed (~2332 evaluations)
2026-04-14 06:51:11 |     → Trial 10/50 completed (~2265 evaluations)
2026-04-14 06:51:23 |     → Trial 20/50 completed (~2346 evaluations)
2026-04-14 06:51:34 |     → Trial 30/50 completed (~2387 evaluations)
2026-04-14 06:51:46 |     → Trial 40/50 completed (~2395 evaluations)
2026-04-14 06:51:57 |     → Trial 50/50 completed (~2311 evaluations)
2026-04-14 06:51:57 |     → Instance 82/100
2026-04-14 06:51:57 |     → ShapleyFlow (Path Sampling): 275 edges, 5 sources
2026-04-14 06:51:57 |     → Sampling 100 paths/source × 50 trials
2026-04-14 06:51:58 |     → Trial 1/50 completed (~2323 evaluations)
2026-04-14 06:52:08 |     → Trial 10/50 completed (~2359 evaluations)
2026-04-14 06:52:20 |     → Trial 20/50 completed (~2286 evaluations)
2026-04-14 06:52:31 |     → Trial 30/50 completed (~2390 evaluations)
2026-04-14 06:52:42 |     → Trial 40/50 completed (~2273 evaluations)
2026-04-14 06:52:54 |     → Trial 50/50 completed (~2301 evaluations)
2026-04-14 06:52:54 |     → Instance 83/100
2026-04-14 06:52:54 |     → ShapleyFlow (Path Sampling): 275 edges, 5 sources
2026-04-14 06:52:54 |     → Sampling 100 paths/source × 50 trials
2026-04-14 06:52:55 |     → Trial 1/50 completed (~2234 evaluations)
2026-04-14 06:53:05 |     → Trial 10/50 completed (~2302 evaluations)
2026-04-14 06:53:17 |     → Trial 20/50 completed (~2338 evaluations)
2026-04-14 06:53:28 |     → Trial 30/50 completed (~2349 evaluations)
2026-04-14 06:53:40 |     → Trial 40/50 completed (~2357 evaluations)
2026-04-14 06:53:51 |     → Trial 50/50 completed (~2349 evaluations)
2026-04-14 06:53:51 |     → Instance 84/100
2026-04-14 06:53:51 |     → ShapleyFlow (Path Sampling): 275 edges, 5 sources
2026-04-14 06:53:51 |     → Sampling 100 paths/source × 50 trials
2026-04-14 06:53:52 |     → Trial 1/50 completed (~2309 evaluations)
2026-04-14 06:54:02 |     → Trial 10/50 completed (~2285 evaluations)
2026-04-14 06:54:14 |     → Trial 20/50 completed (~2262 evaluations)
2026-04-14 06:54:25 |     → Trial 30/50 completed (~2310 evaluations)
2026-04-14 06:54:36 |     → Trial 40/50 completed (~2353 evaluations)
2026-04-14 06:54:48 |     → Trial 50/50 completed (~2284 evaluations)
2026-04-14 06:54:48 |     → Instance 85/100
2026-04-14 06:54:48 |     → ShapleyFlow (Path Sampling): 275 edges, 5 sources
2026-04-14 06:54:48 |     → Sampling 100 paths/source × 50 trials
2026-04-14 06:54:49 |     → Trial 1/50 completed (~2321 evaluations)
2026-04-14 06:54:59 |     → Trial 10/50 completed (~2397 evaluations)
2026-04-14 06:55:10 |     → Trial 20/50 completed (~2262 evaluations)
2026-04-14 06:55:22 |     → Trial 30/50 completed (~2311 evaluations)
2026-04-14 06:55:33 |     → Trial 40/50 completed (~2382 evaluations)
2026-04-14 06:55:45 |     → Trial 50/50 completed (~2251 evaluations)
2026-04-14 06:55:45 |     → Instance 86/100
2026-04-14 06:55:45 |     → ShapleyFlow (Path Sampling): 275 edges, 5 sources
2026-04-14 06:55:45 |     → Sampling 100 paths/source × 50 trials
2026-04-14 06:55:46 |     → Trial 1/50 completed (~2407 evaluations)
2026-04-14 06:55:56 |     → Trial 10/50 completed (~2331 evaluations)
2026-04-14 06:56:08 |     → Trial 20/50 completed (~2300 evaluations)
2026-04-14 06:56:19 |     → Trial 30/50 completed (~2365 evaluations)
2026-04-14 06:56:30 |     → Trial 40/50 completed (~2437 evaluations)
2026-04-14 06:56:42 |     → Trial 50/50 completed (~2315 evaluations)
2026-04-14 06:56:42 |     → Instance 87/100
2026-04-14 06:56:42 |     → ShapleyFlow (Path Sampling): 275 edges, 5 sources
2026-04-14 06:56:42 |     → Sampling 100 paths/source × 50 trials
2026-04-14 06:56:43 |     → Trial 1/50 completed (~2299 evaluations)
2026-04-14 06:56:53 |     → Trial 10/50 completed (~2385 evaluations)
2026-04-14 06:57:05 |     → Trial 20/50 completed (~2334 evaluations)
2026-04-14 06:57:16 |     → Trial 30/50 completed (~2317 evaluations)
2026-04-14 06:57:28 |     → Trial 40/50 completed (~2338 evaluations)
2026-04-14 06:57:39 |     → Trial 50/50 completed (~2356 evaluations)
2026-04-14 06:57:39 |     → Instance 88/100
2026-04-14 06:57:39 |     → ShapleyFlow (Path Sampling): 275 edges, 5 sources
2026-04-14 06:57:39 |     → Sampling 100 paths/source × 50 trials
2026-04-14 06:57:40 |     → Trial 1/50 completed (~2320 evaluations)
2026-04-14 06:57:51 |     → Trial 10/50 completed (~2263 evaluations)
2026-04-14 06:58:02 |     → Trial 20/50 completed (~2302 evaluations)
2026-04-14 06:58:14 |     → Trial 30/50 completed (~2326 evaluations)
2026-04-14 06:58:25 |     → Trial 40/50 completed (~2270 evaluations)
2026-04-14 06:58:37 |     → Trial 50/50 completed (~2231 evaluations)
2026-04-14 06:58:37 |     → Instance 89/100
2026-04-14 06:58:37 |     → ShapleyFlow (Path Sampling): 275 edges, 5 sources
2026-04-14 06:58:37 |     → Sampling 100 paths/source × 50 trials
2026-04-14 06:58:38 |     → Trial 1/50 completed (~2400 evaluations)
2026-04-14 06:58:48 |     → Trial 10/50 completed (~2239 evaluations)
2026-04-14 06:58:59 |     → Trial 20/50 completed (~2334 evaluations)
2026-04-14 06:59:11 |     → Trial 30/50 completed (~2384 evaluations)
2026-04-14 06:59:22 |     → Trial 40/50 completed (~2302 evaluations)
2026-04-14 06:59:34 |     → Trial 50/50 completed (~2381 evaluations)
2026-04-14 06:59:34 |     → Instance 90/100
2026-04-14 06:59:34 |     → ShapleyFlow (Path Sampling): 275 edges, 5 sources
2026-04-14 06:59:34 |     → Sampling 100 paths/source × 50 trials
2026-04-14 06:59:35 |     → Trial 1/50 completed (~2395 evaluations)
2026-04-14 06:59:45 |     → Trial 10/50 completed (~2391 evaluations)
2026-04-14 06:59:57 |     → Trial 20/50 completed (~2300 evaluations)
2026-04-14 07:00:08 |     → Trial 30/50 completed (~2359 evaluations)
2026-04-14 07:00:20 |     → Trial 40/50 completed (~2317 evaluations)
2026-04-14 07:00:31 |     → Trial 50/50 completed (~2293 evaluations)
2026-04-14 07:00:31 |     → Instance 91/100
2026-04-14 07:00:31 |     → ShapleyFlow (Path Sampling): 275 edges, 5 sources
2026-04-14 07:00:31 |     → Sampling 100 paths/source × 50 trials
2026-04-14 07:00:32 |     → Trial 1/50 completed (~2321 evaluations)
2026-04-14 07:00:43 |     → Trial 10/50 completed (~2296 evaluations)
2026-04-14 07:00:54 |     → Trial 20/50 completed (~2342 evaluations)
2026-04-14 07:01:05 |     → Trial 30/50 completed (~2375 evaluations)
2026-04-14 07:01:17 |     → Trial 40/50 completed (~2304 evaluations)
2026-04-14 07:01:28 |     → Trial 50/50 completed (~2264 evaluations)
2026-04-14 07:01:28 |     → Instance 92/100
2026-04-14 07:01:28 |     → ShapleyFlow (Path Sampling): 275 edges, 5 sources
2026-04-14 07:01:28 |     → Sampling 100 paths/source × 50 trials
2026-04-14 07:01:29 |     → Trial 1/50 completed (~2350 evaluations)
2026-04-14 07:01:40 |     → Trial 10/50 completed (~2289 evaluations)
2026-04-14 07:01:51 |     → Trial 20/50 completed (~2366 evaluations)
2026-04-14 07:02:02 |     → Trial 30/50 completed (~2256 evaluations)
2026-04-14 07:02:14 |     → Trial 40/50 completed (~2286 evaluations)
2026-04-14 07:02:25 |     → Trial 50/50 completed (~2303 evaluations)
2026-04-14 07:02:25 |     → Instance 93/100
2026-04-14 07:02:25 |     → ShapleyFlow (Path Sampling): 275 edges, 5 sources
2026-04-14 07:02:25 |     → Sampling 100 paths/source × 50 trials
2026-04-14 07:02:26 |     → Trial 1/50 completed (~2245 evaluations)
2026-04-14 07:02:37 |     → Trial 10/50 completed (~2369 evaluations)
2026-04-14 07:02:48 |     → Trial 20/50 completed (~2352 evaluations)
2026-04-14 07:02:59 |     → Trial 30/50 completed (~2288 evaluations)
2026-04-14 07:03:11 |     → Trial 40/50 completed (~2288 evaluations)
2026-04-14 07:03:22 |     → Trial 50/50 completed (~2349 evaluations)
2026-04-14 07:03:22 |     → Instance 94/100
2026-04-14 07:03:22 |     → ShapleyFlow (Path Sampling): 275 edges, 5 sources
2026-04-14 07:03:22 |     → Sampling 100 paths/source × 50 trials
2026-04-14 07:03:23 |     → Trial 1/50 completed (~2279 evaluations)
2026-04-14 07:03:33 |     → Trial 10/50 completed (~2298 evaluations)
2026-04-14 07:03:45 |     → Trial 20/50 completed (~2322 evaluations)
2026-04-14 07:03:56 |     → Trial 30/50 completed (~2302 evaluations)
2026-04-14 07:04:08 |     → Trial 40/50 completed (~2378 evaluations)
2026-04-14 07:04:19 |     → Trial 50/50 completed (~2315 evaluations)
2026-04-14 07:04:19 |     → Instance 95/100
2026-04-14 07:04:19 |     → ShapleyFlow (Path Sampling): 275 edges, 5 sources
2026-04-14 07:04:19 |     → Sampling 100 paths/source × 50 trials
2026-04-14 07:04:20 |     → Trial 1/50 completed (~2335 evaluations)
2026-04-14 07:04:31 |     → Trial 10/50 completed (~2344 evaluations)
2026-04-14 07:04:42 |     → Trial 20/50 completed (~2333 evaluations)
2026-04-14 07:04:53 |     → Trial 30/50 completed (~2296 evaluations)
2026-04-14 07:05:05 |     → Trial 40/50 completed (~2317 evaluations)
2026-04-14 07:05:16 |     → Trial 50/50 completed (~2317 evaluations)
2026-04-14 07:05:16 |     → Instance 96/100
2026-04-14 07:05:16 |     → ShapleyFlow (Path Sampling): 275 edges, 5 sources
2026-04-14 07:05:16 |     → Sampling 100 paths/source × 50 trials
2026-04-14 07:05:17 |     → Trial 1/50 completed (~2308 evaluations)
2026-04-14 07:05:27 |     → Trial 10/50 completed (~2336 evaluations)
2026-04-14 07:05:39 |     → Trial 20/50 completed (~2342 evaluations)
2026-04-14 07:05:50 |     → Trial 30/50 completed (~2323 evaluations)
2026-04-14 07:06:02 |     → Trial 40/50 completed (~2364 evaluations)
2026-04-14 07:06:13 |     → Trial 50/50 completed (~2309 evaluations)
2026-04-14 07:06:13 |     → Instance 97/100
2026-04-14 07:06:13 |     → ShapleyFlow (Path Sampling): 275 edges, 5 sources
2026-04-14 07:06:13 |     → Sampling 100 paths/source × 50 trials
2026-04-14 07:06:14 |     → Trial 1/50 completed (~2314 evaluations)
2026-04-14 07:06:25 |     → Trial 10/50 completed (~2315 evaluations)
2026-04-14 07:06:36 |     → Trial 20/50 completed (~2274 evaluations)
2026-04-14 07:06:47 |     → Trial 30/50 completed (~2330 evaluations)
2026-04-14 07:06:59 |     → Trial 40/50 completed (~2313 evaluations)
2026-04-14 07:07:10 |     → Trial 50/50 completed (~2320 evaluations)
2026-04-14 07:07:10 |     → Instance 98/100
2026-04-14 07:07:10 |     → ShapleyFlow (Path Sampling): 275 edges, 5 sources
2026-04-14 07:07:10 |     → Sampling 100 paths/source × 50 trials
2026-04-14 07:07:11 |     → Trial 1/50 completed (~2289 evaluations)
2026-04-14 07:07:21 |     → Trial 10/50 completed (~2277 evaluations)
2026-04-14 07:07:33 |     → Trial 20/50 completed (~2333 evaluations)
2026-04-14 07:07:44 |     → Trial 30/50 completed (~2329 evaluations)
2026-04-14 07:07:56 |     → Trial 40/50 completed (~2318 evaluations)
2026-04-14 07:08:07 |     → Trial 50/50 completed (~2350 evaluations)
2026-04-14 07:08:07 |     → Instance 99/100
2026-04-14 07:08:07 |     → ShapleyFlow (Path Sampling): 275 edges, 5 sources
2026-04-14 07:08:07 |     → Sampling 100 paths/source × 50 trials
2026-04-14 07:08:08 |     → Trial 1/50 completed (~2256 evaluations)
2026-04-14 07:08:18 |     → Trial 10/50 completed (~2336 evaluations)
2026-04-14 07:08:30 |     → Trial 20/50 completed (~2295 evaluations)
2026-04-14 07:08:41 |     → Trial 30/50 completed (~2247 evaluations)
2026-04-14 07:08:52 |     → Trial 40/50 completed (~2445 evaluations)
2026-04-14 07:09:04 |     → Trial 50/50 completed (~2346 evaluations)
2026-04-14 07:09:04 |     → Instance 100/100
2026-04-14 07:09:04 |     → ShapleyFlow (Path Sampling): 275 edges, 5 sources
2026-04-14 07:09:04 |     → Sampling 100 paths/source × 50 trials
2026-04-14 07:09:05 |     → Trial 1/50 completed (~2366 evaluations)
2026-04-14 07:09:15 |     → Trial 10/50 completed (~2272 evaluations)
2026-04-14 07:09:27 |     → Trial 20/50 completed (~2393 evaluations)
2026-04-14 07:09:38 |     → Trial 30/50 completed (~2296 evaluations)
2026-04-14 07:09:49 |     → Trial 40/50 completed (~2292 evaluations)
2026-04-14 07:10:01 |     → Trial 50/50 completed (~2288 evaluations)
2026-04-14 07:10:01 |     → All instances completed
2026-04-14 07:10:01 |   ✓ Completed mixed_conf_f50_s1000_p50 in 223.2 minutes
2026-04-14 07:10:01 | 
================================================================================
2026-04-14 07:10:01 | Step 5 Complete: Shapley values calculated for all combinations
2026-04-14 07:10:01 | ================================================================================

2026-04-14 07:10:01 | ================================================================================
2026-04-14 07:10:01 | STEP 6: CREATING PC vs LiNGAM COMPARISON (2 datasets + LGBM)
2026-04-14 07:10:01 | ================================================================================
2026-04-14 07:10:01 | 
[Dataset 1/2] Processing mixed_no_conf_f50_s1000_p50
2026-04-14 07:10:01 |   Creating PC vs LiNGAM comparison for LGBM...
2026-04-14 07:10:01 |   Top 10 features from Scratch: ['X3', 'X45', 'X49', 'X11', 'X30', 'X43', 'X40', 'X46', 'X8', 'X22']
2026-04-14 07:10:01 |   ✓ Saved PC vs LiNGAM comparison visualization
2026-04-14 07:10:01 | 
[Dataset 2/2] Processing mixed_conf_f50_s1000_p50
2026-04-14 07:10:01 |   Creating PC vs LiNGAM comparison for LGBM...
2026-04-14 07:10:01 |   Top 10 features from Scratch: ['X28', 'X23', 'X35', 'X44', 'X36', 'X39', 'X32', 'X40', 'X48', 'X41']
2026-04-14 07:10:01 |   ✓ Saved PC vs LiNGAM comparison visualization
2026-04-14 07:10:01 | 
================================================================================
2026-04-14 07:10:01 | Step 6 Complete: PC vs LiNGAM comparison visualization created
2026-04-14 07:10:01 | ================================================================================

2026-04-14 07:10:01 | 
================================================================================
2026-04-14 07:10:01 | PIPELINE COMPLETED SUCCESSFULLY!
2026-04-14 07:10:01 | ================================================================================
2026-04-14 07:10:01 | 
Total execution time: 439.3 minutes (7.32 hours)
2026-04-14 07:10:01 | 
Results saved in:
2026-04-14 07:10:01 |   - Synthetic data: /Users/juanrios/Documents/master_thesis/data/synthetic
2026-04-14 07:10:01 |   - Processed data: /Users/juanrios/Documents/master_thesis/data/processed
2026-04-14 07:10:01 |   - Causal discovery: /Users/juanrios/Documents/master_thesis/data/causal
2026-04-14 07:10:01 |   - Models: /Users/juanrios/Documents/master_thesis/models
2026-04-14 07:10:01 |   - Explainability: /Users/juanrios/Documents/master_thesis/data/explainability
2026-04-14 07:10:01 |   - Logs: /Users/juanrios/Documents/master_thesis/logs
2026-04-14 07:10:01 | 
================================================================================

