2026-04-16 14:47:10 | Log file: /Users/juanrios/Documents/master_thesis/logs/pipeline_20260416_144710.log
2026-04-16 14:47:10 | 
================================================================================
2026-04-16 14:47:10 | EXPERIMENTAL PIPELINE: CAUSAL FEATURE IMPORTANCE COMPARISON
2026-04-16 14:47:10 | ================================================================================
2026-04-16 14:47:10 | 
================================================================================
2026-04-16 14:47:10 | CONFIGURATION PARAMETERS
2026-04-16 14:47:10 | ================================================================================
2026-04-16 14:47:10 | 
1. DATASET PARAMETERS:
2026-04-16 14:47:10 |    - N_FEATURES: 50
2026-04-16 14:47:10 |    - N_SAMPLES: 1000
2026-04-16 14:47:10 |    - Y_PARENTS_RATIO: 0.5
2026-04-16 14:47:10 |    - NOISE_STD: 0.5
2026-04-16 14:47:10 |    - EDGE_PROBABILITY: 0.2
2026-04-16 14:47:10 |    - MIN_CONNECTED_EDGES: 2
2026-04-16 14:47:10 |    - RANDOM_STATE: 42
2026-04-16 14:47:10 | 
2. MODEL TRAINING PARAMETERS:
2026-04-16 14:47:10 |    - TEST_SIZE: 0.2
2026-04-16 14:47:10 |    - BACKGROUND_RATIO: 0.3
2026-04-16 14:47:10 |    - TEST_INSTANCES_RATIO: 0.5
2026-04-16 14:47:10 | 
3. EXPLAINABILITY PARAMETERS:
2026-04-16 14:47:10 |    - N_SHAPLEY_SAMPLES: 50
2026-04-16 14:47:10 |    - M_INNER_SAMPLES_CAUSAL: 10
2026-04-16 14:47:10 | 
4. CAUSAL DISCOVERY PARAMETERS:
2026-04-16 14:47:10 |    - LINGAM_ALPHA: 0.01
2026-04-16 14:47:10 |    - PC_ALPHA: 0.01
2026-04-16 14:47:10 |    - INDEP_TEST: fisherz
2026-04-16 14:47:10 | 
5. TARGET CONFIGURATION:
2026-04-16 14:47:10 |    - TARGET_DATASETS: ['mixed_conf_f50_s1000_p50']
2026-04-16 14:47:10 |    - MODEL: LGBM (only)
2026-04-16 14:47:10 | 
6. DIRECTORIES:
2026-04-16 14:47:10 |    - BASE_DIR: /Users/juanrios/Documents/master_thesis
2026-04-16 14:47:10 |    - SYNTHETIC_DIR: /Users/juanrios/Documents/master_thesis/data/synthetic
2026-04-16 14:47:10 |    - PROCESSED_DIR: /Users/juanrios/Documents/master_thesis/data/processed
2026-04-16 14:47:10 |    - CAUSAL_DIR: /Users/juanrios/Documents/master_thesis/data/causal
2026-04-16 14:47:10 |    - EXPLAINABILITY_DIR: /Users/juanrios/Documents/master_thesis/data/explainability
2026-04-16 14:47:10 |    - MODELS_DIR: /Users/juanrios/Documents/master_thesis/models
2026-04-16 14:47:10 |    - LOGS_DIR: /Users/juanrios/Documents/master_thesis/logs
2026-04-16 14:47:10 | 
================================================================================

2026-04-16 14:47:10 | ================================================================================
2026-04-16 14:47:10 | STEP 1: GENERATING SYNTHETIC DATASETS
2026-04-16 14:47:10 | ================================================================================
2026-04-16 14:47:10 | 
[Dataset 1/6] Generating linear system without confounders
2026-04-16 14:47:10 |   ✓ Saved: linear_no_conf_f50_s1000_p50 | Features: 50, Samples: 1000, Y parents: 25, Edges: 291, Confounders: 0
2026-04-16 14:47:10 | 
[Dataset 2/6] Generating linear system with confounders
2026-04-16 14:47:10 |   ✓ Saved: linear_conf_f50_s1000_p50 | Features: 50, Samples: 1000, Y parents: 25, Edges: 291, Confounders: 5
2026-04-16 14:47:10 | 
[Dataset 3/6] Generating nonlinear system without confounders
2026-04-16 14:47:10 |   ✓ Saved: nonlinear_no_conf_f50_s1000_p50 | Features: 50, Samples: 1000, Y parents: 25, Edges: 291, Confounders: 0
2026-04-16 14:47:10 | 
[Dataset 4/6] Generating nonlinear system with confounders
2026-04-16 14:47:10 |   ✓ Saved: nonlinear_conf_f50_s1000_p50 | Features: 50, Samples: 1000, Y parents: 25, Edges: 291, Confounders: 5
2026-04-16 14:47:10 | 
[Dataset 5/6] Generating mixed system without confounders
2026-04-16 14:47:10 |   ✓ Saved: mixed_no_conf_f50_s1000_p50 | Features: 50, Samples: 1000, Y parents: 25, Edges: 291, Confounders: 0
2026-04-16 14:47:10 | 
[Dataset 6/6] Generating mixed system with confounders
2026-04-16 14:47:10 |   ✓ Saved: mixed_conf_f50_s1000_p50 | Features: 50, Samples: 1000, Y parents: 25, Edges: 291, Confounders: 5
2026-04-16 14:47:10 | 
================================================================================
2026-04-16 14:47:10 | Step 1 Complete: 6 datasets generated
2026-04-16 14:47:10 | ================================================================================

2026-04-16 14:47:10 | ================================================================================
2026-04-16 14:47:10 | STEP 5: CALCULATING SHAPLEY VALUES (1 datasets + LGBM only)
2026-04-16 14:47:10 | ================================================================================
2026-04-16 14:47:10 | 
[Dataset 1/1] Processing mixed_conf_f50_s1000_p50
2026-04-16 14:47:10 |   [Progress: 1/7] LGBM - ShapleyFromScratch
2026-04-16 14:47:10 | Starting ShapleyFromScratch computation for 100 instances
2026-04-16 14:47:10 | Using 50 samples per instance
2026-04-16 14:47:41 |   Completed 20/100 instances
2026-04-16 14:48:12 |   Completed 40/100 instances
2026-04-16 14:48:43 |   Completed 60/100 instances
2026-04-16 14:49:14 |   Completed 80/100 instances
2026-04-16 14:49:44 |   Completed 100/100 instances
2026-04-16 14:49:44 | Completed all 100 instances
2026-04-16 14:49:44 |   [Progress: 2/7] LGBM + PC - AsymmetricShapley
2026-04-16 14:49:44 |  Calculating asymmetric SHAP values
2026-04-16 14:49:44 | Starting Path-based Asymmetric Shapley computation for 100 instances
2026-04-16 14:49:44 | Using 50 samples per instance
2026-04-16 14:49:44 |   Found 4 source nodes with paths to outcome 50
2026-04-16 14:49:44 |   Found 4 source nodes with paths to outcome 50
2026-04-16 14:49:45 |   Found 4 source nodes with paths to outcome 50
2026-04-16 14:49:45 |   Found 4 source nodes with paths to outcome 50
2026-04-16 14:49:45 |   Found 4 source nodes with paths to outcome 50
2026-04-16 14:49:45 |   Found 4 source nodes with paths to outcome 50
2026-04-16 14:49:45 |   Found 4 source nodes with paths to outcome 50
2026-04-16 14:49:45 |   Found 4 source nodes with paths to outcome 50
2026-04-16 14:49:45 |   Found 4 source nodes with paths to outcome 50
2026-04-16 14:49:45 |   Found 4 source nodes with paths to outcome 50
2026-04-16 14:49:45 |   Found 4 source nodes with paths to outcome 50
2026-04-16 14:49:45 |   Found 4 source nodes with paths to outcome 50
2026-04-16 14:49:45 |   Found 4 source nodes with paths to outcome 50
2026-04-16 14:49:45 |   Found 4 source nodes with paths to outcome 50
2026-04-16 14:49:45 |   Found 4 source nodes with paths to outcome 50
2026-04-16 14:49:45 |   Found 4 source nodes with paths to outcome 50
2026-04-16 14:49:45 |   Found 4 source nodes with paths to outcome 50
2026-04-16 14:49:45 |   Found 4 source nodes with paths to outcome 50
2026-04-16 14:49:45 |   Found 4 source nodes with paths to outcome 50
2026-04-16 14:49:45 |   Found 4 source nodes with paths to outcome 50
2026-04-16 14:49:45 |   Found 4 source nodes with paths to outcome 50
2026-04-16 14:49:45 |   Found 4 source nodes with paths to outcome 50
2026-04-16 14:49:45 |   Found 4 source nodes with paths to outcome 50
2026-04-16 14:49:45 |   Found 4 source nodes with paths to outcome 50
2026-04-16 14:49:45 |   Found 4 source nodes with paths to outcome 50
2026-04-16 14:49:45 |   Found 4 source nodes with paths to outcome 50
2026-04-16 14:49:45 |   Found 4 source nodes with paths to outcome 50
2026-04-16 14:49:45 |   Found 4 source nodes with paths to outcome 50
2026-04-16 14:49:45 |   Found 4 source nodes with paths to outcome 50
2026-04-16 14:49:45 |   Found 4 source nodes with paths to outcome 50
2026-04-16 14:49:45 |   Found 4 source nodes with paths to outcome 50
2026-04-16 14:49:45 |   Found 4 source nodes with paths to outcome 50
2026-04-16 14:49:45 |   Found 4 source nodes with paths to outcome 50
2026-04-16 14:49:45 |   Found 4 source nodes with paths to outcome 50
2026-04-16 14:49:46 |   Found 4 source nodes with paths to outcome 50
2026-04-16 14:49:46 |   Found 4 source nodes with paths to outcome 50
2026-04-16 14:49:46 |   Found 4 source nodes with paths to outcome 50
2026-04-16 14:49:46 |   Found 4 source nodes with paths to outcome 50
2026-04-16 14:49:46 |   Found 4 source nodes with paths to outcome 50
2026-04-16 14:49:46 |   Found 4 source nodes with paths to outcome 50
2026-04-16 14:49:46 |   Found 4 source nodes with paths to outcome 50
2026-04-16 14:49:46 |   Found 4 source nodes with paths to outcome 50
2026-04-16 14:49:46 |   Found 4 source nodes with paths to outcome 50
2026-04-16 14:49:46 |   Found 4 source nodes with paths to outcome 50
2026-04-16 14:49:46 |   Found 4 source nodes with paths to outcome 50
2026-04-16 14:49:46 |   Found 4 source nodes with paths to outcome 50
2026-04-16 14:49:46 |   Found 4 source nodes with paths to outcome 50
2026-04-16 14:49:46 |   Found 4 source nodes with paths to outcome 50
2026-04-16 14:49:46 |   Found 4 source nodes with paths to outcome 50
2026-04-16 14:49:46 |   Found 4 source nodes with paths to outcome 50
2026-04-16 14:49:46 |   Found 4 source nodes with paths to outcome 50
2026-04-16 14:49:46 |   Found 4 source nodes with paths to outcome 50
2026-04-16 14:49:46 |   Found 4 source nodes with paths to outcome 50
2026-04-16 14:49:46 |   Found 4 source nodes with paths to outcome 50
2026-04-16 14:49:46 |   Found 4 source nodes with paths to outcome 50
2026-04-16 14:49:46 |   Found 4 source nodes with paths to outcome 50
2026-04-16 14:49:46 |   Found 4 source nodes with paths to outcome 50
2026-04-16 14:49:46 |   Found 4 source nodes with paths to outcome 50
2026-04-16 14:49:46 |   Found 4 source nodes with paths to outcome 50
2026-04-16 14:49:46 |   Found 4 source nodes with paths to outcome 50
2026-04-16 14:49:46 |   Found 4 source nodes with paths to outcome 50
2026-04-16 14:49:46 |   Found 4 source nodes with paths to outcome 50
2026-04-16 14:49:46 |   Found 4 source nodes with paths to outcome 50
2026-04-16 14:49:46 |   Found 4 source nodes with paths to outcome 50
2026-04-16 14:49:46 |   Found 4 source nodes with paths to outcome 50
2026-04-16 14:49:46 |   Found 4 source nodes with paths to outcome 50
2026-04-16 14:49:46 |   Found 4 source nodes with paths to outcome 50
2026-04-16 14:49:46 |   Found 4 source nodes with paths to outcome 50
2026-04-16 14:49:47 |   Found 4 source nodes with paths to outcome 50
2026-04-16 14:49:47 |   Found 4 source nodes with paths to outcome 50
2026-04-16 14:49:47 |   Found 4 source nodes with paths to outcome 50
2026-04-16 14:49:47 |   Found 4 source nodes with paths to outcome 50
2026-04-16 14:49:47 |   Found 4 source nodes with paths to outcome 50
2026-04-16 14:49:47 |   Found 4 source nodes with paths to outcome 50
2026-04-16 14:49:47 |   Found 4 source nodes with paths to outcome 50
2026-04-16 14:49:47 |   Found 4 source nodes with paths to outcome 50
2026-04-16 14:49:47 |   Found 4 source nodes with paths to outcome 50
2026-04-16 14:49:47 |   Found 4 source nodes with paths to outcome 50
2026-04-16 14:49:47 |   Found 4 source nodes with paths to outcome 50
2026-04-16 14:49:47 |   Found 4 source nodes with paths to outcome 50
2026-04-16 14:49:47 |   Found 4 source nodes with paths to outcome 50
2026-04-16 14:49:47 |   Found 4 source nodes with paths to outcome 50
2026-04-16 14:49:47 |   Found 4 source nodes with paths to outcome 50
2026-04-16 14:49:47 |   Found 4 source nodes with paths to outcome 50
2026-04-16 14:49:47 |   Found 4 source nodes with paths to outcome 50
2026-04-16 14:49:47 |   Found 4 source nodes with paths to outcome 50
2026-04-16 14:49:47 |   Found 4 source nodes with paths to outcome 50
2026-04-16 14:49:47 |   Found 4 source nodes with paths to outcome 50
2026-04-16 14:49:47 |   Found 4 source nodes with paths to outcome 50
2026-04-16 14:49:47 |   Found 4 source nodes with paths to outcome 50
2026-04-16 14:49:47 |   Found 4 source nodes with paths to outcome 50
2026-04-16 14:49:47 |   Found 4 source nodes with paths to outcome 50
2026-04-16 14:49:47 |   Found 4 source nodes with paths to outcome 50
2026-04-16 14:49:47 |   Found 4 source nodes with paths to outcome 50
2026-04-16 14:49:47 |   Found 4 source nodes with paths to outcome 50
2026-04-16 14:49:47 |   Found 4 source nodes with paths to outcome 50
2026-04-16 14:49:47 |   Found 4 source nodes with paths to outcome 50
2026-04-16 14:49:47 |   Found 4 source nodes with paths to outcome 50
2026-04-16 14:49:47 |   Found 4 source nodes with paths to outcome 50
2026-04-16 14:49:47 |   Found 4 source nodes with paths to outcome 50
2026-04-16 14:49:47 |   Found 4 source nodes with paths to outcome 50
2026-04-16 14:49:47 |   Found 4 source nodes with paths to outcome 50
2026-04-16 14:49:48 |   Found 4 source nodes with paths to outcome 50
2026-04-16 14:49:48 |   Found 4 source nodes with paths to outcome 50
2026-04-16 14:49:48 |   Found 4 source nodes with paths to outcome 50
2026-04-16 14:49:48 |   Found 4 source nodes with paths to outcome 50
2026-04-16 14:49:48 |   Found 4 source nodes with paths to outcome 50
2026-04-16 14:49:48 |   Found 4 source nodes with paths to outcome 50
2026-04-16 14:49:48 |   Found 4 source nodes with paths to outcome 50
2026-04-16 14:49:48 |   Found 4 source nodes with paths to outcome 50
2026-04-16 14:49:48 |   Found 4 source nodes with paths to outcome 50
2026-04-16 14:49:48 |   Found 4 source nodes with paths to outcome 50
2026-04-16 14:49:48 |   Found 4 source nodes with paths to outcome 50
2026-04-16 14:49:48 |   Found 4 source nodes with paths to outcome 50
2026-04-16 14:49:48 |   Found 4 source nodes with paths to outcome 50
2026-04-16 14:49:48 |   Found 4 source nodes with paths to outcome 50
2026-04-16 14:49:48 |   Found 4 source nodes with paths to outcome 50
2026-04-16 14:49:48 |   Found 4 source nodes with paths to outcome 50
2026-04-16 14:49:48 |   Found 4 source nodes with paths to outcome 50
2026-04-16 14:49:48 |   Found 4 source nodes with paths to outcome 50
2026-04-16 14:49:48 |   Found 4 source nodes with paths to outcome 50
2026-04-16 14:49:48 |   Found 4 source nodes with paths to outcome 50
2026-04-16 14:49:48 |   Found 4 source nodes with paths to outcome 50
2026-04-16 14:49:48 |   Found 4 source nodes with paths to outcome 50
2026-04-16 14:49:48 |   Found 4 source nodes with paths to outcome 50
2026-04-16 14:49:48 |   Found 4 source nodes with paths to outcome 50
2026-04-16 14:49:48 |   Found 4 source nodes with paths to outcome 50
2026-04-16 14:49:48 |   Found 4 source nodes with paths to outcome 50
2026-04-16 14:49:48 |   Found 4 source nodes with paths to outcome 50
2026-04-16 14:49:48 |   Found 4 source nodes with paths to outcome 50
2026-04-16 14:49:48 |   Found 4 source nodes with paths to outcome 50
2026-04-16 14:49:48 |   Found 4 source nodes with paths to outcome 50
2026-04-16 14:49:48 |   Found 4 source nodes with paths to outcome 50
2026-04-16 14:49:48 |   Found 4 source nodes with paths to outcome 50
2026-04-16 14:49:48 |   Found 4 source nodes with paths to outcome 50
2026-04-16 14:49:48 |   Found 4 source nodes with paths to outcome 50
2026-04-16 14:49:49 |   Found 4 source nodes with paths to outcome 50
2026-04-16 14:49:49 |   Found 4 source nodes with paths to outcome 50
2026-04-16 14:49:49 |   Found 4 source nodes with paths to outcome 50
2026-04-16 14:49:49 |   Found 4 source nodes with paths to outcome 50
2026-04-16 14:49:49 |   Found 4 source nodes with paths to outcome 50
2026-04-16 14:49:49 |   Found 4 source nodes with paths to outcome 50
2026-04-16 14:49:49 |   Found 4 source nodes with paths to outcome 50
2026-04-16 14:49:49 |   Found 4 source nodes with paths to outcome 50
2026-04-16 14:49:49 |   Found 4 source nodes with paths to outcome 50
2026-04-16 14:49:49 |   Found 4 source nodes with paths to outcome 50
2026-04-16 14:49:49 |   Found 4 source nodes with paths to outcome 50
2026-04-16 14:49:49 |   Found 4 source nodes with paths to outcome 50
2026-04-16 14:49:49 |   Found 4 source nodes with paths to outcome 50
2026-04-16 14:49:49 |   Found 4 source nodes with paths to outcome 50
2026-04-16 14:49:49 |   Found 4 source nodes with paths to outcome 50
2026-04-16 14:49:49 |   Found 4 source nodes with paths to outcome 50
2026-04-16 14:49:49 |   Found 4 source nodes with paths to outcome 50
2026-04-16 14:49:49 |   Found 4 source nodes with paths to outcome 50
2026-04-16 14:49:49 |   Found 4 source nodes with paths to outcome 50
2026-04-16 14:49:49 |   Found 4 source nodes with paths to outcome 50
2026-04-16 14:49:49 |   Found 4 source nodes with paths to outcome 50
2026-04-16 14:49:49 |   Found 4 source nodes with paths to outcome 50
2026-04-16 14:49:49 |   Found 4 source nodes with paths to outcome 50
2026-04-16 14:49:49 |   Found 4 source nodes with paths to outcome 50
2026-04-16 14:49:49 |   Found 4 source nodes with paths to outcome 50
2026-04-16 14:49:49 |   Found 4 source nodes with paths to outcome 50
2026-04-16 14:49:49 |   Found 4 source nodes with paths to outcome 50
2026-04-16 14:49:49 |   Found 4 source nodes with paths to outcome 50
2026-04-16 14:49:49 |   Found 4 source nodes with paths to outcome 50
2026-04-16 14:49:49 |   Found 4 source nodes with paths to outcome 50
2026-04-16 14:49:49 |   Found 4 source nodes with paths to outcome 50
2026-04-16 14:49:49 |   Found 4 source nodes with paths to outcome 50
2026-04-16 14:49:49 |   Found 4 source nodes with paths to outcome 50
2026-04-16 14:49:50 |   Found 4 source nodes with paths to outcome 50
2026-04-16 14:49:50 |   Found 4 source nodes with paths to outcome 50
2026-04-16 14:49:50 |   Found 4 source nodes with paths to outcome 50
2026-04-16 14:49:50 |   Found 4 source nodes with paths to outcome 50
2026-04-16 14:49:50 |   Found 4 source nodes with paths to outcome 50
2026-04-16 14:49:50 |   Found 4 source nodes with paths to outcome 50
2026-04-16 14:49:50 |   Found 4 source nodes with paths to outcome 50
2026-04-16 14:49:50 |   Found 4 source nodes with paths to outcome 50
2026-04-16 14:49:50 |   Found 4 source nodes with paths to outcome 50
2026-04-16 14:49:50 |   Found 4 source nodes with paths to outcome 50
2026-04-16 14:49:50 |   Found 4 source nodes with paths to outcome 50
2026-04-16 14:49:50 |   Found 4 source nodes with paths to outcome 50
2026-04-16 14:49:50 |   Found 4 source nodes with paths to outcome 50
2026-04-16 14:49:50 |   Found 4 source nodes with paths to outcome 50
2026-04-16 14:49:50 |   Found 4 source nodes with paths to outcome 50
2026-04-16 14:49:50 |   Found 4 source nodes with paths to outcome 50
2026-04-16 14:49:50 |   Found 4 source nodes with paths to outcome 50
2026-04-16 14:49:50 |   Found 4 source nodes with paths to outcome 50
2026-04-16 14:49:50 |   Found 4 source nodes with paths to outcome 50
2026-04-16 14:49:50 |   Found 4 source nodes with paths to outcome 50
2026-04-16 14:49:50 |   Found 4 source nodes with paths to outcome 50
2026-04-16 14:49:50 |   Found 4 source nodes with paths to outcome 50
2026-04-16 14:49:50 |   Found 4 source nodes with paths to outcome 50
2026-04-16 14:49:50 |   Found 4 source nodes with paths to outcome 50
2026-04-16 14:49:50 |   Found 4 source nodes with paths to outcome 50
2026-04-16 14:49:50 |   Found 4 source nodes with paths to outcome 50
2026-04-16 14:49:50 |   Found 4 source nodes with paths to outcome 50
2026-04-16 14:49:50 |   Found 4 source nodes with paths to outcome 50
2026-04-16 14:49:50 |   Found 4 source nodes with paths to outcome 50
2026-04-16 14:49:50 |   Found 4 source nodes with paths to outcome 50
2026-04-16 14:49:50 |   Found 4 source nodes with paths to outcome 50
2026-04-16 14:49:50 |   Found 4 source nodes with paths to outcome 50
2026-04-16 14:49:50 |   Found 4 source nodes with paths to outcome 50
2026-04-16 14:49:51 |   Found 4 source nodes with paths to outcome 50
2026-04-16 14:49:51 |   Found 4 source nodes with paths to outcome 50
2026-04-16 14:49:51 |   Found 4 source nodes with paths to outcome 50
2026-04-16 14:49:51 |   Found 4 source nodes with paths to outcome 50
2026-04-16 14:49:51 |   Found 4 source nodes with paths to outcome 50
2026-04-16 14:49:51 |   Found 4 source nodes with paths to outcome 50
2026-04-16 14:49:51 |   Found 4 source nodes with paths to outcome 50
2026-04-16 14:49:51 |   Found 4 source nodes with paths to outcome 50
2026-04-16 14:49:51 |   Found 4 source nodes with paths to outcome 50
2026-04-16 14:49:51 |   Found 4 source nodes with paths to outcome 50
2026-04-16 14:49:51 |   Found 4 source nodes with paths to outcome 50
2026-04-16 14:49:51 |   Found 4 source nodes with paths to outcome 50
2026-04-16 14:49:51 |   Found 4 source nodes with paths to outcome 50
2026-04-16 14:49:51 |   Found 4 source nodes with paths to outcome 50
2026-04-16 14:49:51 |   Found 4 source nodes with paths to outcome 50
2026-04-16 14:49:51 |   Found 4 source nodes with paths to outcome 50
2026-04-16 14:49:51 |   Found 4 source nodes with paths to outcome 50
2026-04-16 14:49:51 |   Found 4 source nodes with paths to outcome 50
2026-04-16 14:49:51 |   Found 4 source nodes with paths to outcome 50
2026-04-16 14:49:51 |   Found 4 source nodes with paths to outcome 50
2026-04-16 14:49:51 |   Found 4 source nodes with paths to outcome 50
2026-04-16 14:49:51 |   Found 4 source nodes with paths to outcome 50
2026-04-16 14:49:51 |   Found 4 source nodes with paths to outcome 50
2026-04-16 14:49:51 |   Found 4 source nodes with paths to outcome 50
2026-04-16 14:49:51 |   Found 4 source nodes with paths to outcome 50
2026-04-16 14:49:51 |   Found 4 source nodes with paths to outcome 50
2026-04-16 14:49:51 |   Found 4 source nodes with paths to outcome 50
2026-04-16 14:49:51 |   Found 4 source nodes with paths to outcome 50
2026-04-16 14:49:51 |   Found 4 source nodes with paths to outcome 50
2026-04-16 14:49:51 |   Found 4 source nodes with paths to outcome 50
2026-04-16 14:49:51 |   Found 4 source nodes with paths to outcome 50
2026-04-16 14:49:51 |   Found 4 source nodes with paths to outcome 50
2026-04-16 14:49:51 |   Found 4 source nodes with paths to outcome 50
2026-04-16 14:49:52 |   Found 4 source nodes with paths to outcome 50
2026-04-16 14:49:52 |   Found 4 source nodes with paths to outcome 50
2026-04-16 14:49:52 |   Found 4 source nodes with paths to outcome 50
2026-04-16 14:49:52 |   Found 4 source nodes with paths to outcome 50
2026-04-16 14:49:52 |   Found 4 source nodes with paths to outcome 50
2026-04-16 14:49:52 |   Found 4 source nodes with paths to outcome 50
2026-04-16 14:49:52 |   Found 4 source nodes with paths to outcome 50
2026-04-16 14:49:52 |   Found 4 source nodes with paths to outcome 50
2026-04-16 14:49:52 |   Found 4 source nodes with paths to outcome 50
2026-04-16 14:49:52 |   Found 4 source nodes with paths to outcome 50
2026-04-16 14:49:52 |   Found 4 source nodes with paths to outcome 50
2026-04-16 14:49:52 |   Found 4 source nodes with paths to outcome 50
2026-04-16 14:49:52 |   Found 4 source nodes with paths to outcome 50
2026-04-16 14:49:52 |   Found 4 source nodes with paths to outcome 50
2026-04-16 14:49:52 |   Found 4 source nodes with paths to outcome 50
2026-04-16 14:49:52 |   Found 4 source nodes with paths to outcome 50
2026-04-16 14:49:52 |   Found 4 source nodes with paths to outcome 50
2026-04-16 14:49:52 |   Found 4 source nodes with paths to outcome 50
2026-04-16 14:49:52 |   Found 4 source nodes with paths to outcome 50
2026-04-16 14:49:52 |   Found 4 source nodes with paths to outcome 50
2026-04-16 14:49:52 |   Found 4 source nodes with paths to outcome 50
2026-04-16 14:49:52 |   Found 4 source nodes with paths to outcome 50
2026-04-16 14:49:52 |   Found 4 source nodes with paths to outcome 50
2026-04-16 14:49:52 |   Found 4 source nodes with paths to outcome 50
2026-04-16 14:49:52 |   Found 4 source nodes with paths to outcome 50
2026-04-16 14:49:52 |   Found 4 source nodes with paths to outcome 50
2026-04-16 14:49:52 |   Found 4 source nodes with paths to outcome 50
2026-04-16 14:49:52 |   Found 4 source nodes with paths to outcome 50
2026-04-16 14:49:52 |   Found 4 source nodes with paths to outcome 50
2026-04-16 14:49:52 |   Found 4 source nodes with paths to outcome 50
2026-04-16 14:49:52 |   Found 4 source nodes with paths to outcome 50
2026-04-16 14:49:52 |   Found 4 source nodes with paths to outcome 50
2026-04-16 14:49:52 |   Found 4 source nodes with paths to outcome 50
2026-04-16 14:49:53 |   Found 4 source nodes with paths to outcome 50
2026-04-16 14:49:53 |   Found 4 source nodes with paths to outcome 50
2026-04-16 14:49:53 |   Found 4 source nodes with paths to outcome 50
2026-04-16 14:49:53 |   Found 4 source nodes with paths to outcome 50
2026-04-16 14:49:53 |   Found 4 source nodes with paths to outcome 50
2026-04-16 14:49:53 |   Found 4 source nodes with paths to outcome 50
2026-04-16 14:49:53 |   Found 4 source nodes with paths to outcome 50
2026-04-16 14:49:53 |   Found 4 source nodes with paths to outcome 50
2026-04-16 14:49:53 |   Found 4 source nodes with paths to outcome 50
2026-04-16 14:49:53 |   Found 4 source nodes with paths to outcome 50
2026-04-16 14:49:53 |   Found 4 source nodes with paths to outcome 50
2026-04-16 14:49:53 |   Found 4 source nodes with paths to outcome 50
2026-04-16 14:49:53 |   Found 4 source nodes with paths to outcome 50
2026-04-16 14:49:53 |   Found 4 source nodes with paths to outcome 50
2026-04-16 14:49:53 |   Found 4 source nodes with paths to outcome 50
2026-04-16 14:49:53 |   Found 4 source nodes with paths to outcome 50
2026-04-16 14:49:53 |   Found 4 source nodes with paths to outcome 50
2026-04-16 14:49:53 |   Found 4 source nodes with paths to outcome 50
2026-04-16 14:49:53 |   Found 4 source nodes with paths to outcome 50
2026-04-16 14:49:53 |   Found 4 source nodes with paths to outcome 50
2026-04-16 14:49:53 |   Found 4 source nodes with paths to outcome 50
2026-04-16 14:49:53 |   Found 4 source nodes with paths to outcome 50
2026-04-16 14:49:53 |   Found 4 source nodes with paths to outcome 50
2026-04-16 14:49:53 |   Found 4 source nodes with paths to outcome 50
2026-04-16 14:49:53 |   Found 4 source nodes with paths to outcome 50
2026-04-16 14:49:53 |   Found 4 source nodes with paths to outcome 50
2026-04-16 14:49:53 |   Found 4 source nodes with paths to outcome 50
2026-04-16 14:49:53 |   Found 4 source nodes with paths to outcome 50
2026-04-16 14:49:53 |   Found 4 source nodes with paths to outcome 50
2026-04-16 14:49:53 |   Found 4 source nodes with paths to outcome 50
2026-04-16 14:49:53 |   Found 4 source nodes with paths to outcome 50
2026-04-16 14:49:54 |   Found 4 source nodes with paths to outcome 50
2026-04-16 14:49:54 |   Found 4 source nodes with paths to outcome 50
2026-04-16 14:49:54 |   Found 4 source nodes with paths to outcome 50
2026-04-16 14:49:54 |   Found 4 source nodes with paths to outcome 50
2026-04-16 14:49:54 |   Found 4 source nodes with paths to outcome 50
2026-04-16 14:49:54 |   Found 4 source nodes with paths to outcome 50
2026-04-16 14:49:54 |   Found 4 source nodes with paths to outcome 50
2026-04-16 14:49:54 |   Found 4 source nodes with paths to outcome 50
2026-04-16 14:49:54 |   Found 4 source nodes with paths to outcome 50
2026-04-16 14:49:54 |   Found 4 source nodes with paths to outcome 50
2026-04-16 14:49:54 |   Found 4 source nodes with paths to outcome 50
2026-04-16 14:49:54 |   Found 4 source nodes with paths to outcome 50
2026-04-16 14:49:54 |   Found 4 source nodes with paths to outcome 50
2026-04-16 14:49:54 |   Found 4 source nodes with paths to outcome 50
2026-04-16 14:49:54 |   Found 4 source nodes with paths to outcome 50
2026-04-16 14:49:54 |   Found 4 source nodes with paths to outcome 50
2026-04-16 14:49:54 |   Found 4 source nodes with paths to outcome 50
2026-04-16 14:49:54 |   Found 4 source nodes with paths to outcome 50
2026-04-16 14:49:54 |   Found 4 source nodes with paths to outcome 50
2026-04-16 14:49:54 |   Found 4 source nodes with paths to outcome 50
2026-04-16 14:49:54 |   Found 4 source nodes with paths to outcome 50
2026-04-16 14:49:54 |   Found 4 source nodes with paths to outcome 50
2026-04-16 14:49:54 |   Found 4 source nodes with paths to outcome 50
2026-04-16 14:49:54 |   Found 4 source nodes with paths to outcome 50
2026-04-16 14:49:54 |   Found 4 source nodes with paths to outcome 50
2026-04-16 14:49:54 |   Found 4 source nodes with paths to outcome 50
2026-04-16 14:49:54 |   Found 4 source nodes with paths to outcome 50
2026-04-16 14:49:54 |   Found 4 source nodes with paths to outcome 50
2026-04-16 14:49:54 |   Found 4 source nodes with paths to outcome 50
2026-04-16 14:49:54 |   Found 4 source nodes with paths to outcome 50
2026-04-16 14:49:54 |   Found 4 source nodes with paths to outcome 50
2026-04-16 14:49:54 |   Found 4 source nodes with paths to outcome 50
2026-04-16 14:49:54 |   Found 4 source nodes with paths to outcome 50
2026-04-16 14:49:55 |   Found 4 source nodes with paths to outcome 50
2026-04-16 14:49:55 |   Found 4 source nodes with paths to outcome 50
2026-04-16 14:49:55 |   Found 4 source nodes with paths to outcome 50
2026-04-16 14:49:55 |   Found 4 source nodes with paths to outcome 50
2026-04-16 14:49:55 |   Found 4 source nodes with paths to outcome 50
2026-04-16 14:49:55 |   Found 4 source nodes with paths to outcome 50
2026-04-16 14:49:55 |   Found 4 source nodes with paths to outcome 50
2026-04-16 14:49:55 |   Found 4 source nodes with paths to outcome 50
2026-04-16 14:49:55 |   Found 4 source nodes with paths to outcome 50
2026-04-16 14:49:55 |   Found 4 source nodes with paths to outcome 50
2026-04-16 14:49:55 |   Found 4 source nodes with paths to outcome 50
2026-04-16 14:49:55 |   Found 4 source nodes with paths to outcome 50
2026-04-16 14:49:55 |   Found 4 source nodes with paths to outcome 50
2026-04-16 14:49:55 |   Found 4 source nodes with paths to outcome 50
2026-04-16 14:49:55 |   Found 4 source nodes with paths to outcome 50
2026-04-16 14:49:55 |   Found 4 source nodes with paths to outcome 50
2026-04-16 14:49:55 |   Found 4 source nodes with paths to outcome 50
2026-04-16 14:49:55 |   Found 4 source nodes with paths to outcome 50
2026-04-16 14:49:55 |   Found 4 source nodes with paths to outcome 50
2026-04-16 14:49:55 |   Found 4 source nodes with paths to outcome 50
2026-04-16 14:49:55 |   Found 4 source nodes with paths to outcome 50
2026-04-16 14:49:55 |   Found 4 source nodes with paths to outcome 50
2026-04-16 14:49:55 |   Found 4 source nodes with paths to outcome 50
2026-04-16 14:49:55 |   Found 4 source nodes with paths to outcome 50
2026-04-16 14:49:55 |   Found 4 source nodes with paths to outcome 50
2026-04-16 14:49:55 |   Found 4 source nodes with paths to outcome 50
2026-04-16 14:49:55 |   Found 4 source nodes with paths to outcome 50
2026-04-16 14:49:55 |   Found 4 source nodes with paths to outcome 50
2026-04-16 14:49:55 |   Found 4 source nodes with paths to outcome 50
2026-04-16 14:49:55 |   Found 4 source nodes with paths to outcome 50
2026-04-16 14:49:55 |   Found 4 source nodes with paths to outcome 50
2026-04-16 14:49:55 |   Found 4 source nodes with paths to outcome 50
2026-04-16 14:49:56 |   Found 4 source nodes with paths to outcome 50
2026-04-16 14:49:56 |   Found 4 source nodes with paths to outcome 50
2026-04-16 14:49:56 |   Found 4 source nodes with paths to outcome 50
2026-04-16 14:49:56 |   Found 4 source nodes with paths to outcome 50
2026-04-16 14:49:56 |   Found 4 source nodes with paths to outcome 50
2026-04-16 14:49:56 |   Found 4 source nodes with paths to outcome 50
2026-04-16 14:49:56 |   Found 4 source nodes with paths to outcome 50
2026-04-16 14:49:56 |   Found 4 source nodes with paths to outcome 50
2026-04-16 14:49:56 |   Found 4 source nodes with paths to outcome 50
2026-04-16 14:49:56 |   Found 4 source nodes with paths to outcome 50
2026-04-16 14:49:56 |   Found 4 source nodes with paths to outcome 50
2026-04-16 14:49:56 |   Found 4 source nodes with paths to outcome 50
2026-04-16 14:49:56 |   Found 4 source nodes with paths to outcome 50
2026-04-16 14:49:56 |   Found 4 source nodes with paths to outcome 50
2026-04-16 14:49:56 |   Found 4 source nodes with paths to outcome 50
2026-04-16 14:49:56 |   Found 4 source nodes with paths to outcome 50
2026-04-16 14:49:56 |   Found 4 source nodes with paths to outcome 50
2026-04-16 14:49:56 |   Found 4 source nodes with paths to outcome 50
2026-04-16 14:49:56 |   Found 4 source nodes with paths to outcome 50
2026-04-16 14:49:56 |   Found 4 source nodes with paths to outcome 50
2026-04-16 14:49:56 |   Found 4 source nodes with paths to outcome 50
2026-04-16 14:49:56 |   Found 4 source nodes with paths to outcome 50
2026-04-16 14:49:56 |   Found 4 source nodes with paths to outcome 50
2026-04-16 14:49:56 |   Found 4 source nodes with paths to outcome 50
2026-04-16 14:49:56 |   Found 4 source nodes with paths to outcome 50
2026-04-16 14:49:56 |   Found 4 source nodes with paths to outcome 50
2026-04-16 14:49:56 |   Found 4 source nodes with paths to outcome 50
2026-04-16 14:49:56 |   Found 4 source nodes with paths to outcome 50
2026-04-16 14:49:56 |   Found 4 source nodes with paths to outcome 50
2026-04-16 14:49:56 |   Found 4 source nodes with paths to outcome 50
2026-04-16 14:49:56 |   Found 4 source nodes with paths to outcome 50
2026-04-16 14:49:56 |   Found 4 source nodes with paths to outcome 50
2026-04-16 14:49:56 |   Found 4 source nodes with paths to outcome 50
2026-04-16 14:49:56 |   Found 4 source nodes with paths to outcome 50
2026-04-16 14:49:57 |   Found 4 source nodes with paths to outcome 50
2026-04-16 14:49:57 |   Found 4 source nodes with paths to outcome 50
2026-04-16 14:49:57 |   Found 4 source nodes with paths to outcome 50
2026-04-16 14:49:57 |   Found 4 source nodes with paths to outcome 50
2026-04-16 14:49:57 |   Found 4 source nodes with paths to outcome 50
2026-04-16 14:49:57 |   Found 4 source nodes with paths to outcome 50
2026-04-16 14:49:57 |   Found 4 source nodes with paths to outcome 50
2026-04-16 14:49:57 |   Found 4 source nodes with paths to outcome 50
2026-04-16 14:49:57 |   Found 4 source nodes with paths to outcome 50
2026-04-16 14:49:57 |   Found 4 source nodes with paths to outcome 50
2026-04-16 14:49:57 |   Found 4 source nodes with paths to outcome 50
2026-04-16 14:49:57 |   Found 4 source nodes with paths to outcome 50
2026-04-16 14:49:57 |   Found 4 source nodes with paths to outcome 50
2026-04-16 14:49:57 |   Found 4 source nodes with paths to outcome 50
2026-04-16 14:49:57 |   Found 4 source nodes with paths to outcome 50
2026-04-16 14:49:57 |   Found 4 source nodes with paths to outcome 50
2026-04-16 14:49:57 |   Found 4 source nodes with paths to outcome 50
2026-04-16 14:49:57 |   Found 4 source nodes with paths to outcome 50
2026-04-16 14:49:57 |   Found 4 source nodes with paths to outcome 50
2026-04-16 14:49:57 |   Found 4 source nodes with paths to outcome 50
2026-04-16 14:49:57 |   Found 4 source nodes with paths to outcome 50
2026-04-16 14:49:57 |   Found 4 source nodes with paths to outcome 50
2026-04-16 14:49:57 |   Found 4 source nodes with paths to outcome 50
2026-04-16 14:49:57 |   Found 4 source nodes with paths to outcome 50
2026-04-16 14:49:57 |   Found 4 source nodes with paths to outcome 50
2026-04-16 14:49:57 |   Found 4 source nodes with paths to outcome 50
2026-04-16 14:49:57 |   Found 4 source nodes with paths to outcome 50
2026-04-16 14:49:57 |   Found 4 source nodes with paths to outcome 50
2026-04-16 14:49:57 |   Found 4 source nodes with paths to outcome 50
2026-04-16 14:49:57 |   Found 4 source nodes with paths to outcome 50
2026-04-16 14:49:57 |   Found 4 source nodes with paths to outcome 50
2026-04-16 14:49:57 |   Found 4 source nodes with paths to outcome 50
2026-04-16 14:49:58 |   Found 4 source nodes with paths to outcome 50
2026-04-16 14:49:58 |   Found 4 source nodes with paths to outcome 50
2026-04-16 14:49:58 |   Found 4 source nodes with paths to outcome 50
2026-04-16 14:49:58 |   Found 4 source nodes with paths to outcome 50
2026-04-16 14:49:58 |   Found 4 source nodes with paths to outcome 50
2026-04-16 14:49:58 |   Found 4 source nodes with paths to outcome 50
2026-04-16 14:49:58 |   Found 4 source nodes with paths to outcome 50
2026-04-16 14:49:58 |   Found 4 source nodes with paths to outcome 50
2026-04-16 14:49:58 |   Found 4 source nodes with paths to outcome 50
2026-04-16 14:49:58 |   Found 4 source nodes with paths to outcome 50
2026-04-16 14:49:58 |   Found 4 source nodes with paths to outcome 50
2026-04-16 14:49:58 |   Found 4 source nodes with paths to outcome 50
2026-04-16 14:49:58 |   Found 4 source nodes with paths to outcome 50
2026-04-16 14:49:58 |   Found 4 source nodes with paths to outcome 50
2026-04-16 14:49:58 |   Found 4 source nodes with paths to outcome 50
2026-04-16 14:49:58 |   Found 4 source nodes with paths to outcome 50
2026-04-16 14:49:58 |   Found 4 source nodes with paths to outcome 50
2026-04-16 14:49:58 |   Found 4 source nodes with paths to outcome 50
2026-04-16 14:49:58 |   Found 4 source nodes with paths to outcome 50
2026-04-16 14:49:58 |   Found 4 source nodes with paths to outcome 50
2026-04-16 14:49:58 |   Found 4 source nodes with paths to outcome 50
2026-04-16 14:49:58 |   Found 4 source nodes with paths to outcome 50
2026-04-16 14:49:58 |   Found 4 source nodes with paths to outcome 50
2026-04-16 14:49:58 |   Found 4 source nodes with paths to outcome 50
2026-04-16 14:49:58 |   Found 4 source nodes with paths to outcome 50
2026-04-16 14:49:58 |   Found 4 source nodes with paths to outcome 50
2026-04-16 14:49:58 |   Found 4 source nodes with paths to outcome 50
2026-04-16 14:49:58 |   Found 4 source nodes with paths to outcome 50
2026-04-16 14:49:58 |   Found 4 source nodes with paths to outcome 50
2026-04-16 14:49:58 |   Found 4 source nodes with paths to outcome 50
2026-04-16 14:49:58 |   Found 4 source nodes with paths to outcome 50
2026-04-16 14:49:58 |   Found 4 source nodes with paths to outcome 50
2026-04-16 14:49:59 |   Found 4 source nodes with paths to outcome 50
2026-04-16 14:49:59 |   Found 4 source nodes with paths to outcome 50
2026-04-16 14:49:59 |   Found 4 source nodes with paths to outcome 50
2026-04-16 14:49:59 |   Found 4 source nodes with paths to outcome 50
2026-04-16 14:49:59 |   Found 4 source nodes with paths to outcome 50
2026-04-16 14:49:59 |   Found 4 source nodes with paths to outcome 50
2026-04-16 14:49:59 |   Found 4 source nodes with paths to outcome 50
2026-04-16 14:49:59 |   Found 4 source nodes with paths to outcome 50
2026-04-16 14:49:59 |   Found 4 source nodes with paths to outcome 50
2026-04-16 14:49:59 |   Found 4 source nodes with paths to outcome 50
2026-04-16 14:49:59 |   Found 4 source nodes with paths to outcome 50
2026-04-16 14:49:59 |   Found 4 source nodes with paths to outcome 50
2026-04-16 14:49:59 |   Found 4 source nodes with paths to outcome 50
2026-04-16 14:49:59 |   Found 4 source nodes with paths to outcome 50
2026-04-16 14:49:59 |   Found 4 source nodes with paths to outcome 50
2026-04-16 14:49:59 |   Found 4 source nodes with paths to outcome 50
2026-04-16 14:49:59 |   Found 4 source nodes with paths to outcome 50
2026-04-16 14:49:59 |   Found 4 source nodes with paths to outcome 50
2026-04-16 14:49:59 |   Found 4 source nodes with paths to outcome 50
2026-04-16 14:49:59 |   Found 4 source nodes with paths to outcome 50
2026-04-16 14:49:59 |   Found 4 source nodes with paths to outcome 50
2026-04-16 14:49:59 |   Found 4 source nodes with paths to outcome 50
2026-04-16 14:49:59 |   Found 4 source nodes with paths to outcome 50
2026-04-16 14:49:59 |   Found 4 source nodes with paths to outcome 50
2026-04-16 14:49:59 |   Found 4 source nodes with paths to outcome 50
2026-04-16 14:49:59 |   Found 4 source nodes with paths to outcome 50
2026-04-16 14:49:59 |   Found 4 source nodes with paths to outcome 50
2026-04-16 14:49:59 |   Found 4 source nodes with paths to outcome 50
2026-04-16 14:49:59 |   Found 4 source nodes with paths to outcome 50
2026-04-16 14:49:59 |   Found 4 source nodes with paths to outcome 50
2026-04-16 14:49:59 |   Found 4 source nodes with paths to outcome 50
2026-04-16 14:49:59 |   Found 4 source nodes with paths to outcome 50
2026-04-16 14:49:59 |   Found 4 source nodes with paths to outcome 50
2026-04-16 14:49:59 |   Found 4 source nodes with paths to outcome 50
2026-04-16 14:49:59 |   Found 4 source nodes with paths to outcome 50
2026-04-16 14:50:00 |   Found 4 source nodes with paths to outcome 50
2026-04-16 14:50:00 |   Found 4 source nodes with paths to outcome 50
2026-04-16 14:50:00 |   Found 4 source nodes with paths to outcome 50
2026-04-16 14:50:00 |   Found 4 source nodes with paths to outcome 50
2026-04-16 14:50:00 |   Found 4 source nodes with paths to outcome 50
2026-04-16 14:50:00 |   Found 4 source nodes with paths to outcome 50
2026-04-16 14:50:00 |   Found 4 source nodes with paths to outcome 50
2026-04-16 14:50:00 |   Found 4 source nodes with paths to outcome 50
2026-04-16 14:50:00 |   Found 4 source nodes with paths to outcome 50
2026-04-16 14:50:00 |   Found 4 source nodes with paths to outcome 50
2026-04-16 14:50:00 |   Found 4 source nodes with paths to outcome 50
2026-04-16 14:50:00 |   Found 4 source nodes with paths to outcome 50
2026-04-16 14:50:00 |   Found 4 source nodes with paths to outcome 50
2026-04-16 14:50:00 |   Found 4 source nodes with paths to outcome 50
2026-04-16 14:50:00 |   Found 4 source nodes with paths to outcome 50
2026-04-16 14:50:00 |   Found 4 source nodes with paths to outcome 50
2026-04-16 14:50:00 |   Found 4 source nodes with paths to outcome 50
2026-04-16 14:50:00 |   Found 4 source nodes with paths to outcome 50
2026-04-16 14:50:00 |   Found 4 source nodes with paths to outcome 50
2026-04-16 14:50:00 |   Found 4 source nodes with paths to outcome 50
2026-04-16 14:50:00 |   Found 4 source nodes with paths to outcome 50
2026-04-16 14:50:00 |   Found 4 source nodes with paths to outcome 50
2026-04-16 14:50:00 |   Found 4 source nodes with paths to outcome 50
2026-04-16 14:50:00 |   Found 4 source nodes with paths to outcome 50
2026-04-16 14:50:00 |   Found 4 source nodes with paths to outcome 50
2026-04-16 14:50:00 |   Found 4 source nodes with paths to outcome 50
2026-04-16 14:50:00 |   Found 4 source nodes with paths to outcome 50
2026-04-16 14:50:00 |   Found 4 source nodes with paths to outcome 50
2026-04-16 14:50:00 |   Found 4 source nodes with paths to outcome 50
2026-04-16 14:50:00 |   Found 4 source nodes with paths to outcome 50
2026-04-16 14:50:00 |   Found 4 source nodes with paths to outcome 50
2026-04-16 14:50:00 |   Found 4 source nodes with paths to outcome 50
2026-04-16 14:50:00 |   Found 4 source nodes with paths to outcome 50
2026-04-16 14:50:00 |   Found 4 source nodes with paths to outcome 50
2026-04-16 14:50:01 |   Found 4 source nodes with paths to outcome 50
2026-04-16 14:50:01 |   Found 4 source nodes with paths to outcome 50
2026-04-16 14:50:01 |   Found 4 source nodes with paths to outcome 50
2026-04-16 14:50:01 |   Found 4 source nodes with paths to outcome 50
2026-04-16 14:50:01 |   Found 4 source nodes with paths to outcome 50
2026-04-16 14:50:01 |   Found 4 source nodes with paths to outcome 50
2026-04-16 14:50:01 |   Found 4 source nodes with paths to outcome 50
2026-04-16 14:50:01 |   Found 4 source nodes with paths to outcome 50
2026-04-16 14:50:01 |   Found 4 source nodes with paths to outcome 50
2026-04-16 14:50:01 |   Found 4 source nodes with paths to outcome 50
2026-04-16 14:50:01 |   Found 4 source nodes with paths to outcome 50
2026-04-16 14:50:01 |   Found 4 source nodes with paths to outcome 50
2026-04-16 14:50:01 |   Found 4 source nodes with paths to outcome 50
2026-04-16 14:50:01 |   Found 4 source nodes with paths to outcome 50
2026-04-16 14:50:01 |   Found 4 source nodes with paths to outcome 50
2026-04-16 14:50:01 |   Found 4 source nodes with paths to outcome 50
2026-04-16 14:50:01 |   Found 4 source nodes with paths to outcome 50
2026-04-16 14:50:01 |   Found 4 source nodes with paths to outcome 50
2026-04-16 14:50:01 |   Found 4 source nodes with paths to outcome 50
2026-04-16 14:50:01 |   Found 4 source nodes with paths to outcome 50
2026-04-16 14:50:01 |   Found 4 source nodes with paths to outcome 50
2026-04-16 14:50:01 |   Found 4 source nodes with paths to outcome 50
2026-04-16 14:50:01 |   Found 4 source nodes with paths to outcome 50
2026-04-16 14:50:01 |   Found 4 source nodes with paths to outcome 50
2026-04-16 14:50:01 |   Found 4 source nodes with paths to outcome 50
2026-04-16 14:50:01 |   Found 4 source nodes with paths to outcome 50
2026-04-16 14:50:01 |   Found 4 source nodes with paths to outcome 50
2026-04-16 14:50:01 |   Found 4 source nodes with paths to outcome 50
2026-04-16 14:50:01 |   Found 4 source nodes with paths to outcome 50
2026-04-16 14:50:01 |   Found 4 source nodes with paths to outcome 50
2026-04-16 14:50:01 |   Found 4 source nodes with paths to outcome 50
2026-04-16 14:50:01 |   Found 4 source nodes with paths to outcome 50
2026-04-16 14:50:01 |   Found 4 source nodes with paths to outcome 50
2026-04-16 14:50:02 |   Found 4 source nodes with paths to outcome 50
2026-04-16 14:50:02 |   Found 4 source nodes with paths to outcome 50
2026-04-16 14:50:02 |   Found 4 source nodes with paths to outcome 50
2026-04-16 14:50:02 |   Found 4 source nodes with paths to outcome 50
2026-04-16 14:50:02 |   Found 4 source nodes with paths to outcome 50
2026-04-16 14:50:02 |   Found 4 source nodes with paths to outcome 50
2026-04-16 14:50:02 |   Found 4 source nodes with paths to outcome 50
2026-04-16 14:50:02 |   Found 4 source nodes with paths to outcome 50
2026-04-16 14:50:02 |   Found 4 source nodes with paths to outcome 50
2026-04-16 14:50:02 |   Found 4 source nodes with paths to outcome 50
2026-04-16 14:50:02 |   Found 4 source nodes with paths to outcome 50
2026-04-16 14:50:02 |   Found 4 source nodes with paths to outcome 50
2026-04-16 14:50:02 |   Found 4 source nodes with paths to outcome 50
2026-04-16 14:50:02 |   Found 4 source nodes with paths to outcome 50
2026-04-16 14:50:02 |   Found 4 source nodes with paths to outcome 50
2026-04-16 14:50:02 |   Found 4 source nodes with paths to outcome 50
2026-04-16 14:50:02 |   Found 4 source nodes with paths to outcome 50
2026-04-16 14:50:02 |   Found 4 source nodes with paths to outcome 50
2026-04-16 14:50:02 |   Found 4 source nodes with paths to outcome 50
2026-04-16 14:50:02 |   Found 4 source nodes with paths to outcome 50
2026-04-16 14:50:02 |   Found 4 source nodes with paths to outcome 50
2026-04-16 14:50:02 |   Found 4 source nodes with paths to outcome 50
2026-04-16 14:50:02 |   Found 4 source nodes with paths to outcome 50
2026-04-16 14:50:02 |   Found 4 source nodes with paths to outcome 50
2026-04-16 14:50:02 |   Found 4 source nodes with paths to outcome 50
2026-04-16 14:50:02 |   Found 4 source nodes with paths to outcome 50
2026-04-16 14:50:02 |   Found 4 source nodes with paths to outcome 50
2026-04-16 14:50:02 |   Found 4 source nodes with paths to outcome 50
2026-04-16 14:50:02 |   Found 4 source nodes with paths to outcome 50
2026-04-16 14:50:02 |   Found 4 source nodes with paths to outcome 50
2026-04-16 14:50:02 |   Found 4 source nodes with paths to outcome 50
2026-04-16 14:50:02 |   Found 4 source nodes with paths to outcome 50
2026-04-16 14:50:02 |   Found 4 source nodes with paths to outcome 50
2026-04-16 14:50:03 |   Found 4 source nodes with paths to outcome 50
2026-04-16 14:50:03 |   Found 4 source nodes with paths to outcome 50
2026-04-16 14:50:03 |   Found 4 source nodes with paths to outcome 50
2026-04-16 14:50:03 |   Found 4 source nodes with paths to outcome 50
2026-04-16 14:50:03 |   Found 4 source nodes with paths to outcome 50
2026-04-16 14:50:03 |   Found 4 source nodes with paths to outcome 50
2026-04-16 14:50:03 |   Found 4 source nodes with paths to outcome 50
2026-04-16 14:50:03 |   Found 4 source nodes with paths to outcome 50
2026-04-16 14:50:03 |   Found 4 source nodes with paths to outcome 50
2026-04-16 14:50:03 |   Found 4 source nodes with paths to outcome 50
2026-04-16 14:50:03 |   Found 4 source nodes with paths to outcome 50
2026-04-16 14:50:03 |   Found 4 source nodes with paths to outcome 50
2026-04-16 14:50:03 |   Found 4 source nodes with paths to outcome 50
2026-04-16 14:50:03 |   Found 4 source nodes with paths to outcome 50
2026-04-16 14:50:03 |   Found 4 source nodes with paths to outcome 50
2026-04-16 14:50:03 |   Found 4 source nodes with paths to outcome 50
2026-04-16 14:50:03 |   Found 4 source nodes with paths to outcome 50
2026-04-16 14:50:03 |   Found 4 source nodes with paths to outcome 50
2026-04-16 14:50:03 |   Found 4 source nodes with paths to outcome 50
2026-04-16 14:50:03 |   Found 4 source nodes with paths to outcome 50
2026-04-16 14:50:03 |   Found 4 source nodes with paths to outcome 50
2026-04-16 14:50:03 |   Found 4 source nodes with paths to outcome 50
2026-04-16 14:50:03 |   Found 4 source nodes with paths to outcome 50
2026-04-16 14:50:03 |   Found 4 source nodes with paths to outcome 50
2026-04-16 14:50:03 |   Found 4 source nodes with paths to outcome 50
2026-04-16 14:50:03 |   Found 4 source nodes with paths to outcome 50
2026-04-16 14:50:03 |   Found 4 source nodes with paths to outcome 50
2026-04-16 14:50:03 |   Found 4 source nodes with paths to outcome 50
2026-04-16 14:50:03 |   Found 4 source nodes with paths to outcome 50
2026-04-16 14:50:03 |   Found 4 source nodes with paths to outcome 50
2026-04-16 14:50:03 |   Found 4 source nodes with paths to outcome 50
2026-04-16 14:50:03 |   Found 4 source nodes with paths to outcome 50
2026-04-16 14:50:03 |   Found 4 source nodes with paths to outcome 50
2026-04-16 14:50:03 |   Found 4 source nodes with paths to outcome 50
2026-04-16 14:50:04 |   Found 4 source nodes with paths to outcome 50
2026-04-16 14:50:04 |   Found 4 source nodes with paths to outcome 50
2026-04-16 14:50:04 |   Found 4 source nodes with paths to outcome 50
2026-04-16 14:50:04 |   Found 4 source nodes with paths to outcome 50
2026-04-16 14:50:04 |   Found 4 source nodes with paths to outcome 50
2026-04-16 14:50:04 |   Found 4 source nodes with paths to outcome 50
2026-04-16 14:50:04 |   Found 4 source nodes with paths to outcome 50
2026-04-16 14:50:04 |   Found 4 source nodes with paths to outcome 50
2026-04-16 14:50:04 |   Found 4 source nodes with paths to outcome 50
2026-04-16 14:50:04 |   Found 4 source nodes with paths to outcome 50
2026-04-16 14:50:04 |   Found 4 source nodes with paths to outcome 50
2026-04-16 14:50:04 |   Found 4 source nodes with paths to outcome 50
2026-04-16 14:50:04 |   Found 4 source nodes with paths to outcome 50
2026-04-16 14:50:04 |   Found 4 source nodes with paths to outcome 50
2026-04-16 14:50:04 |   Found 4 source nodes with paths to outcome 50
2026-04-16 14:50:04 |   Found 4 source nodes with paths to outcome 50
2026-04-16 14:50:04 |   Found 4 source nodes with paths to outcome 50
2026-04-16 14:50:04 |   Found 4 source nodes with paths to outcome 50
2026-04-16 14:50:04 |   Found 4 source nodes with paths to outcome 50
2026-04-16 14:50:04 |   Found 4 source nodes with paths to outcome 50
2026-04-16 14:50:04 |   Found 4 source nodes with paths to outcome 50
2026-04-16 14:50:04 |   Found 4 source nodes with paths to outcome 50
2026-04-16 14:50:04 |   Found 4 source nodes with paths to outcome 50
2026-04-16 14:50:04 |   Found 4 source nodes with paths to outcome 50
2026-04-16 14:50:04 |   Found 4 source nodes with paths to outcome 50
2026-04-16 14:50:04 |   Found 4 source nodes with paths to outcome 50
2026-04-16 14:50:04 |   Found 4 source nodes with paths to outcome 50
2026-04-16 14:50:04 |   Found 4 source nodes with paths to outcome 50
2026-04-16 14:50:04 |   Found 4 source nodes with paths to outcome 50
2026-04-16 14:50:04 |   Found 4 source nodes with paths to outcome 50
2026-04-16 14:50:04 |   Found 4 source nodes with paths to outcome 50
2026-04-16 14:50:04 |   Found 4 source nodes with paths to outcome 50
2026-04-16 14:50:04 |   Found 4 source nodes with paths to outcome 50
2026-04-16 14:50:04 |   Found 4 source nodes with paths to outcome 50
2026-04-16 14:50:05 |   Found 4 source nodes with paths to outcome 50
2026-04-16 14:50:05 |   Found 4 source nodes with paths to outcome 50
2026-04-16 14:50:05 |   Found 4 source nodes with paths to outcome 50
2026-04-16 14:50:05 |   Found 4 source nodes with paths to outcome 50
2026-04-16 14:50:05 |   Found 4 source nodes with paths to outcome 50
2026-04-16 14:50:05 |   Found 4 source nodes with paths to outcome 50
2026-04-16 14:50:05 |   Found 4 source nodes with paths to outcome 50
2026-04-16 14:50:05 |   Found 4 source nodes with paths to outcome 50
2026-04-16 14:50:05 |   Found 4 source nodes with paths to outcome 50
2026-04-16 14:50:05 |   Found 4 source nodes with paths to outcome 50
2026-04-16 14:50:05 |   Found 4 source nodes with paths to outcome 50
2026-04-16 14:50:05 |   Found 4 source nodes with paths to outcome 50
2026-04-16 14:50:05 |   Found 4 source nodes with paths to outcome 50
2026-04-16 14:50:05 |   Found 4 source nodes with paths to outcome 50
2026-04-16 14:50:05 |   Found 4 source nodes with paths to outcome 50
2026-04-16 14:50:05 |   Found 4 source nodes with paths to outcome 50
2026-04-16 14:50:05 |   Found 4 source nodes with paths to outcome 50
2026-04-16 14:50:05 |   Found 4 source nodes with paths to outcome 50
2026-04-16 14:50:05 |   Found 4 source nodes with paths to outcome 50
2026-04-16 14:50:05 |   Found 4 source nodes with paths to outcome 50
2026-04-16 14:50:05 |   Found 4 source nodes with paths to outcome 50
2026-04-16 14:50:05 |   Found 4 source nodes with paths to outcome 50
2026-04-16 14:50:05 |   Found 4 source nodes with paths to outcome 50
2026-04-16 14:50:05 |   Found 4 source nodes with paths to outcome 50
2026-04-16 14:50:05 |   Found 4 source nodes with paths to outcome 50
2026-04-16 14:50:05 |   Found 4 source nodes with paths to outcome 50
2026-04-16 14:50:05 |   Found 4 source nodes with paths to outcome 50
2026-04-16 14:50:05 |   Found 4 source nodes with paths to outcome 50
2026-04-16 14:50:05 |   Found 4 source nodes with paths to outcome 50
2026-04-16 14:50:05 |   Found 4 source nodes with paths to outcome 50
2026-04-16 14:50:05 |   Found 4 source nodes with paths to outcome 50
2026-04-16 14:50:05 |   Found 4 source nodes with paths to outcome 50
2026-04-16 14:50:06 |   Found 4 source nodes with paths to outcome 50
2026-04-16 14:50:06 |   Found 4 source nodes with paths to outcome 50
2026-04-16 14:50:06 |   Found 4 source nodes with paths to outcome 50
2026-04-16 14:50:06 |   Found 4 source nodes with paths to outcome 50
2026-04-16 14:50:06 |   Found 4 source nodes with paths to outcome 50
2026-04-16 14:50:06 |   Found 4 source nodes with paths to outcome 50
2026-04-16 14:50:06 |   Found 4 source nodes with paths to outcome 50
2026-04-16 14:50:06 |   Found 4 source nodes with paths to outcome 50
2026-04-16 14:50:06 |   Found 4 source nodes with paths to outcome 50
2026-04-16 14:50:06 |   Found 4 source nodes with paths to outcome 50
2026-04-16 14:50:06 |   Found 4 source nodes with paths to outcome 50
2026-04-16 14:50:06 |   Found 4 source nodes with paths to outcome 50
2026-04-16 14:50:06 |   Found 4 source nodes with paths to outcome 50
2026-04-16 14:50:06 |   Found 4 source nodes with paths to outcome 50
2026-04-16 14:50:06 |   Found 4 source nodes with paths to outcome 50
2026-04-16 14:50:06 |   Found 4 source nodes with paths to outcome 50
2026-04-16 14:50:06 |   Found 4 source nodes with paths to outcome 50
2026-04-16 14:50:06 |   Found 4 source nodes with paths to outcome 50
2026-04-16 14:50:06 |   Found 4 source nodes with paths to outcome 50
2026-04-16 14:50:06 |   Found 4 source nodes with paths to outcome 50
2026-04-16 14:50:06 |   Found 4 source nodes with paths to outcome 50
2026-04-16 14:50:06 |   Found 4 source nodes with paths to outcome 50
2026-04-16 14:50:06 |   Found 4 source nodes with paths to outcome 50
2026-04-16 14:50:06 |   Found 4 source nodes with paths to outcome 50
2026-04-16 14:50:06 |   Found 4 source nodes with paths to outcome 50
2026-04-16 14:50:06 |   Found 4 source nodes with paths to outcome 50
2026-04-16 14:50:06 |   Found 4 source nodes with paths to outcome 50
2026-04-16 14:50:06 |   Found 4 source nodes with paths to outcome 50
2026-04-16 14:50:06 |   Found 4 source nodes with paths to outcome 50
2026-04-16 14:50:06 |   Found 4 source nodes with paths to outcome 50
2026-04-16 14:50:06 |   Found 4 source nodes with paths to outcome 50
2026-04-16 14:50:06 |   Found 4 source nodes with paths to outcome 50
2026-04-16 14:50:06 |   Found 4 source nodes with paths to outcome 50
2026-04-16 14:50:06 |   Found 4 source nodes with paths to outcome 50
2026-04-16 14:50:06 |   Found 4 source nodes with paths to outcome 50
2026-04-16 14:50:06 |   Found 4 source nodes with paths to outcome 50
2026-04-16 14:50:07 |   Found 4 source nodes with paths to outcome 50
2026-04-16 14:50:07 |   Found 4 source nodes with paths to outcome 50
2026-04-16 14:50:07 |   Found 4 source nodes with paths to outcome 50
2026-04-16 14:50:07 |   Found 4 source nodes with paths to outcome 50
2026-04-16 14:50:07 |   Found 4 source nodes with paths to outcome 50
2026-04-16 14:50:07 |   Found 4 source nodes with paths to outcome 50
2026-04-16 14:50:07 |   Found 4 source nodes with paths to outcome 50
2026-04-16 14:50:07 |   Found 4 source nodes with paths to outcome 50
2026-04-16 14:50:07 |   Found 4 source nodes with paths to outcome 50
2026-04-16 14:50:07 |   Found 4 source nodes with paths to outcome 50
2026-04-16 14:50:07 |   Found 4 source nodes with paths to outcome 50
2026-04-16 14:50:07 |   Found 4 source nodes with paths to outcome 50
2026-04-16 14:50:07 |   Found 4 source nodes with paths to outcome 50
2026-04-16 14:50:07 |   Found 4 source nodes with paths to outcome 50
2026-04-16 14:50:07 |   Found 4 source nodes with paths to outcome 50
2026-04-16 14:50:07 |   Found 4 source nodes with paths to outcome 50
2026-04-16 14:50:07 |   Found 4 source nodes with paths to outcome 50
2026-04-16 14:50:07 |   Found 4 source nodes with paths to outcome 50
2026-04-16 14:50:07 |   Found 4 source nodes with paths to outcome 50
2026-04-16 14:50:07 |   Found 4 source nodes with paths to outcome 50
2026-04-16 14:50:07 |   Found 4 source nodes with paths to outcome 50
2026-04-16 14:50:07 |   Found 4 source nodes with paths to outcome 50
2026-04-16 14:50:07 |   Found 4 source nodes with paths to outcome 50
2026-04-16 14:50:07 |   Found 4 source nodes with paths to outcome 50
2026-04-16 14:50:07 |   Found 4 source nodes with paths to outcome 50
2026-04-16 14:50:07 |   Found 4 source nodes with paths to outcome 50
2026-04-16 14:50:07 |   Found 4 source nodes with paths to outcome 50
2026-04-16 14:50:07 |   Found 4 source nodes with paths to outcome 50
2026-04-16 14:50:07 |   Found 4 source nodes with paths to outcome 50
2026-04-16 14:50:07 |   Found 4 source nodes with paths to outcome 50
2026-04-16 14:50:07 |   Found 4 source nodes with paths to outcome 50
2026-04-16 14:50:07 |   Found 4 source nodes with paths to outcome 50
2026-04-16 14:50:07 |   Found 4 source nodes with paths to outcome 50
2026-04-16 14:50:08 |   Found 4 source nodes with paths to outcome 50
2026-04-16 14:50:08 |   Found 4 source nodes with paths to outcome 50
2026-04-16 14:50:08 |   Found 4 source nodes with paths to outcome 50
2026-04-16 14:50:08 |   Found 4 source nodes with paths to outcome 50
2026-04-16 14:50:08 |   Found 4 source nodes with paths to outcome 50
2026-04-16 14:50:08 |   Found 4 source nodes with paths to outcome 50
2026-04-16 14:50:08 |   Found 4 source nodes with paths to outcome 50
2026-04-16 14:50:08 |   Found 4 source nodes with paths to outcome 50
2026-04-16 14:50:08 |   Found 4 source nodes with paths to outcome 50
2026-04-16 14:50:08 |   Found 4 source nodes with paths to outcome 50
2026-04-16 14:50:08 |   Found 4 source nodes with paths to outcome 50
2026-04-16 14:50:08 |   Found 4 source nodes with paths to outcome 50
2026-04-16 14:50:08 |   Found 4 source nodes with paths to outcome 50
2026-04-16 14:50:08 |   Found 4 source nodes with paths to outcome 50
2026-04-16 14:50:08 |   Found 4 source nodes with paths to outcome 50
2026-04-16 14:50:08 |   Found 4 source nodes with paths to outcome 50
2026-04-16 14:50:08 |   Found 4 source nodes with paths to outcome 50
2026-04-16 14:50:08 |   Found 4 source nodes with paths to outcome 50
2026-04-16 14:50:08 |   Found 4 source nodes with paths to outcome 50
2026-04-16 14:50:08 |   Found 4 source nodes with paths to outcome 50
2026-04-16 14:50:08 |   Found 4 source nodes with paths to outcome 50
2026-04-16 14:50:08 |   Found 4 source nodes with paths to outcome 50
2026-04-16 14:50:08 |   Found 4 source nodes with paths to outcome 50
2026-04-16 14:50:08 |   Found 4 source nodes with paths to outcome 50
2026-04-16 14:50:08 |   Found 4 source nodes with paths to outcome 50
2026-04-16 14:50:08 |   Found 4 source nodes with paths to outcome 50
2026-04-16 14:50:08 |   Found 4 source nodes with paths to outcome 50
2026-04-16 14:50:08 |   Found 4 source nodes with paths to outcome 50
2026-04-16 14:50:08 |   Found 4 source nodes with paths to outcome 50
2026-04-16 14:50:08 |   Found 4 source nodes with paths to outcome 50
2026-04-16 14:50:08 |   Found 4 source nodes with paths to outcome 50
2026-04-16 14:50:08 |   Found 4 source nodes with paths to outcome 50
2026-04-16 14:50:08 |   Found 4 source nodes with paths to outcome 50
2026-04-16 14:50:09 |   Found 4 source nodes with paths to outcome 50
2026-04-16 14:50:09 |   Found 4 source nodes with paths to outcome 50
2026-04-16 14:50:09 |   Found 4 source nodes with paths to outcome 50
2026-04-16 14:50:09 |   Found 4 source nodes with paths to outcome 50
2026-04-16 14:50:09 |   Found 4 source nodes with paths to outcome 50
2026-04-16 14:50:09 |   Found 4 source nodes with paths to outcome 50
2026-04-16 14:50:09 |   Found 4 source nodes with paths to outcome 50
2026-04-16 14:50:09 |   Found 4 source nodes with paths to outcome 50
2026-04-16 14:50:09 |   Found 4 source nodes with paths to outcome 50
2026-04-16 14:50:09 |   Found 4 source nodes with paths to outcome 50
2026-04-16 14:50:09 |   Found 4 source nodes with paths to outcome 50
2026-04-16 14:50:09 |   Found 4 source nodes with paths to outcome 50
2026-04-16 14:50:09 |   Found 4 source nodes with paths to outcome 50
2026-04-16 14:50:09 |   Found 4 source nodes with paths to outcome 50
2026-04-16 14:50:09 |   Found 4 source nodes with paths to outcome 50
2026-04-16 14:50:09 |   Found 4 source nodes with paths to outcome 50
2026-04-16 14:50:09 |   Found 4 source nodes with paths to outcome 50
2026-04-16 14:50:09 |   Found 4 source nodes with paths to outcome 50
2026-04-16 14:50:09 |   Found 4 source nodes with paths to outcome 50
2026-04-16 14:50:09 |   Found 4 source nodes with paths to outcome 50
2026-04-16 14:50:09 |   Found 4 source nodes with paths to outcome 50
2026-04-16 14:50:09 |   Found 4 source nodes with paths to outcome 50
2026-04-16 14:50:09 |   Found 4 source nodes with paths to outcome 50
2026-04-16 14:50:09 |   Found 4 source nodes with paths to outcome 50
2026-04-16 14:50:09 |   Found 4 source nodes with paths to outcome 50
2026-04-16 14:50:09 |   Found 4 source nodes with paths to outcome 50
2026-04-16 14:50:09 |   Found 4 source nodes with paths to outcome 50
2026-04-16 14:50:09 |   Found 4 source nodes with paths to outcome 50
2026-04-16 14:50:09 |   Found 4 source nodes with paths to outcome 50
2026-04-16 14:50:09 |   Found 4 source nodes with paths to outcome 50
2026-04-16 14:50:09 |   Found 4 source nodes with paths to outcome 50
2026-04-16 14:50:09 |   Found 4 source nodes with paths to outcome 50
2026-04-16 14:50:09 |   Found 4 source nodes with paths to outcome 50
2026-04-16 14:50:09 |   Found 4 source nodes with paths to outcome 50
2026-04-16 14:50:09 |   Found 4 source nodes with paths to outcome 50
2026-04-16 14:50:10 |   Found 4 source nodes with paths to outcome 50
2026-04-16 14:50:10 |   Found 4 source nodes with paths to outcome 50
2026-04-16 14:50:10 |   Found 4 source nodes with paths to outcome 50
2026-04-16 14:50:10 |   Found 4 source nodes with paths to outcome 50
2026-04-16 14:50:10 |   Found 4 source nodes with paths to outcome 50
2026-04-16 14:50:10 |   Found 4 source nodes with paths to outcome 50
2026-04-16 14:50:10 |   Found 4 source nodes with paths to outcome 50
2026-04-16 14:50:10 |   Found 4 source nodes with paths to outcome 50
2026-04-16 14:50:10 |   Found 4 source nodes with paths to outcome 50
2026-04-16 14:50:10 |   Found 4 source nodes with paths to outcome 50
2026-04-16 14:50:10 |   Found 4 source nodes with paths to outcome 50
2026-04-16 14:50:10 |   Found 4 source nodes with paths to outcome 50
2026-04-16 14:50:10 |   Found 4 source nodes with paths to outcome 50
2026-04-16 14:50:10 |   Found 4 source nodes with paths to outcome 50
2026-04-16 14:50:10 |   Found 4 source nodes with paths to outcome 50
2026-04-16 14:50:10 |   Found 4 source nodes with paths to outcome 50
2026-04-16 14:50:10 |   Found 4 source nodes with paths to outcome 50
2026-04-16 14:50:10 |   Found 4 source nodes with paths to outcome 50
2026-04-16 14:50:10 |   Found 4 source nodes with paths to outcome 50
2026-04-16 14:50:10 |   Found 4 source nodes with paths to outcome 50
2026-04-16 14:50:10 |   Found 4 source nodes with paths to outcome 50
2026-04-16 14:50:10 |   Found 4 source nodes with paths to outcome 50
2026-04-16 14:50:10 |   Found 4 source nodes with paths to outcome 50
2026-04-16 14:50:10 |   Found 4 source nodes with paths to outcome 50
2026-04-16 14:50:10 |   Found 4 source nodes with paths to outcome 50
2026-04-16 14:50:10 |   Found 4 source nodes with paths to outcome 50
2026-04-16 14:50:10 |   Found 4 source nodes with paths to outcome 50
2026-04-16 14:50:10 |   Found 4 source nodes with paths to outcome 50
2026-04-16 14:50:10 |   Found 4 source nodes with paths to outcome 50
2026-04-16 14:50:10 |   Found 4 source nodes with paths to outcome 50
2026-04-16 14:50:10 |   Found 4 source nodes with paths to outcome 50
2026-04-16 14:50:10 |   Found 4 source nodes with paths to outcome 50
2026-04-16 14:50:10 |   Found 4 source nodes with paths to outcome 50
2026-04-16 14:50:10 |   Found 4 source nodes with paths to outcome 50
2026-04-16 14:50:11 |   Found 4 source nodes with paths to outcome 50
2026-04-16 14:50:11 |   Found 4 source nodes with paths to outcome 50
2026-04-16 14:50:11 |   Found 4 source nodes with paths to outcome 50
2026-04-16 14:50:11 |   Found 4 source nodes with paths to outcome 50
2026-04-16 14:50:11 |   Found 4 source nodes with paths to outcome 50
2026-04-16 14:50:11 |   Found 4 source nodes with paths to outcome 50
2026-04-16 14:50:11 |   Found 4 source nodes with paths to outcome 50
2026-04-16 14:50:11 |   Found 4 source nodes with paths to outcome 50
2026-04-16 14:50:11 |   Found 4 source nodes with paths to outcome 50
2026-04-16 14:50:11 |   Found 4 source nodes with paths to outcome 50
2026-04-16 14:50:11 |   Found 4 source nodes with paths to outcome 50
2026-04-16 14:50:11 |   Found 4 source nodes with paths to outcome 50
2026-04-16 14:50:11 |   Found 4 source nodes with paths to outcome 50
2026-04-16 14:50:11 |   Found 4 source nodes with paths to outcome 50
2026-04-16 14:50:11 |   Found 4 source nodes with paths to outcome 50
2026-04-16 14:50:11 |   Found 4 source nodes with paths to outcome 50
2026-04-16 14:50:11 |   Found 4 source nodes with paths to outcome 50
2026-04-16 14:50:11 |   Found 4 source nodes with paths to outcome 50
2026-04-16 14:50:11 |   Found 4 source nodes with paths to outcome 50
2026-04-16 14:50:11 |   Found 4 source nodes with paths to outcome 50
2026-04-16 14:50:11 |   Found 4 source nodes with paths to outcome 50
2026-04-16 14:50:11 |   Found 4 source nodes with paths to outcome 50
2026-04-16 14:50:11 |   Found 4 source nodes with paths to outcome 50
2026-04-16 14:50:11 |   Found 4 source nodes with paths to outcome 50
2026-04-16 14:50:11 |   Found 4 source nodes with paths to outcome 50
2026-04-16 14:50:11 |   Found 4 source nodes with paths to outcome 50
2026-04-16 14:50:11 |   Found 4 source nodes with paths to outcome 50
2026-04-16 14:50:11 |   Found 4 source nodes with paths to outcome 50
2026-04-16 14:50:11 |   Found 4 source nodes with paths to outcome 50
2026-04-16 14:50:11 |   Found 4 source nodes with paths to outcome 50
2026-04-16 14:50:11 |   Found 4 source nodes with paths to outcome 50
2026-04-16 14:50:11 |   Found 4 source nodes with paths to outcome 50
2026-04-16 14:50:11 |   Found 4 source nodes with paths to outcome 50
2026-04-16 14:50:11 |   Found 4 source nodes with paths to outcome 50
2026-04-16 14:50:12 |   Found 4 source nodes with paths to outcome 50
2026-04-16 14:50:12 |   Found 4 source nodes with paths to outcome 50
2026-04-16 14:50:12 |   Found 4 source nodes with paths to outcome 50
2026-04-16 14:50:12 |   Found 4 source nodes with paths to outcome 50
2026-04-16 14:50:12 |   Found 4 source nodes with paths to outcome 50
2026-04-16 14:50:12 |   Found 4 source nodes with paths to outcome 50
2026-04-16 14:50:12 |   Found 4 source nodes with paths to outcome 50
2026-04-16 14:50:12 |   Found 4 source nodes with paths to outcome 50
2026-04-16 14:50:12 |   Found 4 source nodes with paths to outcome 50
2026-04-16 14:50:12 |   Found 4 source nodes with paths to outcome 50
2026-04-16 14:50:12 |   Found 4 source nodes with paths to outcome 50
2026-04-16 14:50:12 |   Found 4 source nodes with paths to outcome 50
2026-04-16 14:50:12 |   Found 4 source nodes with paths to outcome 50
2026-04-16 14:50:12 |   Found 4 source nodes with paths to outcome 50
2026-04-16 14:50:12 |   Found 4 source nodes with paths to outcome 50
2026-04-16 14:50:12 |   Found 4 source nodes with paths to outcome 50
2026-04-16 14:50:12 |   Found 4 source nodes with paths to outcome 50
2026-04-16 14:50:12 |   Found 4 source nodes with paths to outcome 50
2026-04-16 14:50:12 |   Found 4 source nodes with paths to outcome 50
2026-04-16 14:50:12 |   Found 4 source nodes with paths to outcome 50
2026-04-16 14:50:12 |   Found 4 source nodes with paths to outcome 50
2026-04-16 14:50:12 |   Found 4 source nodes with paths to outcome 50
2026-04-16 14:50:12 |   Found 4 source nodes with paths to outcome 50
2026-04-16 14:50:12 |   Found 4 source nodes with paths to outcome 50
2026-04-16 14:50:12 |   Found 4 source nodes with paths to outcome 50
2026-04-16 14:50:12 |   Found 4 source nodes with paths to outcome 50
2026-04-16 14:50:12 |   Found 4 source nodes with paths to outcome 50
2026-04-16 14:50:12 |   Found 4 source nodes with paths to outcome 50
2026-04-16 14:50:12 |   Found 4 source nodes with paths to outcome 50
2026-04-16 14:50:12 |   Found 4 source nodes with paths to outcome 50
2026-04-16 14:50:12 |   Found 4 source nodes with paths to outcome 50
2026-04-16 14:50:12 |   Found 4 source nodes with paths to outcome 50
2026-04-16 14:50:12 |   Found 4 source nodes with paths to outcome 50
2026-04-16 14:50:12 |   Found 4 source nodes with paths to outcome 50
2026-04-16 14:50:13 |   Found 4 source nodes with paths to outcome 50
2026-04-16 14:50:13 |   Found 4 source nodes with paths to outcome 50
2026-04-16 14:50:13 |   Found 4 source nodes with paths to outcome 50
2026-04-16 14:50:13 |   Found 4 source nodes with paths to outcome 50
2026-04-16 14:50:13 |   Found 4 source nodes with paths to outcome 50
2026-04-16 14:50:13 |   Found 4 source nodes with paths to outcome 50
2026-04-16 14:50:13 |   Found 4 source nodes with paths to outcome 50
2026-04-16 14:50:13 |   Found 4 source nodes with paths to outcome 50
2026-04-16 14:50:13 |   Found 4 source nodes with paths to outcome 50
2026-04-16 14:50:13 |   Found 4 source nodes with paths to outcome 50
2026-04-16 14:50:13 |   Found 4 source nodes with paths to outcome 50
2026-04-16 14:50:13 |   Found 4 source nodes with paths to outcome 50
2026-04-16 14:50:13 |   Found 4 source nodes with paths to outcome 50
2026-04-16 14:50:13 |   Found 4 source nodes with paths to outcome 50
2026-04-16 14:50:13 |   Found 4 source nodes with paths to outcome 50
2026-04-16 14:50:13 |   Found 4 source nodes with paths to outcome 50
2026-04-16 14:50:13 |   Found 4 source nodes with paths to outcome 50
2026-04-16 14:50:13 |   Found 4 source nodes with paths to outcome 50
2026-04-16 14:50:13 |   Found 4 source nodes with paths to outcome 50
2026-04-16 14:50:13 |   Found 4 source nodes with paths to outcome 50
2026-04-16 14:50:13 |   Found 4 source nodes with paths to outcome 50
2026-04-16 14:50:13 |   Found 4 source nodes with paths to outcome 50
2026-04-16 14:50:13 |   Found 4 source nodes with paths to outcome 50
2026-04-16 14:50:13 |   Found 4 source nodes with paths to outcome 50
2026-04-16 14:50:13 |   Found 4 source nodes with paths to outcome 50
2026-04-16 14:50:13 |   Found 4 source nodes with paths to outcome 50
2026-04-16 14:50:13 |   Found 4 source nodes with paths to outcome 50
2026-04-16 14:50:13 |   Found 4 source nodes with paths to outcome 50
2026-04-16 14:50:13 |   Found 4 source nodes with paths to outcome 50
2026-04-16 14:50:13 |   Found 4 source nodes with paths to outcome 50
2026-04-16 14:50:13 |   Found 4 source nodes with paths to outcome 50
2026-04-16 14:50:13 |   Found 4 source nodes with paths to outcome 50
2026-04-16 14:50:13 |   Found 4 source nodes with paths to outcome 50
2026-04-16 14:50:13 |   Found 4 source nodes with paths to outcome 50
2026-04-16 14:50:13 |   Found 4 source nodes with paths to outcome 50
2026-04-16 14:50:14 |   Found 4 source nodes with paths to outcome 50
2026-04-16 14:50:14 |   Found 4 source nodes with paths to outcome 50
2026-04-16 14:50:14 |   Found 4 source nodes with paths to outcome 50
2026-04-16 14:50:14 |   Found 4 source nodes with paths to outcome 50
2026-04-16 14:50:14 |   Found 4 source nodes with paths to outcome 50
2026-04-16 14:50:14 |   Found 4 source nodes with paths to outcome 50
2026-04-16 14:50:14 |   Found 4 source nodes with paths to outcome 50
2026-04-16 14:50:14 |   Found 4 source nodes with paths to outcome 50
2026-04-16 14:50:14 |   Found 4 source nodes with paths to outcome 50
2026-04-16 14:50:14 |   Found 4 source nodes with paths to outcome 50
2026-04-16 14:50:14 |   Found 4 source nodes with paths to outcome 50
2026-04-16 14:50:14 |   Found 4 source nodes with paths to outcome 50
2026-04-16 14:50:14 |   Found 4 source nodes with paths to outcome 50
2026-04-16 14:50:14 |   Found 4 source nodes with paths to outcome 50
2026-04-16 14:50:14 |   Found 4 source nodes with paths to outcome 50
2026-04-16 14:50:14 |   Found 4 source nodes with paths to outcome 50
2026-04-16 14:50:14 |   Found 4 source nodes with paths to outcome 50
2026-04-16 14:50:14 |   Found 4 source nodes with paths to outcome 50
2026-04-16 14:50:14 |   Found 4 source nodes with paths to outcome 50
2026-04-16 14:50:14 |   Found 4 source nodes with paths to outcome 50
2026-04-16 14:50:14 |   Found 4 source nodes with paths to outcome 50
2026-04-16 14:50:14 |   Found 4 source nodes with paths to outcome 50
2026-04-16 14:50:14 |   Found 4 source nodes with paths to outcome 50
2026-04-16 14:50:14 |   Found 4 source nodes with paths to outcome 50
2026-04-16 14:50:14 |   Found 4 source nodes with paths to outcome 50
2026-04-16 14:50:14 |   Found 4 source nodes with paths to outcome 50
2026-04-16 14:50:14 |   Found 4 source nodes with paths to outcome 50
2026-04-16 14:50:14 |   Found 4 source nodes with paths to outcome 50
2026-04-16 14:50:14 |   Found 4 source nodes with paths to outcome 50
2026-04-16 14:50:14 |   Completed 20/100 instances
2026-04-16 14:50:14 |   Found 4 source nodes with paths to outcome 50
2026-04-16 14:50:14 |   Found 4 source nodes with paths to outcome 50
2026-04-16 14:50:14 |   Found 4 source nodes with paths to outcome 50
2026-04-16 14:50:14 |   Found 4 source nodes with paths to outcome 50
2026-04-16 14:50:14 |   Found 4 source nodes with paths to outcome 50
2026-04-16 14:50:15 |   Found 4 source nodes with paths to outcome 50
2026-04-16 14:50:15 |   Found 4 source nodes with paths to outcome 50
2026-04-16 14:50:15 |   Found 4 source nodes with paths to outcome 50
2026-04-16 14:50:15 |   Found 4 source nodes with paths to outcome 50
2026-04-16 14:50:15 |   Found 4 source nodes with paths to outcome 50
2026-04-16 14:50:15 |   Found 4 source nodes with paths to outcome 50
2026-04-16 14:50:15 |   Found 4 source nodes with paths to outcome 50
2026-04-16 14:50:15 |   Found 4 source nodes with paths to outcome 50
2026-04-16 14:50:15 |   Found 4 source nodes with paths to outcome 50
2026-04-16 14:50:15 |   Found 4 source nodes with paths to outcome 50
2026-04-16 14:50:15 |   Found 4 source nodes with paths to outcome 50
2026-04-16 14:50:15 |   Found 4 source nodes with paths to outcome 50
2026-04-16 14:50:15 |   Found 4 source nodes with paths to outcome 50
2026-04-16 14:50:15 |   Found 4 source nodes with paths to outcome 50
2026-04-16 14:50:15 |   Found 4 source nodes with paths to outcome 50
2026-04-16 14:50:15 |   Found 4 source nodes with paths to outcome 50
2026-04-16 14:50:15 |   Found 4 source nodes with paths to outcome 50
2026-04-16 14:50:15 |   Found 4 source nodes with paths to outcome 50
2026-04-16 14:50:15 |   Found 4 source nodes with paths to outcome 50
2026-04-16 14:50:15 |   Found 4 source nodes with paths to outcome 50
2026-04-16 14:50:15 |   Found 4 source nodes with paths to outcome 50
2026-04-16 14:50:15 |   Found 4 source nodes with paths to outcome 50
2026-04-16 14:50:15 |   Found 4 source nodes with paths to outcome 50
2026-04-16 14:50:15 |   Found 4 source nodes with paths to outcome 50
2026-04-16 14:50:15 |   Found 4 source nodes with paths to outcome 50
2026-04-16 14:50:15 |   Found 4 source nodes with paths to outcome 50
2026-04-16 14:50:15 |   Found 4 source nodes with paths to outcome 50
2026-04-16 14:50:15 |   Found 4 source nodes with paths to outcome 50
2026-04-16 14:50:15 |   Found 4 source nodes with paths to outcome 50
2026-04-16 14:50:15 |   Found 4 source nodes with paths to outcome 50
2026-04-16 14:50:15 |   Found 4 source nodes with paths to outcome 50
2026-04-16 14:50:15 |   Found 4 source nodes with paths to outcome 50
2026-04-16 14:50:15 |   Found 4 source nodes with paths to outcome 50
2026-04-16 14:50:15 |   Found 4 source nodes with paths to outcome 50
2026-04-16 14:50:15 |   Found 4 source nodes with paths to outcome 50
2026-04-16 14:50:16 |   Found 4 source nodes with paths to outcome 50
2026-04-16 14:50:16 |   Found 4 source nodes with paths to outcome 50
2026-04-16 14:50:16 |   Found 4 source nodes with paths to outcome 50
2026-04-16 14:50:16 |   Found 4 source nodes with paths to outcome 50
2026-04-16 14:50:16 |   Found 4 source nodes with paths to outcome 50
2026-04-16 14:50:16 |   Found 4 source nodes with paths to outcome 50
2026-04-16 14:50:16 |   Found 4 source nodes with paths to outcome 50
2026-04-16 14:50:16 |   Found 4 source nodes with paths to outcome 50
2026-04-16 14:50:16 |   Found 4 source nodes with paths to outcome 50
2026-04-16 14:50:16 |   Found 4 source nodes with paths to outcome 50
2026-04-16 14:50:16 |   Found 4 source nodes with paths to outcome 50
2026-04-16 14:50:16 |   Found 4 source nodes with paths to outcome 50
2026-04-16 14:50:16 |   Found 4 source nodes with paths to outcome 50
2026-04-16 14:50:16 |   Found 4 source nodes with paths to outcome 50
2026-04-16 14:50:16 |   Found 4 source nodes with paths to outcome 50
2026-04-16 14:50:16 |   Found 4 source nodes with paths to outcome 50
2026-04-16 14:50:16 |   Found 4 source nodes with paths to outcome 50
2026-04-16 14:50:16 |   Found 4 source nodes with paths to outcome 50
2026-04-16 14:50:16 |   Found 4 source nodes with paths to outcome 50
2026-04-16 14:50:16 |   Found 4 source nodes with paths to outcome 50
2026-04-16 14:50:16 |   Found 4 source nodes with paths to outcome 50
2026-04-16 14:50:16 |   Found 4 source nodes with paths to outcome 50
2026-04-16 14:50:16 |   Found 4 source nodes with paths to outcome 50
2026-04-16 14:50:16 |   Found 4 source nodes with paths to outcome 50
2026-04-16 14:50:16 |   Found 4 source nodes with paths to outcome 50
2026-04-16 14:50:16 |   Found 4 source nodes with paths to outcome 50
2026-04-16 14:50:16 |   Found 4 source nodes with paths to outcome 50
2026-04-16 14:50:16 |   Found 4 source nodes with paths to outcome 50
2026-04-16 14:50:16 |   Found 4 source nodes with paths to outcome 50
2026-04-16 14:50:16 |   Found 4 source nodes with paths to outcome 50
2026-04-16 14:50:16 |   Found 4 source nodes with paths to outcome 50
2026-04-16 14:50:16 |   Found 4 source nodes with paths to outcome 50
2026-04-16 14:50:16 |   Found 4 source nodes with paths to outcome 50
2026-04-16 14:50:16 |   Found 4 source nodes with paths to outcome 50
2026-04-16 14:50:17 |   Found 4 source nodes with paths to outcome 50
2026-04-16 14:50:17 |   Found 4 source nodes with paths to outcome 50
2026-04-16 14:50:17 |   Found 4 source nodes with paths to outcome 50
2026-04-16 14:50:17 |   Found 4 source nodes with paths to outcome 50
2026-04-16 14:50:17 |   Found 4 source nodes with paths to outcome 50
2026-04-16 14:50:17 |   Found 4 source nodes with paths to outcome 50
2026-04-16 14:50:17 |   Found 4 source nodes with paths to outcome 50
2026-04-16 14:50:17 |   Found 4 source nodes with paths to outcome 50
2026-04-16 14:50:17 |   Found 4 source nodes with paths to outcome 50
2026-04-16 14:50:17 |   Found 4 source nodes with paths to outcome 50
2026-04-16 14:50:17 |   Found 4 source nodes with paths to outcome 50
2026-04-16 14:50:17 |   Found 4 source nodes with paths to outcome 50
2026-04-16 14:50:17 |   Found 4 source nodes with paths to outcome 50
2026-04-16 14:50:17 |   Found 4 source nodes with paths to outcome 50
2026-04-16 14:50:17 |   Found 4 source nodes with paths to outcome 50
2026-04-16 14:50:17 |   Found 4 source nodes with paths to outcome 50
2026-04-16 14:50:17 |   Found 4 source nodes with paths to outcome 50
2026-04-16 14:50:17 |   Found 4 source nodes with paths to outcome 50
2026-04-16 14:50:17 |   Found 4 source nodes with paths to outcome 50
2026-04-16 14:50:17 |   Found 4 source nodes with paths to outcome 50
2026-04-16 14:50:17 |   Found 4 source nodes with paths to outcome 50
2026-04-16 14:50:17 |   Found 4 source nodes with paths to outcome 50
2026-04-16 14:50:17 |   Found 4 source nodes with paths to outcome 50
2026-04-16 14:50:17 |   Found 4 source nodes with paths to outcome 50
2026-04-16 14:50:17 |   Found 4 source nodes with paths to outcome 50
2026-04-16 14:50:17 |   Found 4 source nodes with paths to outcome 50
2026-04-16 14:50:17 |   Found 4 source nodes with paths to outcome 50
2026-04-16 14:50:17 |   Found 4 source nodes with paths to outcome 50
2026-04-16 14:50:17 |   Found 4 source nodes with paths to outcome 50
2026-04-16 14:50:17 |   Found 4 source nodes with paths to outcome 50
2026-04-16 14:50:17 |   Found 4 source nodes with paths to outcome 50
2026-04-16 14:50:17 |   Found 4 source nodes with paths to outcome 50
2026-04-16 14:50:17 |   Found 4 source nodes with paths to outcome 50
2026-04-16 14:50:17 |   Found 4 source nodes with paths to outcome 50
2026-04-16 14:50:18 |   Found 4 source nodes with paths to outcome 50
2026-04-16 14:50:18 |   Found 4 source nodes with paths to outcome 50
2026-04-16 14:50:18 |   Found 4 source nodes with paths to outcome 50
2026-04-16 14:50:18 |   Found 4 source nodes with paths to outcome 50
2026-04-16 14:50:18 |   Found 4 source nodes with paths to outcome 50
2026-04-16 14:50:18 |   Found 4 source nodes with paths to outcome 50
2026-04-16 14:50:18 |   Found 4 source nodes with paths to outcome 50
2026-04-16 14:50:18 |   Found 4 source nodes with paths to outcome 50
2026-04-16 14:50:18 |   Found 4 source nodes with paths to outcome 50
2026-04-16 14:50:18 |   Found 4 source nodes with paths to outcome 50
2026-04-16 14:50:18 |   Found 4 source nodes with paths to outcome 50
2026-04-16 14:50:18 |   Found 4 source nodes with paths to outcome 50
2026-04-16 14:50:18 |   Found 4 source nodes with paths to outcome 50
2026-04-16 14:50:18 |   Found 4 source nodes with paths to outcome 50
2026-04-16 14:50:18 |   Found 4 source nodes with paths to outcome 50
2026-04-16 14:50:18 |   Found 4 source nodes with paths to outcome 50
2026-04-16 14:50:18 |   Found 4 source nodes with paths to outcome 50
2026-04-16 14:50:18 |   Found 4 source nodes with paths to outcome 50
2026-04-16 14:50:18 |   Found 4 source nodes with paths to outcome 50
2026-04-16 14:50:18 |   Found 4 source nodes with paths to outcome 50
2026-04-16 14:50:18 |   Found 4 source nodes with paths to outcome 50
2026-04-16 14:50:18 |   Found 4 source nodes with paths to outcome 50
2026-04-16 14:50:18 |   Found 4 source nodes with paths to outcome 50
2026-04-16 14:50:18 |   Found 4 source nodes with paths to outcome 50
2026-04-16 14:50:18 |   Found 4 source nodes with paths to outcome 50
2026-04-16 14:50:18 |   Found 4 source nodes with paths to outcome 50
2026-04-16 14:50:18 |   Found 4 source nodes with paths to outcome 50
2026-04-16 14:50:18 |   Found 4 source nodes with paths to outcome 50
2026-04-16 14:50:18 |   Found 4 source nodes with paths to outcome 50
2026-04-16 14:50:18 |   Found 4 source nodes with paths to outcome 50
2026-04-16 14:50:18 |   Found 4 source nodes with paths to outcome 50
2026-04-16 14:50:18 |   Found 4 source nodes with paths to outcome 50
2026-04-16 14:50:18 |   Found 4 source nodes with paths to outcome 50
2026-04-16 14:50:18 |   Found 4 source nodes with paths to outcome 50
2026-04-16 14:50:18 |   Found 4 source nodes with paths to outcome 50
2026-04-16 14:50:19 |   Found 4 source nodes with paths to outcome 50
2026-04-16 14:50:19 |   Found 4 source nodes with paths to outcome 50
2026-04-16 14:50:19 |   Found 4 source nodes with paths to outcome 50
2026-04-16 14:50:19 |   Found 4 source nodes with paths to outcome 50
2026-04-16 14:50:19 |   Found 4 source nodes with paths to outcome 50
2026-04-16 14:50:19 |   Found 4 source nodes with paths to outcome 50
2026-04-16 14:50:19 |   Found 4 source nodes with paths to outcome 50
2026-04-16 14:50:19 |   Found 4 source nodes with paths to outcome 50
2026-04-16 14:50:19 |   Found 4 source nodes with paths to outcome 50
2026-04-16 14:50:19 |   Found 4 source nodes with paths to outcome 50
2026-04-16 14:50:19 |   Found 4 source nodes with paths to outcome 50
2026-04-16 14:50:19 |   Found 4 source nodes with paths to outcome 50
2026-04-16 14:50:19 |   Found 4 source nodes with paths to outcome 50
2026-04-16 14:50:19 |   Found 4 source nodes with paths to outcome 50
2026-04-16 14:50:19 |   Found 4 source nodes with paths to outcome 50
2026-04-16 14:50:19 |   Found 4 source nodes with paths to outcome 50
2026-04-16 14:50:19 |   Found 4 source nodes with paths to outcome 50
2026-04-16 14:50:19 |   Found 4 source nodes with paths to outcome 50
2026-04-16 14:50:19 |   Found 4 source nodes with paths to outcome 50
2026-04-16 14:50:19 |   Found 4 source nodes with paths to outcome 50
2026-04-16 14:50:19 |   Found 4 source nodes with paths to outcome 50
2026-04-16 14:50:19 |   Found 4 source nodes with paths to outcome 50
2026-04-16 14:50:19 |   Found 4 source nodes with paths to outcome 50
2026-04-16 14:50:19 |   Found 4 source nodes with paths to outcome 50
2026-04-16 14:50:19 |   Found 4 source nodes with paths to outcome 50
2026-04-16 14:50:19 |   Found 4 source nodes with paths to outcome 50
2026-04-16 14:50:19 |   Found 4 source nodes with paths to outcome 50
2026-04-16 14:50:19 |   Found 4 source nodes with paths to outcome 50
2026-04-16 14:50:19 |   Found 4 source nodes with paths to outcome 50
2026-04-16 14:50:19 |   Found 4 source nodes with paths to outcome 50
2026-04-16 14:50:19 |   Found 4 source nodes with paths to outcome 50
2026-04-16 14:50:19 |   Found 4 source nodes with paths to outcome 50
2026-04-16 14:50:20 |   Found 4 source nodes with paths to outcome 50
2026-04-16 14:50:20 |   Found 4 source nodes with paths to outcome 50
2026-04-16 14:50:20 |   Found 4 source nodes with paths to outcome 50
2026-04-16 14:50:20 |   Found 4 source nodes with paths to outcome 50
2026-04-16 14:50:20 |   Found 4 source nodes with paths to outcome 50
2026-04-16 14:50:20 |   Found 4 source nodes with paths to outcome 50
2026-04-16 14:50:20 |   Found 4 source nodes with paths to outcome 50
2026-04-16 14:50:20 |   Found 4 source nodes with paths to outcome 50
2026-04-16 14:50:20 |   Found 4 source nodes with paths to outcome 50
2026-04-16 14:50:20 |   Found 4 source nodes with paths to outcome 50
2026-04-16 14:50:20 |   Found 4 source nodes with paths to outcome 50
2026-04-16 14:50:20 |   Found 4 source nodes with paths to outcome 50
2026-04-16 14:50:20 |   Found 4 source nodes with paths to outcome 50
2026-04-16 14:50:20 |   Found 4 source nodes with paths to outcome 50
2026-04-16 14:50:20 |   Found 4 source nodes with paths to outcome 50
2026-04-16 14:50:20 |   Found 4 source nodes with paths to outcome 50
2026-04-16 14:50:20 |   Found 4 source nodes with paths to outcome 50
2026-04-16 14:50:20 |   Found 4 source nodes with paths to outcome 50
2026-04-16 14:50:20 |   Found 4 source nodes with paths to outcome 50
2026-04-16 14:50:20 |   Found 4 source nodes with paths to outcome 50
2026-04-16 14:50:20 |   Found 4 source nodes with paths to outcome 50
2026-04-16 14:50:20 |   Found 4 source nodes with paths to outcome 50
2026-04-16 14:50:20 |   Found 4 source nodes with paths to outcome 50
2026-04-16 14:50:20 |   Found 4 source nodes with paths to outcome 50
2026-04-16 14:50:20 |   Found 4 source nodes with paths to outcome 50
2026-04-16 14:50:20 |   Found 4 source nodes with paths to outcome 50
2026-04-16 14:50:20 |   Found 4 source nodes with paths to outcome 50
2026-04-16 14:50:20 |   Found 4 source nodes with paths to outcome 50
2026-04-16 14:50:20 |   Found 4 source nodes with paths to outcome 50
2026-04-16 14:50:20 |   Found 4 source nodes with paths to outcome 50
2026-04-16 14:50:20 |   Found 4 source nodes with paths to outcome 50
2026-04-16 14:50:20 |   Found 4 source nodes with paths to outcome 50
2026-04-16 14:50:20 |   Found 4 source nodes with paths to outcome 50
2026-04-16 14:50:20 |   Found 4 source nodes with paths to outcome 50
2026-04-16 14:50:21 |   Found 4 source nodes with paths to outcome 50
2026-04-16 14:50:21 |   Found 4 source nodes with paths to outcome 50
2026-04-16 14:50:21 |   Found 4 source nodes with paths to outcome 50
2026-04-16 14:50:21 |   Found 4 source nodes with paths to outcome 50
2026-04-16 14:50:21 |   Found 4 source nodes with paths to outcome 50
2026-04-16 14:50:21 |   Found 4 source nodes with paths to outcome 50
2026-04-16 14:50:21 |   Found 4 source nodes with paths to outcome 50
2026-04-16 14:50:21 |   Found 4 source nodes with paths to outcome 50
2026-04-16 14:50:21 |   Found 4 source nodes with paths to outcome 50
2026-04-16 14:50:21 |   Found 4 source nodes with paths to outcome 50
2026-04-16 14:50:21 |   Found 4 source nodes with paths to outcome 50
2026-04-16 14:50:21 |   Found 4 source nodes with paths to outcome 50
2026-04-16 14:50:21 |   Found 4 source nodes with paths to outcome 50
2026-04-16 14:50:21 |   Found 4 source nodes with paths to outcome 50
2026-04-16 14:50:21 |   Found 4 source nodes with paths to outcome 50
2026-04-16 14:50:21 |   Found 4 source nodes with paths to outcome 50
2026-04-16 14:50:21 |   Found 4 source nodes with paths to outcome 50
2026-04-16 14:50:21 |   Found 4 source nodes with paths to outcome 50
2026-04-16 14:50:21 |   Found 4 source nodes with paths to outcome 50
2026-04-16 14:50:21 |   Found 4 source nodes with paths to outcome 50
2026-04-16 14:50:21 |   Found 4 source nodes with paths to outcome 50
2026-04-16 14:50:21 |   Found 4 source nodes with paths to outcome 50
2026-04-16 14:50:21 |   Found 4 source nodes with paths to outcome 50
2026-04-16 14:50:21 |   Found 4 source nodes with paths to outcome 50
2026-04-16 14:50:21 |   Found 4 source nodes with paths to outcome 50
2026-04-16 14:50:21 |   Found 4 source nodes with paths to outcome 50
2026-04-16 14:50:21 |   Found 4 source nodes with paths to outcome 50
2026-04-16 14:50:21 |   Found 4 source nodes with paths to outcome 50
2026-04-16 14:50:21 |   Found 4 source nodes with paths to outcome 50
2026-04-16 14:50:21 |   Found 4 source nodes with paths to outcome 50
2026-04-16 14:50:21 |   Found 4 source nodes with paths to outcome 50
2026-04-16 14:50:21 |   Found 4 source nodes with paths to outcome 50
2026-04-16 14:50:21 |   Found 4 source nodes with paths to outcome 50
2026-04-16 14:50:22 |   Found 4 source nodes with paths to outcome 50
2026-04-16 14:50:22 |   Found 4 source nodes with paths to outcome 50
2026-04-16 14:50:22 |   Found 4 source nodes with paths to outcome 50
2026-04-16 14:50:22 |   Found 4 source nodes with paths to outcome 50
2026-04-16 14:50:22 |   Found 4 source nodes with paths to outcome 50
2026-04-16 14:50:22 |   Found 4 source nodes with paths to outcome 50
2026-04-16 14:50:22 |   Found 4 source nodes with paths to outcome 50
2026-04-16 14:50:22 |   Found 4 source nodes with paths to outcome 50
2026-04-16 14:50:22 |   Found 4 source nodes with paths to outcome 50
2026-04-16 14:50:22 |   Found 4 source nodes with paths to outcome 50
2026-04-16 14:50:22 |   Found 4 source nodes with paths to outcome 50
2026-04-16 14:50:22 |   Found 4 source nodes with paths to outcome 50
2026-04-16 14:50:22 |   Found 4 source nodes with paths to outcome 50
2026-04-16 14:50:22 |   Found 4 source nodes with paths to outcome 50
2026-04-16 14:50:22 |   Found 4 source nodes with paths to outcome 50
2026-04-16 14:50:22 |   Found 4 source nodes with paths to outcome 50
2026-04-16 14:50:22 |   Found 4 source nodes with paths to outcome 50
2026-04-16 14:50:22 |   Found 4 source nodes with paths to outcome 50
2026-04-16 14:50:22 |   Found 4 source nodes with paths to outcome 50
2026-04-16 14:50:22 |   Found 4 source nodes with paths to outcome 50
2026-04-16 14:50:22 |   Found 4 source nodes with paths to outcome 50
2026-04-16 14:50:22 |   Found 4 source nodes with paths to outcome 50
2026-04-16 14:50:22 |   Found 4 source nodes with paths to outcome 50
2026-04-16 14:50:22 |   Found 4 source nodes with paths to outcome 50
2026-04-16 14:50:22 |   Found 4 source nodes with paths to outcome 50
2026-04-16 14:50:22 |   Found 4 source nodes with paths to outcome 50
2026-04-16 14:50:22 |   Found 4 source nodes with paths to outcome 50
2026-04-16 14:50:22 |   Found 4 source nodes with paths to outcome 50
2026-04-16 14:50:22 |   Found 4 source nodes with paths to outcome 50
2026-04-16 14:50:22 |   Found 4 source nodes with paths to outcome 50
2026-04-16 14:50:22 |   Found 4 source nodes with paths to outcome 50
2026-04-16 14:50:22 |   Found 4 source nodes with paths to outcome 50
2026-04-16 14:50:22 |   Found 4 source nodes with paths to outcome 50
2026-04-16 14:50:23 |   Found 4 source nodes with paths to outcome 50
2026-04-16 14:50:23 |   Found 4 source nodes with paths to outcome 50
2026-04-16 14:50:23 |   Found 4 source nodes with paths to outcome 50
2026-04-16 14:50:23 |   Found 4 source nodes with paths to outcome 50
2026-04-16 14:50:23 |   Found 4 source nodes with paths to outcome 50
2026-04-16 14:50:23 |   Found 4 source nodes with paths to outcome 50
2026-04-16 14:50:23 |   Found 4 source nodes with paths to outcome 50
2026-04-16 14:50:23 |   Found 4 source nodes with paths to outcome 50
2026-04-16 14:50:23 |   Found 4 source nodes with paths to outcome 50
2026-04-16 14:50:23 |   Found 4 source nodes with paths to outcome 50
2026-04-16 14:50:23 |   Found 4 source nodes with paths to outcome 50
2026-04-16 14:50:23 |   Found 4 source nodes with paths to outcome 50
2026-04-16 14:50:23 |   Found 4 source nodes with paths to outcome 50
2026-04-16 14:50:23 |   Found 4 source nodes with paths to outcome 50
2026-04-16 14:50:23 |   Found 4 source nodes with paths to outcome 50
2026-04-16 14:50:23 |   Found 4 source nodes with paths to outcome 50
2026-04-16 14:50:23 |   Found 4 source nodes with paths to outcome 50
2026-04-16 14:50:23 |   Found 4 source nodes with paths to outcome 50
2026-04-16 14:50:23 |   Found 4 source nodes with paths to outcome 50
2026-04-16 14:50:23 |   Found 4 source nodes with paths to outcome 50
2026-04-16 14:50:23 |   Found 4 source nodes with paths to outcome 50
2026-04-16 14:50:23 |   Found 4 source nodes with paths to outcome 50
2026-04-16 14:50:23 |   Found 4 source nodes with paths to outcome 50
2026-04-16 14:50:23 |   Found 4 source nodes with paths to outcome 50
2026-04-16 14:50:23 |   Found 4 source nodes with paths to outcome 50
2026-04-16 14:50:23 |   Found 4 source nodes with paths to outcome 50
2026-04-16 14:50:23 |   Found 4 source nodes with paths to outcome 50
2026-04-16 14:50:23 |   Found 4 source nodes with paths to outcome 50
2026-04-16 14:50:23 |   Found 4 source nodes with paths to outcome 50
2026-04-16 14:50:23 |   Found 4 source nodes with paths to outcome 50
2026-04-16 14:50:23 |   Found 4 source nodes with paths to outcome 50
2026-04-16 14:50:23 |   Found 4 source nodes with paths to outcome 50
2026-04-16 14:50:23 |   Found 4 source nodes with paths to outcome 50
2026-04-16 14:50:23 |   Found 4 source nodes with paths to outcome 50
2026-04-16 14:50:23 |   Found 4 source nodes with paths to outcome 50
2026-04-16 14:50:23 |   Found 4 source nodes with paths to outcome 50
2026-04-16 14:50:24 |   Found 4 source nodes with paths to outcome 50
2026-04-16 14:50:24 |   Found 4 source nodes with paths to outcome 50
2026-04-16 14:50:24 |   Found 4 source nodes with paths to outcome 50
2026-04-16 14:50:24 |   Found 4 source nodes with paths to outcome 50
2026-04-16 14:50:24 |   Found 4 source nodes with paths to outcome 50
2026-04-16 14:50:24 |   Found 4 source nodes with paths to outcome 50
2026-04-16 14:50:24 |   Found 4 source nodes with paths to outcome 50
2026-04-16 14:50:24 |   Found 4 source nodes with paths to outcome 50
2026-04-16 14:50:24 |   Found 4 source nodes with paths to outcome 50
2026-04-16 14:50:24 |   Found 4 source nodes with paths to outcome 50
2026-04-16 14:50:24 |   Found 4 source nodes with paths to outcome 50
2026-04-16 14:50:24 |   Found 4 source nodes with paths to outcome 50
2026-04-16 14:50:24 |   Found 4 source nodes with paths to outcome 50
2026-04-16 14:50:24 |   Found 4 source nodes with paths to outcome 50
2026-04-16 14:50:24 |   Found 4 source nodes with paths to outcome 50
2026-04-16 14:50:24 |   Found 4 source nodes with paths to outcome 50
2026-04-16 14:50:24 |   Found 4 source nodes with paths to outcome 50
2026-04-16 14:50:24 |   Found 4 source nodes with paths to outcome 50
2026-04-16 14:50:24 |   Found 4 source nodes with paths to outcome 50
2026-04-16 14:50:24 |   Found 4 source nodes with paths to outcome 50
2026-04-16 14:50:24 |   Found 4 source nodes with paths to outcome 50
2026-04-16 14:50:24 |   Found 4 source nodes with paths to outcome 50
2026-04-16 14:50:24 |   Found 4 source nodes with paths to outcome 50
2026-04-16 14:50:24 |   Found 4 source nodes with paths to outcome 50
2026-04-16 14:50:24 |   Found 4 source nodes with paths to outcome 50
2026-04-16 14:50:24 |   Found 4 source nodes with paths to outcome 50
2026-04-16 14:50:24 |   Found 4 source nodes with paths to outcome 50
2026-04-16 14:50:24 |   Found 4 source nodes with paths to outcome 50
2026-04-16 14:50:24 |   Found 4 source nodes with paths to outcome 50
2026-04-16 14:50:24 |   Found 4 source nodes with paths to outcome 50
2026-04-16 14:50:24 |   Found 4 source nodes with paths to outcome 50
2026-04-16 14:50:24 |   Found 4 source nodes with paths to outcome 50
2026-04-16 14:50:24 |   Found 4 source nodes with paths to outcome 50
2026-04-16 14:50:24 |   Found 4 source nodes with paths to outcome 50
2026-04-16 14:50:25 |   Found 4 source nodes with paths to outcome 50
2026-04-16 14:50:25 |   Found 4 source nodes with paths to outcome 50
2026-04-16 14:50:25 |   Found 4 source nodes with paths to outcome 50
2026-04-16 14:50:25 |   Found 4 source nodes with paths to outcome 50
2026-04-16 14:50:25 |   Found 4 source nodes with paths to outcome 50
2026-04-16 14:50:25 |   Found 4 source nodes with paths to outcome 50
2026-04-16 14:50:25 |   Found 4 source nodes with paths to outcome 50
2026-04-16 14:50:25 |   Found 4 source nodes with paths to outcome 50
2026-04-16 14:50:25 |   Found 4 source nodes with paths to outcome 50
2026-04-16 14:50:25 |   Found 4 source nodes with paths to outcome 50
2026-04-16 14:50:25 |   Found 4 source nodes with paths to outcome 50
2026-04-16 14:50:25 |   Found 4 source nodes with paths to outcome 50
2026-04-16 14:50:25 |   Found 4 source nodes with paths to outcome 50
2026-04-16 14:50:25 |   Found 4 source nodes with paths to outcome 50
2026-04-16 14:50:25 |   Found 4 source nodes with paths to outcome 50
2026-04-16 14:50:25 |   Found 4 source nodes with paths to outcome 50
2026-04-16 14:50:25 |   Found 4 source nodes with paths to outcome 50
2026-04-16 14:50:25 |   Found 4 source nodes with paths to outcome 50
2026-04-16 14:50:25 |   Found 4 source nodes with paths to outcome 50
2026-04-16 14:50:25 |   Found 4 source nodes with paths to outcome 50
2026-04-16 14:50:25 |   Found 4 source nodes with paths to outcome 50
2026-04-16 14:50:25 |   Found 4 source nodes with paths to outcome 50
2026-04-16 14:50:25 |   Found 4 source nodes with paths to outcome 50
2026-04-16 14:50:25 |   Found 4 source nodes with paths to outcome 50
2026-04-16 14:50:25 |   Found 4 source nodes with paths to outcome 50
2026-04-16 14:50:25 |   Found 4 source nodes with paths to outcome 50
2026-04-16 14:50:25 |   Found 4 source nodes with paths to outcome 50
2026-04-16 14:50:25 |   Found 4 source nodes with paths to outcome 50
2026-04-16 14:50:25 |   Found 4 source nodes with paths to outcome 50
2026-04-16 14:50:25 |   Found 4 source nodes with paths to outcome 50
2026-04-16 14:50:25 |   Found 4 source nodes with paths to outcome 50
2026-04-16 14:50:25 |   Found 4 source nodes with paths to outcome 50
2026-04-16 14:50:25 |   Found 4 source nodes with paths to outcome 50
2026-04-16 14:50:26 |   Found 4 source nodes with paths to outcome 50
2026-04-16 14:50:26 |   Found 4 source nodes with paths to outcome 50
2026-04-16 14:50:26 |   Found 4 source nodes with paths to outcome 50
2026-04-16 14:50:26 |   Found 4 source nodes with paths to outcome 50
2026-04-16 14:50:26 |   Found 4 source nodes with paths to outcome 50
2026-04-16 14:50:26 |   Found 4 source nodes with paths to outcome 50
2026-04-16 14:50:26 |   Found 4 source nodes with paths to outcome 50
2026-04-16 14:50:26 |   Found 4 source nodes with paths to outcome 50
2026-04-16 14:50:26 |   Found 4 source nodes with paths to outcome 50
2026-04-16 14:50:26 |   Found 4 source nodes with paths to outcome 50
2026-04-16 14:50:26 |   Found 4 source nodes with paths to outcome 50
2026-04-16 14:50:26 |   Found 4 source nodes with paths to outcome 50
2026-04-16 14:50:26 |   Found 4 source nodes with paths to outcome 50
2026-04-16 14:50:26 |   Found 4 source nodes with paths to outcome 50
2026-04-16 14:50:26 |   Found 4 source nodes with paths to outcome 50
2026-04-16 14:50:26 |   Found 4 source nodes with paths to outcome 50
2026-04-16 14:50:26 |   Found 4 source nodes with paths to outcome 50
2026-04-16 14:50:26 |   Found 4 source nodes with paths to outcome 50
2026-04-16 14:50:26 |   Found 4 source nodes with paths to outcome 50
2026-04-16 14:50:26 |   Found 4 source nodes with paths to outcome 50
2026-04-16 14:50:26 |   Found 4 source nodes with paths to outcome 50
2026-04-16 14:50:26 |   Found 4 source nodes with paths to outcome 50
2026-04-16 14:50:26 |   Found 4 source nodes with paths to outcome 50
2026-04-16 14:50:26 |   Found 4 source nodes with paths to outcome 50
2026-04-16 14:50:26 |   Found 4 source nodes with paths to outcome 50
2026-04-16 14:50:26 |   Found 4 source nodes with paths to outcome 50
2026-04-16 14:50:26 |   Found 4 source nodes with paths to outcome 50
2026-04-16 14:50:26 |   Found 4 source nodes with paths to outcome 50
2026-04-16 14:50:26 |   Found 4 source nodes with paths to outcome 50
2026-04-16 14:50:26 |   Found 4 source nodes with paths to outcome 50
2026-04-16 14:50:26 |   Found 4 source nodes with paths to outcome 50
2026-04-16 14:50:26 |   Found 4 source nodes with paths to outcome 50
2026-04-16 14:50:26 |   Found 4 source nodes with paths to outcome 50
2026-04-16 14:50:26 |   Found 4 source nodes with paths to outcome 50
2026-04-16 14:50:27 |   Found 4 source nodes with paths to outcome 50
2026-04-16 14:50:27 |   Found 4 source nodes with paths to outcome 50
2026-04-16 14:50:27 |   Found 4 source nodes with paths to outcome 50
2026-04-16 14:50:27 |   Found 4 source nodes with paths to outcome 50
2026-04-16 14:50:27 |   Found 4 source nodes with paths to outcome 50
2026-04-16 14:50:27 |   Found 4 source nodes with paths to outcome 50
2026-04-16 14:50:27 |   Found 4 source nodes with paths to outcome 50
2026-04-16 14:50:27 |   Found 4 source nodes with paths to outcome 50
2026-04-16 14:50:27 |   Found 4 source nodes with paths to outcome 50
2026-04-16 14:50:27 |   Found 4 source nodes with paths to outcome 50
2026-04-16 14:50:27 |   Found 4 source nodes with paths to outcome 50
2026-04-16 14:50:27 |   Found 4 source nodes with paths to outcome 50
2026-04-16 14:50:27 |   Found 4 source nodes with paths to outcome 50
2026-04-16 14:50:27 |   Found 4 source nodes with paths to outcome 50
2026-04-16 14:50:27 |   Found 4 source nodes with paths to outcome 50
2026-04-16 14:50:27 |   Found 4 source nodes with paths to outcome 50
2026-04-16 14:50:27 |   Found 4 source nodes with paths to outcome 50
2026-04-16 14:50:27 |   Found 4 source nodes with paths to outcome 50
2026-04-16 14:50:27 |   Found 4 source nodes with paths to outcome 50
2026-04-16 14:50:27 |   Found 4 source nodes with paths to outcome 50
2026-04-16 14:50:27 |   Found 4 source nodes with paths to outcome 50
2026-04-16 14:50:27 |   Found 4 source nodes with paths to outcome 50
2026-04-16 14:50:27 |   Found 4 source nodes with paths to outcome 50
2026-04-16 14:50:27 |   Found 4 source nodes with paths to outcome 50
2026-04-16 14:50:27 |   Found 4 source nodes with paths to outcome 50
2026-04-16 14:50:27 |   Found 4 source nodes with paths to outcome 50
2026-04-16 14:50:27 |   Found 4 source nodes with paths to outcome 50
2026-04-16 14:50:27 |   Found 4 source nodes with paths to outcome 50
2026-04-16 14:50:27 |   Found 4 source nodes with paths to outcome 50
2026-04-16 14:50:27 |   Found 4 source nodes with paths to outcome 50
2026-04-16 14:50:27 |   Found 4 source nodes with paths to outcome 50
2026-04-16 14:50:27 |   Found 4 source nodes with paths to outcome 50
2026-04-16 14:50:27 |   Found 4 source nodes with paths to outcome 50
2026-04-16 14:50:27 |   Found 4 source nodes with paths to outcome 50
2026-04-16 14:50:28 |   Found 4 source nodes with paths to outcome 50
2026-04-16 14:50:28 |   Found 4 source nodes with paths to outcome 50
2026-04-16 14:50:28 |   Found 4 source nodes with paths to outcome 50
2026-04-16 14:50:28 |   Found 4 source nodes with paths to outcome 50
2026-04-16 14:50:28 |   Found 4 source nodes with paths to outcome 50
2026-04-16 14:50:28 |   Found 4 source nodes with paths to outcome 50
2026-04-16 14:50:28 |   Found 4 source nodes with paths to outcome 50
2026-04-16 14:50:28 |   Found 4 source nodes with paths to outcome 50
2026-04-16 14:50:28 |   Found 4 source nodes with paths to outcome 50
2026-04-16 14:50:28 |   Found 4 source nodes with paths to outcome 50
2026-04-16 14:50:28 |   Found 4 source nodes with paths to outcome 50
2026-04-16 14:50:28 |   Found 4 source nodes with paths to outcome 50
2026-04-16 14:50:28 |   Found 4 source nodes with paths to outcome 50
2026-04-16 14:50:28 |   Found 4 source nodes with paths to outcome 50
2026-04-16 14:50:28 |   Found 4 source nodes with paths to outcome 50
2026-04-16 14:50:28 |   Found 4 source nodes with paths to outcome 50
2026-04-16 14:50:28 |   Found 4 source nodes with paths to outcome 50
2026-04-16 14:50:28 |   Found 4 source nodes with paths to outcome 50
2026-04-16 14:50:28 |   Found 4 source nodes with paths to outcome 50
2026-04-16 14:50:28 |   Found 4 source nodes with paths to outcome 50
2026-04-16 14:50:28 |   Found 4 source nodes with paths to outcome 50
2026-04-16 14:50:28 |   Found 4 source nodes with paths to outcome 50
2026-04-16 14:50:28 |   Found 4 source nodes with paths to outcome 50
2026-04-16 14:50:28 |   Found 4 source nodes with paths to outcome 50
2026-04-16 14:50:28 |   Found 4 source nodes with paths to outcome 50
2026-04-16 14:50:28 |   Found 4 source nodes with paths to outcome 50
2026-04-16 14:50:28 |   Found 4 source nodes with paths to outcome 50
2026-04-16 14:50:28 |   Found 4 source nodes with paths to outcome 50
2026-04-16 14:50:28 |   Found 4 source nodes with paths to outcome 50
2026-04-16 14:50:28 |   Found 4 source nodes with paths to outcome 50
2026-04-16 14:50:28 |   Found 4 source nodes with paths to outcome 50
2026-04-16 14:50:28 |   Found 4 source nodes with paths to outcome 50
2026-04-16 14:50:29 |   Found 4 source nodes with paths to outcome 50
2026-04-16 14:50:29 |   Found 4 source nodes with paths to outcome 50
2026-04-16 14:50:29 |   Found 4 source nodes with paths to outcome 50
2026-04-16 14:50:29 |   Found 4 source nodes with paths to outcome 50
2026-04-16 14:50:29 |   Found 4 source nodes with paths to outcome 50
2026-04-16 14:50:29 |   Found 4 source nodes with paths to outcome 50
2026-04-16 14:50:29 |   Found 4 source nodes with paths to outcome 50
2026-04-16 14:50:29 |   Found 4 source nodes with paths to outcome 50
2026-04-16 14:50:29 |   Found 4 source nodes with paths to outcome 50
2026-04-16 14:50:29 |   Found 4 source nodes with paths to outcome 50
2026-04-16 14:50:29 |   Found 4 source nodes with paths to outcome 50
2026-04-16 14:50:29 |   Found 4 source nodes with paths to outcome 50
2026-04-16 14:50:29 |   Found 4 source nodes with paths to outcome 50
2026-04-16 14:50:29 |   Found 4 source nodes with paths to outcome 50
2026-04-16 14:50:29 |   Found 4 source nodes with paths to outcome 50
2026-04-16 14:50:29 |   Found 4 source nodes with paths to outcome 50
2026-04-16 14:50:29 |   Found 4 source nodes with paths to outcome 50
2026-04-16 14:50:29 |   Found 4 source nodes with paths to outcome 50
2026-04-16 14:50:29 |   Found 4 source nodes with paths to outcome 50
2026-04-16 14:50:29 |   Found 4 source nodes with paths to outcome 50
2026-04-16 14:50:29 |   Found 4 source nodes with paths to outcome 50
2026-04-16 14:50:29 |   Found 4 source nodes with paths to outcome 50
2026-04-16 14:50:29 |   Found 4 source nodes with paths to outcome 50
2026-04-16 14:50:29 |   Found 4 source nodes with paths to outcome 50
2026-04-16 14:50:29 |   Found 4 source nodes with paths to outcome 50
2026-04-16 14:50:29 |   Found 4 source nodes with paths to outcome 50
2026-04-16 14:50:29 |   Found 4 source nodes with paths to outcome 50
2026-04-16 14:50:29 |   Found 4 source nodes with paths to outcome 50
2026-04-16 14:50:29 |   Found 4 source nodes with paths to outcome 50
2026-04-16 14:50:29 |   Found 4 source nodes with paths to outcome 50
2026-04-16 14:50:29 |   Found 4 source nodes with paths to outcome 50
2026-04-16 14:50:29 |   Found 4 source nodes with paths to outcome 50
2026-04-16 14:50:29 |   Found 4 source nodes with paths to outcome 50
2026-04-16 14:50:30 |   Found 4 source nodes with paths to outcome 50
2026-04-16 14:50:30 |   Found 4 source nodes with paths to outcome 50
2026-04-16 14:50:30 |   Found 4 source nodes with paths to outcome 50
2026-04-16 14:50:30 |   Found 4 source nodes with paths to outcome 50
2026-04-16 14:50:30 |   Found 4 source nodes with paths to outcome 50
2026-04-16 14:50:30 |   Found 4 source nodes with paths to outcome 50
2026-04-16 14:50:30 |   Found 4 source nodes with paths to outcome 50
2026-04-16 14:50:30 |   Found 4 source nodes with paths to outcome 50
2026-04-16 14:50:30 |   Found 4 source nodes with paths to outcome 50
2026-04-16 14:50:30 |   Found 4 source nodes with paths to outcome 50
2026-04-16 14:50:30 |   Found 4 source nodes with paths to outcome 50
2026-04-16 14:50:30 |   Found 4 source nodes with paths to outcome 50
2026-04-16 14:50:30 |   Found 4 source nodes with paths to outcome 50
2026-04-16 14:50:30 |   Found 4 source nodes with paths to outcome 50
2026-04-16 14:50:30 |   Found 4 source nodes with paths to outcome 50
2026-04-16 14:50:30 |   Found 4 source nodes with paths to outcome 50
2026-04-16 14:50:30 |   Found 4 source nodes with paths to outcome 50
2026-04-16 14:50:30 |   Found 4 source nodes with paths to outcome 50
2026-04-16 14:50:30 |   Found 4 source nodes with paths to outcome 50
2026-04-16 14:50:30 |   Found 4 source nodes with paths to outcome 50
2026-04-16 14:50:30 |   Found 4 source nodes with paths to outcome 50
2026-04-16 14:50:30 |   Found 4 source nodes with paths to outcome 50
2026-04-16 14:50:30 |   Found 4 source nodes with paths to outcome 50
2026-04-16 14:50:30 |   Found 4 source nodes with paths to outcome 50
2026-04-16 14:50:30 |   Found 4 source nodes with paths to outcome 50
2026-04-16 14:50:30 |   Found 4 source nodes with paths to outcome 50
2026-04-16 14:50:30 |   Found 4 source nodes with paths to outcome 50
2026-04-16 14:50:30 |   Found 4 source nodes with paths to outcome 50
2026-04-16 14:50:30 |   Found 4 source nodes with paths to outcome 50
2026-04-16 14:50:30 |   Found 4 source nodes with paths to outcome 50
2026-04-16 14:50:30 |   Found 4 source nodes with paths to outcome 50
2026-04-16 14:50:30 |   Found 4 source nodes with paths to outcome 50
2026-04-16 14:50:30 |   Found 4 source nodes with paths to outcome 50
2026-04-16 14:50:30 |   Found 4 source nodes with paths to outcome 50
2026-04-16 14:50:31 |   Found 4 source nodes with paths to outcome 50
2026-04-16 14:50:31 |   Found 4 source nodes with paths to outcome 50
2026-04-16 14:50:31 |   Found 4 source nodes with paths to outcome 50
2026-04-16 14:50:31 |   Found 4 source nodes with paths to outcome 50
2026-04-16 14:50:31 |   Found 4 source nodes with paths to outcome 50
2026-04-16 14:50:31 |   Found 4 source nodes with paths to outcome 50
2026-04-16 14:50:31 |   Found 4 source nodes with paths to outcome 50
2026-04-16 14:50:31 |   Found 4 source nodes with paths to outcome 50
2026-04-16 14:50:31 |   Found 4 source nodes with paths to outcome 50
2026-04-16 14:50:31 |   Found 4 source nodes with paths to outcome 50
2026-04-16 14:50:31 |   Found 4 source nodes with paths to outcome 50
2026-04-16 14:50:31 |   Found 4 source nodes with paths to outcome 50
2026-04-16 14:50:31 |   Found 4 source nodes with paths to outcome 50
2026-04-16 14:50:31 |   Found 4 source nodes with paths to outcome 50
2026-04-16 14:50:31 |   Found 4 source nodes with paths to outcome 50
2026-04-16 14:50:31 |   Found 4 source nodes with paths to outcome 50
2026-04-16 14:50:31 |   Found 4 source nodes with paths to outcome 50
2026-04-16 14:50:31 |   Found 4 source nodes with paths to outcome 50
2026-04-16 14:50:31 |   Found 4 source nodes with paths to outcome 50
2026-04-16 14:50:31 |   Found 4 source nodes with paths to outcome 50
2026-04-16 14:50:31 |   Found 4 source nodes with paths to outcome 50
2026-04-16 14:50:31 |   Found 4 source nodes with paths to outcome 50
2026-04-16 14:50:31 |   Found 4 source nodes with paths to outcome 50
2026-04-16 14:50:31 |   Found 4 source nodes with paths to outcome 50
2026-04-16 14:50:31 |   Found 4 source nodes with paths to outcome 50
2026-04-16 14:50:31 |   Found 4 source nodes with paths to outcome 50
2026-04-16 14:50:31 |   Found 4 source nodes with paths to outcome 50
2026-04-16 14:50:31 |   Found 4 source nodes with paths to outcome 50
2026-04-16 14:50:31 |   Found 4 source nodes with paths to outcome 50
2026-04-16 14:50:31 |   Found 4 source nodes with paths to outcome 50
2026-04-16 14:50:31 |   Found 4 source nodes with paths to outcome 50
2026-04-16 14:50:31 |   Found 4 source nodes with paths to outcome 50
2026-04-16 14:50:32 |   Found 4 source nodes with paths to outcome 50
2026-04-16 14:50:32 |   Found 4 source nodes with paths to outcome 50
2026-04-16 14:50:32 |   Found 4 source nodes with paths to outcome 50
2026-04-16 14:50:32 |   Found 4 source nodes with paths to outcome 50
2026-04-16 14:50:32 |   Found 4 source nodes with paths to outcome 50
2026-04-16 14:50:32 |   Found 4 source nodes with paths to outcome 50
2026-04-16 14:50:32 |   Found 4 source nodes with paths to outcome 50
2026-04-16 14:50:32 |   Found 4 source nodes with paths to outcome 50
2026-04-16 14:50:32 |   Found 4 source nodes with paths to outcome 50
2026-04-16 14:50:32 |   Found 4 source nodes with paths to outcome 50
2026-04-16 14:50:32 |   Found 4 source nodes with paths to outcome 50
2026-04-16 14:50:32 |   Found 4 source nodes with paths to outcome 50
2026-04-16 14:50:32 |   Found 4 source nodes with paths to outcome 50
2026-04-16 14:50:32 |   Found 4 source nodes with paths to outcome 50
2026-04-16 14:50:32 |   Found 4 source nodes with paths to outcome 50
2026-04-16 14:50:32 |   Found 4 source nodes with paths to outcome 50
2026-04-16 14:50:32 |   Found 4 source nodes with paths to outcome 50
2026-04-16 14:50:32 |   Found 4 source nodes with paths to outcome 50
2026-04-16 14:50:32 |   Found 4 source nodes with paths to outcome 50
2026-04-16 14:50:32 |   Found 4 source nodes with paths to outcome 50
2026-04-16 14:50:32 |   Found 4 source nodes with paths to outcome 50
2026-04-16 14:50:32 |   Found 4 source nodes with paths to outcome 50
2026-04-16 14:50:32 |   Found 4 source nodes with paths to outcome 50
2026-04-16 14:50:32 |   Found 4 source nodes with paths to outcome 50
2026-04-16 14:50:32 |   Found 4 source nodes with paths to outcome 50
2026-04-16 14:50:32 |   Found 4 source nodes with paths to outcome 50
2026-04-16 14:50:32 |   Found 4 source nodes with paths to outcome 50
2026-04-16 14:50:32 |   Found 4 source nodes with paths to outcome 50
2026-04-16 14:50:32 |   Found 4 source nodes with paths to outcome 50
2026-04-16 14:50:32 |   Found 4 source nodes with paths to outcome 50
2026-04-16 14:50:32 |   Found 4 source nodes with paths to outcome 50
2026-04-16 14:50:32 |   Found 4 source nodes with paths to outcome 50
2026-04-16 14:50:32 |   Found 4 source nodes with paths to outcome 50
2026-04-16 14:50:32 |   Found 4 source nodes with paths to outcome 50
2026-04-16 14:50:33 |   Found 4 source nodes with paths to outcome 50
2026-04-16 14:50:33 |   Found 4 source nodes with paths to outcome 50
2026-04-16 14:50:33 |   Found 4 source nodes with paths to outcome 50
2026-04-16 14:50:33 |   Found 4 source nodes with paths to outcome 50
2026-04-16 14:50:33 |   Found 4 source nodes with paths to outcome 50
2026-04-16 14:50:33 |   Found 4 source nodes with paths to outcome 50
2026-04-16 14:50:33 |   Found 4 source nodes with paths to outcome 50
2026-04-16 14:50:33 |   Found 4 source nodes with paths to outcome 50
2026-04-16 14:50:33 |   Found 4 source nodes with paths to outcome 50
2026-04-16 14:50:33 |   Found 4 source nodes with paths to outcome 50
2026-04-16 14:50:33 |   Found 4 source nodes with paths to outcome 50
2026-04-16 14:50:33 |   Found 4 source nodes with paths to outcome 50
2026-04-16 14:50:33 |   Found 4 source nodes with paths to outcome 50
2026-04-16 14:50:33 |   Found 4 source nodes with paths to outcome 50
2026-04-16 14:50:33 |   Found 4 source nodes with paths to outcome 50
2026-04-16 14:50:33 |   Found 4 source nodes with paths to outcome 50
2026-04-16 14:50:33 |   Found 4 source nodes with paths to outcome 50
2026-04-16 14:50:33 |   Found 4 source nodes with paths to outcome 50
2026-04-16 14:50:33 |   Found 4 source nodes with paths to outcome 50
2026-04-16 14:50:33 |   Found 4 source nodes with paths to outcome 50
2026-04-16 14:50:33 |   Found 4 source nodes with paths to outcome 50
2026-04-16 14:50:33 |   Found 4 source nodes with paths to outcome 50
2026-04-16 14:50:33 |   Found 4 source nodes with paths to outcome 50
2026-04-16 14:50:33 |   Found 4 source nodes with paths to outcome 50
2026-04-16 14:50:33 |   Found 4 source nodes with paths to outcome 50
2026-04-16 14:50:33 |   Found 4 source nodes with paths to outcome 50
2026-04-16 14:50:33 |   Found 4 source nodes with paths to outcome 50
2026-04-16 14:50:33 |   Found 4 source nodes with paths to outcome 50
2026-04-16 14:50:33 |   Found 4 source nodes with paths to outcome 50
2026-04-16 14:50:33 |   Found 4 source nodes with paths to outcome 50
2026-04-16 14:50:33 |   Found 4 source nodes with paths to outcome 50
2026-04-16 14:50:33 |   Found 4 source nodes with paths to outcome 50
2026-04-16 14:50:33 |   Found 4 source nodes with paths to outcome 50
2026-04-16 14:50:34 |   Found 4 source nodes with paths to outcome 50
2026-04-16 14:50:34 |   Found 4 source nodes with paths to outcome 50
2026-04-16 14:50:34 |   Found 4 source nodes with paths to outcome 50
2026-04-16 14:50:34 |   Found 4 source nodes with paths to outcome 50
2026-04-16 14:50:34 |   Found 4 source nodes with paths to outcome 50
2026-04-16 14:50:34 |   Found 4 source nodes with paths to outcome 50
2026-04-16 14:50:34 |   Found 4 source nodes with paths to outcome 50
2026-04-16 14:50:34 |   Found 4 source nodes with paths to outcome 50
2026-04-16 14:50:34 |   Found 4 source nodes with paths to outcome 50
2026-04-16 14:50:34 |   Found 4 source nodes with paths to outcome 50
2026-04-16 14:50:34 |   Found 4 source nodes with paths to outcome 50
2026-04-16 14:50:34 |   Found 4 source nodes with paths to outcome 50
2026-04-16 14:50:34 |   Found 4 source nodes with paths to outcome 50
2026-04-16 14:50:34 |   Found 4 source nodes with paths to outcome 50
2026-04-16 14:50:34 |   Found 4 source nodes with paths to outcome 50
2026-04-16 14:50:34 |   Found 4 source nodes with paths to outcome 50
2026-04-16 14:50:34 |   Found 4 source nodes with paths to outcome 50
2026-04-16 14:50:34 |   Found 4 source nodes with paths to outcome 50
2026-04-16 14:50:34 |   Found 4 source nodes with paths to outcome 50
2026-04-16 14:50:34 |   Found 4 source nodes with paths to outcome 50
2026-04-16 14:50:34 |   Found 4 source nodes with paths to outcome 50
2026-04-16 14:50:34 |   Found 4 source nodes with paths to outcome 50
2026-04-16 14:50:34 |   Found 4 source nodes with paths to outcome 50
2026-04-16 14:50:34 |   Found 4 source nodes with paths to outcome 50
2026-04-16 14:50:34 |   Found 4 source nodes with paths to outcome 50
2026-04-16 14:50:34 |   Found 4 source nodes with paths to outcome 50
2026-04-16 14:50:34 |   Found 4 source nodes with paths to outcome 50
2026-04-16 14:50:34 |   Found 4 source nodes with paths to outcome 50
2026-04-16 14:50:34 |   Found 4 source nodes with paths to outcome 50
2026-04-16 14:50:34 |   Found 4 source nodes with paths to outcome 50
2026-04-16 14:50:34 |   Found 4 source nodes with paths to outcome 50
2026-04-16 14:50:34 |   Found 4 source nodes with paths to outcome 50
2026-04-16 14:50:34 |   Found 4 source nodes with paths to outcome 50
2026-04-16 14:50:34 |   Found 4 source nodes with paths to outcome 50
2026-04-16 14:50:35 |   Found 4 source nodes with paths to outcome 50
2026-04-16 14:50:35 |   Found 4 source nodes with paths to outcome 50
2026-04-16 14:50:35 |   Found 4 source nodes with paths to outcome 50
2026-04-16 14:50:35 |   Found 4 source nodes with paths to outcome 50
2026-04-16 14:50:35 |   Found 4 source nodes with paths to outcome 50
2026-04-16 14:50:35 |   Found 4 source nodes with paths to outcome 50
2026-04-16 14:50:35 |   Found 4 source nodes with paths to outcome 50
2026-04-16 14:50:35 |   Found 4 source nodes with paths to outcome 50
2026-04-16 14:50:35 |   Found 4 source nodes with paths to outcome 50
2026-04-16 14:50:35 |   Found 4 source nodes with paths to outcome 50
2026-04-16 14:50:35 |   Found 4 source nodes with paths to outcome 50
2026-04-16 14:50:35 |   Found 4 source nodes with paths to outcome 50
2026-04-16 14:50:35 |   Found 4 source nodes with paths to outcome 50
2026-04-16 14:50:35 |   Found 4 source nodes with paths to outcome 50
2026-04-16 14:50:35 |   Found 4 source nodes with paths to outcome 50
2026-04-16 14:50:35 |   Found 4 source nodes with paths to outcome 50
2026-04-16 14:50:35 |   Found 4 source nodes with paths to outcome 50
2026-04-16 14:50:35 |   Found 4 source nodes with paths to outcome 50
2026-04-16 14:50:35 |   Found 4 source nodes with paths to outcome 50
2026-04-16 14:50:35 |   Found 4 source nodes with paths to outcome 50
2026-04-16 14:50:35 |   Found 4 source nodes with paths to outcome 50
2026-04-16 14:50:35 |   Found 4 source nodes with paths to outcome 50
2026-04-16 14:50:35 |   Found 4 source nodes with paths to outcome 50
2026-04-16 14:50:35 |   Found 4 source nodes with paths to outcome 50
2026-04-16 14:50:35 |   Found 4 source nodes with paths to outcome 50
2026-04-16 14:50:35 |   Found 4 source nodes with paths to outcome 50
2026-04-16 14:50:35 |   Found 4 source nodes with paths to outcome 50
2026-04-16 14:50:35 |   Found 4 source nodes with paths to outcome 50
2026-04-16 14:50:35 |   Found 4 source nodes with paths to outcome 50
2026-04-16 14:50:35 |   Found 4 source nodes with paths to outcome 50
2026-04-16 14:50:35 |   Found 4 source nodes with paths to outcome 50
2026-04-16 14:50:35 |   Found 4 source nodes with paths to outcome 50
2026-04-16 14:50:35 |   Found 4 source nodes with paths to outcome 50
2026-04-16 14:50:35 |   Found 4 source nodes with paths to outcome 50
2026-04-16 14:50:36 |   Found 4 source nodes with paths to outcome 50
2026-04-16 14:50:36 |   Found 4 source nodes with paths to outcome 50
2026-04-16 14:50:36 |   Found 4 source nodes with paths to outcome 50
2026-04-16 14:50:36 |   Found 4 source nodes with paths to outcome 50
2026-04-16 14:50:36 |   Found 4 source nodes with paths to outcome 50
2026-04-16 14:50:36 |   Found 4 source nodes with paths to outcome 50
2026-04-16 14:50:36 |   Found 4 source nodes with paths to outcome 50
2026-04-16 14:50:36 |   Found 4 source nodes with paths to outcome 50
2026-04-16 14:50:36 |   Found 4 source nodes with paths to outcome 50
2026-04-16 14:50:36 |   Found 4 source nodes with paths to outcome 50
2026-04-16 14:50:36 |   Found 4 source nodes with paths to outcome 50
2026-04-16 14:50:36 |   Found 4 source nodes with paths to outcome 50
2026-04-16 14:50:36 |   Found 4 source nodes with paths to outcome 50
2026-04-16 14:50:36 |   Found 4 source nodes with paths to outcome 50
2026-04-16 14:50:36 |   Found 4 source nodes with paths to outcome 50
2026-04-16 14:50:36 |   Found 4 source nodes with paths to outcome 50
2026-04-16 14:50:36 |   Found 4 source nodes with paths to outcome 50
2026-04-16 14:50:36 |   Found 4 source nodes with paths to outcome 50
2026-04-16 14:50:36 |   Found 4 source nodes with paths to outcome 50
2026-04-16 14:50:36 |   Found 4 source nodes with paths to outcome 50
2026-04-16 14:50:36 |   Found 4 source nodes with paths to outcome 50
2026-04-16 14:50:36 |   Found 4 source nodes with paths to outcome 50
2026-04-16 14:50:36 |   Found 4 source nodes with paths to outcome 50
2026-04-16 14:50:36 |   Found 4 source nodes with paths to outcome 50
2026-04-16 14:50:36 |   Found 4 source nodes with paths to outcome 50
2026-04-16 14:50:36 |   Found 4 source nodes with paths to outcome 50
2026-04-16 14:50:36 |   Found 4 source nodes with paths to outcome 50
2026-04-16 14:50:36 |   Found 4 source nodes with paths to outcome 50
2026-04-16 14:50:36 |   Found 4 source nodes with paths to outcome 50
2026-04-16 14:50:36 |   Found 4 source nodes with paths to outcome 50
2026-04-16 14:50:36 |   Found 4 source nodes with paths to outcome 50
2026-04-16 14:50:36 |   Found 4 source nodes with paths to outcome 50
2026-04-16 14:50:36 |   Found 4 source nodes with paths to outcome 50
2026-04-16 14:50:36 |   Found 4 source nodes with paths to outcome 50
2026-04-16 14:50:37 |   Found 4 source nodes with paths to outcome 50
2026-04-16 14:50:37 |   Found 4 source nodes with paths to outcome 50
2026-04-16 14:50:37 |   Found 4 source nodes with paths to outcome 50
2026-04-16 14:50:37 |   Found 4 source nodes with paths to outcome 50
2026-04-16 14:50:37 |   Found 4 source nodes with paths to outcome 50
2026-04-16 14:50:37 |   Found 4 source nodes with paths to outcome 50
2026-04-16 14:50:37 |   Found 4 source nodes with paths to outcome 50
2026-04-16 14:50:37 |   Found 4 source nodes with paths to outcome 50
2026-04-16 14:50:37 |   Found 4 source nodes with paths to outcome 50
2026-04-16 14:50:37 |   Found 4 source nodes with paths to outcome 50
2026-04-16 14:50:37 |   Found 4 source nodes with paths to outcome 50
2026-04-16 14:50:37 |   Found 4 source nodes with paths to outcome 50
2026-04-16 14:50:37 |   Found 4 source nodes with paths to outcome 50
2026-04-16 14:50:37 |   Found 4 source nodes with paths to outcome 50
2026-04-16 14:50:37 |   Found 4 source nodes with paths to outcome 50
2026-04-16 14:50:37 |   Found 4 source nodes with paths to outcome 50
2026-04-16 14:50:37 |   Found 4 source nodes with paths to outcome 50
2026-04-16 14:50:37 |   Found 4 source nodes with paths to outcome 50
2026-04-16 14:50:37 |   Found 4 source nodes with paths to outcome 50
2026-04-16 14:50:37 |   Found 4 source nodes with paths to outcome 50
2026-04-16 14:50:37 |   Found 4 source nodes with paths to outcome 50
2026-04-16 14:50:37 |   Found 4 source nodes with paths to outcome 50
2026-04-16 14:50:37 |   Found 4 source nodes with paths to outcome 50
2026-04-16 14:50:37 |   Found 4 source nodes with paths to outcome 50
2026-04-16 14:50:37 |   Found 4 source nodes with paths to outcome 50
2026-04-16 14:50:37 |   Found 4 source nodes with paths to outcome 50
2026-04-16 14:50:37 |   Found 4 source nodes with paths to outcome 50
2026-04-16 14:50:37 |   Found 4 source nodes with paths to outcome 50
2026-04-16 14:50:37 |   Found 4 source nodes with paths to outcome 50
2026-04-16 14:50:37 |   Found 4 source nodes with paths to outcome 50
2026-04-16 14:50:37 |   Found 4 source nodes with paths to outcome 50
2026-04-16 14:50:37 |   Found 4 source nodes with paths to outcome 50
2026-04-16 14:50:37 |   Found 4 source nodes with paths to outcome 50
2026-04-16 14:50:37 |   Found 4 source nodes with paths to outcome 50
2026-04-16 14:50:37 |   Found 4 source nodes with paths to outcome 50
2026-04-16 14:50:38 |   Found 4 source nodes with paths to outcome 50
2026-04-16 14:50:38 |   Found 4 source nodes with paths to outcome 50
2026-04-16 14:50:38 |   Found 4 source nodes with paths to outcome 50
2026-04-16 14:50:38 |   Found 4 source nodes with paths to outcome 50
2026-04-16 14:50:38 |   Found 4 source nodes with paths to outcome 50
2026-04-16 14:50:38 |   Found 4 source nodes with paths to outcome 50
2026-04-16 14:50:38 |   Found 4 source nodes with paths to outcome 50
2026-04-16 14:50:38 |   Found 4 source nodes with paths to outcome 50
2026-04-16 14:50:38 |   Found 4 source nodes with paths to outcome 50
2026-04-16 14:50:38 |   Found 4 source nodes with paths to outcome 50
2026-04-16 14:50:38 |   Found 4 source nodes with paths to outcome 50
2026-04-16 14:50:38 |   Found 4 source nodes with paths to outcome 50
2026-04-16 14:50:38 |   Found 4 source nodes with paths to outcome 50
2026-04-16 14:50:38 |   Found 4 source nodes with paths to outcome 50
2026-04-16 14:50:38 |   Found 4 source nodes with paths to outcome 50
2026-04-16 14:50:38 |   Found 4 source nodes with paths to outcome 50
2026-04-16 14:50:38 |   Found 4 source nodes with paths to outcome 50
2026-04-16 14:50:38 |   Found 4 source nodes with paths to outcome 50
2026-04-16 14:50:38 |   Found 4 source nodes with paths to outcome 50
2026-04-16 14:50:38 |   Found 4 source nodes with paths to outcome 50
2026-04-16 14:50:38 |   Found 4 source nodes with paths to outcome 50
2026-04-16 14:50:38 |   Found 4 source nodes with paths to outcome 50
2026-04-16 14:50:38 |   Found 4 source nodes with paths to outcome 50
2026-04-16 14:50:38 |   Found 4 source nodes with paths to outcome 50
2026-04-16 14:50:38 |   Found 4 source nodes with paths to outcome 50
2026-04-16 14:50:38 |   Found 4 source nodes with paths to outcome 50
2026-04-16 14:50:38 |   Found 4 source nodes with paths to outcome 50
2026-04-16 14:50:38 |   Found 4 source nodes with paths to outcome 50
2026-04-16 14:50:38 |   Found 4 source nodes with paths to outcome 50
2026-04-16 14:50:38 |   Found 4 source nodes with paths to outcome 50
2026-04-16 14:50:38 |   Found 4 source nodes with paths to outcome 50
2026-04-16 14:50:38 |   Found 4 source nodes with paths to outcome 50
2026-04-16 14:50:38 |   Found 4 source nodes with paths to outcome 50
2026-04-16 14:50:38 |   Found 4 source nodes with paths to outcome 50
2026-04-16 14:50:39 |   Found 4 source nodes with paths to outcome 50
2026-04-16 14:50:39 |   Found 4 source nodes with paths to outcome 50
2026-04-16 14:50:39 |   Found 4 source nodes with paths to outcome 50
2026-04-16 14:50:39 |   Found 4 source nodes with paths to outcome 50
2026-04-16 14:50:39 |   Found 4 source nodes with paths to outcome 50
2026-04-16 14:50:39 |   Found 4 source nodes with paths to outcome 50
2026-04-16 14:50:39 |   Found 4 source nodes with paths to outcome 50
2026-04-16 14:50:39 |   Found 4 source nodes with paths to outcome 50
2026-04-16 14:50:39 |   Found 4 source nodes with paths to outcome 50
2026-04-16 14:50:39 |   Found 4 source nodes with paths to outcome 50
2026-04-16 14:50:39 |   Found 4 source nodes with paths to outcome 50
2026-04-16 14:50:39 |   Found 4 source nodes with paths to outcome 50
2026-04-16 14:50:39 |   Found 4 source nodes with paths to outcome 50
2026-04-16 14:50:39 |   Found 4 source nodes with paths to outcome 50
2026-04-16 14:50:39 |   Found 4 source nodes with paths to outcome 50
2026-04-16 14:50:39 |   Found 4 source nodes with paths to outcome 50
2026-04-16 14:50:39 |   Found 4 source nodes with paths to outcome 50
2026-04-16 14:50:39 |   Found 4 source nodes with paths to outcome 50
2026-04-16 14:50:39 |   Found 4 source nodes with paths to outcome 50
2026-04-16 14:50:39 |   Found 4 source nodes with paths to outcome 50
2026-04-16 14:50:39 |   Found 4 source nodes with paths to outcome 50
2026-04-16 14:50:39 |   Found 4 source nodes with paths to outcome 50
2026-04-16 14:50:39 |   Found 4 source nodes with paths to outcome 50
2026-04-16 14:50:39 |   Found 4 source nodes with paths to outcome 50
2026-04-16 14:50:39 |   Found 4 source nodes with paths to outcome 50
2026-04-16 14:50:39 |   Found 4 source nodes with paths to outcome 50
2026-04-16 14:50:39 |   Found 4 source nodes with paths to outcome 50
2026-04-16 14:50:39 |   Found 4 source nodes with paths to outcome 50
2026-04-16 14:50:39 |   Found 4 source nodes with paths to outcome 50
2026-04-16 14:50:39 |   Found 4 source nodes with paths to outcome 50
2026-04-16 14:50:39 |   Found 4 source nodes with paths to outcome 50
2026-04-16 14:50:39 |   Found 4 source nodes with paths to outcome 50
2026-04-16 14:50:39 |   Found 4 source nodes with paths to outcome 50
2026-04-16 14:50:40 |   Found 4 source nodes with paths to outcome 50
2026-04-16 14:50:40 |   Found 4 source nodes with paths to outcome 50
2026-04-16 14:50:40 |   Found 4 source nodes with paths to outcome 50
2026-04-16 14:50:40 |   Found 4 source nodes with paths to outcome 50
2026-04-16 14:50:40 |   Found 4 source nodes with paths to outcome 50
2026-04-16 14:50:40 |   Found 4 source nodes with paths to outcome 50
2026-04-16 14:50:40 |   Found 4 source nodes with paths to outcome 50
2026-04-16 14:50:40 |   Found 4 source nodes with paths to outcome 50
2026-04-16 14:50:40 |   Found 4 source nodes with paths to outcome 50
2026-04-16 14:50:40 |   Found 4 source nodes with paths to outcome 50
2026-04-16 14:50:40 |   Found 4 source nodes with paths to outcome 50
2026-04-16 14:50:40 |   Found 4 source nodes with paths to outcome 50
2026-04-16 14:50:40 |   Found 4 source nodes with paths to outcome 50
2026-04-16 14:50:40 |   Found 4 source nodes with paths to outcome 50
2026-04-16 14:50:40 |   Found 4 source nodes with paths to outcome 50
2026-04-16 14:50:40 |   Found 4 source nodes with paths to outcome 50
2026-04-16 14:50:40 |   Found 4 source nodes with paths to outcome 50
2026-04-16 14:50:40 |   Found 4 source nodes with paths to outcome 50
2026-04-16 14:50:40 |   Found 4 source nodes with paths to outcome 50
2026-04-16 14:50:40 |   Found 4 source nodes with paths to outcome 50
2026-04-16 14:50:40 |   Found 4 source nodes with paths to outcome 50
2026-04-16 14:50:40 |   Found 4 source nodes with paths to outcome 50
2026-04-16 14:50:40 |   Found 4 source nodes with paths to outcome 50
2026-04-16 14:50:40 |   Found 4 source nodes with paths to outcome 50
2026-04-16 14:50:40 |   Found 4 source nodes with paths to outcome 50
2026-04-16 14:50:40 |   Found 4 source nodes with paths to outcome 50
2026-04-16 14:50:40 |   Found 4 source nodes with paths to outcome 50
2026-04-16 14:50:40 |   Found 4 source nodes with paths to outcome 50
2026-04-16 14:50:40 |   Found 4 source nodes with paths to outcome 50
2026-04-16 14:50:40 |   Found 4 source nodes with paths to outcome 50
2026-04-16 14:50:40 |   Found 4 source nodes with paths to outcome 50
2026-04-16 14:50:40 |   Found 4 source nodes with paths to outcome 50
2026-04-16 14:50:40 |   Found 4 source nodes with paths to outcome 50
2026-04-16 14:50:40 |   Found 4 source nodes with paths to outcome 50
2026-04-16 14:50:41 |   Found 4 source nodes with paths to outcome 50
2026-04-16 14:50:41 |   Found 4 source nodes with paths to outcome 50
2026-04-16 14:50:41 |   Found 4 source nodes with paths to outcome 50
2026-04-16 14:50:41 |   Found 4 source nodes with paths to outcome 50
2026-04-16 14:50:41 |   Found 4 source nodes with paths to outcome 50
2026-04-16 14:50:41 |   Found 4 source nodes with paths to outcome 50
2026-04-16 14:50:41 |   Found 4 source nodes with paths to outcome 50
2026-04-16 14:50:41 |   Found 4 source nodes with paths to outcome 50
2026-04-16 14:50:41 |   Found 4 source nodes with paths to outcome 50
2026-04-16 14:50:41 |   Found 4 source nodes with paths to outcome 50
2026-04-16 14:50:41 |   Found 4 source nodes with paths to outcome 50
2026-04-16 14:50:41 |   Found 4 source nodes with paths to outcome 50
2026-04-16 14:50:41 |   Found 4 source nodes with paths to outcome 50
2026-04-16 14:50:41 |   Found 4 source nodes with paths to outcome 50
2026-04-16 14:50:41 |   Found 4 source nodes with paths to outcome 50
2026-04-16 14:50:41 |   Found 4 source nodes with paths to outcome 50
2026-04-16 14:50:41 |   Found 4 source nodes with paths to outcome 50
2026-04-16 14:50:41 |   Found 4 source nodes with paths to outcome 50
2026-04-16 14:50:41 |   Found 4 source nodes with paths to outcome 50
2026-04-16 14:50:41 |   Found 4 source nodes with paths to outcome 50
2026-04-16 14:50:41 |   Found 4 source nodes with paths to outcome 50
2026-04-16 14:50:41 |   Found 4 source nodes with paths to outcome 50
2026-04-16 14:50:41 |   Found 4 source nodes with paths to outcome 50
2026-04-16 14:50:41 |   Found 4 source nodes with paths to outcome 50
2026-04-16 14:50:41 |   Found 4 source nodes with paths to outcome 50
2026-04-16 14:50:41 |   Found 4 source nodes with paths to outcome 50
2026-04-16 14:50:41 |   Found 4 source nodes with paths to outcome 50
2026-04-16 14:50:41 |   Found 4 source nodes with paths to outcome 50
2026-04-16 14:50:41 |   Found 4 source nodes with paths to outcome 50
2026-04-16 14:50:41 |   Found 4 source nodes with paths to outcome 50
2026-04-16 14:50:41 |   Found 4 source nodes with paths to outcome 50
2026-04-16 14:50:41 |   Found 4 source nodes with paths to outcome 50
2026-04-16 14:50:41 |   Found 4 source nodes with paths to outcome 50
2026-04-16 14:50:41 |   Found 4 source nodes with paths to outcome 50
2026-04-16 14:50:42 |   Found 4 source nodes with paths to outcome 50
2026-04-16 14:50:42 |   Found 4 source nodes with paths to outcome 50
2026-04-16 14:50:42 |   Found 4 source nodes with paths to outcome 50
2026-04-16 14:50:42 |   Found 4 source nodes with paths to outcome 50
2026-04-16 14:50:42 |   Found 4 source nodes with paths to outcome 50
2026-04-16 14:50:42 |   Found 4 source nodes with paths to outcome 50
2026-04-16 14:50:42 |   Found 4 source nodes with paths to outcome 50
2026-04-16 14:50:42 |   Found 4 source nodes with paths to outcome 50
2026-04-16 14:50:42 |   Found 4 source nodes with paths to outcome 50
2026-04-16 14:50:42 |   Found 4 source nodes with paths to outcome 50
2026-04-16 14:50:42 |   Found 4 source nodes with paths to outcome 50
2026-04-16 14:50:42 |   Found 4 source nodes with paths to outcome 50
2026-04-16 14:50:42 |   Found 4 source nodes with paths to outcome 50
2026-04-16 14:50:42 |   Found 4 source nodes with paths to outcome 50
2026-04-16 14:50:42 |   Found 4 source nodes with paths to outcome 50
2026-04-16 14:50:42 |   Found 4 source nodes with paths to outcome 50
2026-04-16 14:50:42 |   Found 4 source nodes with paths to outcome 50
2026-04-16 14:50:42 |   Found 4 source nodes with paths to outcome 50
2026-04-16 14:50:42 |   Found 4 source nodes with paths to outcome 50
2026-04-16 14:50:42 |   Found 4 source nodes with paths to outcome 50
2026-04-16 14:50:42 |   Found 4 source nodes with paths to outcome 50
2026-04-16 14:50:42 |   Found 4 source nodes with paths to outcome 50
2026-04-16 14:50:42 |   Found 4 source nodes with paths to outcome 50
2026-04-16 14:50:42 |   Found 4 source nodes with paths to outcome 50
2026-04-16 14:50:42 |   Found 4 source nodes with paths to outcome 50
2026-04-16 14:50:42 |   Found 4 source nodes with paths to outcome 50
2026-04-16 14:50:42 |   Found 4 source nodes with paths to outcome 50
2026-04-16 14:50:42 |   Found 4 source nodes with paths to outcome 50
2026-04-16 14:50:42 |   Found 4 source nodes with paths to outcome 50
2026-04-16 14:50:42 |   Found 4 source nodes with paths to outcome 50
2026-04-16 14:50:42 |   Found 4 source nodes with paths to outcome 50
2026-04-16 14:50:42 |   Found 4 source nodes with paths to outcome 50
2026-04-16 14:50:42 |   Found 4 source nodes with paths to outcome 50
2026-04-16 14:50:43 |   Found 4 source nodes with paths to outcome 50
2026-04-16 14:50:43 |   Found 4 source nodes with paths to outcome 50
2026-04-16 14:50:43 |   Found 4 source nodes with paths to outcome 50
2026-04-16 14:50:43 |   Found 4 source nodes with paths to outcome 50
2026-04-16 14:50:43 |   Found 4 source nodes with paths to outcome 50
2026-04-16 14:50:43 |   Found 4 source nodes with paths to outcome 50
2026-04-16 14:50:43 |   Found 4 source nodes with paths to outcome 50
2026-04-16 14:50:43 |   Found 4 source nodes with paths to outcome 50
2026-04-16 14:50:43 |   Found 4 source nodes with paths to outcome 50
2026-04-16 14:50:43 |   Found 4 source nodes with paths to outcome 50
2026-04-16 14:50:43 |   Found 4 source nodes with paths to outcome 50
2026-04-16 14:50:43 |   Found 4 source nodes with paths to outcome 50
2026-04-16 14:50:43 |   Found 4 source nodes with paths to outcome 50
2026-04-16 14:50:43 |   Found 4 source nodes with paths to outcome 50
2026-04-16 14:50:43 |   Found 4 source nodes with paths to outcome 50
2026-04-16 14:50:43 |   Found 4 source nodes with paths to outcome 50
2026-04-16 14:50:43 |   Found 4 source nodes with paths to outcome 50
2026-04-16 14:50:43 |   Found 4 source nodes with paths to outcome 50
2026-04-16 14:50:43 |   Found 4 source nodes with paths to outcome 50
2026-04-16 14:50:43 |   Found 4 source nodes with paths to outcome 50
2026-04-16 14:50:43 |   Found 4 source nodes with paths to outcome 50
2026-04-16 14:50:43 |   Found 4 source nodes with paths to outcome 50
2026-04-16 14:50:43 |   Found 4 source nodes with paths to outcome 50
2026-04-16 14:50:43 |   Found 4 source nodes with paths to outcome 50
2026-04-16 14:50:43 |   Found 4 source nodes with paths to outcome 50
2026-04-16 14:50:43 |   Found 4 source nodes with paths to outcome 50
2026-04-16 14:50:43 |   Found 4 source nodes with paths to outcome 50
2026-04-16 14:50:43 |   Found 4 source nodes with paths to outcome 50
2026-04-16 14:50:43 |   Found 4 source nodes with paths to outcome 50
2026-04-16 14:50:43 |   Found 4 source nodes with paths to outcome 50
2026-04-16 14:50:43 |   Found 4 source nodes with paths to outcome 50
2026-04-16 14:50:43 |   Found 4 source nodes with paths to outcome 50
2026-04-16 14:50:43 |   Found 4 source nodes with paths to outcome 50
2026-04-16 14:50:44 |   Found 4 source nodes with paths to outcome 50
2026-04-16 14:50:44 |   Found 4 source nodes with paths to outcome 50
2026-04-16 14:50:44 |   Found 4 source nodes with paths to outcome 50
2026-04-16 14:50:44 |   Found 4 source nodes with paths to outcome 50
2026-04-16 14:50:44 |   Found 4 source nodes with paths to outcome 50
2026-04-16 14:50:44 |   Found 4 source nodes with paths to outcome 50
2026-04-16 14:50:44 |   Found 4 source nodes with paths to outcome 50
2026-04-16 14:50:44 |   Found 4 source nodes with paths to outcome 50
2026-04-16 14:50:44 |   Found 4 source nodes with paths to outcome 50
2026-04-16 14:50:44 |   Found 4 source nodes with paths to outcome 50
2026-04-16 14:50:44 |   Found 4 source nodes with paths to outcome 50
2026-04-16 14:50:44 |   Found 4 source nodes with paths to outcome 50
2026-04-16 14:50:44 |   Found 4 source nodes with paths to outcome 50
2026-04-16 14:50:44 |   Found 4 source nodes with paths to outcome 50
2026-04-16 14:50:44 |   Found 4 source nodes with paths to outcome 50
2026-04-16 14:50:44 |   Found 4 source nodes with paths to outcome 50
2026-04-16 14:50:44 |   Found 4 source nodes with paths to outcome 50
2026-04-16 14:50:44 |   Found 4 source nodes with paths to outcome 50
2026-04-16 14:50:44 |   Completed 40/100 instances
2026-04-16 14:50:44 |   Found 4 source nodes with paths to outcome 50
2026-04-16 14:50:44 |   Found 4 source nodes with paths to outcome 50
2026-04-16 14:50:44 |   Found 4 source nodes with paths to outcome 50
2026-04-16 14:50:44 |   Found 4 source nodes with paths to outcome 50
2026-04-16 14:50:44 |   Found 4 source nodes with paths to outcome 50
2026-04-16 14:50:44 |   Found 4 source nodes with paths to outcome 50
2026-04-16 14:50:44 |   Found 4 source nodes with paths to outcome 50
2026-04-16 14:50:44 |   Found 4 source nodes with paths to outcome 50
2026-04-16 14:50:44 |   Found 4 source nodes with paths to outcome 50
2026-04-16 14:50:44 |   Found 4 source nodes with paths to outcome 50
2026-04-16 14:50:44 |   Found 4 source nodes with paths to outcome 50
2026-04-16 14:50:44 |   Found 4 source nodes with paths to outcome 50
2026-04-16 14:50:44 |   Found 4 source nodes with paths to outcome 50
2026-04-16 14:50:44 |   Found 4 source nodes with paths to outcome 50
2026-04-16 14:50:44 |   Found 4 source nodes with paths to outcome 50
2026-04-16 14:50:44 |   Found 4 source nodes with paths to outcome 50
2026-04-16 14:50:44 |   Found 4 source nodes with paths to outcome 50
2026-04-16 14:50:45 |   Found 4 source nodes with paths to outcome 50
2026-04-16 14:50:45 |   Found 4 source nodes with paths to outcome 50
2026-04-16 14:50:45 |   Found 4 source nodes with paths to outcome 50
2026-04-16 14:50:45 |   Found 4 source nodes with paths to outcome 50
2026-04-16 14:50:45 |   Found 4 source nodes with paths to outcome 50
2026-04-16 14:50:45 |   Found 4 source nodes with paths to outcome 50
2026-04-16 14:50:45 |   Found 4 source nodes with paths to outcome 50
2026-04-16 14:50:45 |   Found 4 source nodes with paths to outcome 50
2026-04-16 14:50:45 |   Found 4 source nodes with paths to outcome 50
2026-04-16 14:50:45 |   Found 4 source nodes with paths to outcome 50
2026-04-16 14:50:45 |   Found 4 source nodes with paths to outcome 50
2026-04-16 14:50:45 |   Found 4 source nodes with paths to outcome 50
2026-04-16 14:50:45 |   Found 4 source nodes with paths to outcome 50
2026-04-16 14:50:45 |   Found 4 source nodes with paths to outcome 50
2026-04-16 14:50:45 |   Found 4 source nodes with paths to outcome 50
2026-04-16 14:50:45 |   Found 4 source nodes with paths to outcome 50
2026-04-16 14:50:45 |   Found 4 source nodes with paths to outcome 50
2026-04-16 14:50:45 |   Found 4 source nodes with paths to outcome 50
2026-04-16 14:50:45 |   Found 4 source nodes with paths to outcome 50
2026-04-16 14:50:45 |   Found 4 source nodes with paths to outcome 50
2026-04-16 14:50:45 |   Found 4 source nodes with paths to outcome 50
2026-04-16 14:50:45 |   Found 4 source nodes with paths to outcome 50
2026-04-16 14:50:45 |   Found 4 source nodes with paths to outcome 50
2026-04-16 14:50:45 |   Found 4 source nodes with paths to outcome 50
2026-04-16 14:50:45 |   Found 4 source nodes with paths to outcome 50
2026-04-16 14:50:45 |   Found 4 source nodes with paths to outcome 50
2026-04-16 14:50:45 |   Found 4 source nodes with paths to outcome 50
2026-04-16 14:50:45 |   Found 4 source nodes with paths to outcome 50
2026-04-16 14:50:45 |   Found 4 source nodes with paths to outcome 50
2026-04-16 14:50:45 |   Found 4 source nodes with paths to outcome 50
2026-04-16 14:50:45 |   Found 4 source nodes with paths to outcome 50
2026-04-16 14:50:45 |   Found 4 source nodes with paths to outcome 50
2026-04-16 14:50:45 |   Found 4 source nodes with paths to outcome 50
2026-04-16 14:50:45 |   Found 4 source nodes with paths to outcome 50
2026-04-16 14:50:45 |   Found 4 source nodes with paths to outcome 50
2026-04-16 14:50:46 |   Found 4 source nodes with paths to outcome 50
2026-04-16 14:50:46 |   Found 4 source nodes with paths to outcome 50
2026-04-16 14:50:46 |   Found 4 source nodes with paths to outcome 50
2026-04-16 14:50:46 |   Found 4 source nodes with paths to outcome 50
2026-04-16 14:50:46 |   Found 4 source nodes with paths to outcome 50
2026-04-16 14:50:46 |   Found 4 source nodes with paths to outcome 50
2026-04-16 14:50:46 |   Found 4 source nodes with paths to outcome 50
2026-04-16 14:50:46 |   Found 4 source nodes with paths to outcome 50
2026-04-16 14:50:46 |   Found 4 source nodes with paths to outcome 50
2026-04-16 14:50:46 |   Found 4 source nodes with paths to outcome 50
2026-04-16 14:50:46 |   Found 4 source nodes with paths to outcome 50
2026-04-16 14:50:46 |   Found 4 source nodes with paths to outcome 50
2026-04-16 14:50:46 |   Found 4 source nodes with paths to outcome 50
2026-04-16 14:50:46 |   Found 4 source nodes with paths to outcome 50
2026-04-16 14:50:46 |   Found 4 source nodes with paths to outcome 50
2026-04-16 14:50:46 |   Found 4 source nodes with paths to outcome 50
2026-04-16 14:50:46 |   Found 4 source nodes with paths to outcome 50
2026-04-16 14:50:46 |   Found 4 source nodes with paths to outcome 50
2026-04-16 14:50:46 |   Found 4 source nodes with paths to outcome 50
2026-04-16 14:50:46 |   Found 4 source nodes with paths to outcome 50
2026-04-16 14:50:46 |   Found 4 source nodes with paths to outcome 50
2026-04-16 14:50:46 |   Found 4 source nodes with paths to outcome 50
2026-04-16 14:50:46 |   Found 4 source nodes with paths to outcome 50
2026-04-16 14:50:46 |   Found 4 source nodes with paths to outcome 50
2026-04-16 14:50:46 |   Found 4 source nodes with paths to outcome 50
2026-04-16 14:50:46 |   Found 4 source nodes with paths to outcome 50
2026-04-16 14:50:46 |   Found 4 source nodes with paths to outcome 50
2026-04-16 14:50:46 |   Found 4 source nodes with paths to outcome 50
2026-04-16 14:50:46 |   Found 4 source nodes with paths to outcome 50
2026-04-16 14:50:46 |   Found 4 source nodes with paths to outcome 50
2026-04-16 14:50:46 |   Found 4 source nodes with paths to outcome 50
2026-04-16 14:50:46 |   Found 4 source nodes with paths to outcome 50
2026-04-16 14:50:46 |   Found 4 source nodes with paths to outcome 50
2026-04-16 14:50:46 |   Found 4 source nodes with paths to outcome 50
2026-04-16 14:50:47 |   Found 4 source nodes with paths to outcome 50
2026-04-16 14:50:47 |   Found 4 source nodes with paths to outcome 50
2026-04-16 14:50:47 |   Found 4 source nodes with paths to outcome 50
2026-04-16 14:50:47 |   Found 4 source nodes with paths to outcome 50
2026-04-16 14:50:47 |   Found 4 source nodes with paths to outcome 50
2026-04-16 14:50:47 |   Found 4 source nodes with paths to outcome 50
2026-04-16 14:50:47 |   Found 4 source nodes with paths to outcome 50
2026-04-16 14:50:47 |   Found 4 source nodes with paths to outcome 50
2026-04-16 14:50:47 |   Found 4 source nodes with paths to outcome 50
2026-04-16 14:50:47 |   Found 4 source nodes with paths to outcome 50
2026-04-16 14:50:47 |   Found 4 source nodes with paths to outcome 50
2026-04-16 14:50:47 |   Found 4 source nodes with paths to outcome 50
2026-04-16 14:50:47 |   Found 4 source nodes with paths to outcome 50
2026-04-16 14:50:47 |   Found 4 source nodes with paths to outcome 50
2026-04-16 14:50:47 |   Found 4 source nodes with paths to outcome 50
2026-04-16 14:50:47 |   Found 4 source nodes with paths to outcome 50
2026-04-16 14:50:47 |   Found 4 source nodes with paths to outcome 50
2026-04-16 14:50:47 |   Found 4 source nodes with paths to outcome 50
2026-04-16 14:50:47 |   Found 4 source nodes with paths to outcome 50
2026-04-16 14:50:47 |   Found 4 source nodes with paths to outcome 50
2026-04-16 14:50:47 |   Found 4 source nodes with paths to outcome 50
2026-04-16 14:50:47 |   Found 4 source nodes with paths to outcome 50
2026-04-16 14:50:47 |   Found 4 source nodes with paths to outcome 50
2026-04-16 14:50:47 |   Found 4 source nodes with paths to outcome 50
2026-04-16 14:50:47 |   Found 4 source nodes with paths to outcome 50
2026-04-16 14:50:47 |   Found 4 source nodes with paths to outcome 50
2026-04-16 14:50:47 |   Found 4 source nodes with paths to outcome 50
2026-04-16 14:50:47 |   Found 4 source nodes with paths to outcome 50
2026-04-16 14:50:47 |   Found 4 source nodes with paths to outcome 50
2026-04-16 14:50:47 |   Found 4 source nodes with paths to outcome 50
2026-04-16 14:50:47 |   Found 4 source nodes with paths to outcome 50
2026-04-16 14:50:47 |   Found 4 source nodes with paths to outcome 50
2026-04-16 14:50:47 |   Found 4 source nodes with paths to outcome 50
2026-04-16 14:50:47 |   Found 4 source nodes with paths to outcome 50
2026-04-16 14:50:47 |   Found 4 source nodes with paths to outcome 50
2026-04-16 14:50:48 |   Found 4 source nodes with paths to outcome 50
2026-04-16 14:50:48 |   Found 4 source nodes with paths to outcome 50
2026-04-16 14:50:48 |   Found 4 source nodes with paths to outcome 50
2026-04-16 14:50:48 |   Found 4 source nodes with paths to outcome 50
2026-04-16 14:50:48 |   Found 4 source nodes with paths to outcome 50
2026-04-16 14:50:48 |   Found 4 source nodes with paths to outcome 50
2026-04-16 14:50:48 |   Found 4 source nodes with paths to outcome 50
2026-04-16 14:50:48 |   Found 4 source nodes with paths to outcome 50
2026-04-16 14:50:48 |   Found 4 source nodes with paths to outcome 50
2026-04-16 14:50:48 |   Found 4 source nodes with paths to outcome 50
2026-04-16 14:50:48 |   Found 4 source nodes with paths to outcome 50
2026-04-16 14:50:48 |   Found 4 source nodes with paths to outcome 50
2026-04-16 14:50:48 |   Found 4 source nodes with paths to outcome 50
2026-04-16 14:50:48 |   Found 4 source nodes with paths to outcome 50
2026-04-16 14:50:48 |   Found 4 source nodes with paths to outcome 50
2026-04-16 14:50:48 |   Found 4 source nodes with paths to outcome 50
2026-04-16 14:50:48 |   Found 4 source nodes with paths to outcome 50
2026-04-16 14:50:48 |   Found 4 source nodes with paths to outcome 50
2026-04-16 14:50:48 |   Found 4 source nodes with paths to outcome 50
2026-04-16 14:50:48 |   Found 4 source nodes with paths to outcome 50
2026-04-16 14:50:48 |   Found 4 source nodes with paths to outcome 50
2026-04-16 14:50:48 |   Found 4 source nodes with paths to outcome 50
2026-04-16 14:50:48 |   Found 4 source nodes with paths to outcome 50
2026-04-16 14:50:48 |   Found 4 source nodes with paths to outcome 50
2026-04-16 14:50:48 |   Found 4 source nodes with paths to outcome 50
2026-04-16 14:50:48 |   Found 4 source nodes with paths to outcome 50
2026-04-16 14:50:48 |   Found 4 source nodes with paths to outcome 50
2026-04-16 14:50:48 |   Found 4 source nodes with paths to outcome 50
2026-04-16 14:50:48 |   Found 4 source nodes with paths to outcome 50
2026-04-16 14:50:48 |   Found 4 source nodes with paths to outcome 50
2026-04-16 14:50:48 |   Found 4 source nodes with paths to outcome 50
2026-04-16 14:50:48 |   Found 4 source nodes with paths to outcome 50
2026-04-16 14:50:48 |   Found 4 source nodes with paths to outcome 50
2026-04-16 14:50:48 |   Found 4 source nodes with paths to outcome 50
2026-04-16 14:50:48 |   Found 4 source nodes with paths to outcome 50
2026-04-16 14:50:48 |   Found 4 source nodes with paths to outcome 50
2026-04-16 14:50:49 |   Found 4 source nodes with paths to outcome 50
2026-04-16 14:50:49 |   Found 4 source nodes with paths to outcome 50
2026-04-16 14:50:49 |   Found 4 source nodes with paths to outcome 50
2026-04-16 14:50:49 |   Found 4 source nodes with paths to outcome 50
2026-04-16 14:50:49 |   Found 4 source nodes with paths to outcome 50
2026-04-16 14:50:49 |   Found 4 source nodes with paths to outcome 50
2026-04-16 14:50:49 |   Found 4 source nodes with paths to outcome 50
2026-04-16 14:50:49 |   Found 4 source nodes with paths to outcome 50
2026-04-16 14:50:49 |   Found 4 source nodes with paths to outcome 50
2026-04-16 14:50:49 |   Found 4 source nodes with paths to outcome 50
2026-04-16 14:50:49 |   Found 4 source nodes with paths to outcome 50
2026-04-16 14:50:49 |   Found 4 source nodes with paths to outcome 50
2026-04-16 14:50:49 |   Found 4 source nodes with paths to outcome 50
2026-04-16 14:50:49 |   Found 4 source nodes with paths to outcome 50
2026-04-16 14:50:49 |   Found 4 source nodes with paths to outcome 50
2026-04-16 14:50:49 |   Found 4 source nodes with paths to outcome 50
2026-04-16 14:50:49 |   Found 4 source nodes with paths to outcome 50
2026-04-16 14:50:49 |   Found 4 source nodes with paths to outcome 50
2026-04-16 14:50:49 |   Found 4 source nodes with paths to outcome 50
2026-04-16 14:50:49 |   Found 4 source nodes with paths to outcome 50
2026-04-16 14:50:49 |   Found 4 source nodes with paths to outcome 50
2026-04-16 14:50:49 |   Found 4 source nodes with paths to outcome 50
2026-04-16 14:50:49 |   Found 4 source nodes with paths to outcome 50
2026-04-16 14:50:49 |   Found 4 source nodes with paths to outcome 50
2026-04-16 14:50:49 |   Found 4 source nodes with paths to outcome 50
2026-04-16 14:50:49 |   Found 4 source nodes with paths to outcome 50
2026-04-16 14:50:49 |   Found 4 source nodes with paths to outcome 50
2026-04-16 14:50:49 |   Found 4 source nodes with paths to outcome 50
2026-04-16 14:50:49 |   Found 4 source nodes with paths to outcome 50
2026-04-16 14:50:49 |   Found 4 source nodes with paths to outcome 50
2026-04-16 14:50:49 |   Found 4 source nodes with paths to outcome 50
2026-04-16 14:50:49 |   Found 4 source nodes with paths to outcome 50
2026-04-16 14:50:49 |   Found 4 source nodes with paths to outcome 50
2026-04-16 14:50:49 |   Found 4 source nodes with paths to outcome 50
2026-04-16 14:50:50 |   Found 4 source nodes with paths to outcome 50
2026-04-16 14:50:50 |   Found 4 source nodes with paths to outcome 50
2026-04-16 14:50:50 |   Found 4 source nodes with paths to outcome 50
2026-04-16 14:50:50 |   Found 4 source nodes with paths to outcome 50
2026-04-16 14:50:50 |   Found 4 source nodes with paths to outcome 50
2026-04-16 14:50:50 |   Found 4 source nodes with paths to outcome 50
2026-04-16 14:50:50 |   Found 4 source nodes with paths to outcome 50
2026-04-16 14:50:50 |   Found 4 source nodes with paths to outcome 50
2026-04-16 14:50:50 |   Found 4 source nodes with paths to outcome 50
2026-04-16 14:50:50 |   Found 4 source nodes with paths to outcome 50
2026-04-16 14:50:50 |   Found 4 source nodes with paths to outcome 50
2026-04-16 14:50:50 |   Found 4 source nodes with paths to outcome 50
2026-04-16 14:50:50 |   Found 4 source nodes with paths to outcome 50
2026-04-16 14:50:50 |   Found 4 source nodes with paths to outcome 50
2026-04-16 14:50:50 |   Found 4 source nodes with paths to outcome 50
2026-04-16 14:50:50 |   Found 4 source nodes with paths to outcome 50
2026-04-16 14:50:50 |   Found 4 source nodes with paths to outcome 50
2026-04-16 14:50:50 |   Found 4 source nodes with paths to outcome 50
2026-04-16 14:50:50 |   Found 4 source nodes with paths to outcome 50
2026-04-16 14:50:50 |   Found 4 source nodes with paths to outcome 50
2026-04-16 14:50:50 |   Found 4 source nodes with paths to outcome 50
2026-04-16 14:50:50 |   Found 4 source nodes with paths to outcome 50
2026-04-16 14:50:50 |   Found 4 source nodes with paths to outcome 50
2026-04-16 14:50:50 |   Found 4 source nodes with paths to outcome 50
2026-04-16 14:50:50 |   Found 4 source nodes with paths to outcome 50
2026-04-16 14:50:50 |   Found 4 source nodes with paths to outcome 50
2026-04-16 14:50:50 |   Found 4 source nodes with paths to outcome 50
2026-04-16 14:50:50 |   Found 4 source nodes with paths to outcome 50
2026-04-16 14:50:50 |   Found 4 source nodes with paths to outcome 50
2026-04-16 14:50:50 |   Found 4 source nodes with paths to outcome 50
2026-04-16 14:50:50 |   Found 4 source nodes with paths to outcome 50
2026-04-16 14:50:51 |   Found 4 source nodes with paths to outcome 50
2026-04-16 14:50:51 |   Found 4 source nodes with paths to outcome 50
2026-04-16 14:50:51 |   Found 4 source nodes with paths to outcome 50
2026-04-16 14:50:51 |   Found 4 source nodes with paths to outcome 50
2026-04-16 14:50:51 |   Found 4 source nodes with paths to outcome 50
2026-04-16 14:50:51 |   Found 4 source nodes with paths to outcome 50
2026-04-16 14:50:51 |   Found 4 source nodes with paths to outcome 50
2026-04-16 14:50:51 |   Found 4 source nodes with paths to outcome 50
2026-04-16 14:50:51 |   Found 4 source nodes with paths to outcome 50
2026-04-16 14:50:51 |   Found 4 source nodes with paths to outcome 50
2026-04-16 14:50:51 |   Found 4 source nodes with paths to outcome 50
2026-04-16 14:50:51 |   Found 4 source nodes with paths to outcome 50
2026-04-16 14:50:51 |   Found 4 source nodes with paths to outcome 50
2026-04-16 14:50:51 |   Found 4 source nodes with paths to outcome 50
2026-04-16 14:50:51 |   Found 4 source nodes with paths to outcome 50
2026-04-16 14:50:51 |   Found 4 source nodes with paths to outcome 50
2026-04-16 14:50:51 |   Found 4 source nodes with paths to outcome 50
2026-04-16 14:50:51 |   Found 4 source nodes with paths to outcome 50
2026-04-16 14:50:51 |   Found 4 source nodes with paths to outcome 50
2026-04-16 14:50:51 |   Found 4 source nodes with paths to outcome 50
2026-04-16 14:50:51 |   Found 4 source nodes with paths to outcome 50
2026-04-16 14:50:51 |   Found 4 source nodes with paths to outcome 50
2026-04-16 14:50:51 |   Found 4 source nodes with paths to outcome 50
2026-04-16 14:50:51 |   Found 4 source nodes with paths to outcome 50
2026-04-16 14:50:51 |   Found 4 source nodes with paths to outcome 50
2026-04-16 14:50:51 |   Found 4 source nodes with paths to outcome 50
2026-04-16 14:50:51 |   Found 4 source nodes with paths to outcome 50
2026-04-16 14:50:51 |   Found 4 source nodes with paths to outcome 50
2026-04-16 14:50:51 |   Found 4 source nodes with paths to outcome 50
2026-04-16 14:50:51 |   Found 4 source nodes with paths to outcome 50
2026-04-16 14:50:51 |   Found 4 source nodes with paths to outcome 50
2026-04-16 14:50:51 |   Found 4 source nodes with paths to outcome 50
2026-04-16 14:50:51 |   Found 4 source nodes with paths to outcome 50
2026-04-16 14:50:51 |   Found 4 source nodes with paths to outcome 50
2026-04-16 14:50:52 |   Found 4 source nodes with paths to outcome 50
2026-04-16 14:50:52 |   Found 4 source nodes with paths to outcome 50
2026-04-16 14:50:52 |   Found 4 source nodes with paths to outcome 50
2026-04-16 14:50:52 |   Found 4 source nodes with paths to outcome 50
2026-04-16 14:50:52 |   Found 4 source nodes with paths to outcome 50
2026-04-16 14:50:52 |   Found 4 source nodes with paths to outcome 50
2026-04-16 14:50:52 |   Found 4 source nodes with paths to outcome 50
2026-04-16 14:50:52 |   Found 4 source nodes with paths to outcome 50
2026-04-16 14:50:52 |   Found 4 source nodes with paths to outcome 50
2026-04-16 14:50:52 |   Found 4 source nodes with paths to outcome 50
2026-04-16 14:50:52 |   Found 4 source nodes with paths to outcome 50
2026-04-16 14:50:52 |   Found 4 source nodes with paths to outcome 50
2026-04-16 14:50:52 |   Found 4 source nodes with paths to outcome 50
2026-04-16 14:50:52 |   Found 4 source nodes with paths to outcome 50
2026-04-16 14:50:52 |   Found 4 source nodes with paths to outcome 50
2026-04-16 14:50:52 |   Found 4 source nodes with paths to outcome 50
2026-04-16 14:50:52 |   Found 4 source nodes with paths to outcome 50
2026-04-16 14:50:52 |   Found 4 source nodes with paths to outcome 50
2026-04-16 14:50:52 |   Found 4 source nodes with paths to outcome 50
2026-04-16 14:50:52 |   Found 4 source nodes with paths to outcome 50
2026-04-16 14:50:52 |   Found 4 source nodes with paths to outcome 50
2026-04-16 14:50:52 |   Found 4 source nodes with paths to outcome 50
2026-04-16 14:50:52 |   Found 4 source nodes with paths to outcome 50
2026-04-16 14:50:52 |   Found 4 source nodes with paths to outcome 50
2026-04-16 14:50:52 |   Found 4 source nodes with paths to outcome 50
2026-04-16 14:50:52 |   Found 4 source nodes with paths to outcome 50
2026-04-16 14:50:52 |   Found 4 source nodes with paths to outcome 50
2026-04-16 14:50:52 |   Found 4 source nodes with paths to outcome 50
2026-04-16 14:50:52 |   Found 4 source nodes with paths to outcome 50
2026-04-16 14:50:52 |   Found 4 source nodes with paths to outcome 50
2026-04-16 14:50:52 |   Found 4 source nodes with paths to outcome 50
2026-04-16 14:50:52 |   Found 4 source nodes with paths to outcome 50
2026-04-16 14:50:52 |   Found 4 source nodes with paths to outcome 50
2026-04-16 14:50:53 |   Found 4 source nodes with paths to outcome 50
2026-04-16 14:50:53 |   Found 4 source nodes with paths to outcome 50
2026-04-16 14:50:53 |   Found 4 source nodes with paths to outcome 50
2026-04-16 14:50:53 |   Found 4 source nodes with paths to outcome 50
2026-04-16 14:50:53 |   Found 4 source nodes with paths to outcome 50
2026-04-16 14:50:53 |   Found 4 source nodes with paths to outcome 50
2026-04-16 14:50:53 |   Found 4 source nodes with paths to outcome 50
2026-04-16 14:50:53 |   Found 4 source nodes with paths to outcome 50
2026-04-16 14:50:53 |   Found 4 source nodes with paths to outcome 50
2026-04-16 14:50:53 |   Found 4 source nodes with paths to outcome 50
2026-04-16 14:50:53 |   Found 4 source nodes with paths to outcome 50
2026-04-16 14:50:53 |   Found 4 source nodes with paths to outcome 50
2026-04-16 14:50:53 |   Found 4 source nodes with paths to outcome 50
2026-04-16 14:50:53 |   Found 4 source nodes with paths to outcome 50
2026-04-16 14:50:53 |   Found 4 source nodes with paths to outcome 50
2026-04-16 14:50:53 |   Found 4 source nodes with paths to outcome 50
2026-04-16 14:50:53 |   Found 4 source nodes with paths to outcome 50
2026-04-16 14:50:53 |   Found 4 source nodes with paths to outcome 50
2026-04-16 14:50:53 |   Found 4 source nodes with paths to outcome 50
2026-04-16 14:50:53 |   Found 4 source nodes with paths to outcome 50
2026-04-16 14:50:53 |   Found 4 source nodes with paths to outcome 50
2026-04-16 14:50:53 |   Found 4 source nodes with paths to outcome 50
2026-04-16 14:50:53 |   Found 4 source nodes with paths to outcome 50
2026-04-16 14:50:53 |   Found 4 source nodes with paths to outcome 50
2026-04-16 14:50:53 |   Found 4 source nodes with paths to outcome 50
2026-04-16 14:50:53 |   Found 4 source nodes with paths to outcome 50
2026-04-16 14:50:53 |   Found 4 source nodes with paths to outcome 50
2026-04-16 14:50:53 |   Found 4 source nodes with paths to outcome 50
2026-04-16 14:50:53 |   Found 4 source nodes with paths to outcome 50
2026-04-16 14:50:53 |   Found 4 source nodes with paths to outcome 50
2026-04-16 14:50:53 |   Found 4 source nodes with paths to outcome 50
2026-04-16 14:50:53 |   Found 4 source nodes with paths to outcome 50
2026-04-16 14:50:54 |   Found 4 source nodes with paths to outcome 50
2026-04-16 14:50:54 |   Found 4 source nodes with paths to outcome 50
2026-04-16 14:50:54 |   Found 4 source nodes with paths to outcome 50
2026-04-16 14:50:54 |   Found 4 source nodes with paths to outcome 50
2026-04-16 14:50:54 |   Found 4 source nodes with paths to outcome 50
2026-04-16 14:50:54 |   Found 4 source nodes with paths to outcome 50
2026-04-16 14:50:54 |   Found 4 source nodes with paths to outcome 50
2026-04-16 14:50:54 |   Found 4 source nodes with paths to outcome 50
2026-04-16 14:50:54 |   Found 4 source nodes with paths to outcome 50
2026-04-16 14:50:54 |   Found 4 source nodes with paths to outcome 50
2026-04-16 14:50:54 |   Found 4 source nodes with paths to outcome 50
2026-04-16 14:50:54 |   Found 4 source nodes with paths to outcome 50
2026-04-16 14:50:54 |   Found 4 source nodes with paths to outcome 50
2026-04-16 14:50:54 |   Found 4 source nodes with paths to outcome 50
2026-04-16 14:50:54 |   Found 4 source nodes with paths to outcome 50
2026-04-16 14:50:54 |   Found 4 source nodes with paths to outcome 50
2026-04-16 14:50:54 |   Found 4 source nodes with paths to outcome 50
2026-04-16 14:50:54 |   Found 4 source nodes with paths to outcome 50
2026-04-16 14:50:54 |   Found 4 source nodes with paths to outcome 50
2026-04-16 14:50:54 |   Found 4 source nodes with paths to outcome 50
2026-04-16 14:50:54 |   Found 4 source nodes with paths to outcome 50
2026-04-16 14:50:54 |   Found 4 source nodes with paths to outcome 50
2026-04-16 14:50:54 |   Found 4 source nodes with paths to outcome 50
2026-04-16 14:50:54 |   Found 4 source nodes with paths to outcome 50
2026-04-16 14:50:54 |   Found 4 source nodes with paths to outcome 50
2026-04-16 14:50:54 |   Found 4 source nodes with paths to outcome 50
2026-04-16 14:50:54 |   Found 4 source nodes with paths to outcome 50
2026-04-16 14:50:54 |   Found 4 source nodes with paths to outcome 50
2026-04-16 14:50:54 |   Found 4 source nodes with paths to outcome 50
2026-04-16 14:50:54 |   Found 4 source nodes with paths to outcome 50
2026-04-16 14:50:54 |   Found 4 source nodes with paths to outcome 50
2026-04-16 14:50:54 |   Found 4 source nodes with paths to outcome 50
2026-04-16 14:50:54 |   Found 4 source nodes with paths to outcome 50
2026-04-16 14:50:54 |   Found 4 source nodes with paths to outcome 50
2026-04-16 14:50:54 |   Found 4 source nodes with paths to outcome 50
2026-04-16 14:50:55 |   Found 4 source nodes with paths to outcome 50
2026-04-16 14:50:55 |   Found 4 source nodes with paths to outcome 50
2026-04-16 14:50:55 |   Found 4 source nodes with paths to outcome 50
2026-04-16 14:50:55 |   Found 4 source nodes with paths to outcome 50
2026-04-16 14:50:55 |   Found 4 source nodes with paths to outcome 50
2026-04-16 14:50:55 |   Found 4 source nodes with paths to outcome 50
2026-04-16 14:50:55 |   Found 4 source nodes with paths to outcome 50
2026-04-16 14:50:55 |   Found 4 source nodes with paths to outcome 50
2026-04-16 14:50:55 |   Found 4 source nodes with paths to outcome 50
2026-04-16 14:50:55 |   Found 4 source nodes with paths to outcome 50
2026-04-16 14:50:55 |   Found 4 source nodes with paths to outcome 50
2026-04-16 14:50:55 |   Found 4 source nodes with paths to outcome 50
2026-04-16 14:50:55 |   Found 4 source nodes with paths to outcome 50
2026-04-16 14:50:55 |   Found 4 source nodes with paths to outcome 50
2026-04-16 14:50:55 |   Found 4 source nodes with paths to outcome 50
2026-04-16 14:50:55 |   Found 4 source nodes with paths to outcome 50
2026-04-16 14:50:55 |   Found 4 source nodes with paths to outcome 50
2026-04-16 14:50:55 |   Found 4 source nodes with paths to outcome 50
2026-04-16 14:50:55 |   Found 4 source nodes with paths to outcome 50
2026-04-16 14:50:55 |   Found 4 source nodes with paths to outcome 50
2026-04-16 14:50:55 |   Found 4 source nodes with paths to outcome 50
2026-04-16 14:50:55 |   Found 4 source nodes with paths to outcome 50
2026-04-16 14:50:55 |   Found 4 source nodes with paths to outcome 50
2026-04-16 14:50:55 |   Found 4 source nodes with paths to outcome 50
2026-04-16 14:50:55 |   Found 4 source nodes with paths to outcome 50
2026-04-16 14:50:55 |   Found 4 source nodes with paths to outcome 50
2026-04-16 14:50:55 |   Found 4 source nodes with paths to outcome 50
2026-04-16 14:50:55 |   Found 4 source nodes with paths to outcome 50
2026-04-16 14:50:55 |   Found 4 source nodes with paths to outcome 50
2026-04-16 14:50:55 |   Found 4 source nodes with paths to outcome 50
2026-04-16 14:50:55 |   Found 4 source nodes with paths to outcome 50
2026-04-16 14:50:55 |   Found 4 source nodes with paths to outcome 50
2026-04-16 14:50:56 |   Found 4 source nodes with paths to outcome 50
2026-04-16 14:50:56 |   Found 4 source nodes with paths to outcome 50
2026-04-16 14:50:56 |   Found 4 source nodes with paths to outcome 50
2026-04-16 14:50:56 |   Found 4 source nodes with paths to outcome 50
2026-04-16 14:50:56 |   Found 4 source nodes with paths to outcome 50
2026-04-16 14:50:56 |   Found 4 source nodes with paths to outcome 50
2026-04-16 14:50:56 |   Found 4 source nodes with paths to outcome 50
2026-04-16 14:50:56 |   Found 4 source nodes with paths to outcome 50
2026-04-16 14:50:56 |   Found 4 source nodes with paths to outcome 50
2026-04-16 14:50:56 |   Found 4 source nodes with paths to outcome 50
2026-04-16 14:50:56 |   Found 4 source nodes with paths to outcome 50
2026-04-16 14:50:56 |   Found 4 source nodes with paths to outcome 50
2026-04-16 14:50:56 |   Found 4 source nodes with paths to outcome 50
2026-04-16 14:50:56 |   Found 4 source nodes with paths to outcome 50
2026-04-16 14:50:56 |   Found 4 source nodes with paths to outcome 50
2026-04-16 14:50:56 |   Found 4 source nodes with paths to outcome 50
2026-04-16 14:50:56 |   Found 4 source nodes with paths to outcome 50
2026-04-16 14:50:56 |   Found 4 source nodes with paths to outcome 50
2026-04-16 14:50:56 |   Found 4 source nodes with paths to outcome 50
2026-04-16 14:50:56 |   Found 4 source nodes with paths to outcome 50
2026-04-16 14:50:56 |   Found 4 source nodes with paths to outcome 50
2026-04-16 14:50:56 |   Found 4 source nodes with paths to outcome 50
2026-04-16 14:50:56 |   Found 4 source nodes with paths to outcome 50
2026-04-16 14:50:56 |   Found 4 source nodes with paths to outcome 50
2026-04-16 14:50:56 |   Found 4 source nodes with paths to outcome 50
2026-04-16 14:50:56 |   Found 4 source nodes with paths to outcome 50
2026-04-16 14:50:56 |   Found 4 source nodes with paths to outcome 50
2026-04-16 14:50:56 |   Found 4 source nodes with paths to outcome 50
2026-04-16 14:50:56 |   Found 4 source nodes with paths to outcome 50
2026-04-16 14:50:56 |   Found 4 source nodes with paths to outcome 50
2026-04-16 14:50:56 |   Found 4 source nodes with paths to outcome 50
2026-04-16 14:50:56 |   Found 4 source nodes with paths to outcome 50
2026-04-16 14:50:56 |   Found 4 source nodes with paths to outcome 50
2026-04-16 14:50:57 |   Found 4 source nodes with paths to outcome 50
2026-04-16 14:50:57 |   Found 4 source nodes with paths to outcome 50
2026-04-16 14:50:57 |   Found 4 source nodes with paths to outcome 50
2026-04-16 14:50:57 |   Found 4 source nodes with paths to outcome 50
2026-04-16 14:50:57 |   Found 4 source nodes with paths to outcome 50
2026-04-16 14:50:57 |   Found 4 source nodes with paths to outcome 50
2026-04-16 14:50:57 |   Found 4 source nodes with paths to outcome 50
2026-04-16 14:50:57 |   Found 4 source nodes with paths to outcome 50
2026-04-16 14:50:57 |   Found 4 source nodes with paths to outcome 50
2026-04-16 14:50:57 |   Found 4 source nodes with paths to outcome 50
2026-04-16 14:50:57 |   Found 4 source nodes with paths to outcome 50
2026-04-16 14:50:57 |   Found 4 source nodes with paths to outcome 50
2026-04-16 14:50:57 |   Found 4 source nodes with paths to outcome 50
2026-04-16 14:50:57 |   Found 4 source nodes with paths to outcome 50
2026-04-16 14:50:57 |   Found 4 source nodes with paths to outcome 50
2026-04-16 14:50:57 |   Found 4 source nodes with paths to outcome 50
2026-04-16 14:50:57 |   Found 4 source nodes with paths to outcome 50
2026-04-16 14:50:57 |   Found 4 source nodes with paths to outcome 50
2026-04-16 14:50:57 |   Found 4 source nodes with paths to outcome 50
2026-04-16 14:50:57 |   Found 4 source nodes with paths to outcome 50
2026-04-16 14:50:57 |   Found 4 source nodes with paths to outcome 50
2026-04-16 14:50:57 |   Found 4 source nodes with paths to outcome 50
2026-04-16 14:50:57 |   Found 4 source nodes with paths to outcome 50
2026-04-16 14:50:57 |   Found 4 source nodes with paths to outcome 50
2026-04-16 14:50:57 |   Found 4 source nodes with paths to outcome 50
2026-04-16 14:50:57 |   Found 4 source nodes with paths to outcome 50
2026-04-16 14:50:57 |   Found 4 source nodes with paths to outcome 50
2026-04-16 14:50:57 |   Found 4 source nodes with paths to outcome 50
2026-04-16 14:50:57 |   Found 4 source nodes with paths to outcome 50
2026-04-16 14:50:57 |   Found 4 source nodes with paths to outcome 50
2026-04-16 14:50:57 |   Found 4 source nodes with paths to outcome 50
2026-04-16 14:50:57 |   Found 4 source nodes with paths to outcome 50
2026-04-16 14:50:58 |   Found 4 source nodes with paths to outcome 50
2026-04-16 14:50:58 |   Found 4 source nodes with paths to outcome 50
2026-04-16 14:50:58 |   Found 4 source nodes with paths to outcome 50
2026-04-16 14:50:58 |   Found 4 source nodes with paths to outcome 50
2026-04-16 14:50:58 |   Found 4 source nodes with paths to outcome 50
2026-04-16 14:50:58 |   Found 4 source nodes with paths to outcome 50
2026-04-16 14:50:58 |   Found 4 source nodes with paths to outcome 50
2026-04-16 14:50:58 |   Found 4 source nodes with paths to outcome 50
2026-04-16 14:50:58 |   Found 4 source nodes with paths to outcome 50
2026-04-16 14:50:58 |   Found 4 source nodes with paths to outcome 50
2026-04-16 14:50:58 |   Found 4 source nodes with paths to outcome 50
2026-04-16 14:50:58 |   Found 4 source nodes with paths to outcome 50
2026-04-16 14:50:58 |   Found 4 source nodes with paths to outcome 50
2026-04-16 14:50:58 |   Found 4 source nodes with paths to outcome 50
2026-04-16 14:50:58 |   Found 4 source nodes with paths to outcome 50
2026-04-16 14:50:58 |   Found 4 source nodes with paths to outcome 50
2026-04-16 14:50:58 |   Found 4 source nodes with paths to outcome 50
2026-04-16 14:50:58 |   Found 4 source nodes with paths to outcome 50
2026-04-16 14:50:58 |   Found 4 source nodes with paths to outcome 50
2026-04-16 14:50:59 |   Found 4 source nodes with paths to outcome 50
2026-04-16 14:50:59 |   Found 4 source nodes with paths to outcome 50
2026-04-16 14:50:59 |   Found 4 source nodes with paths to outcome 50
2026-04-16 14:50:59 |   Found 4 source nodes with paths to outcome 50
2026-04-16 14:50:59 |   Found 4 source nodes with paths to outcome 50
2026-04-16 14:50:59 |   Found 4 source nodes with paths to outcome 50
2026-04-16 14:50:59 |   Found 4 source nodes with paths to outcome 50
2026-04-16 14:50:59 |   Found 4 source nodes with paths to outcome 50
2026-04-16 14:50:59 |   Found 4 source nodes with paths to outcome 50
2026-04-16 14:50:59 |   Found 4 source nodes with paths to outcome 50
2026-04-16 14:50:59 |   Found 4 source nodes with paths to outcome 50
2026-04-16 14:50:59 |   Found 4 source nodes with paths to outcome 50
2026-04-16 14:50:59 |   Found 4 source nodes with paths to outcome 50
2026-04-16 14:50:59 |   Found 4 source nodes with paths to outcome 50
2026-04-16 14:50:59 |   Found 4 source nodes with paths to outcome 50
2026-04-16 14:50:59 |   Found 4 source nodes with paths to outcome 50
2026-04-16 14:50:59 |   Found 4 source nodes with paths to outcome 50
2026-04-16 14:50:59 |   Found 4 source nodes with paths to outcome 50
2026-04-16 14:50:59 |   Found 4 source nodes with paths to outcome 50
2026-04-16 14:50:59 |   Found 4 source nodes with paths to outcome 50
2026-04-16 14:50:59 |   Found 4 source nodes with paths to outcome 50
2026-04-16 14:50:59 |   Found 4 source nodes with paths to outcome 50
2026-04-16 14:50:59 |   Found 4 source nodes with paths to outcome 50
2026-04-16 14:50:59 |   Found 4 source nodes with paths to outcome 50
2026-04-16 14:50:59 |   Found 4 source nodes with paths to outcome 50
2026-04-16 14:50:59 |   Found 4 source nodes with paths to outcome 50
2026-04-16 14:50:59 |   Found 4 source nodes with paths to outcome 50
2026-04-16 14:50:59 |   Found 4 source nodes with paths to outcome 50
2026-04-16 14:50:59 |   Found 4 source nodes with paths to outcome 50
2026-04-16 14:50:59 |   Found 4 source nodes with paths to outcome 50
2026-04-16 14:50:59 |   Found 4 source nodes with paths to outcome 50
2026-04-16 14:50:59 |   Found 4 source nodes with paths to outcome 50
2026-04-16 14:51:00 |   Found 4 source nodes with paths to outcome 50
2026-04-16 14:51:00 |   Found 4 source nodes with paths to outcome 50
2026-04-16 14:51:00 |   Found 4 source nodes with paths to outcome 50
2026-04-16 14:51:00 |   Found 4 source nodes with paths to outcome 50
2026-04-16 14:51:00 |   Found 4 source nodes with paths to outcome 50
2026-04-16 14:51:00 |   Found 4 source nodes with paths to outcome 50
2026-04-16 14:51:00 |   Found 4 source nodes with paths to outcome 50
2026-04-16 14:51:00 |   Found 4 source nodes with paths to outcome 50
2026-04-16 14:51:00 |   Found 4 source nodes with paths to outcome 50
2026-04-16 14:51:00 |   Found 4 source nodes with paths to outcome 50
2026-04-16 14:51:00 |   Found 4 source nodes with paths to outcome 50
2026-04-16 14:51:00 |   Found 4 source nodes with paths to outcome 50
2026-04-16 14:51:00 |   Found 4 source nodes with paths to outcome 50
2026-04-16 14:51:00 |   Found 4 source nodes with paths to outcome 50
2026-04-16 14:51:00 |   Found 4 source nodes with paths to outcome 50
2026-04-16 14:51:00 |   Found 4 source nodes with paths to outcome 50
2026-04-16 14:51:00 |   Found 4 source nodes with paths to outcome 50
2026-04-16 14:51:00 |   Found 4 source nodes with paths to outcome 50
2026-04-16 14:51:00 |   Found 4 source nodes with paths to outcome 50
2026-04-16 14:51:00 |   Found 4 source nodes with paths to outcome 50
2026-04-16 14:51:00 |   Found 4 source nodes with paths to outcome 50
2026-04-16 14:51:00 |   Found 4 source nodes with paths to outcome 50
2026-04-16 14:51:00 |   Found 4 source nodes with paths to outcome 50
2026-04-16 14:51:00 |   Found 4 source nodes with paths to outcome 50
2026-04-16 14:51:00 |   Found 4 source nodes with paths to outcome 50
2026-04-16 14:51:00 |   Found 4 source nodes with paths to outcome 50
2026-04-16 14:51:00 |   Found 4 source nodes with paths to outcome 50
2026-04-16 14:51:00 |   Found 4 source nodes with paths to outcome 50
2026-04-16 14:51:00 |   Found 4 source nodes with paths to outcome 50
2026-04-16 14:51:00 |   Found 4 source nodes with paths to outcome 50
2026-04-16 14:51:00 |   Found 4 source nodes with paths to outcome 50
2026-04-16 14:51:00 |   Found 4 source nodes with paths to outcome 50
2026-04-16 14:51:00 |   Found 4 source nodes with paths to outcome 50
2026-04-16 14:51:00 |   Found 4 source nodes with paths to outcome 50
2026-04-16 14:51:01 |   Found 4 source nodes with paths to outcome 50
2026-04-16 14:51:01 |   Found 4 source nodes with paths to outcome 50
2026-04-16 14:51:01 |   Found 4 source nodes with paths to outcome 50
2026-04-16 14:51:01 |   Found 4 source nodes with paths to outcome 50
2026-04-16 14:51:01 |   Found 4 source nodes with paths to outcome 50
2026-04-16 14:51:01 |   Found 4 source nodes with paths to outcome 50
2026-04-16 14:51:01 |   Found 4 source nodes with paths to outcome 50
2026-04-16 14:51:01 |   Found 4 source nodes with paths to outcome 50
2026-04-16 14:51:01 |   Found 4 source nodes with paths to outcome 50
2026-04-16 14:51:01 |   Found 4 source nodes with paths to outcome 50
2026-04-16 14:51:01 |   Found 4 source nodes with paths to outcome 50
2026-04-16 14:51:01 |   Found 4 source nodes with paths to outcome 50
2026-04-16 14:51:01 |   Found 4 source nodes with paths to outcome 50
2026-04-16 14:51:01 |   Found 4 source nodes with paths to outcome 50
2026-04-16 14:51:01 |   Found 4 source nodes with paths to outcome 50
2026-04-16 14:51:01 |   Found 4 source nodes with paths to outcome 50
2026-04-16 14:51:01 |   Found 4 source nodes with paths to outcome 50
2026-04-16 14:51:01 |   Found 4 source nodes with paths to outcome 50
2026-04-16 14:51:01 |   Found 4 source nodes with paths to outcome 50
2026-04-16 14:51:01 |   Found 4 source nodes with paths to outcome 50
2026-04-16 14:51:01 |   Found 4 source nodes with paths to outcome 50
2026-04-16 14:51:01 |   Found 4 source nodes with paths to outcome 50
2026-04-16 14:51:01 |   Found 4 source nodes with paths to outcome 50
2026-04-16 14:51:01 |   Found 4 source nodes with paths to outcome 50
2026-04-16 14:51:01 |   Found 4 source nodes with paths to outcome 50
2026-04-16 14:51:01 |   Found 4 source nodes with paths to outcome 50
2026-04-16 14:51:01 |   Found 4 source nodes with paths to outcome 50
2026-04-16 14:51:01 |   Found 4 source nodes with paths to outcome 50
2026-04-16 14:51:01 |   Found 4 source nodes with paths to outcome 50
2026-04-16 14:51:01 |   Found 4 source nodes with paths to outcome 50
2026-04-16 14:51:01 |   Found 4 source nodes with paths to outcome 50
2026-04-16 14:51:01 |   Found 4 source nodes with paths to outcome 50
2026-04-16 14:51:01 |   Found 4 source nodes with paths to outcome 50
2026-04-16 14:51:01 |   Found 4 source nodes with paths to outcome 50
2026-04-16 14:51:02 |   Found 4 source nodes with paths to outcome 50
2026-04-16 14:51:02 |   Found 4 source nodes with paths to outcome 50
2026-04-16 14:51:02 |   Found 4 source nodes with paths to outcome 50
2026-04-16 14:51:02 |   Found 4 source nodes with paths to outcome 50
2026-04-16 14:51:02 |   Found 4 source nodes with paths to outcome 50
2026-04-16 14:51:02 |   Found 4 source nodes with paths to outcome 50
2026-04-16 14:51:02 |   Found 4 source nodes with paths to outcome 50
2026-04-16 14:51:02 |   Found 4 source nodes with paths to outcome 50
2026-04-16 14:51:02 |   Found 4 source nodes with paths to outcome 50
2026-04-16 14:51:02 |   Found 4 source nodes with paths to outcome 50
2026-04-16 14:51:02 |   Found 4 source nodes with paths to outcome 50
2026-04-16 14:51:02 |   Found 4 source nodes with paths to outcome 50
2026-04-16 14:51:02 |   Found 4 source nodes with paths to outcome 50
2026-04-16 14:51:02 |   Found 4 source nodes with paths to outcome 50
2026-04-16 14:51:02 |   Found 4 source nodes with paths to outcome 50
2026-04-16 14:51:02 |   Found 4 source nodes with paths to outcome 50
2026-04-16 14:51:02 |   Found 4 source nodes with paths to outcome 50
2026-04-16 14:51:02 |   Found 4 source nodes with paths to outcome 50
2026-04-16 14:51:02 |   Found 4 source nodes with paths to outcome 50
2026-04-16 14:51:02 |   Found 4 source nodes with paths to outcome 50
2026-04-16 14:51:02 |   Found 4 source nodes with paths to outcome 50
2026-04-16 14:51:02 |   Found 4 source nodes with paths to outcome 50
2026-04-16 14:51:02 |   Found 4 source nodes with paths to outcome 50
2026-04-16 14:51:02 |   Found 4 source nodes with paths to outcome 50
2026-04-16 14:51:02 |   Found 4 source nodes with paths to outcome 50
2026-04-16 14:51:02 |   Found 4 source nodes with paths to outcome 50
2026-04-16 14:51:02 |   Found 4 source nodes with paths to outcome 50
2026-04-16 14:51:02 |   Found 4 source nodes with paths to outcome 50
2026-04-16 14:51:02 |   Found 4 source nodes with paths to outcome 50
2026-04-16 14:51:02 |   Found 4 source nodes with paths to outcome 50
2026-04-16 14:51:02 |   Found 4 source nodes with paths to outcome 50
2026-04-16 14:51:02 |   Found 4 source nodes with paths to outcome 50
2026-04-16 14:51:02 |   Found 4 source nodes with paths to outcome 50
2026-04-16 14:51:02 |   Found 4 source nodes with paths to outcome 50
2026-04-16 14:51:03 |   Found 4 source nodes with paths to outcome 50
2026-04-16 14:51:03 |   Found 4 source nodes with paths to outcome 50
2026-04-16 14:51:03 |   Found 4 source nodes with paths to outcome 50
2026-04-16 14:51:03 |   Found 4 source nodes with paths to outcome 50
2026-04-16 14:51:03 |   Found 4 source nodes with paths to outcome 50
2026-04-16 14:51:03 |   Found 4 source nodes with paths to outcome 50
2026-04-16 14:51:03 |   Found 4 source nodes with paths to outcome 50
2026-04-16 14:51:03 |   Found 4 source nodes with paths to outcome 50
2026-04-16 14:51:03 |   Found 4 source nodes with paths to outcome 50
2026-04-16 14:51:03 |   Found 4 source nodes with paths to outcome 50
2026-04-16 14:51:03 |   Found 4 source nodes with paths to outcome 50
2026-04-16 14:51:03 |   Found 4 source nodes with paths to outcome 50
2026-04-16 14:51:03 |   Found 4 source nodes with paths to outcome 50
2026-04-16 14:51:03 |   Found 4 source nodes with paths to outcome 50
2026-04-16 14:51:03 |   Found 4 source nodes with paths to outcome 50
2026-04-16 14:51:03 |   Found 4 source nodes with paths to outcome 50
2026-04-16 14:51:03 |   Found 4 source nodes with paths to outcome 50
2026-04-16 14:51:03 |   Found 4 source nodes with paths to outcome 50
2026-04-16 14:51:03 |   Found 4 source nodes with paths to outcome 50
2026-04-16 14:51:03 |   Found 4 source nodes with paths to outcome 50
2026-04-16 14:51:03 |   Found 4 source nodes with paths to outcome 50
2026-04-16 14:51:03 |   Found 4 source nodes with paths to outcome 50
2026-04-16 14:51:03 |   Found 4 source nodes with paths to outcome 50
2026-04-16 14:51:03 |   Found 4 source nodes with paths to outcome 50
2026-04-16 14:51:03 |   Found 4 source nodes with paths to outcome 50
2026-04-16 14:51:03 |   Found 4 source nodes with paths to outcome 50
2026-04-16 14:51:03 |   Found 4 source nodes with paths to outcome 50
2026-04-16 14:51:03 |   Found 4 source nodes with paths to outcome 50
2026-04-16 14:51:03 |   Found 4 source nodes with paths to outcome 50
2026-04-16 14:51:03 |   Found 4 source nodes with paths to outcome 50
2026-04-16 14:51:03 |   Found 4 source nodes with paths to outcome 50
2026-04-16 14:51:03 |   Found 4 source nodes with paths to outcome 50
2026-04-16 14:51:03 |   Found 4 source nodes with paths to outcome 50
2026-04-16 14:51:04 |   Found 4 source nodes with paths to outcome 50
2026-04-16 14:51:04 |   Found 4 source nodes with paths to outcome 50
2026-04-16 14:51:04 |   Found 4 source nodes with paths to outcome 50
2026-04-16 14:51:04 |   Found 4 source nodes with paths to outcome 50
2026-04-16 14:51:04 |   Found 4 source nodes with paths to outcome 50
2026-04-16 14:51:04 |   Found 4 source nodes with paths to outcome 50
2026-04-16 14:51:04 |   Found 4 source nodes with paths to outcome 50
2026-04-16 14:51:04 |   Found 4 source nodes with paths to outcome 50
2026-04-16 14:51:04 |   Found 4 source nodes with paths to outcome 50
2026-04-16 14:51:04 |   Found 4 source nodes with paths to outcome 50
2026-04-16 14:51:04 |   Found 4 source nodes with paths to outcome 50
2026-04-16 14:51:04 |   Found 4 source nodes with paths to outcome 50
2026-04-16 14:51:04 |   Found 4 source nodes with paths to outcome 50
2026-04-16 14:51:04 |   Found 4 source nodes with paths to outcome 50
2026-04-16 14:51:04 |   Found 4 source nodes with paths to outcome 50
2026-04-16 14:51:04 |   Found 4 source nodes with paths to outcome 50
2026-04-16 14:51:04 |   Found 4 source nodes with paths to outcome 50
2026-04-16 14:51:04 |   Found 4 source nodes with paths to outcome 50
2026-04-16 14:51:04 |   Found 4 source nodes with paths to outcome 50
2026-04-16 14:51:04 |   Found 4 source nodes with paths to outcome 50
2026-04-16 14:51:04 |   Found 4 source nodes with paths to outcome 50
2026-04-16 14:51:04 |   Found 4 source nodes with paths to outcome 50
2026-04-16 14:51:04 |   Found 4 source nodes with paths to outcome 50
2026-04-16 14:51:04 |   Found 4 source nodes with paths to outcome 50
2026-04-16 14:51:04 |   Found 4 source nodes with paths to outcome 50
2026-04-16 14:51:04 |   Found 4 source nodes with paths to outcome 50
2026-04-16 14:51:04 |   Found 4 source nodes with paths to outcome 50
2026-04-16 14:51:04 |   Found 4 source nodes with paths to outcome 50
2026-04-16 14:51:04 |   Found 4 source nodes with paths to outcome 50
2026-04-16 14:51:04 |   Found 4 source nodes with paths to outcome 50
2026-04-16 14:51:04 |   Found 4 source nodes with paths to outcome 50
2026-04-16 14:51:04 |   Found 4 source nodes with paths to outcome 50
2026-04-16 14:51:04 |   Found 4 source nodes with paths to outcome 50
2026-04-16 14:51:05 |   Found 4 source nodes with paths to outcome 50
2026-04-16 14:51:05 |   Found 4 source nodes with paths to outcome 50
2026-04-16 14:51:05 |   Found 4 source nodes with paths to outcome 50
2026-04-16 14:51:05 |   Found 4 source nodes with paths to outcome 50
2026-04-16 14:51:05 |   Found 4 source nodes with paths to outcome 50
2026-04-16 14:51:05 |   Found 4 source nodes with paths to outcome 50
2026-04-16 14:51:05 |   Found 4 source nodes with paths to outcome 50
2026-04-16 14:51:05 |   Found 4 source nodes with paths to outcome 50
2026-04-16 14:51:05 |   Found 4 source nodes with paths to outcome 50
2026-04-16 14:51:05 |   Found 4 source nodes with paths to outcome 50
2026-04-16 14:51:05 |   Found 4 source nodes with paths to outcome 50
2026-04-16 14:51:05 |   Found 4 source nodes with paths to outcome 50
2026-04-16 14:51:05 |   Found 4 source nodes with paths to outcome 50
2026-04-16 14:51:05 |   Found 4 source nodes with paths to outcome 50
2026-04-16 14:51:05 |   Found 4 source nodes with paths to outcome 50
2026-04-16 14:51:05 |   Found 4 source nodes with paths to outcome 50
2026-04-16 14:51:05 |   Found 4 source nodes with paths to outcome 50
2026-04-16 14:51:05 |   Found 4 source nodes with paths to outcome 50
2026-04-16 14:51:05 |   Found 4 source nodes with paths to outcome 50
2026-04-16 14:51:05 |   Found 4 source nodes with paths to outcome 50
2026-04-16 14:51:05 |   Found 4 source nodes with paths to outcome 50
2026-04-16 14:51:05 |   Found 4 source nodes with paths to outcome 50
2026-04-16 14:51:05 |   Found 4 source nodes with paths to outcome 50
2026-04-16 14:51:05 |   Found 4 source nodes with paths to outcome 50
2026-04-16 14:51:05 |   Found 4 source nodes with paths to outcome 50
2026-04-16 14:51:05 |   Found 4 source nodes with paths to outcome 50
2026-04-16 14:51:05 |   Found 4 source nodes with paths to outcome 50
2026-04-16 14:51:05 |   Found 4 source nodes with paths to outcome 50
2026-04-16 14:51:05 |   Found 4 source nodes with paths to outcome 50
2026-04-16 14:51:05 |   Found 4 source nodes with paths to outcome 50
2026-04-16 14:51:05 |   Found 4 source nodes with paths to outcome 50
2026-04-16 14:51:05 |   Found 4 source nodes with paths to outcome 50
2026-04-16 14:51:05 |   Found 4 source nodes with paths to outcome 50
2026-04-16 14:51:05 |   Found 4 source nodes with paths to outcome 50
2026-04-16 14:51:06 |   Found 4 source nodes with paths to outcome 50
2026-04-16 14:51:06 |   Found 4 source nodes with paths to outcome 50
2026-04-16 14:51:06 |   Found 4 source nodes with paths to outcome 50
2026-04-16 14:51:06 |   Found 4 source nodes with paths to outcome 50
2026-04-16 14:51:06 |   Found 4 source nodes with paths to outcome 50
2026-04-16 14:51:06 |   Found 4 source nodes with paths to outcome 50
2026-04-16 14:51:06 |   Found 4 source nodes with paths to outcome 50
2026-04-16 14:51:06 |   Found 4 source nodes with paths to outcome 50
2026-04-16 14:51:06 |   Found 4 source nodes with paths to outcome 50
2026-04-16 14:51:06 |   Found 4 source nodes with paths to outcome 50
2026-04-16 14:51:06 |   Found 4 source nodes with paths to outcome 50
2026-04-16 14:51:06 |   Found 4 source nodes with paths to outcome 50
2026-04-16 14:51:06 |   Found 4 source nodes with paths to outcome 50
2026-04-16 14:51:06 |   Found 4 source nodes with paths to outcome 50
2026-04-16 14:51:06 |   Found 4 source nodes with paths to outcome 50
2026-04-16 14:51:06 |   Found 4 source nodes with paths to outcome 50
2026-04-16 14:51:06 |   Found 4 source nodes with paths to outcome 50
2026-04-16 14:51:06 |   Found 4 source nodes with paths to outcome 50
2026-04-16 14:51:06 |   Found 4 source nodes with paths to outcome 50
2026-04-16 14:51:06 |   Found 4 source nodes with paths to outcome 50
2026-04-16 14:51:06 |   Found 4 source nodes with paths to outcome 50
2026-04-16 14:51:06 |   Found 4 source nodes with paths to outcome 50
2026-04-16 14:51:06 |   Found 4 source nodes with paths to outcome 50
2026-04-16 14:51:06 |   Found 4 source nodes with paths to outcome 50
2026-04-16 14:51:06 |   Found 4 source nodes with paths to outcome 50
2026-04-16 14:51:06 |   Found 4 source nodes with paths to outcome 50
2026-04-16 14:51:06 |   Found 4 source nodes with paths to outcome 50
2026-04-16 14:51:06 |   Found 4 source nodes with paths to outcome 50
2026-04-16 14:51:06 |   Found 4 source nodes with paths to outcome 50
2026-04-16 14:51:06 |   Found 4 source nodes with paths to outcome 50
2026-04-16 14:51:06 |   Found 4 source nodes with paths to outcome 50
2026-04-16 14:51:06 |   Found 4 source nodes with paths to outcome 50
2026-04-16 14:51:06 |   Found 4 source nodes with paths to outcome 50
2026-04-16 14:51:06 |   Found 4 source nodes with paths to outcome 50
2026-04-16 14:51:07 |   Found 4 source nodes with paths to outcome 50
2026-04-16 14:51:07 |   Found 4 source nodes with paths to outcome 50
2026-04-16 14:51:07 |   Found 4 source nodes with paths to outcome 50
2026-04-16 14:51:07 |   Found 4 source nodes with paths to outcome 50
2026-04-16 14:51:07 |   Found 4 source nodes with paths to outcome 50
2026-04-16 14:51:07 |   Found 4 source nodes with paths to outcome 50
2026-04-16 14:51:07 |   Found 4 source nodes with paths to outcome 50
2026-04-16 14:51:07 |   Found 4 source nodes with paths to outcome 50
2026-04-16 14:51:07 |   Found 4 source nodes with paths to outcome 50
2026-04-16 14:51:07 |   Found 4 source nodes with paths to outcome 50
2026-04-16 14:51:07 |   Found 4 source nodes with paths to outcome 50
2026-04-16 14:51:07 |   Found 4 source nodes with paths to outcome 50
2026-04-16 14:51:07 |   Found 4 source nodes with paths to outcome 50
2026-04-16 14:51:07 |   Found 4 source nodes with paths to outcome 50
2026-04-16 14:51:07 |   Found 4 source nodes with paths to outcome 50
2026-04-16 14:51:07 |   Found 4 source nodes with paths to outcome 50
2026-04-16 14:51:07 |   Found 4 source nodes with paths to outcome 50
2026-04-16 14:51:07 |   Found 4 source nodes with paths to outcome 50
2026-04-16 14:51:07 |   Found 4 source nodes with paths to outcome 50
2026-04-16 14:51:07 |   Found 4 source nodes with paths to outcome 50
2026-04-16 14:51:07 |   Found 4 source nodes with paths to outcome 50
2026-04-16 14:51:07 |   Found 4 source nodes with paths to outcome 50
2026-04-16 14:51:07 |   Found 4 source nodes with paths to outcome 50
2026-04-16 14:51:07 |   Found 4 source nodes with paths to outcome 50
2026-04-16 14:51:07 |   Found 4 source nodes with paths to outcome 50
2026-04-16 14:51:07 |   Found 4 source nodes with paths to outcome 50
2026-04-16 14:51:07 |   Found 4 source nodes with paths to outcome 50
2026-04-16 14:51:07 |   Found 4 source nodes with paths to outcome 50
2026-04-16 14:51:07 |   Found 4 source nodes with paths to outcome 50
2026-04-16 14:51:07 |   Found 4 source nodes with paths to outcome 50
2026-04-16 14:51:07 |   Found 4 source nodes with paths to outcome 50
2026-04-16 14:51:07 |   Found 4 source nodes with paths to outcome 50
2026-04-16 14:51:07 |   Found 4 source nodes with paths to outcome 50
2026-04-16 14:51:07 |   Found 4 source nodes with paths to outcome 50
2026-04-16 14:51:07 |   Found 4 source nodes with paths to outcome 50
2026-04-16 14:51:08 |   Found 4 source nodes with paths to outcome 50
2026-04-16 14:51:08 |   Found 4 source nodes with paths to outcome 50
2026-04-16 14:51:08 |   Found 4 source nodes with paths to outcome 50
2026-04-16 14:51:08 |   Found 4 source nodes with paths to outcome 50
2026-04-16 14:51:08 |   Found 4 source nodes with paths to outcome 50
2026-04-16 14:51:08 |   Found 4 source nodes with paths to outcome 50
2026-04-16 14:51:08 |   Found 4 source nodes with paths to outcome 50
2026-04-16 14:51:08 |   Found 4 source nodes with paths to outcome 50
2026-04-16 14:51:08 |   Found 4 source nodes with paths to outcome 50
2026-04-16 14:51:08 |   Found 4 source nodes with paths to outcome 50
2026-04-16 14:51:08 |   Found 4 source nodes with paths to outcome 50
2026-04-16 14:51:08 |   Found 4 source nodes with paths to outcome 50
2026-04-16 14:51:08 |   Found 4 source nodes with paths to outcome 50
2026-04-16 14:51:08 |   Found 4 source nodes with paths to outcome 50
2026-04-16 14:51:08 |   Found 4 source nodes with paths to outcome 50
2026-04-16 14:51:08 |   Found 4 source nodes with paths to outcome 50
2026-04-16 14:51:08 |   Found 4 source nodes with paths to outcome 50
2026-04-16 14:51:08 |   Found 4 source nodes with paths to outcome 50
2026-04-16 14:51:08 |   Found 4 source nodes with paths to outcome 50
2026-04-16 14:51:08 |   Found 4 source nodes with paths to outcome 50
2026-04-16 14:51:08 |   Found 4 source nodes with paths to outcome 50
2026-04-16 14:51:08 |   Found 4 source nodes with paths to outcome 50
2026-04-16 14:51:08 |   Found 4 source nodes with paths to outcome 50
2026-04-16 14:51:08 |   Found 4 source nodes with paths to outcome 50
2026-04-16 14:51:08 |   Found 4 source nodes with paths to outcome 50
2026-04-16 14:51:08 |   Found 4 source nodes with paths to outcome 50
2026-04-16 14:51:08 |   Found 4 source nodes with paths to outcome 50
2026-04-16 14:51:08 |   Found 4 source nodes with paths to outcome 50
2026-04-16 14:51:08 |   Found 4 source nodes with paths to outcome 50
2026-04-16 14:51:08 |   Found 4 source nodes with paths to outcome 50
2026-04-16 14:51:08 |   Found 4 source nodes with paths to outcome 50
2026-04-16 14:51:08 |   Found 4 source nodes with paths to outcome 50
2026-04-16 14:51:08 |   Found 4 source nodes with paths to outcome 50
2026-04-16 14:51:09 |   Found 4 source nodes with paths to outcome 50
2026-04-16 14:51:09 |   Found 4 source nodes with paths to outcome 50
2026-04-16 14:51:09 |   Found 4 source nodes with paths to outcome 50
2026-04-16 14:51:09 |   Found 4 source nodes with paths to outcome 50
2026-04-16 14:51:09 |   Found 4 source nodes with paths to outcome 50
2026-04-16 14:51:09 |   Found 4 source nodes with paths to outcome 50
2026-04-16 14:51:09 |   Found 4 source nodes with paths to outcome 50
2026-04-16 14:51:09 |   Found 4 source nodes with paths to outcome 50
2026-04-16 14:51:09 |   Found 4 source nodes with paths to outcome 50
2026-04-16 14:51:09 |   Found 4 source nodes with paths to outcome 50
2026-04-16 14:51:09 |   Found 4 source nodes with paths to outcome 50
2026-04-16 14:51:09 |   Found 4 source nodes with paths to outcome 50
2026-04-16 14:51:09 |   Found 4 source nodes with paths to outcome 50
2026-04-16 14:51:09 |   Found 4 source nodes with paths to outcome 50
2026-04-16 14:51:09 |   Found 4 source nodes with paths to outcome 50
2026-04-16 14:51:09 |   Found 4 source nodes with paths to outcome 50
2026-04-16 14:51:09 |   Found 4 source nodes with paths to outcome 50
2026-04-16 14:51:09 |   Found 4 source nodes with paths to outcome 50
2026-04-16 14:51:09 |   Found 4 source nodes with paths to outcome 50
2026-04-16 14:51:09 |   Found 4 source nodes with paths to outcome 50
2026-04-16 14:51:09 |   Found 4 source nodes with paths to outcome 50
2026-04-16 14:51:09 |   Found 4 source nodes with paths to outcome 50
2026-04-16 14:51:09 |   Found 4 source nodes with paths to outcome 50
2026-04-16 14:51:09 |   Found 4 source nodes with paths to outcome 50
2026-04-16 14:51:09 |   Found 4 source nodes with paths to outcome 50
2026-04-16 14:51:09 |   Found 4 source nodes with paths to outcome 50
2026-04-16 14:51:09 |   Found 4 source nodes with paths to outcome 50
2026-04-16 14:51:09 |   Found 4 source nodes with paths to outcome 50
2026-04-16 14:51:09 |   Found 4 source nodes with paths to outcome 50
2026-04-16 14:51:09 |   Found 4 source nodes with paths to outcome 50
2026-04-16 14:51:09 |   Found 4 source nodes with paths to outcome 50
2026-04-16 14:51:09 |   Found 4 source nodes with paths to outcome 50
2026-04-16 14:51:10 |   Found 4 source nodes with paths to outcome 50
2026-04-16 14:51:10 |   Found 4 source nodes with paths to outcome 50
2026-04-16 14:51:10 |   Found 4 source nodes with paths to outcome 50
2026-04-16 14:51:10 |   Found 4 source nodes with paths to outcome 50
2026-04-16 14:51:10 |   Found 4 source nodes with paths to outcome 50
2026-04-16 14:51:10 |   Found 4 source nodes with paths to outcome 50
2026-04-16 14:51:10 |   Found 4 source nodes with paths to outcome 50
2026-04-16 14:51:10 |   Found 4 source nodes with paths to outcome 50
2026-04-16 14:51:10 |   Found 4 source nodes with paths to outcome 50
2026-04-16 14:51:10 |   Found 4 source nodes with paths to outcome 50
2026-04-16 14:51:10 |   Found 4 source nodes with paths to outcome 50
2026-04-16 14:51:10 |   Found 4 source nodes with paths to outcome 50
2026-04-16 14:51:10 |   Found 4 source nodes with paths to outcome 50
2026-04-16 14:51:10 |   Found 4 source nodes with paths to outcome 50
2026-04-16 14:51:10 |   Found 4 source nodes with paths to outcome 50
2026-04-16 14:51:10 |   Found 4 source nodes with paths to outcome 50
2026-04-16 14:51:10 |   Found 4 source nodes with paths to outcome 50
2026-04-16 14:51:10 |   Found 4 source nodes with paths to outcome 50
2026-04-16 14:51:10 |   Found 4 source nodes with paths to outcome 50
2026-04-16 14:51:10 |   Found 4 source nodes with paths to outcome 50
2026-04-16 14:51:10 |   Found 4 source nodes with paths to outcome 50
2026-04-16 14:51:10 |   Found 4 source nodes with paths to outcome 50
2026-04-16 14:51:10 |   Found 4 source nodes with paths to outcome 50
2026-04-16 14:51:10 |   Found 4 source nodes with paths to outcome 50
2026-04-16 14:51:10 |   Found 4 source nodes with paths to outcome 50
2026-04-16 14:51:10 |   Found 4 source nodes with paths to outcome 50
2026-04-16 14:51:10 |   Found 4 source nodes with paths to outcome 50
2026-04-16 14:51:10 |   Found 4 source nodes with paths to outcome 50
2026-04-16 14:51:10 |   Found 4 source nodes with paths to outcome 50
2026-04-16 14:51:10 |   Found 4 source nodes with paths to outcome 50
2026-04-16 14:51:10 |   Found 4 source nodes with paths to outcome 50
2026-04-16 14:51:11 |   Found 4 source nodes with paths to outcome 50
2026-04-16 14:51:11 |   Found 4 source nodes with paths to outcome 50
2026-04-16 14:51:11 |   Found 4 source nodes with paths to outcome 50
2026-04-16 14:51:11 |   Found 4 source nodes with paths to outcome 50
2026-04-16 14:51:11 |   Found 4 source nodes with paths to outcome 50
2026-04-16 14:51:11 |   Found 4 source nodes with paths to outcome 50
2026-04-16 14:51:11 |   Found 4 source nodes with paths to outcome 50
2026-04-16 14:51:11 |   Found 4 source nodes with paths to outcome 50
2026-04-16 14:51:11 |   Found 4 source nodes with paths to outcome 50
2026-04-16 14:51:11 |   Found 4 source nodes with paths to outcome 50
2026-04-16 14:51:11 |   Found 4 source nodes with paths to outcome 50
2026-04-16 14:51:11 |   Found 4 source nodes with paths to outcome 50
2026-04-16 14:51:11 |   Found 4 source nodes with paths to outcome 50
2026-04-16 14:51:11 |   Found 4 source nodes with paths to outcome 50
2026-04-16 14:51:11 |   Found 4 source nodes with paths to outcome 50
2026-04-16 14:51:11 |   Found 4 source nodes with paths to outcome 50
2026-04-16 14:51:11 |   Found 4 source nodes with paths to outcome 50
2026-04-16 14:51:11 |   Found 4 source nodes with paths to outcome 50
2026-04-16 14:51:11 |   Found 4 source nodes with paths to outcome 50
2026-04-16 14:51:11 |   Found 4 source nodes with paths to outcome 50
2026-04-16 14:51:11 |   Found 4 source nodes with paths to outcome 50
2026-04-16 14:51:11 |   Found 4 source nodes with paths to outcome 50
2026-04-16 14:51:11 |   Found 4 source nodes with paths to outcome 50
2026-04-16 14:51:11 |   Found 4 source nodes with paths to outcome 50
2026-04-16 14:51:11 |   Found 4 source nodes with paths to outcome 50
2026-04-16 14:51:11 |   Found 4 source nodes with paths to outcome 50
2026-04-16 14:51:11 |   Found 4 source nodes with paths to outcome 50
2026-04-16 14:51:11 |   Found 4 source nodes with paths to outcome 50
2026-04-16 14:51:11 |   Found 4 source nodes with paths to outcome 50
2026-04-16 14:51:11 |   Found 4 source nodes with paths to outcome 50
2026-04-16 14:51:12 |   Found 4 source nodes with paths to outcome 50
2026-04-16 14:51:12 |   Found 4 source nodes with paths to outcome 50
2026-04-16 14:51:12 |   Found 4 source nodes with paths to outcome 50
2026-04-16 14:51:12 |   Found 4 source nodes with paths to outcome 50
2026-04-16 14:51:12 |   Found 4 source nodes with paths to outcome 50
2026-04-16 14:51:12 |   Found 4 source nodes with paths to outcome 50
2026-04-16 14:51:12 |   Found 4 source nodes with paths to outcome 50
2026-04-16 14:51:12 |   Found 4 source nodes with paths to outcome 50
2026-04-16 14:51:12 |   Found 4 source nodes with paths to outcome 50
2026-04-16 14:51:12 |   Found 4 source nodes with paths to outcome 50
2026-04-16 14:51:12 |   Found 4 source nodes with paths to outcome 50
2026-04-16 14:51:12 |   Found 4 source nodes with paths to outcome 50
2026-04-16 14:51:12 |   Found 4 source nodes with paths to outcome 50
2026-04-16 14:51:12 |   Found 4 source nodes with paths to outcome 50
2026-04-16 14:51:12 |   Found 4 source nodes with paths to outcome 50
2026-04-16 14:51:12 |   Found 4 source nodes with paths to outcome 50
2026-04-16 14:51:12 |   Found 4 source nodes with paths to outcome 50
2026-04-16 14:51:12 |   Found 4 source nodes with paths to outcome 50
2026-04-16 14:51:12 |   Found 4 source nodes with paths to outcome 50
2026-04-16 14:51:12 |   Found 4 source nodes with paths to outcome 50
2026-04-16 14:51:12 |   Found 4 source nodes with paths to outcome 50
2026-04-16 14:51:12 |   Found 4 source nodes with paths to outcome 50
2026-04-16 14:51:12 |   Found 4 source nodes with paths to outcome 50
2026-04-16 14:51:12 |   Found 4 source nodes with paths to outcome 50
2026-04-16 14:51:12 |   Found 4 source nodes with paths to outcome 50
2026-04-16 14:51:12 |   Found 4 source nodes with paths to outcome 50
2026-04-16 14:51:12 |   Found 4 source nodes with paths to outcome 50
2026-04-16 14:51:12 |   Found 4 source nodes with paths to outcome 50
2026-04-16 14:51:12 |   Found 4 source nodes with paths to outcome 50
2026-04-16 14:51:12 |   Found 4 source nodes with paths to outcome 50
2026-04-16 14:51:12 |   Found 4 source nodes with paths to outcome 50
2026-04-16 14:51:12 |   Found 4 source nodes with paths to outcome 50
2026-04-16 14:51:12 |   Found 4 source nodes with paths to outcome 50
2026-04-16 14:51:12 |   Found 4 source nodes with paths to outcome 50
2026-04-16 14:51:13 |   Found 4 source nodes with paths to outcome 50
2026-04-16 14:51:13 |   Found 4 source nodes with paths to outcome 50
2026-04-16 14:51:13 |   Found 4 source nodes with paths to outcome 50
2026-04-16 14:51:13 |   Found 4 source nodes with paths to outcome 50
2026-04-16 14:51:13 |   Found 4 source nodes with paths to outcome 50
2026-04-16 14:51:13 |   Found 4 source nodes with paths to outcome 50
2026-04-16 14:51:13 |   Found 4 source nodes with paths to outcome 50
2026-04-16 14:51:13 |   Found 4 source nodes with paths to outcome 50
2026-04-16 14:51:13 |   Found 4 source nodes with paths to outcome 50
2026-04-16 14:51:13 |   Found 4 source nodes with paths to outcome 50
2026-04-16 14:51:13 |   Found 4 source nodes with paths to outcome 50
2026-04-16 14:51:13 |   Found 4 source nodes with paths to outcome 50
2026-04-16 14:51:13 |   Found 4 source nodes with paths to outcome 50
2026-04-16 14:51:13 |   Found 4 source nodes with paths to outcome 50
2026-04-16 14:51:13 |   Found 4 source nodes with paths to outcome 50
2026-04-16 14:51:13 |   Found 4 source nodes with paths to outcome 50
2026-04-16 14:51:13 |   Found 4 source nodes with paths to outcome 50
2026-04-16 14:51:13 |   Found 4 source nodes with paths to outcome 50
2026-04-16 14:51:13 |   Found 4 source nodes with paths to outcome 50
2026-04-16 14:51:13 |   Found 4 source nodes with paths to outcome 50
2026-04-16 14:51:13 |   Found 4 source nodes with paths to outcome 50
2026-04-16 14:51:13 |   Found 4 source nodes with paths to outcome 50
2026-04-16 14:51:13 |   Found 4 source nodes with paths to outcome 50
2026-04-16 14:51:13 |   Found 4 source nodes with paths to outcome 50
2026-04-16 14:51:13 |   Found 4 source nodes with paths to outcome 50
2026-04-16 14:51:13 |   Found 4 source nodes with paths to outcome 50
2026-04-16 14:51:13 |   Found 4 source nodes with paths to outcome 50
2026-04-16 14:51:13 |   Found 4 source nodes with paths to outcome 50
2026-04-16 14:51:13 |   Found 4 source nodes with paths to outcome 50
2026-04-16 14:51:13 |   Found 4 source nodes with paths to outcome 50
2026-04-16 14:51:13 |   Found 4 source nodes with paths to outcome 50
2026-04-16 14:51:13 |   Found 4 source nodes with paths to outcome 50
2026-04-16 14:51:13 |   Found 4 source nodes with paths to outcome 50
2026-04-16 14:51:13 |   Found 4 source nodes with paths to outcome 50
2026-04-16 14:51:14 |   Found 4 source nodes with paths to outcome 50
2026-04-16 14:51:14 |   Found 4 source nodes with paths to outcome 50
2026-04-16 14:51:14 |   Found 4 source nodes with paths to outcome 50
2026-04-16 14:51:14 |   Found 4 source nodes with paths to outcome 50
2026-04-16 14:51:14 |   Found 4 source nodes with paths to outcome 50
2026-04-16 14:51:14 |   Found 4 source nodes with paths to outcome 50
2026-04-16 14:51:14 |   Found 4 source nodes with paths to outcome 50
2026-04-16 14:51:14 |   Found 4 source nodes with paths to outcome 50
2026-04-16 14:51:14 |   Found 4 source nodes with paths to outcome 50
2026-04-16 14:51:14 |   Found 4 source nodes with paths to outcome 50
2026-04-16 14:51:14 |   Found 4 source nodes with paths to outcome 50
2026-04-16 14:51:14 |   Found 4 source nodes with paths to outcome 50
2026-04-16 14:51:14 |   Found 4 source nodes with paths to outcome 50
2026-04-16 14:51:14 |   Found 4 source nodes with paths to outcome 50
2026-04-16 14:51:14 |   Found 4 source nodes with paths to outcome 50
2026-04-16 14:51:14 |   Found 4 source nodes with paths to outcome 50
2026-04-16 14:51:14 |   Found 4 source nodes with paths to outcome 50
2026-04-16 14:51:14 |   Found 4 source nodes with paths to outcome 50
2026-04-16 14:51:14 |   Found 4 source nodes with paths to outcome 50
2026-04-16 14:51:14 |   Found 4 source nodes with paths to outcome 50
2026-04-16 14:51:14 |   Found 4 source nodes with paths to outcome 50
2026-04-16 14:51:14 |   Found 4 source nodes with paths to outcome 50
2026-04-16 14:51:14 |   Found 4 source nodes with paths to outcome 50
2026-04-16 14:51:14 |   Found 4 source nodes with paths to outcome 50
2026-04-16 14:51:14 |   Found 4 source nodes with paths to outcome 50
2026-04-16 14:51:14 |   Found 4 source nodes with paths to outcome 50
2026-04-16 14:51:14 |   Found 4 source nodes with paths to outcome 50
2026-04-16 14:51:14 |   Found 4 source nodes with paths to outcome 50
2026-04-16 14:51:14 |   Found 4 source nodes with paths to outcome 50
2026-04-16 14:51:14 |   Found 4 source nodes with paths to outcome 50
2026-04-16 14:51:14 |   Found 4 source nodes with paths to outcome 50
2026-04-16 14:51:14 |   Completed 60/100 instances
2026-04-16 14:51:14 |   Found 4 source nodes with paths to outcome 50
2026-04-16 14:51:15 |   Found 4 source nodes with paths to outcome 50
2026-04-16 14:51:15 |   Found 4 source nodes with paths to outcome 50
2026-04-16 14:51:15 |   Found 4 source nodes with paths to outcome 50
2026-04-16 14:51:15 |   Found 4 source nodes with paths to outcome 50
2026-04-16 14:51:15 |   Found 4 source nodes with paths to outcome 50
2026-04-16 14:51:15 |   Found 4 source nodes with paths to outcome 50
2026-04-16 14:51:15 |   Found 4 source nodes with paths to outcome 50
2026-04-16 14:51:15 |   Found 4 source nodes with paths to outcome 50
2026-04-16 14:51:15 |   Found 4 source nodes with paths to outcome 50
2026-04-16 14:51:15 |   Found 4 source nodes with paths to outcome 50
2026-04-16 14:51:15 |   Found 4 source nodes with paths to outcome 50
2026-04-16 14:51:15 |   Found 4 source nodes with paths to outcome 50
2026-04-16 14:51:15 |   Found 4 source nodes with paths to outcome 50
2026-04-16 14:51:15 |   Found 4 source nodes with paths to outcome 50
2026-04-16 14:51:15 |   Found 4 source nodes with paths to outcome 50
2026-04-16 14:51:15 |   Found 4 source nodes with paths to outcome 50
2026-04-16 14:51:15 |   Found 4 source nodes with paths to outcome 50
2026-04-16 14:51:15 |   Found 4 source nodes with paths to outcome 50
2026-04-16 14:51:15 |   Found 4 source nodes with paths to outcome 50
2026-04-16 14:51:15 |   Found 4 source nodes with paths to outcome 50
2026-04-16 14:51:15 |   Found 4 source nodes with paths to outcome 50
2026-04-16 14:51:15 |   Found 4 source nodes with paths to outcome 50
2026-04-16 14:51:15 |   Found 4 source nodes with paths to outcome 50
2026-04-16 14:51:15 |   Found 4 source nodes with paths to outcome 50
2026-04-16 14:51:15 |   Found 4 source nodes with paths to outcome 50
2026-04-16 14:51:15 |   Found 4 source nodes with paths to outcome 50
2026-04-16 14:51:15 |   Found 4 source nodes with paths to outcome 50
2026-04-16 14:51:15 |   Found 4 source nodes with paths to outcome 50
2026-04-16 14:51:15 |   Found 4 source nodes with paths to outcome 50
2026-04-16 14:51:15 |   Found 4 source nodes with paths to outcome 50
2026-04-16 14:51:15 |   Found 4 source nodes with paths to outcome 50
2026-04-16 14:51:15 |   Found 4 source nodes with paths to outcome 50
2026-04-16 14:51:15 |   Found 4 source nodes with paths to outcome 50
2026-04-16 14:51:15 |   Found 4 source nodes with paths to outcome 50
2026-04-16 14:51:15 |   Found 4 source nodes with paths to outcome 50
2026-04-16 14:51:16 |   Found 4 source nodes with paths to outcome 50
2026-04-16 14:51:16 |   Found 4 source nodes with paths to outcome 50
2026-04-16 14:51:16 |   Found 4 source nodes with paths to outcome 50
2026-04-16 14:51:16 |   Found 4 source nodes with paths to outcome 50
2026-04-16 14:51:16 |   Found 4 source nodes with paths to outcome 50
2026-04-16 14:51:16 |   Found 4 source nodes with paths to outcome 50
2026-04-16 14:51:16 |   Found 4 source nodes with paths to outcome 50
2026-04-16 14:51:16 |   Found 4 source nodes with paths to outcome 50
2026-04-16 14:51:16 |   Found 4 source nodes with paths to outcome 50
2026-04-16 14:51:16 |   Found 4 source nodes with paths to outcome 50
2026-04-16 14:51:16 |   Found 4 source nodes with paths to outcome 50
2026-04-16 14:51:16 |   Found 4 source nodes with paths to outcome 50
2026-04-16 14:51:16 |   Found 4 source nodes with paths to outcome 50
2026-04-16 14:51:16 |   Found 4 source nodes with paths to outcome 50
2026-04-16 14:51:16 |   Found 4 source nodes with paths to outcome 50
2026-04-16 14:51:16 |   Found 4 source nodes with paths to outcome 50
2026-04-16 14:51:16 |   Found 4 source nodes with paths to outcome 50
2026-04-16 14:51:16 |   Found 4 source nodes with paths to outcome 50
2026-04-16 14:51:16 |   Found 4 source nodes with paths to outcome 50
2026-04-16 14:51:16 |   Found 4 source nodes with paths to outcome 50
2026-04-16 14:51:16 |   Found 4 source nodes with paths to outcome 50
2026-04-16 14:51:16 |   Found 4 source nodes with paths to outcome 50
2026-04-16 14:51:16 |   Found 4 source nodes with paths to outcome 50
2026-04-16 14:51:16 |   Found 4 source nodes with paths to outcome 50
2026-04-16 14:51:16 |   Found 4 source nodes with paths to outcome 50
2026-04-16 14:51:16 |   Found 4 source nodes with paths to outcome 50
2026-04-16 14:51:16 |   Found 4 source nodes with paths to outcome 50
2026-04-16 14:51:16 |   Found 4 source nodes with paths to outcome 50
2026-04-16 14:51:16 |   Found 4 source nodes with paths to outcome 50
2026-04-16 14:51:16 |   Found 4 source nodes with paths to outcome 50
2026-04-16 14:51:16 |   Found 4 source nodes with paths to outcome 50
2026-04-16 14:51:16 |   Found 4 source nodes with paths to outcome 50
2026-04-16 14:51:16 |   Found 4 source nodes with paths to outcome 50
2026-04-16 14:51:16 |   Found 4 source nodes with paths to outcome 50
2026-04-16 14:51:17 |   Found 4 source nodes with paths to outcome 50
2026-04-16 14:51:17 |   Found 4 source nodes with paths to outcome 50
2026-04-16 14:51:17 |   Found 4 source nodes with paths to outcome 50
2026-04-16 14:51:17 |   Found 4 source nodes with paths to outcome 50
2026-04-16 14:51:17 |   Found 4 source nodes with paths to outcome 50
2026-04-16 14:51:17 |   Found 4 source nodes with paths to outcome 50
2026-04-16 14:51:17 |   Found 4 source nodes with paths to outcome 50
2026-04-16 14:51:17 |   Found 4 source nodes with paths to outcome 50
2026-04-16 14:51:17 |   Found 4 source nodes with paths to outcome 50
2026-04-16 14:51:17 |   Found 4 source nodes with paths to outcome 50
2026-04-16 14:51:17 |   Found 4 source nodes with paths to outcome 50
2026-04-16 14:51:17 |   Found 4 source nodes with paths to outcome 50
2026-04-16 14:51:17 |   Found 4 source nodes with paths to outcome 50
2026-04-16 14:51:17 |   Found 4 source nodes with paths to outcome 50
2026-04-16 14:51:17 |   Found 4 source nodes with paths to outcome 50
2026-04-16 14:51:17 |   Found 4 source nodes with paths to outcome 50
2026-04-16 14:51:17 |   Found 4 source nodes with paths to outcome 50
2026-04-16 14:51:17 |   Found 4 source nodes with paths to outcome 50
2026-04-16 14:51:17 |   Found 4 source nodes with paths to outcome 50
2026-04-16 14:51:17 |   Found 4 source nodes with paths to outcome 50
2026-04-16 14:51:17 |   Found 4 source nodes with paths to outcome 50
2026-04-16 14:51:17 |   Found 4 source nodes with paths to outcome 50
2026-04-16 14:51:17 |   Found 4 source nodes with paths to outcome 50
2026-04-16 14:51:17 |   Found 4 source nodes with paths to outcome 50
2026-04-16 14:51:17 |   Found 4 source nodes with paths to outcome 50
2026-04-16 14:51:17 |   Found 4 source nodes with paths to outcome 50
2026-04-16 14:51:17 |   Found 4 source nodes with paths to outcome 50
2026-04-16 14:51:17 |   Found 4 source nodes with paths to outcome 50
2026-04-16 14:51:17 |   Found 4 source nodes with paths to outcome 50
2026-04-16 14:51:17 |   Found 4 source nodes with paths to outcome 50
2026-04-16 14:51:17 |   Found 4 source nodes with paths to outcome 50
2026-04-16 14:51:17 |   Found 4 source nodes with paths to outcome 50
2026-04-16 14:51:17 |   Found 4 source nodes with paths to outcome 50
2026-04-16 14:51:17 |   Found 4 source nodes with paths to outcome 50
2026-04-16 14:51:17 |   Found 4 source nodes with paths to outcome 50
2026-04-16 14:51:18 |   Found 4 source nodes with paths to outcome 50
2026-04-16 14:51:18 |   Found 4 source nodes with paths to outcome 50
2026-04-16 14:51:18 |   Found 4 source nodes with paths to outcome 50
2026-04-16 14:51:18 |   Found 4 source nodes with paths to outcome 50
2026-04-16 14:51:18 |   Found 4 source nodes with paths to outcome 50
2026-04-16 14:51:18 |   Found 4 source nodes with paths to outcome 50
2026-04-16 14:51:18 |   Found 4 source nodes with paths to outcome 50
2026-04-16 14:51:18 |   Found 4 source nodes with paths to outcome 50
2026-04-16 14:51:18 |   Found 4 source nodes with paths to outcome 50
2026-04-16 14:51:18 |   Found 4 source nodes with paths to outcome 50
2026-04-16 14:51:18 |   Found 4 source nodes with paths to outcome 50
2026-04-16 14:51:18 |   Found 4 source nodes with paths to outcome 50
2026-04-16 14:51:18 |   Found 4 source nodes with paths to outcome 50
2026-04-16 14:51:18 |   Found 4 source nodes with paths to outcome 50
2026-04-16 14:51:18 |   Found 4 source nodes with paths to outcome 50
2026-04-16 14:51:18 |   Found 4 source nodes with paths to outcome 50
2026-04-16 14:51:18 |   Found 4 source nodes with paths to outcome 50
2026-04-16 14:51:18 |   Found 4 source nodes with paths to outcome 50
2026-04-16 14:51:18 |   Found 4 source nodes with paths to outcome 50
2026-04-16 14:51:18 |   Found 4 source nodes with paths to outcome 50
2026-04-16 14:51:18 |   Found 4 source nodes with paths to outcome 50
2026-04-16 14:51:18 |   Found 4 source nodes with paths to outcome 50
2026-04-16 14:51:18 |   Found 4 source nodes with paths to outcome 50
2026-04-16 14:51:18 |   Found 4 source nodes with paths to outcome 50
2026-04-16 14:51:18 |   Found 4 source nodes with paths to outcome 50
2026-04-16 14:51:18 |   Found 4 source nodes with paths to outcome 50
2026-04-16 14:51:18 |   Found 4 source nodes with paths to outcome 50
2026-04-16 14:51:18 |   Found 4 source nodes with paths to outcome 50
2026-04-16 14:51:18 |   Found 4 source nodes with paths to outcome 50
2026-04-16 14:51:18 |   Found 4 source nodes with paths to outcome 50
2026-04-16 14:51:18 |   Found 4 source nodes with paths to outcome 50
2026-04-16 14:51:18 |   Found 4 source nodes with paths to outcome 50
2026-04-16 14:51:18 |   Found 4 source nodes with paths to outcome 50
2026-04-16 14:51:19 |   Found 4 source nodes with paths to outcome 50
2026-04-16 14:51:19 |   Found 4 source nodes with paths to outcome 50
2026-04-16 14:51:19 |   Found 4 source nodes with paths to outcome 50
2026-04-16 14:51:19 |   Found 4 source nodes with paths to outcome 50
2026-04-16 14:51:19 |   Found 4 source nodes with paths to outcome 50
2026-04-16 14:51:19 |   Found 4 source nodes with paths to outcome 50
2026-04-16 14:51:19 |   Found 4 source nodes with paths to outcome 50
2026-04-16 14:51:19 |   Found 4 source nodes with paths to outcome 50
2026-04-16 14:51:19 |   Found 4 source nodes with paths to outcome 50
2026-04-16 14:51:19 |   Found 4 source nodes with paths to outcome 50
2026-04-16 14:51:19 |   Found 4 source nodes with paths to outcome 50
2026-04-16 14:51:19 |   Found 4 source nodes with paths to outcome 50
2026-04-16 14:51:19 |   Found 4 source nodes with paths to outcome 50
2026-04-16 14:51:19 |   Found 4 source nodes with paths to outcome 50
2026-04-16 14:51:19 |   Found 4 source nodes with paths to outcome 50
2026-04-16 14:51:19 |   Found 4 source nodes with paths to outcome 50
2026-04-16 14:51:19 |   Found 4 source nodes with paths to outcome 50
2026-04-16 14:51:19 |   Found 4 source nodes with paths to outcome 50
2026-04-16 14:51:19 |   Found 4 source nodes with paths to outcome 50
2026-04-16 14:51:19 |   Found 4 source nodes with paths to outcome 50
2026-04-16 14:51:19 |   Found 4 source nodes with paths to outcome 50
2026-04-16 14:51:19 |   Found 4 source nodes with paths to outcome 50
2026-04-16 14:51:19 |   Found 4 source nodes with paths to outcome 50
2026-04-16 14:51:19 |   Found 4 source nodes with paths to outcome 50
2026-04-16 14:51:19 |   Found 4 source nodes with paths to outcome 50
2026-04-16 14:51:19 |   Found 4 source nodes with paths to outcome 50
2026-04-16 14:51:19 |   Found 4 source nodes with paths to outcome 50
2026-04-16 14:51:19 |   Found 4 source nodes with paths to outcome 50
2026-04-16 14:51:19 |   Found 4 source nodes with paths to outcome 50
2026-04-16 14:51:19 |   Found 4 source nodes with paths to outcome 50
2026-04-16 14:51:19 |   Found 4 source nodes with paths to outcome 50
2026-04-16 14:51:19 |   Found 4 source nodes with paths to outcome 50
2026-04-16 14:51:19 |   Found 4 source nodes with paths to outcome 50
2026-04-16 14:51:20 |   Found 4 source nodes with paths to outcome 50
2026-04-16 14:51:20 |   Found 4 source nodes with paths to outcome 50
2026-04-16 14:51:20 |   Found 4 source nodes with paths to outcome 50
2026-04-16 14:51:20 |   Found 4 source nodes with paths to outcome 50
2026-04-16 14:51:20 |   Found 4 source nodes with paths to outcome 50
2026-04-16 14:51:20 |   Found 4 source nodes with paths to outcome 50
2026-04-16 14:51:20 |   Found 4 source nodes with paths to outcome 50
2026-04-16 14:51:20 |   Found 4 source nodes with paths to outcome 50
2026-04-16 14:51:20 |   Found 4 source nodes with paths to outcome 50
2026-04-16 14:51:20 |   Found 4 source nodes with paths to outcome 50
2026-04-16 14:51:20 |   Found 4 source nodes with paths to outcome 50
2026-04-16 14:51:20 |   Found 4 source nodes with paths to outcome 50
2026-04-16 14:51:20 |   Found 4 source nodes with paths to outcome 50
2026-04-16 14:51:20 |   Found 4 source nodes with paths to outcome 50
2026-04-16 14:51:20 |   Found 4 source nodes with paths to outcome 50
2026-04-16 14:51:20 |   Found 4 source nodes with paths to outcome 50
2026-04-16 14:51:20 |   Found 4 source nodes with paths to outcome 50
2026-04-16 14:51:20 |   Found 4 source nodes with paths to outcome 50
2026-04-16 14:51:20 |   Found 4 source nodes with paths to outcome 50
2026-04-16 14:51:20 |   Found 4 source nodes with paths to outcome 50
2026-04-16 14:51:20 |   Found 4 source nodes with paths to outcome 50
2026-04-16 14:51:20 |   Found 4 source nodes with paths to outcome 50
2026-04-16 14:51:20 |   Found 4 source nodes with paths to outcome 50
2026-04-16 14:51:20 |   Found 4 source nodes with paths to outcome 50
2026-04-16 14:51:20 |   Found 4 source nodes with paths to outcome 50
2026-04-16 14:51:20 |   Found 4 source nodes with paths to outcome 50
2026-04-16 14:51:20 |   Found 4 source nodes with paths to outcome 50
2026-04-16 14:51:20 |   Found 4 source nodes with paths to outcome 50
2026-04-16 14:51:20 |   Found 4 source nodes with paths to outcome 50
2026-04-16 14:51:20 |   Found 4 source nodes with paths to outcome 50
2026-04-16 14:51:20 |   Found 4 source nodes with paths to outcome 50
2026-04-16 14:51:20 |   Found 4 source nodes with paths to outcome 50
2026-04-16 14:51:20 |   Found 4 source nodes with paths to outcome 50
2026-04-16 14:51:20 |   Found 4 source nodes with paths to outcome 50
2026-04-16 14:51:21 |   Found 4 source nodes with paths to outcome 50
2026-04-16 14:51:21 |   Found 4 source nodes with paths to outcome 50
2026-04-16 14:51:21 |   Found 4 source nodes with paths to outcome 50
2026-04-16 14:51:21 |   Found 4 source nodes with paths to outcome 50
2026-04-16 14:51:21 |   Found 4 source nodes with paths to outcome 50
2026-04-16 14:51:21 |   Found 4 source nodes with paths to outcome 50
2026-04-16 14:51:21 |   Found 4 source nodes with paths to outcome 50
2026-04-16 14:51:21 |   Found 4 source nodes with paths to outcome 50
2026-04-16 14:51:21 |   Found 4 source nodes with paths to outcome 50
2026-04-16 14:51:21 |   Found 4 source nodes with paths to outcome 50
2026-04-16 14:51:21 |   Found 4 source nodes with paths to outcome 50
2026-04-16 14:51:21 |   Found 4 source nodes with paths to outcome 50
2026-04-16 14:51:21 |   Found 4 source nodes with paths to outcome 50
2026-04-16 14:51:21 |   Found 4 source nodes with paths to outcome 50
2026-04-16 14:51:21 |   Found 4 source nodes with paths to outcome 50
2026-04-16 14:51:21 |   Found 4 source nodes with paths to outcome 50
2026-04-16 14:51:21 |   Found 4 source nodes with paths to outcome 50
2026-04-16 14:51:21 |   Found 4 source nodes with paths to outcome 50
2026-04-16 14:51:21 |   Found 4 source nodes with paths to outcome 50
2026-04-16 14:51:21 |   Found 4 source nodes with paths to outcome 50
2026-04-16 14:51:21 |   Found 4 source nodes with paths to outcome 50
2026-04-16 14:51:21 |   Found 4 source nodes with paths to outcome 50
2026-04-16 14:51:21 |   Found 4 source nodes with paths to outcome 50
2026-04-16 14:51:21 |   Found 4 source nodes with paths to outcome 50
2026-04-16 14:51:21 |   Found 4 source nodes with paths to outcome 50
2026-04-16 14:51:21 |   Found 4 source nodes with paths to outcome 50
2026-04-16 14:51:21 |   Found 4 source nodes with paths to outcome 50
2026-04-16 14:51:21 |   Found 4 source nodes with paths to outcome 50
2026-04-16 14:51:21 |   Found 4 source nodes with paths to outcome 50
2026-04-16 14:51:21 |   Found 4 source nodes with paths to outcome 50
2026-04-16 14:51:21 |   Found 4 source nodes with paths to outcome 50
2026-04-16 14:51:21 |   Found 4 source nodes with paths to outcome 50
2026-04-16 14:51:22 |   Found 4 source nodes with paths to outcome 50
2026-04-16 14:51:22 |   Found 4 source nodes with paths to outcome 50
2026-04-16 14:51:22 |   Found 4 source nodes with paths to outcome 50
2026-04-16 14:51:22 |   Found 4 source nodes with paths to outcome 50
2026-04-16 14:51:22 |   Found 4 source nodes with paths to outcome 50
2026-04-16 14:51:22 |   Found 4 source nodes with paths to outcome 50
2026-04-16 14:51:22 |   Found 4 source nodes with paths to outcome 50
2026-04-16 14:51:22 |   Found 4 source nodes with paths to outcome 50
2026-04-16 14:51:22 |   Found 4 source nodes with paths to outcome 50
2026-04-16 14:51:22 |   Found 4 source nodes with paths to outcome 50
2026-04-16 14:51:22 |   Found 4 source nodes with paths to outcome 50
2026-04-16 14:51:22 |   Found 4 source nodes with paths to outcome 50
2026-04-16 14:51:22 |   Found 4 source nodes with paths to outcome 50
2026-04-16 14:51:22 |   Found 4 source nodes with paths to outcome 50
2026-04-16 14:51:22 |   Found 4 source nodes with paths to outcome 50
2026-04-16 14:51:22 |   Found 4 source nodes with paths to outcome 50
2026-04-16 14:51:22 |   Found 4 source nodes with paths to outcome 50
2026-04-16 14:51:22 |   Found 4 source nodes with paths to outcome 50
2026-04-16 14:51:22 |   Found 4 source nodes with paths to outcome 50
2026-04-16 14:51:22 |   Found 4 source nodes with paths to outcome 50
2026-04-16 14:51:22 |   Found 4 source nodes with paths to outcome 50
2026-04-16 14:51:22 |   Found 4 source nodes with paths to outcome 50
2026-04-16 14:51:22 |   Found 4 source nodes with paths to outcome 50
2026-04-16 14:51:22 |   Found 4 source nodes with paths to outcome 50
2026-04-16 14:51:22 |   Found 4 source nodes with paths to outcome 50
2026-04-16 14:51:22 |   Found 4 source nodes with paths to outcome 50
2026-04-16 14:51:22 |   Found 4 source nodes with paths to outcome 50
2026-04-16 14:51:22 |   Found 4 source nodes with paths to outcome 50
2026-04-16 14:51:22 |   Found 4 source nodes with paths to outcome 50
2026-04-16 14:51:22 |   Found 4 source nodes with paths to outcome 50
2026-04-16 14:51:22 |   Found 4 source nodes with paths to outcome 50
2026-04-16 14:51:22 |   Found 4 source nodes with paths to outcome 50
2026-04-16 14:51:22 |   Found 4 source nodes with paths to outcome 50
2026-04-16 14:51:23 |   Found 4 source nodes with paths to outcome 50
2026-04-16 14:51:23 |   Found 4 source nodes with paths to outcome 50
2026-04-16 14:51:23 |   Found 4 source nodes with paths to outcome 50
2026-04-16 14:51:23 |   Found 4 source nodes with paths to outcome 50
2026-04-16 14:51:23 |   Found 4 source nodes with paths to outcome 50
2026-04-16 14:51:23 |   Found 4 source nodes with paths to outcome 50
2026-04-16 14:51:23 |   Found 4 source nodes with paths to outcome 50
2026-04-16 14:51:23 |   Found 4 source nodes with paths to outcome 50
2026-04-16 14:51:23 |   Found 4 source nodes with paths to outcome 50
2026-04-16 14:51:23 |   Found 4 source nodes with paths to outcome 50
2026-04-16 14:51:23 |   Found 4 source nodes with paths to outcome 50
2026-04-16 14:51:23 |   Found 4 source nodes with paths to outcome 50
2026-04-16 14:51:23 |   Found 4 source nodes with paths to outcome 50
2026-04-16 14:51:23 |   Found 4 source nodes with paths to outcome 50
2026-04-16 14:51:23 |   Found 4 source nodes with paths to outcome 50
2026-04-16 14:51:23 |   Found 4 source nodes with paths to outcome 50
2026-04-16 14:51:23 |   Found 4 source nodes with paths to outcome 50
2026-04-16 14:51:23 |   Found 4 source nodes with paths to outcome 50
2026-04-16 14:51:23 |   Found 4 source nodes with paths to outcome 50
2026-04-16 14:51:23 |   Found 4 source nodes with paths to outcome 50
2026-04-16 14:51:23 |   Found 4 source nodes with paths to outcome 50
2026-04-16 14:51:23 |   Found 4 source nodes with paths to outcome 50
2026-04-16 14:51:23 |   Found 4 source nodes with paths to outcome 50
2026-04-16 14:51:23 |   Found 4 source nodes with paths to outcome 50
2026-04-16 14:51:23 |   Found 4 source nodes with paths to outcome 50
2026-04-16 14:51:23 |   Found 4 source nodes with paths to outcome 50
2026-04-16 14:51:23 |   Found 4 source nodes with paths to outcome 50
2026-04-16 14:51:23 |   Found 4 source nodes with paths to outcome 50
2026-04-16 14:51:23 |   Found 4 source nodes with paths to outcome 50
2026-04-16 14:51:23 |   Found 4 source nodes with paths to outcome 50
2026-04-16 14:51:23 |   Found 4 source nodes with paths to outcome 50
2026-04-16 14:51:23 |   Found 4 source nodes with paths to outcome 50
2026-04-16 14:51:23 |   Found 4 source nodes with paths to outcome 50
2026-04-16 14:51:24 |   Found 4 source nodes with paths to outcome 50
2026-04-16 14:51:24 |   Found 4 source nodes with paths to outcome 50
2026-04-16 14:51:24 |   Found 4 source nodes with paths to outcome 50
2026-04-16 14:51:24 |   Found 4 source nodes with paths to outcome 50
2026-04-16 14:51:24 |   Found 4 source nodes with paths to outcome 50
2026-04-16 14:51:24 |   Found 4 source nodes with paths to outcome 50
2026-04-16 14:51:24 |   Found 4 source nodes with paths to outcome 50
2026-04-16 14:51:24 |   Found 4 source nodes with paths to outcome 50
2026-04-16 14:51:24 |   Found 4 source nodes with paths to outcome 50
2026-04-16 14:51:24 |   Found 4 source nodes with paths to outcome 50
2026-04-16 14:51:24 |   Found 4 source nodes with paths to outcome 50
2026-04-16 14:51:24 |   Found 4 source nodes with paths to outcome 50
2026-04-16 14:51:24 |   Found 4 source nodes with paths to outcome 50
2026-04-16 14:51:24 |   Found 4 source nodes with paths to outcome 50
2026-04-16 14:51:24 |   Found 4 source nodes with paths to outcome 50
2026-04-16 14:51:24 |   Found 4 source nodes with paths to outcome 50
2026-04-16 14:51:24 |   Found 4 source nodes with paths to outcome 50
2026-04-16 14:51:24 |   Found 4 source nodes with paths to outcome 50
2026-04-16 14:51:24 |   Found 4 source nodes with paths to outcome 50
2026-04-16 14:51:24 |   Found 4 source nodes with paths to outcome 50
2026-04-16 14:51:24 |   Found 4 source nodes with paths to outcome 50
2026-04-16 14:51:24 |   Found 4 source nodes with paths to outcome 50
2026-04-16 14:51:24 |   Found 4 source nodes with paths to outcome 50
2026-04-16 14:51:24 |   Found 4 source nodes with paths to outcome 50
2026-04-16 14:51:24 |   Found 4 source nodes with paths to outcome 50
2026-04-16 14:51:24 |   Found 4 source nodes with paths to outcome 50
2026-04-16 14:51:24 |   Found 4 source nodes with paths to outcome 50
2026-04-16 14:51:24 |   Found 4 source nodes with paths to outcome 50
2026-04-16 14:51:24 |   Found 4 source nodes with paths to outcome 50
2026-04-16 14:51:24 |   Found 4 source nodes with paths to outcome 50
2026-04-16 14:51:24 |   Found 4 source nodes with paths to outcome 50
2026-04-16 14:51:24 |   Found 4 source nodes with paths to outcome 50
2026-04-16 14:51:24 |   Found 4 source nodes with paths to outcome 50
2026-04-16 14:51:24 |   Found 4 source nodes with paths to outcome 50
2026-04-16 14:51:25 |   Found 4 source nodes with paths to outcome 50
2026-04-16 14:51:25 |   Found 4 source nodes with paths to outcome 50
2026-04-16 14:51:25 |   Found 4 source nodes with paths to outcome 50
2026-04-16 14:51:25 |   Found 4 source nodes with paths to outcome 50
2026-04-16 14:51:25 |   Found 4 source nodes with paths to outcome 50
2026-04-16 14:51:25 |   Found 4 source nodes with paths to outcome 50
2026-04-16 14:51:25 |   Found 4 source nodes with paths to outcome 50
2026-04-16 14:51:25 |   Found 4 source nodes with paths to outcome 50
2026-04-16 14:51:25 |   Found 4 source nodes with paths to outcome 50
2026-04-16 14:51:25 |   Found 4 source nodes with paths to outcome 50
2026-04-16 14:51:25 |   Found 4 source nodes with paths to outcome 50
2026-04-16 14:51:25 |   Found 4 source nodes with paths to outcome 50
2026-04-16 14:51:25 |   Found 4 source nodes with paths to outcome 50
2026-04-16 14:51:25 |   Found 4 source nodes with paths to outcome 50
2026-04-16 14:51:25 |   Found 4 source nodes with paths to outcome 50
2026-04-16 14:51:25 |   Found 4 source nodes with paths to outcome 50
2026-04-16 14:51:25 |   Found 4 source nodes with paths to outcome 50
2026-04-16 14:51:25 |   Found 4 source nodes with paths to outcome 50
2026-04-16 14:51:25 |   Found 4 source nodes with paths to outcome 50
2026-04-16 14:51:25 |   Found 4 source nodes with paths to outcome 50
2026-04-16 14:51:25 |   Found 4 source nodes with paths to outcome 50
2026-04-16 14:51:25 |   Found 4 source nodes with paths to outcome 50
2026-04-16 14:51:25 |   Found 4 source nodes with paths to outcome 50
2026-04-16 14:51:25 |   Found 4 source nodes with paths to outcome 50
2026-04-16 14:51:25 |   Found 4 source nodes with paths to outcome 50
2026-04-16 14:51:25 |   Found 4 source nodes with paths to outcome 50
2026-04-16 14:51:25 |   Found 4 source nodes with paths to outcome 50
2026-04-16 14:51:25 |   Found 4 source nodes with paths to outcome 50
2026-04-16 14:51:25 |   Found 4 source nodes with paths to outcome 50
2026-04-16 14:51:25 |   Found 4 source nodes with paths to outcome 50
2026-04-16 14:51:25 |   Found 4 source nodes with paths to outcome 50
2026-04-16 14:51:25 |   Found 4 source nodes with paths to outcome 50
2026-04-16 14:51:25 |   Found 4 source nodes with paths to outcome 50
2026-04-16 14:51:26 |   Found 4 source nodes with paths to outcome 50
2026-04-16 14:51:26 |   Found 4 source nodes with paths to outcome 50
2026-04-16 14:51:26 |   Found 4 source nodes with paths to outcome 50
2026-04-16 14:51:26 |   Found 4 source nodes with paths to outcome 50
2026-04-16 14:51:26 |   Found 4 source nodes with paths to outcome 50
2026-04-16 14:51:26 |   Found 4 source nodes with paths to outcome 50
2026-04-16 14:51:26 |   Found 4 source nodes with paths to outcome 50
2026-04-16 14:51:26 |   Found 4 source nodes with paths to outcome 50
2026-04-16 14:51:26 |   Found 4 source nodes with paths to outcome 50
2026-04-16 14:51:26 |   Found 4 source nodes with paths to outcome 50
2026-04-16 14:51:26 |   Found 4 source nodes with paths to outcome 50
2026-04-16 14:51:26 |   Found 4 source nodes with paths to outcome 50
2026-04-16 14:51:26 |   Found 4 source nodes with paths to outcome 50
2026-04-16 14:51:26 |   Found 4 source nodes with paths to outcome 50
2026-04-16 14:51:26 |   Found 4 source nodes with paths to outcome 50
2026-04-16 14:51:26 |   Found 4 source nodes with paths to outcome 50
2026-04-16 14:51:26 |   Found 4 source nodes with paths to outcome 50
2026-04-16 14:51:26 |   Found 4 source nodes with paths to outcome 50
2026-04-16 14:51:26 |   Found 4 source nodes with paths to outcome 50
2026-04-16 14:51:26 |   Found 4 source nodes with paths to outcome 50
2026-04-16 14:51:26 |   Found 4 source nodes with paths to outcome 50
2026-04-16 14:51:26 |   Found 4 source nodes with paths to outcome 50
2026-04-16 14:51:26 |   Found 4 source nodes with paths to outcome 50
2026-04-16 14:51:26 |   Found 4 source nodes with paths to outcome 50
2026-04-16 14:51:26 |   Found 4 source nodes with paths to outcome 50
2026-04-16 14:51:26 |   Found 4 source nodes with paths to outcome 50
2026-04-16 14:51:26 |   Found 4 source nodes with paths to outcome 50
2026-04-16 14:51:26 |   Found 4 source nodes with paths to outcome 50
2026-04-16 14:51:26 |   Found 4 source nodes with paths to outcome 50
2026-04-16 14:51:26 |   Found 4 source nodes with paths to outcome 50
2026-04-16 14:51:26 |   Found 4 source nodes with paths to outcome 50
2026-04-16 14:51:26 |   Found 4 source nodes with paths to outcome 50
2026-04-16 14:51:26 |   Found 4 source nodes with paths to outcome 50
2026-04-16 14:51:26 |   Found 4 source nodes with paths to outcome 50
2026-04-16 14:51:27 |   Found 4 source nodes with paths to outcome 50
2026-04-16 14:51:27 |   Found 4 source nodes with paths to outcome 50
2026-04-16 14:51:27 |   Found 4 source nodes with paths to outcome 50
2026-04-16 14:51:27 |   Found 4 source nodes with paths to outcome 50
2026-04-16 14:51:27 |   Found 4 source nodes with paths to outcome 50
2026-04-16 14:51:27 |   Found 4 source nodes with paths to outcome 50
2026-04-16 14:51:27 |   Found 4 source nodes with paths to outcome 50
2026-04-16 14:51:27 |   Found 4 source nodes with paths to outcome 50
2026-04-16 14:51:27 |   Found 4 source nodes with paths to outcome 50
2026-04-16 14:51:27 |   Found 4 source nodes with paths to outcome 50
2026-04-16 14:51:27 |   Found 4 source nodes with paths to outcome 50
2026-04-16 14:51:27 |   Found 4 source nodes with paths to outcome 50
2026-04-16 14:51:27 |   Found 4 source nodes with paths to outcome 50
2026-04-16 14:51:27 |   Found 4 source nodes with paths to outcome 50
2026-04-16 14:51:27 |   Found 4 source nodes with paths to outcome 50
2026-04-16 14:51:27 |   Found 4 source nodes with paths to outcome 50
2026-04-16 14:51:27 |   Found 4 source nodes with paths to outcome 50
2026-04-16 14:51:27 |   Found 4 source nodes with paths to outcome 50
2026-04-16 14:51:27 |   Found 4 source nodes with paths to outcome 50
2026-04-16 14:51:27 |   Found 4 source nodes with paths to outcome 50
2026-04-16 14:51:27 |   Found 4 source nodes with paths to outcome 50
2026-04-16 14:51:27 |   Found 4 source nodes with paths to outcome 50
2026-04-16 14:51:27 |   Found 4 source nodes with paths to outcome 50
2026-04-16 14:51:27 |   Found 4 source nodes with paths to outcome 50
2026-04-16 14:51:27 |   Found 4 source nodes with paths to outcome 50
2026-04-16 14:51:27 |   Found 4 source nodes with paths to outcome 50
2026-04-16 14:51:27 |   Found 4 source nodes with paths to outcome 50
2026-04-16 14:51:27 |   Found 4 source nodes with paths to outcome 50
2026-04-16 14:51:27 |   Found 4 source nodes with paths to outcome 50
2026-04-16 14:51:27 |   Found 4 source nodes with paths to outcome 50
2026-04-16 14:51:27 |   Found 4 source nodes with paths to outcome 50
2026-04-16 14:51:27 |   Found 4 source nodes with paths to outcome 50
2026-04-16 14:51:28 |   Found 4 source nodes with paths to outcome 50
2026-04-16 14:51:28 |   Found 4 source nodes with paths to outcome 50
2026-04-16 14:51:28 |   Found 4 source nodes with paths to outcome 50
2026-04-16 14:51:28 |   Found 4 source nodes with paths to outcome 50
2026-04-16 14:51:28 |   Found 4 source nodes with paths to outcome 50
2026-04-16 14:51:28 |   Found 4 source nodes with paths to outcome 50
2026-04-16 14:51:28 |   Found 4 source nodes with paths to outcome 50
2026-04-16 14:51:28 |   Found 4 source nodes with paths to outcome 50
2026-04-16 14:51:28 |   Found 4 source nodes with paths to outcome 50
2026-04-16 14:51:28 |   Found 4 source nodes with paths to outcome 50
2026-04-16 14:51:28 |   Found 4 source nodes with paths to outcome 50
2026-04-16 14:51:28 |   Found 4 source nodes with paths to outcome 50
2026-04-16 14:51:28 |   Found 4 source nodes with paths to outcome 50
2026-04-16 14:51:28 |   Found 4 source nodes with paths to outcome 50
2026-04-16 14:51:28 |   Found 4 source nodes with paths to outcome 50
2026-04-16 14:51:28 |   Found 4 source nodes with paths to outcome 50
2026-04-16 14:51:28 |   Found 4 source nodes with paths to outcome 50
2026-04-16 14:51:28 |   Found 4 source nodes with paths to outcome 50
2026-04-16 14:51:28 |   Found 4 source nodes with paths to outcome 50
2026-04-16 14:51:28 |   Found 4 source nodes with paths to outcome 50
2026-04-16 14:51:28 |   Found 4 source nodes with paths to outcome 50
2026-04-16 14:51:28 |   Found 4 source nodes with paths to outcome 50
2026-04-16 14:51:28 |   Found 4 source nodes with paths to outcome 50
2026-04-16 14:51:28 |   Found 4 source nodes with paths to outcome 50
2026-04-16 14:51:28 |   Found 4 source nodes with paths to outcome 50
2026-04-16 14:51:28 |   Found 4 source nodes with paths to outcome 50
2026-04-16 14:51:28 |   Found 4 source nodes with paths to outcome 50
2026-04-16 14:51:28 |   Found 4 source nodes with paths to outcome 50
2026-04-16 14:51:28 |   Found 4 source nodes with paths to outcome 50
2026-04-16 14:51:28 |   Found 4 source nodes with paths to outcome 50
2026-04-16 14:51:28 |   Found 4 source nodes with paths to outcome 50
2026-04-16 14:51:28 |   Found 4 source nodes with paths to outcome 50
2026-04-16 14:51:28 |   Found 4 source nodes with paths to outcome 50
2026-04-16 14:51:28 |   Found 4 source nodes with paths to outcome 50
2026-04-16 14:51:29 |   Found 4 source nodes with paths to outcome 50
2026-04-16 14:51:29 |   Found 4 source nodes with paths to outcome 50
2026-04-16 14:51:29 |   Found 4 source nodes with paths to outcome 50
2026-04-16 14:51:29 |   Found 4 source nodes with paths to outcome 50
2026-04-16 14:51:29 |   Found 4 source nodes with paths to outcome 50
2026-04-16 14:51:29 |   Found 4 source nodes with paths to outcome 50
2026-04-16 14:51:29 |   Found 4 source nodes with paths to outcome 50
2026-04-16 14:51:29 |   Found 4 source nodes with paths to outcome 50
2026-04-16 14:51:29 |   Found 4 source nodes with paths to outcome 50
2026-04-16 14:51:29 |   Found 4 source nodes with paths to outcome 50
2026-04-16 14:51:29 |   Found 4 source nodes with paths to outcome 50
2026-04-16 14:51:29 |   Found 4 source nodes with paths to outcome 50
2026-04-16 14:51:29 |   Found 4 source nodes with paths to outcome 50
2026-04-16 14:51:29 |   Found 4 source nodes with paths to outcome 50
2026-04-16 14:51:29 |   Found 4 source nodes with paths to outcome 50
2026-04-16 14:51:29 |   Found 4 source nodes with paths to outcome 50
2026-04-16 14:51:29 |   Found 4 source nodes with paths to outcome 50
2026-04-16 14:51:29 |   Found 4 source nodes with paths to outcome 50
2026-04-16 14:51:29 |   Found 4 source nodes with paths to outcome 50
2026-04-16 14:51:29 |   Found 4 source nodes with paths to outcome 50
2026-04-16 14:51:29 |   Found 4 source nodes with paths to outcome 50
2026-04-16 14:51:29 |   Found 4 source nodes with paths to outcome 50
2026-04-16 14:51:29 |   Found 4 source nodes with paths to outcome 50
2026-04-16 14:51:29 |   Found 4 source nodes with paths to outcome 50
2026-04-16 14:51:29 |   Found 4 source nodes with paths to outcome 50
2026-04-16 14:51:29 |   Found 4 source nodes with paths to outcome 50
2026-04-16 14:51:29 |   Found 4 source nodes with paths to outcome 50
2026-04-16 14:51:29 |   Found 4 source nodes with paths to outcome 50
2026-04-16 14:51:29 |   Found 4 source nodes with paths to outcome 50
2026-04-16 14:51:29 |   Found 4 source nodes with paths to outcome 50
2026-04-16 14:51:29 |   Found 4 source nodes with paths to outcome 50
2026-04-16 14:51:29 |   Found 4 source nodes with paths to outcome 50
2026-04-16 14:51:29 |   Found 4 source nodes with paths to outcome 50
2026-04-16 14:51:30 |   Found 4 source nodes with paths to outcome 50
2026-04-16 14:51:30 |   Found 4 source nodes with paths to outcome 50
2026-04-16 14:51:30 |   Found 4 source nodes with paths to outcome 50
2026-04-16 14:51:30 |   Found 4 source nodes with paths to outcome 50
2026-04-16 14:51:30 |   Found 4 source nodes with paths to outcome 50
2026-04-16 14:51:30 |   Found 4 source nodes with paths to outcome 50
2026-04-16 14:51:30 |   Found 4 source nodes with paths to outcome 50
2026-04-16 14:51:30 |   Found 4 source nodes with paths to outcome 50
2026-04-16 14:51:30 |   Found 4 source nodes with paths to outcome 50
2026-04-16 14:51:30 |   Found 4 source nodes with paths to outcome 50
2026-04-16 14:51:30 |   Found 4 source nodes with paths to outcome 50
2026-04-16 14:51:30 |   Found 4 source nodes with paths to outcome 50
2026-04-16 14:51:30 |   Found 4 source nodes with paths to outcome 50
2026-04-16 14:51:30 |   Found 4 source nodes with paths to outcome 50
2026-04-16 14:51:30 |   Found 4 source nodes with paths to outcome 50
2026-04-16 14:51:30 |   Found 4 source nodes with paths to outcome 50
2026-04-16 14:51:30 |   Found 4 source nodes with paths to outcome 50
2026-04-16 14:51:30 |   Found 4 source nodes with paths to outcome 50
2026-04-16 14:51:30 |   Found 4 source nodes with paths to outcome 50
2026-04-16 14:51:30 |   Found 4 source nodes with paths to outcome 50
2026-04-16 14:51:30 |   Found 4 source nodes with paths to outcome 50
2026-04-16 14:51:30 |   Found 4 source nodes with paths to outcome 50
2026-04-16 14:51:30 |   Found 4 source nodes with paths to outcome 50
2026-04-16 14:51:30 |   Found 4 source nodes with paths to outcome 50
2026-04-16 14:51:30 |   Found 4 source nodes with paths to outcome 50
2026-04-16 14:51:30 |   Found 4 source nodes with paths to outcome 50
2026-04-16 14:51:30 |   Found 4 source nodes with paths to outcome 50
2026-04-16 14:51:30 |   Found 4 source nodes with paths to outcome 50
2026-04-16 14:51:30 |   Found 4 source nodes with paths to outcome 50
2026-04-16 14:51:30 |   Found 4 source nodes with paths to outcome 50
2026-04-16 14:51:30 |   Found 4 source nodes with paths to outcome 50
2026-04-16 14:51:30 |   Found 4 source nodes with paths to outcome 50
2026-04-16 14:51:30 |   Found 4 source nodes with paths to outcome 50
2026-04-16 14:51:30 |   Found 4 source nodes with paths to outcome 50
2026-04-16 14:51:30 |   Found 4 source nodes with paths to outcome 50
2026-04-16 14:51:31 |   Found 4 source nodes with paths to outcome 50
2026-04-16 14:51:31 |   Found 4 source nodes with paths to outcome 50
2026-04-16 14:51:31 |   Found 4 source nodes with paths to outcome 50
2026-04-16 14:51:31 |   Found 4 source nodes with paths to outcome 50
2026-04-16 14:51:31 |   Found 4 source nodes with paths to outcome 50
2026-04-16 14:51:31 |   Found 4 source nodes with paths to outcome 50
2026-04-16 14:51:31 |   Found 4 source nodes with paths to outcome 50
2026-04-16 14:51:31 |   Found 4 source nodes with paths to outcome 50
2026-04-16 14:51:31 |   Found 4 source nodes with paths to outcome 50
2026-04-16 14:51:31 |   Found 4 source nodes with paths to outcome 50
2026-04-16 14:51:31 |   Found 4 source nodes with paths to outcome 50
2026-04-16 14:51:31 |   Found 4 source nodes with paths to outcome 50
2026-04-16 14:51:31 |   Found 4 source nodes with paths to outcome 50
2026-04-16 14:51:31 |   Found 4 source nodes with paths to outcome 50
2026-04-16 14:51:31 |   Found 4 source nodes with paths to outcome 50
2026-04-16 14:51:31 |   Found 4 source nodes with paths to outcome 50
2026-04-16 14:51:31 |   Found 4 source nodes with paths to outcome 50
2026-04-16 14:51:31 |   Found 4 source nodes with paths to outcome 50
2026-04-16 14:51:31 |   Found 4 source nodes with paths to outcome 50
2026-04-16 14:51:31 |   Found 4 source nodes with paths to outcome 50
2026-04-16 14:51:31 |   Found 4 source nodes with paths to outcome 50
2026-04-16 14:51:31 |   Found 4 source nodes with paths to outcome 50
2026-04-16 14:51:31 |   Found 4 source nodes with paths to outcome 50
2026-04-16 14:51:31 |   Found 4 source nodes with paths to outcome 50
2026-04-16 14:51:31 |   Found 4 source nodes with paths to outcome 50
2026-04-16 14:51:31 |   Found 4 source nodes with paths to outcome 50
2026-04-16 14:51:31 |   Found 4 source nodes with paths to outcome 50
2026-04-16 14:51:31 |   Found 4 source nodes with paths to outcome 50
2026-04-16 14:51:31 |   Found 4 source nodes with paths to outcome 50
2026-04-16 14:51:31 |   Found 4 source nodes with paths to outcome 50
2026-04-16 14:51:31 |   Found 4 source nodes with paths to outcome 50
2026-04-16 14:51:31 |   Found 4 source nodes with paths to outcome 50
2026-04-16 14:51:31 |   Found 4 source nodes with paths to outcome 50
2026-04-16 14:51:32 |   Found 4 source nodes with paths to outcome 50
2026-04-16 14:51:32 |   Found 4 source nodes with paths to outcome 50
2026-04-16 14:51:32 |   Found 4 source nodes with paths to outcome 50
2026-04-16 14:51:32 |   Found 4 source nodes with paths to outcome 50
2026-04-16 14:51:32 |   Found 4 source nodes with paths to outcome 50
2026-04-16 14:51:32 |   Found 4 source nodes with paths to outcome 50
2026-04-16 14:51:32 |   Found 4 source nodes with paths to outcome 50
2026-04-16 14:51:32 |   Found 4 source nodes with paths to outcome 50
2026-04-16 14:51:32 |   Found 4 source nodes with paths to outcome 50
2026-04-16 14:51:32 |   Found 4 source nodes with paths to outcome 50
2026-04-16 14:51:32 |   Found 4 source nodes with paths to outcome 50
2026-04-16 14:51:32 |   Found 4 source nodes with paths to outcome 50
2026-04-16 14:51:32 |   Found 4 source nodes with paths to outcome 50
2026-04-16 14:51:32 |   Found 4 source nodes with paths to outcome 50
2026-04-16 14:51:32 |   Found 4 source nodes with paths to outcome 50
2026-04-16 14:51:32 |   Found 4 source nodes with paths to outcome 50
2026-04-16 14:51:32 |   Found 4 source nodes with paths to outcome 50
2026-04-16 14:51:32 |   Found 4 source nodes with paths to outcome 50
2026-04-16 14:51:32 |   Found 4 source nodes with paths to outcome 50
2026-04-16 14:51:32 |   Found 4 source nodes with paths to outcome 50
2026-04-16 14:51:32 |   Found 4 source nodes with paths to outcome 50
2026-04-16 14:51:32 |   Found 4 source nodes with paths to outcome 50
2026-04-16 14:51:32 |   Found 4 source nodes with paths to outcome 50
2026-04-16 14:51:32 |   Found 4 source nodes with paths to outcome 50
2026-04-16 14:51:32 |   Found 4 source nodes with paths to outcome 50
2026-04-16 14:51:32 |   Found 4 source nodes with paths to outcome 50
2026-04-16 14:51:32 |   Found 4 source nodes with paths to outcome 50
2026-04-16 14:51:32 |   Found 4 source nodes with paths to outcome 50
2026-04-16 14:51:32 |   Found 4 source nodes with paths to outcome 50
2026-04-16 14:51:32 |   Found 4 source nodes with paths to outcome 50
2026-04-16 14:51:32 |   Found 4 source nodes with paths to outcome 50
2026-04-16 14:51:32 |   Found 4 source nodes with paths to outcome 50
2026-04-16 14:51:32 |   Found 4 source nodes with paths to outcome 50
2026-04-16 14:51:32 |   Found 4 source nodes with paths to outcome 50
2026-04-16 14:51:33 |   Found 4 source nodes with paths to outcome 50
2026-04-16 14:51:33 |   Found 4 source nodes with paths to outcome 50
2026-04-16 14:51:33 |   Found 4 source nodes with paths to outcome 50
2026-04-16 14:51:33 |   Found 4 source nodes with paths to outcome 50
2026-04-16 14:51:33 |   Found 4 source nodes with paths to outcome 50
2026-04-16 14:51:33 |   Found 4 source nodes with paths to outcome 50
2026-04-16 14:51:33 |   Found 4 source nodes with paths to outcome 50
2026-04-16 14:51:33 |   Found 4 source nodes with paths to outcome 50
2026-04-16 14:51:33 |   Found 4 source nodes with paths to outcome 50
2026-04-16 14:51:33 |   Found 4 source nodes with paths to outcome 50
2026-04-16 14:51:33 |   Found 4 source nodes with paths to outcome 50
2026-04-16 14:51:33 |   Found 4 source nodes with paths to outcome 50
2026-04-16 14:51:33 |   Found 4 source nodes with paths to outcome 50
2026-04-16 14:51:33 |   Found 4 source nodes with paths to outcome 50
2026-04-16 14:51:33 |   Found 4 source nodes with paths to outcome 50
2026-04-16 14:51:33 |   Found 4 source nodes with paths to outcome 50
2026-04-16 14:51:33 |   Found 4 source nodes with paths to outcome 50
2026-04-16 14:51:33 |   Found 4 source nodes with paths to outcome 50
2026-04-16 14:51:33 |   Found 4 source nodes with paths to outcome 50
2026-04-16 14:51:33 |   Found 4 source nodes with paths to outcome 50
2026-04-16 14:51:33 |   Found 4 source nodes with paths to outcome 50
2026-04-16 14:51:33 |   Found 4 source nodes with paths to outcome 50
2026-04-16 14:51:33 |   Found 4 source nodes with paths to outcome 50
2026-04-16 14:51:33 |   Found 4 source nodes with paths to outcome 50
2026-04-16 14:51:33 |   Found 4 source nodes with paths to outcome 50
2026-04-16 14:51:33 |   Found 4 source nodes with paths to outcome 50
2026-04-16 14:51:33 |   Found 4 source nodes with paths to outcome 50
2026-04-16 14:51:33 |   Found 4 source nodes with paths to outcome 50
2026-04-16 14:51:33 |   Found 4 source nodes with paths to outcome 50
2026-04-16 14:51:33 |   Found 4 source nodes with paths to outcome 50
2026-04-16 14:51:33 |   Found 4 source nodes with paths to outcome 50
2026-04-16 14:51:33 |   Found 4 source nodes with paths to outcome 50
2026-04-16 14:51:33 |   Found 4 source nodes with paths to outcome 50
2026-04-16 14:51:33 |   Found 4 source nodes with paths to outcome 50
2026-04-16 14:51:33 |   Found 4 source nodes with paths to outcome 50
2026-04-16 14:51:34 |   Found 4 source nodes with paths to outcome 50
2026-04-16 14:51:34 |   Found 4 source nodes with paths to outcome 50
2026-04-16 14:51:34 |   Found 4 source nodes with paths to outcome 50
2026-04-16 14:51:34 |   Found 4 source nodes with paths to outcome 50
2026-04-16 14:51:34 |   Found 4 source nodes with paths to outcome 50
2026-04-16 14:51:34 |   Found 4 source nodes with paths to outcome 50
2026-04-16 14:51:34 |   Found 4 source nodes with paths to outcome 50
2026-04-16 14:51:34 |   Found 4 source nodes with paths to outcome 50
2026-04-16 14:51:34 |   Found 4 source nodes with paths to outcome 50
2026-04-16 14:51:34 |   Found 4 source nodes with paths to outcome 50
2026-04-16 14:51:34 |   Found 4 source nodes with paths to outcome 50
2026-04-16 14:51:34 |   Found 4 source nodes with paths to outcome 50
2026-04-16 14:51:34 |   Found 4 source nodes with paths to outcome 50
2026-04-16 14:51:34 |   Found 4 source nodes with paths to outcome 50
2026-04-16 14:51:34 |   Found 4 source nodes with paths to outcome 50
2026-04-16 14:51:34 |   Found 4 source nodes with paths to outcome 50
2026-04-16 14:51:34 |   Found 4 source nodes with paths to outcome 50
2026-04-16 14:51:34 |   Found 4 source nodes with paths to outcome 50
2026-04-16 14:51:34 |   Found 4 source nodes with paths to outcome 50
2026-04-16 14:51:34 |   Found 4 source nodes with paths to outcome 50
2026-04-16 14:51:34 |   Found 4 source nodes with paths to outcome 50
2026-04-16 14:51:34 |   Found 4 source nodes with paths to outcome 50
2026-04-16 14:51:34 |   Found 4 source nodes with paths to outcome 50
2026-04-16 14:51:34 |   Found 4 source nodes with paths to outcome 50
2026-04-16 14:51:34 |   Found 4 source nodes with paths to outcome 50
2026-04-16 14:51:34 |   Found 4 source nodes with paths to outcome 50
2026-04-16 14:51:34 |   Found 4 source nodes with paths to outcome 50
2026-04-16 14:51:34 |   Found 4 source nodes with paths to outcome 50
2026-04-16 14:51:34 |   Found 4 source nodes with paths to outcome 50
2026-04-16 14:51:34 |   Found 4 source nodes with paths to outcome 50
2026-04-16 14:51:34 |   Found 4 source nodes with paths to outcome 50
2026-04-16 14:51:34 |   Found 4 source nodes with paths to outcome 50
2026-04-16 14:51:34 |   Found 4 source nodes with paths to outcome 50
2026-04-16 14:51:35 |   Found 4 source nodes with paths to outcome 50
2026-04-16 14:51:35 |   Found 4 source nodes with paths to outcome 50
2026-04-16 14:51:35 |   Found 4 source nodes with paths to outcome 50
2026-04-16 14:51:35 |   Found 4 source nodes with paths to outcome 50
2026-04-16 14:51:35 |   Found 4 source nodes with paths to outcome 50
2026-04-16 14:51:35 |   Found 4 source nodes with paths to outcome 50
2026-04-16 14:51:35 |   Found 4 source nodes with paths to outcome 50
2026-04-16 14:51:35 |   Found 4 source nodes with paths to outcome 50
2026-04-16 14:51:35 |   Found 4 source nodes with paths to outcome 50
2026-04-16 14:51:35 |   Found 4 source nodes with paths to outcome 50
2026-04-16 14:51:35 |   Found 4 source nodes with paths to outcome 50
2026-04-16 14:51:35 |   Found 4 source nodes with paths to outcome 50
2026-04-16 14:51:35 |   Found 4 source nodes with paths to outcome 50
2026-04-16 14:51:35 |   Found 4 source nodes with paths to outcome 50
2026-04-16 14:51:35 |   Found 4 source nodes with paths to outcome 50
2026-04-16 14:51:35 |   Found 4 source nodes with paths to outcome 50
2026-04-16 14:51:35 |   Found 4 source nodes with paths to outcome 50
2026-04-16 14:51:35 |   Found 4 source nodes with paths to outcome 50
2026-04-16 14:51:35 |   Found 4 source nodes with paths to outcome 50
2026-04-16 14:51:35 |   Found 4 source nodes with paths to outcome 50
2026-04-16 14:51:35 |   Found 4 source nodes with paths to outcome 50
2026-04-16 14:51:35 |   Found 4 source nodes with paths to outcome 50
2026-04-16 14:51:35 |   Found 4 source nodes with paths to outcome 50
2026-04-16 14:51:35 |   Found 4 source nodes with paths to outcome 50
2026-04-16 14:51:35 |   Found 4 source nodes with paths to outcome 50
2026-04-16 14:51:35 |   Found 4 source nodes with paths to outcome 50
2026-04-16 14:51:35 |   Found 4 source nodes with paths to outcome 50
2026-04-16 14:51:35 |   Found 4 source nodes with paths to outcome 50
2026-04-16 14:51:35 |   Found 4 source nodes with paths to outcome 50
2026-04-16 14:51:35 |   Found 4 source nodes with paths to outcome 50
2026-04-16 14:51:35 |   Found 4 source nodes with paths to outcome 50
2026-04-16 14:51:35 |   Found 4 source nodes with paths to outcome 50
2026-04-16 14:51:35 |   Found 4 source nodes with paths to outcome 50
2026-04-16 14:51:35 |   Found 4 source nodes with paths to outcome 50
2026-04-16 14:51:35 |   Found 4 source nodes with paths to outcome 50
2026-04-16 14:51:35 |   Found 4 source nodes with paths to outcome 50
2026-04-16 14:51:36 |   Found 4 source nodes with paths to outcome 50
2026-04-16 14:51:36 |   Found 4 source nodes with paths to outcome 50
2026-04-16 14:51:36 |   Found 4 source nodes with paths to outcome 50
2026-04-16 14:51:36 |   Found 4 source nodes with paths to outcome 50
2026-04-16 14:51:36 |   Found 4 source nodes with paths to outcome 50
2026-04-16 14:51:36 |   Found 4 source nodes with paths to outcome 50
2026-04-16 14:51:36 |   Found 4 source nodes with paths to outcome 50
2026-04-16 14:51:36 |   Found 4 source nodes with paths to outcome 50
2026-04-16 14:51:36 |   Found 4 source nodes with paths to outcome 50
2026-04-16 14:51:36 |   Found 4 source nodes with paths to outcome 50
2026-04-16 14:51:36 |   Found 4 source nodes with paths to outcome 50
2026-04-16 14:51:36 |   Found 4 source nodes with paths to outcome 50
2026-04-16 14:51:36 |   Found 4 source nodes with paths to outcome 50
2026-04-16 14:51:36 |   Found 4 source nodes with paths to outcome 50
2026-04-16 14:51:36 |   Found 4 source nodes with paths to outcome 50
2026-04-16 14:51:36 |   Found 4 source nodes with paths to outcome 50
2026-04-16 14:51:36 |   Found 4 source nodes with paths to outcome 50
2026-04-16 14:51:36 |   Found 4 source nodes with paths to outcome 50
2026-04-16 14:51:36 |   Found 4 source nodes with paths to outcome 50
2026-04-16 14:51:36 |   Found 4 source nodes with paths to outcome 50
2026-04-16 14:51:36 |   Found 4 source nodes with paths to outcome 50
2026-04-16 14:51:36 |   Found 4 source nodes with paths to outcome 50
2026-04-16 14:51:36 |   Found 4 source nodes with paths to outcome 50
2026-04-16 14:51:36 |   Found 4 source nodes with paths to outcome 50
2026-04-16 14:51:36 |   Found 4 source nodes with paths to outcome 50
2026-04-16 14:51:36 |   Found 4 source nodes with paths to outcome 50
2026-04-16 14:51:36 |   Found 4 source nodes with paths to outcome 50
2026-04-16 14:51:36 |   Found 4 source nodes with paths to outcome 50
2026-04-16 14:51:36 |   Found 4 source nodes with paths to outcome 50
2026-04-16 14:51:36 |   Found 4 source nodes with paths to outcome 50
2026-04-16 14:51:36 |   Found 4 source nodes with paths to outcome 50
2026-04-16 14:51:36 |   Found 4 source nodes with paths to outcome 50
2026-04-16 14:51:36 |   Found 4 source nodes with paths to outcome 50
2026-04-16 14:51:37 |   Found 4 source nodes with paths to outcome 50
2026-04-16 14:51:37 |   Found 4 source nodes with paths to outcome 50
2026-04-16 14:51:37 |   Found 4 source nodes with paths to outcome 50
2026-04-16 14:51:37 |   Found 4 source nodes with paths to outcome 50
2026-04-16 14:51:37 |   Found 4 source nodes with paths to outcome 50
2026-04-16 14:51:37 |   Found 4 source nodes with paths to outcome 50
2026-04-16 14:51:37 |   Found 4 source nodes with paths to outcome 50
2026-04-16 14:51:37 |   Found 4 source nodes with paths to outcome 50
2026-04-16 14:51:37 |   Found 4 source nodes with paths to outcome 50
2026-04-16 14:51:37 |   Found 4 source nodes with paths to outcome 50
2026-04-16 14:51:37 |   Found 4 source nodes with paths to outcome 50
2026-04-16 14:51:37 |   Found 4 source nodes with paths to outcome 50
2026-04-16 14:51:37 |   Found 4 source nodes with paths to outcome 50
2026-04-16 14:51:37 |   Found 4 source nodes with paths to outcome 50
2026-04-16 14:51:37 |   Found 4 source nodes with paths to outcome 50
2026-04-16 14:51:37 |   Found 4 source nodes with paths to outcome 50
2026-04-16 14:51:37 |   Found 4 source nodes with paths to outcome 50
2026-04-16 14:51:37 |   Found 4 source nodes with paths to outcome 50
2026-04-16 14:51:37 |   Found 4 source nodes with paths to outcome 50
2026-04-16 14:51:37 |   Found 4 source nodes with paths to outcome 50
2026-04-16 14:51:37 |   Found 4 source nodes with paths to outcome 50
2026-04-16 14:51:37 |   Found 4 source nodes with paths to outcome 50
2026-04-16 14:51:37 |   Found 4 source nodes with paths to outcome 50
2026-04-16 14:51:37 |   Found 4 source nodes with paths to outcome 50
2026-04-16 14:51:37 |   Found 4 source nodes with paths to outcome 50
2026-04-16 14:51:37 |   Found 4 source nodes with paths to outcome 50
2026-04-16 14:51:37 |   Found 4 source nodes with paths to outcome 50
2026-04-16 14:51:37 |   Found 4 source nodes with paths to outcome 50
2026-04-16 14:51:37 |   Found 4 source nodes with paths to outcome 50
2026-04-16 14:51:37 |   Found 4 source nodes with paths to outcome 50
2026-04-16 14:51:37 |   Found 4 source nodes with paths to outcome 50
2026-04-16 14:51:37 |   Found 4 source nodes with paths to outcome 50
2026-04-16 14:51:38 |   Found 4 source nodes with paths to outcome 50
2026-04-16 14:51:38 |   Found 4 source nodes with paths to outcome 50
2026-04-16 14:51:38 |   Found 4 source nodes with paths to outcome 50
2026-04-16 14:51:38 |   Found 4 source nodes with paths to outcome 50
2026-04-16 14:51:38 |   Found 4 source nodes with paths to outcome 50
2026-04-16 14:51:38 |   Found 4 source nodes with paths to outcome 50
2026-04-16 14:51:38 |   Found 4 source nodes with paths to outcome 50
2026-04-16 14:51:38 |   Found 4 source nodes with paths to outcome 50
2026-04-16 14:51:38 |   Found 4 source nodes with paths to outcome 50
2026-04-16 14:51:38 |   Found 4 source nodes with paths to outcome 50
2026-04-16 14:51:38 |   Found 4 source nodes with paths to outcome 50
2026-04-16 14:51:38 |   Found 4 source nodes with paths to outcome 50
2026-04-16 14:51:38 |   Found 4 source nodes with paths to outcome 50
2026-04-16 14:51:38 |   Found 4 source nodes with paths to outcome 50
2026-04-16 14:51:38 |   Found 4 source nodes with paths to outcome 50
2026-04-16 14:51:38 |   Found 4 source nodes with paths to outcome 50
2026-04-16 14:51:38 |   Found 4 source nodes with paths to outcome 50
2026-04-16 14:51:38 |   Found 4 source nodes with paths to outcome 50
2026-04-16 14:51:38 |   Found 4 source nodes with paths to outcome 50
2026-04-16 14:51:38 |   Found 4 source nodes with paths to outcome 50
2026-04-16 14:51:38 |   Found 4 source nodes with paths to outcome 50
2026-04-16 14:51:38 |   Found 4 source nodes with paths to outcome 50
2026-04-16 14:51:38 |   Found 4 source nodes with paths to outcome 50
2026-04-16 14:51:38 |   Found 4 source nodes with paths to outcome 50
2026-04-16 14:51:38 |   Found 4 source nodes with paths to outcome 50
2026-04-16 14:51:38 |   Found 4 source nodes with paths to outcome 50
2026-04-16 14:51:38 |   Found 4 source nodes with paths to outcome 50
2026-04-16 14:51:38 |   Found 4 source nodes with paths to outcome 50
2026-04-16 14:51:38 |   Found 4 source nodes with paths to outcome 50
2026-04-16 14:51:38 |   Found 4 source nodes with paths to outcome 50
2026-04-16 14:51:38 |   Found 4 source nodes with paths to outcome 50
2026-04-16 14:51:38 |   Found 4 source nodes with paths to outcome 50
2026-04-16 14:51:38 |   Found 4 source nodes with paths to outcome 50
2026-04-16 14:51:39 |   Found 4 source nodes with paths to outcome 50
2026-04-16 14:51:39 |   Found 4 source nodes with paths to outcome 50
2026-04-16 14:51:39 |   Found 4 source nodes with paths to outcome 50
2026-04-16 14:51:39 |   Found 4 source nodes with paths to outcome 50
2026-04-16 14:51:39 |   Found 4 source nodes with paths to outcome 50
2026-04-16 14:51:39 |   Found 4 source nodes with paths to outcome 50
2026-04-16 14:51:39 |   Found 4 source nodes with paths to outcome 50
2026-04-16 14:51:39 |   Found 4 source nodes with paths to outcome 50
2026-04-16 14:51:39 |   Found 4 source nodes with paths to outcome 50
2026-04-16 14:51:39 |   Found 4 source nodes with paths to outcome 50
2026-04-16 14:51:39 |   Found 4 source nodes with paths to outcome 50
2026-04-16 14:51:39 |   Found 4 source nodes with paths to outcome 50
2026-04-16 14:51:39 |   Found 4 source nodes with paths to outcome 50
2026-04-16 14:51:39 |   Found 4 source nodes with paths to outcome 50
2026-04-16 14:51:39 |   Found 4 source nodes with paths to outcome 50
2026-04-16 14:51:39 |   Found 4 source nodes with paths to outcome 50
2026-04-16 14:51:39 |   Found 4 source nodes with paths to outcome 50
2026-04-16 14:51:39 |   Found 4 source nodes with paths to outcome 50
2026-04-16 14:51:39 |   Found 4 source nodes with paths to outcome 50
2026-04-16 14:51:39 |   Found 4 source nodes with paths to outcome 50
2026-04-16 14:51:39 |   Found 4 source nodes with paths to outcome 50
2026-04-16 14:51:39 |   Found 4 source nodes with paths to outcome 50
2026-04-16 14:51:39 |   Found 4 source nodes with paths to outcome 50
2026-04-16 14:51:39 |   Found 4 source nodes with paths to outcome 50
2026-04-16 14:51:39 |   Found 4 source nodes with paths to outcome 50
2026-04-16 14:51:39 |   Found 4 source nodes with paths to outcome 50
2026-04-16 14:51:39 |   Found 4 source nodes with paths to outcome 50
2026-04-16 14:51:39 |   Found 4 source nodes with paths to outcome 50
2026-04-16 14:51:39 |   Found 4 source nodes with paths to outcome 50
2026-04-16 14:51:39 |   Found 4 source nodes with paths to outcome 50
2026-04-16 14:51:39 |   Found 4 source nodes with paths to outcome 50
2026-04-16 14:51:39 |   Found 4 source nodes with paths to outcome 50
2026-04-16 14:51:39 |   Found 4 source nodes with paths to outcome 50
2026-04-16 14:51:39 |   Found 4 source nodes with paths to outcome 50
2026-04-16 14:51:40 |   Found 4 source nodes with paths to outcome 50
2026-04-16 14:51:40 |   Found 4 source nodes with paths to outcome 50
2026-04-16 14:51:40 |   Found 4 source nodes with paths to outcome 50
2026-04-16 14:51:40 |   Found 4 source nodes with paths to outcome 50
2026-04-16 14:51:40 |   Found 4 source nodes with paths to outcome 50
2026-04-16 14:51:40 |   Found 4 source nodes with paths to outcome 50
2026-04-16 14:51:40 |   Found 4 source nodes with paths to outcome 50
2026-04-16 14:51:40 |   Found 4 source nodes with paths to outcome 50
2026-04-16 14:51:40 |   Found 4 source nodes with paths to outcome 50
2026-04-16 14:51:40 |   Found 4 source nodes with paths to outcome 50
2026-04-16 14:51:40 |   Found 4 source nodes with paths to outcome 50
2026-04-16 14:51:40 |   Found 4 source nodes with paths to outcome 50
2026-04-16 14:51:40 |   Found 4 source nodes with paths to outcome 50
2026-04-16 14:51:40 |   Found 4 source nodes with paths to outcome 50
2026-04-16 14:51:40 |   Found 4 source nodes with paths to outcome 50
2026-04-16 14:51:40 |   Found 4 source nodes with paths to outcome 50
2026-04-16 14:51:40 |   Found 4 source nodes with paths to outcome 50
2026-04-16 14:51:40 |   Found 4 source nodes with paths to outcome 50
2026-04-16 14:51:40 |   Found 4 source nodes with paths to outcome 50
2026-04-16 14:51:40 |   Found 4 source nodes with paths to outcome 50
2026-04-16 14:51:40 |   Found 4 source nodes with paths to outcome 50
2026-04-16 14:51:40 |   Found 4 source nodes with paths to outcome 50
2026-04-16 14:51:40 |   Found 4 source nodes with paths to outcome 50
2026-04-16 14:51:40 |   Found 4 source nodes with paths to outcome 50
2026-04-16 14:51:40 |   Found 4 source nodes with paths to outcome 50
2026-04-16 14:51:40 |   Found 4 source nodes with paths to outcome 50
2026-04-16 14:51:40 |   Found 4 source nodes with paths to outcome 50
2026-04-16 14:51:40 |   Found 4 source nodes with paths to outcome 50
2026-04-16 14:51:40 |   Found 4 source nodes with paths to outcome 50
2026-04-16 14:51:40 |   Found 4 source nodes with paths to outcome 50
2026-04-16 14:51:40 |   Found 4 source nodes with paths to outcome 50
2026-04-16 14:51:40 |   Found 4 source nodes with paths to outcome 50
2026-04-16 14:51:40 |   Found 4 source nodes with paths to outcome 50
2026-04-16 14:51:41 |   Found 4 source nodes with paths to outcome 50
2026-04-16 14:51:41 |   Found 4 source nodes with paths to outcome 50
2026-04-16 14:51:41 |   Found 4 source nodes with paths to outcome 50
2026-04-16 14:51:41 |   Found 4 source nodes with paths to outcome 50
2026-04-16 14:51:41 |   Found 4 source nodes with paths to outcome 50
2026-04-16 14:51:41 |   Found 4 source nodes with paths to outcome 50
2026-04-16 14:51:41 |   Found 4 source nodes with paths to outcome 50
2026-04-16 14:51:41 |   Found 4 source nodes with paths to outcome 50
2026-04-16 14:51:41 |   Found 4 source nodes with paths to outcome 50
2026-04-16 14:51:41 |   Found 4 source nodes with paths to outcome 50
2026-04-16 14:51:41 |   Found 4 source nodes with paths to outcome 50
2026-04-16 14:51:41 |   Found 4 source nodes with paths to outcome 50
2026-04-16 14:51:41 |   Found 4 source nodes with paths to outcome 50
2026-04-16 14:51:41 |   Found 4 source nodes with paths to outcome 50
2026-04-16 14:51:41 |   Found 4 source nodes with paths to outcome 50
2026-04-16 14:51:41 |   Found 4 source nodes with paths to outcome 50
2026-04-16 14:51:41 |   Found 4 source nodes with paths to outcome 50
2026-04-16 14:51:41 |   Found 4 source nodes with paths to outcome 50
2026-04-16 14:51:41 |   Found 4 source nodes with paths to outcome 50
2026-04-16 14:51:41 |   Found 4 source nodes with paths to outcome 50
2026-04-16 14:51:41 |   Found 4 source nodes with paths to outcome 50
2026-04-16 14:51:41 |   Found 4 source nodes with paths to outcome 50
2026-04-16 14:51:41 |   Found 4 source nodes with paths to outcome 50
2026-04-16 14:51:41 |   Found 4 source nodes with paths to outcome 50
2026-04-16 14:51:41 |   Found 4 source nodes with paths to outcome 50
2026-04-16 14:51:41 |   Found 4 source nodes with paths to outcome 50
2026-04-16 14:51:41 |   Found 4 source nodes with paths to outcome 50
2026-04-16 14:51:41 |   Found 4 source nodes with paths to outcome 50
2026-04-16 14:51:41 |   Found 4 source nodes with paths to outcome 50
2026-04-16 14:51:41 |   Found 4 source nodes with paths to outcome 50
2026-04-16 14:51:41 |   Found 4 source nodes with paths to outcome 50
2026-04-16 14:51:41 |   Found 4 source nodes with paths to outcome 50
2026-04-16 14:51:41 |   Found 4 source nodes with paths to outcome 50
2026-04-16 14:51:41 |   Found 4 source nodes with paths to outcome 50
2026-04-16 14:51:41 |   Found 4 source nodes with paths to outcome 50
2026-04-16 14:51:42 |   Found 4 source nodes with paths to outcome 50
2026-04-16 14:51:42 |   Found 4 source nodes with paths to outcome 50
2026-04-16 14:51:42 |   Found 4 source nodes with paths to outcome 50
2026-04-16 14:51:42 |   Found 4 source nodes with paths to outcome 50
2026-04-16 14:51:42 |   Found 4 source nodes with paths to outcome 50
2026-04-16 14:51:42 |   Found 4 source nodes with paths to outcome 50
2026-04-16 14:51:42 |   Found 4 source nodes with paths to outcome 50
2026-04-16 14:51:42 |   Found 4 source nodes with paths to outcome 50
2026-04-16 14:51:42 |   Found 4 source nodes with paths to outcome 50
2026-04-16 14:51:42 |   Found 4 source nodes with paths to outcome 50
2026-04-16 14:51:42 |   Found 4 source nodes with paths to outcome 50
2026-04-16 14:51:42 |   Found 4 source nodes with paths to outcome 50
2026-04-16 14:51:42 |   Found 4 source nodes with paths to outcome 50
2026-04-16 14:51:42 |   Found 4 source nodes with paths to outcome 50
2026-04-16 14:51:42 |   Found 4 source nodes with paths to outcome 50
2026-04-16 14:51:42 |   Found 4 source nodes with paths to outcome 50
2026-04-16 14:51:42 |   Found 4 source nodes with paths to outcome 50
2026-04-16 14:51:42 |   Found 4 source nodes with paths to outcome 50
2026-04-16 14:51:42 |   Found 4 source nodes with paths to outcome 50
2026-04-16 14:51:42 |   Found 4 source nodes with paths to outcome 50
2026-04-16 14:51:42 |   Found 4 source nodes with paths to outcome 50
2026-04-16 14:51:42 |   Found 4 source nodes with paths to outcome 50
2026-04-16 14:51:42 |   Found 4 source nodes with paths to outcome 50
2026-04-16 14:51:42 |   Found 4 source nodes with paths to outcome 50
2026-04-16 14:51:42 |   Found 4 source nodes with paths to outcome 50
2026-04-16 14:51:42 |   Found 4 source nodes with paths to outcome 50
2026-04-16 14:51:42 |   Found 4 source nodes with paths to outcome 50
2026-04-16 14:51:42 |   Found 4 source nodes with paths to outcome 50
2026-04-16 14:51:42 |   Found 4 source nodes with paths to outcome 50
2026-04-16 14:51:42 |   Found 4 source nodes with paths to outcome 50
2026-04-16 14:51:42 |   Found 4 source nodes with paths to outcome 50
2026-04-16 14:51:42 |   Found 4 source nodes with paths to outcome 50
2026-04-16 14:51:42 |   Found 4 source nodes with paths to outcome 50
2026-04-16 14:51:43 |   Found 4 source nodes with paths to outcome 50
2026-04-16 14:51:43 |   Found 4 source nodes with paths to outcome 50
2026-04-16 14:51:43 |   Found 4 source nodes with paths to outcome 50
2026-04-16 14:51:43 |   Found 4 source nodes with paths to outcome 50
2026-04-16 14:51:43 |   Found 4 source nodes with paths to outcome 50
2026-04-16 14:51:43 |   Found 4 source nodes with paths to outcome 50
2026-04-16 14:51:43 |   Found 4 source nodes with paths to outcome 50
2026-04-16 14:51:43 |   Found 4 source nodes with paths to outcome 50
2026-04-16 14:51:43 |   Found 4 source nodes with paths to outcome 50
2026-04-16 14:51:43 |   Found 4 source nodes with paths to outcome 50
2026-04-16 14:51:43 |   Found 4 source nodes with paths to outcome 50
2026-04-16 14:51:43 |   Found 4 source nodes with paths to outcome 50
2026-04-16 14:51:43 |   Found 4 source nodes with paths to outcome 50
2026-04-16 14:51:43 |   Found 4 source nodes with paths to outcome 50
2026-04-16 14:51:43 |   Found 4 source nodes with paths to outcome 50
2026-04-16 14:51:43 |   Found 4 source nodes with paths to outcome 50
2026-04-16 14:51:43 |   Found 4 source nodes with paths to outcome 50
2026-04-16 14:51:43 |   Found 4 source nodes with paths to outcome 50
2026-04-16 14:51:43 |   Found 4 source nodes with paths to outcome 50
2026-04-16 14:51:43 |   Found 4 source nodes with paths to outcome 50
2026-04-16 14:51:43 |   Found 4 source nodes with paths to outcome 50
2026-04-16 14:51:43 |   Found 4 source nodes with paths to outcome 50
2026-04-16 14:51:43 |   Found 4 source nodes with paths to outcome 50
2026-04-16 14:51:43 |   Found 4 source nodes with paths to outcome 50
2026-04-16 14:51:43 |   Found 4 source nodes with paths to outcome 50
2026-04-16 14:51:43 |   Found 4 source nodes with paths to outcome 50
2026-04-16 14:51:43 |   Found 4 source nodes with paths to outcome 50
2026-04-16 14:51:43 |   Found 4 source nodes with paths to outcome 50
2026-04-16 14:51:43 |   Found 4 source nodes with paths to outcome 50
2026-04-16 14:51:43 |   Found 4 source nodes with paths to outcome 50
2026-04-16 14:51:43 |   Found 4 source nodes with paths to outcome 50
2026-04-16 14:51:43 |   Found 4 source nodes with paths to outcome 50
2026-04-16 14:51:43 |   Found 4 source nodes with paths to outcome 50
2026-04-16 14:51:43 |   Found 4 source nodes with paths to outcome 50
2026-04-16 14:51:44 |   Found 4 source nodes with paths to outcome 50
2026-04-16 14:51:44 |   Found 4 source nodes with paths to outcome 50
2026-04-16 14:51:44 |   Found 4 source nodes with paths to outcome 50
2026-04-16 14:51:44 |   Found 4 source nodes with paths to outcome 50
2026-04-16 14:51:44 |   Found 4 source nodes with paths to outcome 50
2026-04-16 14:51:44 |   Found 4 source nodes with paths to outcome 50
2026-04-16 14:51:44 |   Found 4 source nodes with paths to outcome 50
2026-04-16 14:51:44 |   Found 4 source nodes with paths to outcome 50
2026-04-16 14:51:44 |   Found 4 source nodes with paths to outcome 50
2026-04-16 14:51:44 |   Found 4 source nodes with paths to outcome 50
2026-04-16 14:51:44 |   Found 4 source nodes with paths to outcome 50
2026-04-16 14:51:44 |   Found 4 source nodes with paths to outcome 50
2026-04-16 14:51:44 |   Found 4 source nodes with paths to outcome 50
2026-04-16 14:51:44 |   Found 4 source nodes with paths to outcome 50
2026-04-16 14:51:44 |   Found 4 source nodes with paths to outcome 50
2026-04-16 14:51:44 |   Found 4 source nodes with paths to outcome 50
2026-04-16 14:51:44 |   Found 4 source nodes with paths to outcome 50
2026-04-16 14:51:44 |   Found 4 source nodes with paths to outcome 50
2026-04-16 14:51:44 |   Found 4 source nodes with paths to outcome 50
2026-04-16 14:51:44 |   Found 4 source nodes with paths to outcome 50
2026-04-16 14:51:44 |   Found 4 source nodes with paths to outcome 50
2026-04-16 14:51:44 |   Found 4 source nodes with paths to outcome 50
2026-04-16 14:51:44 |   Found 4 source nodes with paths to outcome 50
2026-04-16 14:51:44 |   Found 4 source nodes with paths to outcome 50
2026-04-16 14:51:44 |   Completed 80/100 instances
2026-04-16 14:51:44 |   Found 4 source nodes with paths to outcome 50
2026-04-16 14:51:44 |   Found 4 source nodes with paths to outcome 50
2026-04-16 14:51:44 |   Found 4 source nodes with paths to outcome 50
2026-04-16 14:51:44 |   Found 4 source nodes with paths to outcome 50
2026-04-16 14:51:44 |   Found 4 source nodes with paths to outcome 50
2026-04-16 14:51:44 |   Found 4 source nodes with paths to outcome 50
2026-04-16 14:51:44 |   Found 4 source nodes with paths to outcome 50
2026-04-16 14:51:44 |   Found 4 source nodes with paths to outcome 50
2026-04-16 14:51:44 |   Found 4 source nodes with paths to outcome 50
2026-04-16 14:51:45 |   Found 4 source nodes with paths to outcome 50
2026-04-16 14:51:45 |   Found 4 source nodes with paths to outcome 50
2026-04-16 14:51:45 |   Found 4 source nodes with paths to outcome 50
2026-04-16 14:51:45 |   Found 4 source nodes with paths to outcome 50
2026-04-16 14:51:45 |   Found 4 source nodes with paths to outcome 50
2026-04-16 14:51:45 |   Found 4 source nodes with paths to outcome 50
2026-04-16 14:51:45 |   Found 4 source nodes with paths to outcome 50
2026-04-16 14:51:45 |   Found 4 source nodes with paths to outcome 50
2026-04-16 14:51:45 |   Found 4 source nodes with paths to outcome 50
2026-04-16 14:51:45 |   Found 4 source nodes with paths to outcome 50
2026-04-16 14:51:45 |   Found 4 source nodes with paths to outcome 50
2026-04-16 14:51:45 |   Found 4 source nodes with paths to outcome 50
2026-04-16 14:51:45 |   Found 4 source nodes with paths to outcome 50
2026-04-16 14:51:45 |   Found 4 source nodes with paths to outcome 50
2026-04-16 14:51:45 |   Found 4 source nodes with paths to outcome 50
2026-04-16 14:51:45 |   Found 4 source nodes with paths to outcome 50
2026-04-16 14:51:45 |   Found 4 source nodes with paths to outcome 50
2026-04-16 14:51:45 |   Found 4 source nodes with paths to outcome 50
2026-04-16 14:51:45 |   Found 4 source nodes with paths to outcome 50
2026-04-16 14:51:45 |   Found 4 source nodes with paths to outcome 50
2026-04-16 14:51:45 |   Found 4 source nodes with paths to outcome 50
2026-04-16 14:51:45 |   Found 4 source nodes with paths to outcome 50
2026-04-16 14:51:45 |   Found 4 source nodes with paths to outcome 50
2026-04-16 14:51:45 |   Found 4 source nodes with paths to outcome 50
2026-04-16 14:51:45 |   Found 4 source nodes with paths to outcome 50
2026-04-16 14:51:45 |   Found 4 source nodes with paths to outcome 50
2026-04-16 14:51:45 |   Found 4 source nodes with paths to outcome 50
2026-04-16 14:51:45 |   Found 4 source nodes with paths to outcome 50
2026-04-16 14:51:45 |   Found 4 source nodes with paths to outcome 50
2026-04-16 14:51:45 |   Found 4 source nodes with paths to outcome 50
2026-04-16 14:51:45 |   Found 4 source nodes with paths to outcome 50
2026-04-16 14:51:45 |   Found 4 source nodes with paths to outcome 50
2026-04-16 14:51:45 |   Found 4 source nodes with paths to outcome 50
2026-04-16 14:51:45 |   Found 4 source nodes with paths to outcome 50
2026-04-16 14:51:45 |   Found 4 source nodes with paths to outcome 50
2026-04-16 14:51:45 |   Found 4 source nodes with paths to outcome 50
2026-04-16 14:51:46 |   Found 4 source nodes with paths to outcome 50
2026-04-16 14:51:46 |   Found 4 source nodes with paths to outcome 50
2026-04-16 14:51:46 |   Found 4 source nodes with paths to outcome 50
2026-04-16 14:51:46 |   Found 4 source nodes with paths to outcome 50
2026-04-16 14:51:46 |   Found 4 source nodes with paths to outcome 50
2026-04-16 14:51:46 |   Found 4 source nodes with paths to outcome 50
2026-04-16 14:51:46 |   Found 4 source nodes with paths to outcome 50
2026-04-16 14:51:46 |   Found 4 source nodes with paths to outcome 50
2026-04-16 14:51:46 |   Found 4 source nodes with paths to outcome 50
2026-04-16 14:51:46 |   Found 4 source nodes with paths to outcome 50
2026-04-16 14:51:46 |   Found 4 source nodes with paths to outcome 50
2026-04-16 14:51:46 |   Found 4 source nodes with paths to outcome 50
2026-04-16 14:51:46 |   Found 4 source nodes with paths to outcome 50
2026-04-16 14:51:46 |   Found 4 source nodes with paths to outcome 50
2026-04-16 14:51:46 |   Found 4 source nodes with paths to outcome 50
2026-04-16 14:51:46 |   Found 4 source nodes with paths to outcome 50
2026-04-16 14:51:46 |   Found 4 source nodes with paths to outcome 50
2026-04-16 14:51:46 |   Found 4 source nodes with paths to outcome 50
2026-04-16 14:51:46 |   Found 4 source nodes with paths to outcome 50
2026-04-16 14:51:46 |   Found 4 source nodes with paths to outcome 50
2026-04-16 14:51:46 |   Found 4 source nodes with paths to outcome 50
2026-04-16 14:51:46 |   Found 4 source nodes with paths to outcome 50
2026-04-16 14:51:46 |   Found 4 source nodes with paths to outcome 50
2026-04-16 14:51:46 |   Found 4 source nodes with paths to outcome 50
2026-04-16 14:51:46 |   Found 4 source nodes with paths to outcome 50
2026-04-16 14:51:46 |   Found 4 source nodes with paths to outcome 50
2026-04-16 14:51:46 |   Found 4 source nodes with paths to outcome 50
2026-04-16 14:51:46 |   Found 4 source nodes with paths to outcome 50
2026-04-16 14:51:46 |   Found 4 source nodes with paths to outcome 50
2026-04-16 14:51:46 |   Found 4 source nodes with paths to outcome 50
2026-04-16 14:51:46 |   Found 4 source nodes with paths to outcome 50
2026-04-16 14:51:46 |   Found 4 source nodes with paths to outcome 50
2026-04-16 14:51:46 |   Found 4 source nodes with paths to outcome 50
2026-04-16 14:51:47 |   Found 4 source nodes with paths to outcome 50
2026-04-16 14:51:47 |   Found 4 source nodes with paths to outcome 50
2026-04-16 14:51:47 |   Found 4 source nodes with paths to outcome 50
2026-04-16 14:51:47 |   Found 4 source nodes with paths to outcome 50
2026-04-16 14:51:47 |   Found 4 source nodes with paths to outcome 50
2026-04-16 14:51:47 |   Found 4 source nodes with paths to outcome 50
2026-04-16 14:51:47 |   Found 4 source nodes with paths to outcome 50
2026-04-16 14:51:47 |   Found 4 source nodes with paths to outcome 50
2026-04-16 14:51:47 |   Found 4 source nodes with paths to outcome 50
2026-04-16 14:51:47 |   Found 4 source nodes with paths to outcome 50
2026-04-16 14:51:47 |   Found 4 source nodes with paths to outcome 50
2026-04-16 14:51:47 |   Found 4 source nodes with paths to outcome 50
2026-04-16 14:51:47 |   Found 4 source nodes with paths to outcome 50
2026-04-16 14:51:47 |   Found 4 source nodes with paths to outcome 50
2026-04-16 14:51:47 |   Found 4 source nodes with paths to outcome 50
2026-04-16 14:51:47 |   Found 4 source nodes with paths to outcome 50
2026-04-16 14:51:47 |   Found 4 source nodes with paths to outcome 50
2026-04-16 14:51:47 |   Found 4 source nodes with paths to outcome 50
2026-04-16 14:51:47 |   Found 4 source nodes with paths to outcome 50
2026-04-16 14:51:47 |   Found 4 source nodes with paths to outcome 50
2026-04-16 14:51:47 |   Found 4 source nodes with paths to outcome 50
2026-04-16 14:51:47 |   Found 4 source nodes with paths to outcome 50
2026-04-16 14:51:47 |   Found 4 source nodes with paths to outcome 50
2026-04-16 14:51:47 |   Found 4 source nodes with paths to outcome 50
2026-04-16 14:51:47 |   Found 4 source nodes with paths to outcome 50
2026-04-16 14:51:47 |   Found 4 source nodes with paths to outcome 50
2026-04-16 14:51:47 |   Found 4 source nodes with paths to outcome 50
2026-04-16 14:51:47 |   Found 4 source nodes with paths to outcome 50
2026-04-16 14:51:47 |   Found 4 source nodes with paths to outcome 50
2026-04-16 14:51:47 |   Found 4 source nodes with paths to outcome 50
2026-04-16 14:51:47 |   Found 4 source nodes with paths to outcome 50
2026-04-16 14:51:47 |   Found 4 source nodes with paths to outcome 50
2026-04-16 14:51:47 |   Found 4 source nodes with paths to outcome 50
2026-04-16 14:51:47 |   Found 4 source nodes with paths to outcome 50
2026-04-16 14:51:48 |   Found 4 source nodes with paths to outcome 50
2026-04-16 14:51:48 |   Found 4 source nodes with paths to outcome 50
2026-04-16 14:51:48 |   Found 4 source nodes with paths to outcome 50
2026-04-16 14:51:48 |   Found 4 source nodes with paths to outcome 50
2026-04-16 14:51:48 |   Found 4 source nodes with paths to outcome 50
2026-04-16 14:51:48 |   Found 4 source nodes with paths to outcome 50
2026-04-16 14:51:48 |   Found 4 source nodes with paths to outcome 50
2026-04-16 14:51:48 |   Found 4 source nodes with paths to outcome 50
2026-04-16 14:51:48 |   Found 4 source nodes with paths to outcome 50
2026-04-16 14:51:48 |   Found 4 source nodes with paths to outcome 50
2026-04-16 14:51:48 |   Found 4 source nodes with paths to outcome 50
2026-04-16 14:51:48 |   Found 4 source nodes with paths to outcome 50
2026-04-16 14:51:48 |   Found 4 source nodes with paths to outcome 50
2026-04-16 14:51:48 |   Found 4 source nodes with paths to outcome 50
2026-04-16 14:51:48 |   Found 4 source nodes with paths to outcome 50
2026-04-16 14:51:48 |   Found 4 source nodes with paths to outcome 50
2026-04-16 14:51:48 |   Found 4 source nodes with paths to outcome 50
2026-04-16 14:51:48 |   Found 4 source nodes with paths to outcome 50
2026-04-16 14:51:48 |   Found 4 source nodes with paths to outcome 50
2026-04-16 14:51:48 |   Found 4 source nodes with paths to outcome 50
2026-04-16 14:51:48 |   Found 4 source nodes with paths to outcome 50
2026-04-16 14:51:48 |   Found 4 source nodes with paths to outcome 50
2026-04-16 14:51:48 |   Found 4 source nodes with paths to outcome 50
2026-04-16 14:51:48 |   Found 4 source nodes with paths to outcome 50
2026-04-16 14:51:48 |   Found 4 source nodes with paths to outcome 50
2026-04-16 14:51:48 |   Found 4 source nodes with paths to outcome 50
2026-04-16 14:51:48 |   Found 4 source nodes with paths to outcome 50
2026-04-16 14:51:48 |   Found 4 source nodes with paths to outcome 50
2026-04-16 14:51:48 |   Found 4 source nodes with paths to outcome 50
2026-04-16 14:51:48 |   Found 4 source nodes with paths to outcome 50
2026-04-16 14:51:48 |   Found 4 source nodes with paths to outcome 50
2026-04-16 14:51:48 |   Found 4 source nodes with paths to outcome 50
2026-04-16 14:51:48 |   Found 4 source nodes with paths to outcome 50
2026-04-16 14:51:48 |   Found 4 source nodes with paths to outcome 50
2026-04-16 14:51:49 |   Found 4 source nodes with paths to outcome 50
2026-04-16 14:51:49 |   Found 4 source nodes with paths to outcome 50
2026-04-16 14:51:49 |   Found 4 source nodes with paths to outcome 50
2026-04-16 14:51:49 |   Found 4 source nodes with paths to outcome 50
2026-04-16 14:51:49 |   Found 4 source nodes with paths to outcome 50
2026-04-16 14:51:49 |   Found 4 source nodes with paths to outcome 50
2026-04-16 14:51:49 |   Found 4 source nodes with paths to outcome 50
2026-04-16 14:51:49 |   Found 4 source nodes with paths to outcome 50
2026-04-16 14:51:49 |   Found 4 source nodes with paths to outcome 50
2026-04-16 14:51:49 |   Found 4 source nodes with paths to outcome 50
2026-04-16 14:51:49 |   Found 4 source nodes with paths to outcome 50
2026-04-16 14:51:49 |   Found 4 source nodes with paths to outcome 50
2026-04-16 14:51:49 |   Found 4 source nodes with paths to outcome 50
2026-04-16 14:51:49 |   Found 4 source nodes with paths to outcome 50
2026-04-16 14:51:49 |   Found 4 source nodes with paths to outcome 50
2026-04-16 14:51:49 |   Found 4 source nodes with paths to outcome 50
2026-04-16 14:51:49 |   Found 4 source nodes with paths to outcome 50
2026-04-16 14:51:49 |   Found 4 source nodes with paths to outcome 50
2026-04-16 14:51:49 |   Found 4 source nodes with paths to outcome 50
2026-04-16 14:51:49 |   Found 4 source nodes with paths to outcome 50
2026-04-16 14:51:49 |   Found 4 source nodes with paths to outcome 50
2026-04-16 14:51:49 |   Found 4 source nodes with paths to outcome 50
2026-04-16 14:51:49 |   Found 4 source nodes with paths to outcome 50
2026-04-16 14:51:49 |   Found 4 source nodes with paths to outcome 50
2026-04-16 14:51:49 |   Found 4 source nodes with paths to outcome 50
2026-04-16 14:51:49 |   Found 4 source nodes with paths to outcome 50
2026-04-16 14:51:49 |   Found 4 source nodes with paths to outcome 50
2026-04-16 14:51:49 |   Found 4 source nodes with paths to outcome 50
2026-04-16 14:51:49 |   Found 4 source nodes with paths to outcome 50
2026-04-16 14:51:49 |   Found 4 source nodes with paths to outcome 50
2026-04-16 14:51:49 |   Found 4 source nodes with paths to outcome 50
2026-04-16 14:51:49 |   Found 4 source nodes with paths to outcome 50
2026-04-16 14:51:49 |   Found 4 source nodes with paths to outcome 50
2026-04-16 14:51:49 |   Found 4 source nodes with paths to outcome 50
2026-04-16 14:51:49 |   Found 4 source nodes with paths to outcome 50
2026-04-16 14:51:50 |   Found 4 source nodes with paths to outcome 50
2026-04-16 14:51:50 |   Found 4 source nodes with paths to outcome 50
2026-04-16 14:51:50 |   Found 4 source nodes with paths to outcome 50
2026-04-16 14:51:50 |   Found 4 source nodes with paths to outcome 50
2026-04-16 14:51:50 |   Found 4 source nodes with paths to outcome 50
2026-04-16 14:51:50 |   Found 4 source nodes with paths to outcome 50
2026-04-16 14:51:50 |   Found 4 source nodes with paths to outcome 50
2026-04-16 14:51:50 |   Found 4 source nodes with paths to outcome 50
2026-04-16 14:51:50 |   Found 4 source nodes with paths to outcome 50
2026-04-16 14:51:50 |   Found 4 source nodes with paths to outcome 50
2026-04-16 14:51:50 |   Found 4 source nodes with paths to outcome 50
2026-04-16 14:51:50 |   Found 4 source nodes with paths to outcome 50
2026-04-16 14:51:50 |   Found 4 source nodes with paths to outcome 50
2026-04-16 14:51:50 |   Found 4 source nodes with paths to outcome 50
2026-04-16 14:51:50 |   Found 4 source nodes with paths to outcome 50
2026-04-16 14:51:50 |   Found 4 source nodes with paths to outcome 50
2026-04-16 14:51:50 |   Found 4 source nodes with paths to outcome 50
2026-04-16 14:51:50 |   Found 4 source nodes with paths to outcome 50
2026-04-16 14:51:50 |   Found 4 source nodes with paths to outcome 50
2026-04-16 14:51:50 |   Found 4 source nodes with paths to outcome 50
2026-04-16 14:51:50 |   Found 4 source nodes with paths to outcome 50
2026-04-16 14:51:50 |   Found 4 source nodes with paths to outcome 50
2026-04-16 14:51:50 |   Found 4 source nodes with paths to outcome 50
2026-04-16 14:51:50 |   Found 4 source nodes with paths to outcome 50
2026-04-16 14:51:50 |   Found 4 source nodes with paths to outcome 50
2026-04-16 14:51:50 |   Found 4 source nodes with paths to outcome 50
2026-04-16 14:51:50 |   Found 4 source nodes with paths to outcome 50
2026-04-16 14:51:50 |   Found 4 source nodes with paths to outcome 50
2026-04-16 14:51:50 |   Found 4 source nodes with paths to outcome 50
2026-04-16 14:51:50 |   Found 4 source nodes with paths to outcome 50
2026-04-16 14:51:50 |   Found 4 source nodes with paths to outcome 50
2026-04-16 14:51:50 |   Found 4 source nodes with paths to outcome 50
2026-04-16 14:51:50 |   Found 4 source nodes with paths to outcome 50
2026-04-16 14:51:50 |   Found 4 source nodes with paths to outcome 50
2026-04-16 14:51:51 |   Found 4 source nodes with paths to outcome 50
2026-04-16 14:51:51 |   Found 4 source nodes with paths to outcome 50
2026-04-16 14:51:51 |   Found 4 source nodes with paths to outcome 50
2026-04-16 14:51:51 |   Found 4 source nodes with paths to outcome 50
2026-04-16 14:51:51 |   Found 4 source nodes with paths to outcome 50
2026-04-16 14:51:51 |   Found 4 source nodes with paths to outcome 50
2026-04-16 14:51:51 |   Found 4 source nodes with paths to outcome 50
2026-04-16 14:51:51 |   Found 4 source nodes with paths to outcome 50
2026-04-16 14:51:51 |   Found 4 source nodes with paths to outcome 50
2026-04-16 14:51:51 |   Found 4 source nodes with paths to outcome 50
2026-04-16 14:51:51 |   Found 4 source nodes with paths to outcome 50
2026-04-16 14:51:51 |   Found 4 source nodes with paths to outcome 50
2026-04-16 14:51:51 |   Found 4 source nodes with paths to outcome 50
2026-04-16 14:51:51 |   Found 4 source nodes with paths to outcome 50
2026-04-16 14:51:51 |   Found 4 source nodes with paths to outcome 50
2026-04-16 14:51:51 |   Found 4 source nodes with paths to outcome 50
2026-04-16 14:51:51 |   Found 4 source nodes with paths to outcome 50
2026-04-16 14:51:51 |   Found 4 source nodes with paths to outcome 50
2026-04-16 14:51:51 |   Found 4 source nodes with paths to outcome 50
2026-04-16 14:51:51 |   Found 4 source nodes with paths to outcome 50
2026-04-16 14:51:51 |   Found 4 source nodes with paths to outcome 50
2026-04-16 14:51:51 |   Found 4 source nodes with paths to outcome 50
2026-04-16 14:51:51 |   Found 4 source nodes with paths to outcome 50
2026-04-16 14:51:51 |   Found 4 source nodes with paths to outcome 50
2026-04-16 14:51:51 |   Found 4 source nodes with paths to outcome 50
2026-04-16 14:51:51 |   Found 4 source nodes with paths to outcome 50
2026-04-16 14:51:51 |   Found 4 source nodes with paths to outcome 50
2026-04-16 14:51:51 |   Found 4 source nodes with paths to outcome 50
2026-04-16 14:51:51 |   Found 4 source nodes with paths to outcome 50
2026-04-16 14:51:51 |   Found 4 source nodes with paths to outcome 50
2026-04-16 14:51:51 |   Found 4 source nodes with paths to outcome 50
2026-04-16 14:51:51 |   Found 4 source nodes with paths to outcome 50
2026-04-16 14:51:52 |   Found 4 source nodes with paths to outcome 50
2026-04-16 14:51:52 |   Found 4 source nodes with paths to outcome 50
2026-04-16 14:51:52 |   Found 4 source nodes with paths to outcome 50
2026-04-16 14:51:52 |   Found 4 source nodes with paths to outcome 50
2026-04-16 14:51:52 |   Found 4 source nodes with paths to outcome 50
2026-04-16 14:51:52 |   Found 4 source nodes with paths to outcome 50
2026-04-16 14:51:52 |   Found 4 source nodes with paths to outcome 50
2026-04-16 14:51:52 |   Found 4 source nodes with paths to outcome 50
2026-04-16 14:51:52 |   Found 4 source nodes with paths to outcome 50
2026-04-16 14:51:52 |   Found 4 source nodes with paths to outcome 50
2026-04-16 14:51:52 |   Found 4 source nodes with paths to outcome 50
2026-04-16 14:51:52 |   Found 4 source nodes with paths to outcome 50
2026-04-16 14:51:52 |   Found 4 source nodes with paths to outcome 50
2026-04-16 14:51:52 |   Found 4 source nodes with paths to outcome 50
2026-04-16 14:51:52 |   Found 4 source nodes with paths to outcome 50
2026-04-16 14:51:52 |   Found 4 source nodes with paths to outcome 50
2026-04-16 14:51:52 |   Found 4 source nodes with paths to outcome 50
2026-04-16 14:51:52 |   Found 4 source nodes with paths to outcome 50
2026-04-16 14:51:52 |   Found 4 source nodes with paths to outcome 50
2026-04-16 14:51:52 |   Found 4 source nodes with paths to outcome 50
2026-04-16 14:51:52 |   Found 4 source nodes with paths to outcome 50
2026-04-16 14:51:52 |   Found 4 source nodes with paths to outcome 50
2026-04-16 14:51:52 |   Found 4 source nodes with paths to outcome 50
2026-04-16 14:51:52 |   Found 4 source nodes with paths to outcome 50
2026-04-16 14:51:52 |   Found 4 source nodes with paths to outcome 50
2026-04-16 14:51:52 |   Found 4 source nodes with paths to outcome 50
2026-04-16 14:51:52 |   Found 4 source nodes with paths to outcome 50
2026-04-16 14:51:52 |   Found 4 source nodes with paths to outcome 50
2026-04-16 14:51:52 |   Found 4 source nodes with paths to outcome 50
2026-04-16 14:51:52 |   Found 4 source nodes with paths to outcome 50
2026-04-16 14:51:52 |   Found 4 source nodes with paths to outcome 50
2026-04-16 14:51:52 |   Found 4 source nodes with paths to outcome 50
2026-04-16 14:51:52 |   Found 4 source nodes with paths to outcome 50
2026-04-16 14:51:53 |   Found 4 source nodes with paths to outcome 50
2026-04-16 14:51:53 |   Found 4 source nodes with paths to outcome 50
2026-04-16 14:51:53 |   Found 4 source nodes with paths to outcome 50
2026-04-16 14:51:53 |   Found 4 source nodes with paths to outcome 50
2026-04-16 14:51:53 |   Found 4 source nodes with paths to outcome 50
2026-04-16 14:51:53 |   Found 4 source nodes with paths to outcome 50
2026-04-16 14:51:53 |   Found 4 source nodes with paths to outcome 50
2026-04-16 14:51:53 |   Found 4 source nodes with paths to outcome 50
2026-04-16 14:51:53 |   Found 4 source nodes with paths to outcome 50
2026-04-16 14:51:53 |   Found 4 source nodes with paths to outcome 50
2026-04-16 14:51:53 |   Found 4 source nodes with paths to outcome 50
2026-04-16 14:51:53 |   Found 4 source nodes with paths to outcome 50
2026-04-16 14:51:53 |   Found 4 source nodes with paths to outcome 50
2026-04-16 14:51:53 |   Found 4 source nodes with paths to outcome 50
2026-04-16 14:51:53 |   Found 4 source nodes with paths to outcome 50
2026-04-16 14:51:53 |   Found 4 source nodes with paths to outcome 50
2026-04-16 14:51:53 |   Found 4 source nodes with paths to outcome 50
2026-04-16 14:51:53 |   Found 4 source nodes with paths to outcome 50
2026-04-16 14:51:53 |   Found 4 source nodes with paths to outcome 50
2026-04-16 14:51:53 |   Found 4 source nodes with paths to outcome 50
2026-04-16 14:51:53 |   Found 4 source nodes with paths to outcome 50
2026-04-16 14:51:53 |   Found 4 source nodes with paths to outcome 50
2026-04-16 14:51:53 |   Found 4 source nodes with paths to outcome 50
2026-04-16 14:51:53 |   Found 4 source nodes with paths to outcome 50
2026-04-16 14:51:53 |   Found 4 source nodes with paths to outcome 50
2026-04-16 14:51:53 |   Found 4 source nodes with paths to outcome 50
2026-04-16 14:51:53 |   Found 4 source nodes with paths to outcome 50
2026-04-16 14:51:53 |   Found 4 source nodes with paths to outcome 50
2026-04-16 14:51:53 |   Found 4 source nodes with paths to outcome 50
2026-04-16 14:51:53 |   Found 4 source nodes with paths to outcome 50
2026-04-16 14:51:53 |   Found 4 source nodes with paths to outcome 50
2026-04-16 14:51:53 |   Found 4 source nodes with paths to outcome 50
2026-04-16 14:51:53 |   Found 4 source nodes with paths to outcome 50
2026-04-16 14:51:54 |   Found 4 source nodes with paths to outcome 50
2026-04-16 14:51:54 |   Found 4 source nodes with paths to outcome 50
2026-04-16 14:51:54 |   Found 4 source nodes with paths to outcome 50
2026-04-16 14:51:54 |   Found 4 source nodes with paths to outcome 50
2026-04-16 14:51:54 |   Found 4 source nodes with paths to outcome 50
2026-04-16 14:51:54 |   Found 4 source nodes with paths to outcome 50
2026-04-16 14:51:54 |   Found 4 source nodes with paths to outcome 50
2026-04-16 14:51:54 |   Found 4 source nodes with paths to outcome 50
2026-04-16 14:51:54 |   Found 4 source nodes with paths to outcome 50
2026-04-16 14:51:54 |   Found 4 source nodes with paths to outcome 50
2026-04-16 14:51:54 |   Found 4 source nodes with paths to outcome 50
2026-04-16 14:51:54 |   Found 4 source nodes with paths to outcome 50
2026-04-16 14:51:54 |   Found 4 source nodes with paths to outcome 50
2026-04-16 14:51:54 |   Found 4 source nodes with paths to outcome 50
2026-04-16 14:51:54 |   Found 4 source nodes with paths to outcome 50
2026-04-16 14:51:54 |   Found 4 source nodes with paths to outcome 50
2026-04-16 14:51:54 |   Found 4 source nodes with paths to outcome 50
2026-04-16 14:51:54 |   Found 4 source nodes with paths to outcome 50
2026-04-16 14:51:54 |   Found 4 source nodes with paths to outcome 50
2026-04-16 14:51:54 |   Found 4 source nodes with paths to outcome 50
2026-04-16 14:51:54 |   Found 4 source nodes with paths to outcome 50
2026-04-16 14:51:54 |   Found 4 source nodes with paths to outcome 50
2026-04-16 14:51:54 |   Found 4 source nodes with paths to outcome 50
2026-04-16 14:51:54 |   Found 4 source nodes with paths to outcome 50
2026-04-16 14:51:54 |   Found 4 source nodes with paths to outcome 50
2026-04-16 14:51:54 |   Found 4 source nodes with paths to outcome 50
2026-04-16 14:51:54 |   Found 4 source nodes with paths to outcome 50
2026-04-16 14:51:54 |   Found 4 source nodes with paths to outcome 50
2026-04-16 14:51:54 |   Found 4 source nodes with paths to outcome 50
2026-04-16 14:51:54 |   Found 4 source nodes with paths to outcome 50
2026-04-16 14:51:54 |   Found 4 source nodes with paths to outcome 50
2026-04-16 14:51:54 |   Found 4 source nodes with paths to outcome 50
2026-04-16 14:51:54 |   Found 4 source nodes with paths to outcome 50
2026-04-16 14:51:54 |   Found 4 source nodes with paths to outcome 50
2026-04-16 14:51:54 |   Found 4 source nodes with paths to outcome 50
2026-04-16 14:51:55 |   Found 4 source nodes with paths to outcome 50
2026-04-16 14:51:55 |   Found 4 source nodes with paths to outcome 50
2026-04-16 14:51:55 |   Found 4 source nodes with paths to outcome 50
2026-04-16 14:51:55 |   Found 4 source nodes with paths to outcome 50
2026-04-16 14:51:55 |   Found 4 source nodes with paths to outcome 50
2026-04-16 14:51:55 |   Found 4 source nodes with paths to outcome 50
2026-04-16 14:51:55 |   Found 4 source nodes with paths to outcome 50
2026-04-16 14:51:55 |   Found 4 source nodes with paths to outcome 50
2026-04-16 14:51:55 |   Found 4 source nodes with paths to outcome 50
2026-04-16 14:51:55 |   Found 4 source nodes with paths to outcome 50
2026-04-16 14:51:55 |   Found 4 source nodes with paths to outcome 50
2026-04-16 14:51:55 |   Found 4 source nodes with paths to outcome 50
2026-04-16 14:51:55 |   Found 4 source nodes with paths to outcome 50
2026-04-16 14:51:55 |   Found 4 source nodes with paths to outcome 50
2026-04-16 14:51:55 |   Found 4 source nodes with paths to outcome 50
2026-04-16 14:51:55 |   Found 4 source nodes with paths to outcome 50
2026-04-16 14:51:55 |   Found 4 source nodes with paths to outcome 50
2026-04-16 14:51:55 |   Found 4 source nodes with paths to outcome 50
2026-04-16 14:51:55 |   Found 4 source nodes with paths to outcome 50
2026-04-16 14:51:55 |   Found 4 source nodes with paths to outcome 50
2026-04-16 14:51:55 |   Found 4 source nodes with paths to outcome 50
2026-04-16 14:51:55 |   Found 4 source nodes with paths to outcome 50
2026-04-16 14:51:55 |   Found 4 source nodes with paths to outcome 50
2026-04-16 14:51:55 |   Found 4 source nodes with paths to outcome 50
2026-04-16 14:51:55 |   Found 4 source nodes with paths to outcome 50
2026-04-16 14:51:55 |   Found 4 source nodes with paths to outcome 50
2026-04-16 14:51:55 |   Found 4 source nodes with paths to outcome 50
2026-04-16 14:51:55 |   Found 4 source nodes with paths to outcome 50
2026-04-16 14:51:55 |   Found 4 source nodes with paths to outcome 50
2026-04-16 14:51:55 |   Found 4 source nodes with paths to outcome 50
2026-04-16 14:51:55 |   Found 4 source nodes with paths to outcome 50
2026-04-16 14:51:55 |   Found 4 source nodes with paths to outcome 50
2026-04-16 14:51:55 |   Found 4 source nodes with paths to outcome 50
2026-04-16 14:51:56 |   Found 4 source nodes with paths to outcome 50
2026-04-16 14:51:56 |   Found 4 source nodes with paths to outcome 50
2026-04-16 14:51:56 |   Found 4 source nodes with paths to outcome 50
2026-04-16 14:51:56 |   Found 4 source nodes with paths to outcome 50
2026-04-16 14:51:56 |   Found 4 source nodes with paths to outcome 50
2026-04-16 14:51:56 |   Found 4 source nodes with paths to outcome 50
2026-04-16 14:51:56 |   Found 4 source nodes with paths to outcome 50
2026-04-16 14:51:56 |   Found 4 source nodes with paths to outcome 50
2026-04-16 14:51:56 |   Found 4 source nodes with paths to outcome 50
2026-04-16 14:51:56 |   Found 4 source nodes with paths to outcome 50
2026-04-16 14:51:56 |   Found 4 source nodes with paths to outcome 50
2026-04-16 14:51:56 |   Found 4 source nodes with paths to outcome 50
2026-04-16 14:51:56 |   Found 4 source nodes with paths to outcome 50
2026-04-16 14:51:56 |   Found 4 source nodes with paths to outcome 50
2026-04-16 14:51:56 |   Found 4 source nodes with paths to outcome 50
2026-04-16 14:51:56 |   Found 4 source nodes with paths to outcome 50
2026-04-16 14:51:56 |   Found 4 source nodes with paths to outcome 50
2026-04-16 14:51:56 |   Found 4 source nodes with paths to outcome 50
2026-04-16 14:51:56 |   Found 4 source nodes with paths to outcome 50
2026-04-16 14:51:56 |   Found 4 source nodes with paths to outcome 50
2026-04-16 14:51:56 |   Found 4 source nodes with paths to outcome 50
2026-04-16 14:51:56 |   Found 4 source nodes with paths to outcome 50
2026-04-16 14:51:56 |   Found 4 source nodes with paths to outcome 50
2026-04-16 14:51:56 |   Found 4 source nodes with paths to outcome 50
2026-04-16 14:51:56 |   Found 4 source nodes with paths to outcome 50
2026-04-16 14:51:56 |   Found 4 source nodes with paths to outcome 50
2026-04-16 14:51:56 |   Found 4 source nodes with paths to outcome 50
2026-04-16 14:51:56 |   Found 4 source nodes with paths to outcome 50
2026-04-16 14:51:56 |   Found 4 source nodes with paths to outcome 50
2026-04-16 14:51:56 |   Found 4 source nodes with paths to outcome 50
2026-04-16 14:51:56 |   Found 4 source nodes with paths to outcome 50
2026-04-16 14:51:56 |   Found 4 source nodes with paths to outcome 50
2026-04-16 14:51:56 |   Found 4 source nodes with paths to outcome 50
2026-04-16 14:51:57 |   Found 4 source nodes with paths to outcome 50
2026-04-16 14:51:57 |   Found 4 source nodes with paths to outcome 50
2026-04-16 14:51:57 |   Found 4 source nodes with paths to outcome 50
2026-04-16 14:51:57 |   Found 4 source nodes with paths to outcome 50
2026-04-16 14:51:57 |   Found 4 source nodes with paths to outcome 50
2026-04-16 14:51:57 |   Found 4 source nodes with paths to outcome 50
2026-04-16 14:51:57 |   Found 4 source nodes with paths to outcome 50
2026-04-16 14:51:57 |   Found 4 source nodes with paths to outcome 50
2026-04-16 14:51:57 |   Found 4 source nodes with paths to outcome 50
2026-04-16 14:51:57 |   Found 4 source nodes with paths to outcome 50
2026-04-16 14:51:57 |   Found 4 source nodes with paths to outcome 50
2026-04-16 14:51:57 |   Found 4 source nodes with paths to outcome 50
2026-04-16 14:51:57 |   Found 4 source nodes with paths to outcome 50
2026-04-16 14:51:57 |   Found 4 source nodes with paths to outcome 50
2026-04-16 14:51:57 |   Found 4 source nodes with paths to outcome 50
2026-04-16 14:51:57 |   Found 4 source nodes with paths to outcome 50
2026-04-16 14:51:57 |   Found 4 source nodes with paths to outcome 50
2026-04-16 14:51:57 |   Found 4 source nodes with paths to outcome 50
2026-04-16 14:51:57 |   Found 4 source nodes with paths to outcome 50
2026-04-16 14:51:57 |   Found 4 source nodes with paths to outcome 50
2026-04-16 14:51:57 |   Found 4 source nodes with paths to outcome 50
2026-04-16 14:51:57 |   Found 4 source nodes with paths to outcome 50
2026-04-16 14:51:57 |   Found 4 source nodes with paths to outcome 50
2026-04-16 14:51:57 |   Found 4 source nodes with paths to outcome 50
2026-04-16 14:51:57 |   Found 4 source nodes with paths to outcome 50
2026-04-16 14:51:57 |   Found 4 source nodes with paths to outcome 50
2026-04-16 14:51:57 |   Found 4 source nodes with paths to outcome 50
2026-04-16 14:51:57 |   Found 4 source nodes with paths to outcome 50
2026-04-16 14:51:57 |   Found 4 source nodes with paths to outcome 50
2026-04-16 14:51:57 |   Found 4 source nodes with paths to outcome 50
2026-04-16 14:51:57 |   Found 4 source nodes with paths to outcome 50
2026-04-16 14:51:57 |   Found 4 source nodes with paths to outcome 50
2026-04-16 14:51:58 |   Found 4 source nodes with paths to outcome 50
2026-04-16 14:51:58 |   Found 4 source nodes with paths to outcome 50
2026-04-16 14:51:58 |   Found 4 source nodes with paths to outcome 50
2026-04-16 14:51:58 |   Found 4 source nodes with paths to outcome 50
2026-04-16 14:51:58 |   Found 4 source nodes with paths to outcome 50
2026-04-16 14:51:58 |   Found 4 source nodes with paths to outcome 50
2026-04-16 14:51:58 |   Found 4 source nodes with paths to outcome 50
2026-04-16 14:51:58 |   Found 4 source nodes with paths to outcome 50
2026-04-16 14:51:58 |   Found 4 source nodes with paths to outcome 50
2026-04-16 14:51:58 |   Found 4 source nodes with paths to outcome 50
2026-04-16 14:51:58 |   Found 4 source nodes with paths to outcome 50
2026-04-16 14:51:58 |   Found 4 source nodes with paths to outcome 50
2026-04-16 14:51:58 |   Found 4 source nodes with paths to outcome 50
2026-04-16 14:51:58 |   Found 4 source nodes with paths to outcome 50
2026-04-16 14:51:58 |   Found 4 source nodes with paths to outcome 50
2026-04-16 14:51:58 |   Found 4 source nodes with paths to outcome 50
2026-04-16 14:51:58 |   Found 4 source nodes with paths to outcome 50
2026-04-16 14:51:58 |   Found 4 source nodes with paths to outcome 50
2026-04-16 14:51:58 |   Found 4 source nodes with paths to outcome 50
2026-04-16 14:51:58 |   Found 4 source nodes with paths to outcome 50
2026-04-16 14:51:58 |   Found 4 source nodes with paths to outcome 50
2026-04-16 14:51:58 |   Found 4 source nodes with paths to outcome 50
2026-04-16 14:51:58 |   Found 4 source nodes with paths to outcome 50
2026-04-16 14:51:58 |   Found 4 source nodes with paths to outcome 50
2026-04-16 14:51:58 |   Found 4 source nodes with paths to outcome 50
2026-04-16 14:51:58 |   Found 4 source nodes with paths to outcome 50
2026-04-16 14:51:58 |   Found 4 source nodes with paths to outcome 50
2026-04-16 14:51:58 |   Found 4 source nodes with paths to outcome 50
2026-04-16 14:51:58 |   Found 4 source nodes with paths to outcome 50
2026-04-16 14:51:58 |   Found 4 source nodes with paths to outcome 50
2026-04-16 14:51:58 |   Found 4 source nodes with paths to outcome 50
2026-04-16 14:51:58 |   Found 4 source nodes with paths to outcome 50
2026-04-16 14:51:58 |   Found 4 source nodes with paths to outcome 50
2026-04-16 14:51:59 |   Found 4 source nodes with paths to outcome 50
2026-04-16 14:51:59 |   Found 4 source nodes with paths to outcome 50
2026-04-16 14:51:59 |   Found 4 source nodes with paths to outcome 50
2026-04-16 14:51:59 |   Found 4 source nodes with paths to outcome 50
2026-04-16 14:51:59 |   Found 4 source nodes with paths to outcome 50
2026-04-16 14:51:59 |   Found 4 source nodes with paths to outcome 50
2026-04-16 14:51:59 |   Found 4 source nodes with paths to outcome 50
2026-04-16 14:51:59 |   Found 4 source nodes with paths to outcome 50
2026-04-16 14:51:59 |   Found 4 source nodes with paths to outcome 50
2026-04-16 14:51:59 |   Found 4 source nodes with paths to outcome 50
2026-04-16 14:51:59 |   Found 4 source nodes with paths to outcome 50
2026-04-16 14:51:59 |   Found 4 source nodes with paths to outcome 50
2026-04-16 14:51:59 |   Found 4 source nodes with paths to outcome 50
2026-04-16 14:51:59 |   Found 4 source nodes with paths to outcome 50
2026-04-16 14:51:59 |   Found 4 source nodes with paths to outcome 50
2026-04-16 14:51:59 |   Found 4 source nodes with paths to outcome 50
2026-04-16 14:51:59 |   Found 4 source nodes with paths to outcome 50
2026-04-16 14:51:59 |   Found 4 source nodes with paths to outcome 50
2026-04-16 14:51:59 |   Found 4 source nodes with paths to outcome 50
2026-04-16 14:51:59 |   Found 4 source nodes with paths to outcome 50
2026-04-16 14:51:59 |   Found 4 source nodes with paths to outcome 50
2026-04-16 14:51:59 |   Found 4 source nodes with paths to outcome 50
2026-04-16 14:51:59 |   Found 4 source nodes with paths to outcome 50
2026-04-16 14:51:59 |   Found 4 source nodes with paths to outcome 50
2026-04-16 14:51:59 |   Found 4 source nodes with paths to outcome 50
2026-04-16 14:51:59 |   Found 4 source nodes with paths to outcome 50
2026-04-16 14:51:59 |   Found 4 source nodes with paths to outcome 50
2026-04-16 14:51:59 |   Found 4 source nodes with paths to outcome 50
2026-04-16 14:51:59 |   Found 4 source nodes with paths to outcome 50
2026-04-16 14:51:59 |   Found 4 source nodes with paths to outcome 50
2026-04-16 14:51:59 |   Found 4 source nodes with paths to outcome 50
2026-04-16 14:51:59 |   Found 4 source nodes with paths to outcome 50
2026-04-16 14:51:59 |   Found 4 source nodes with paths to outcome 50
2026-04-16 14:52:00 |   Found 4 source nodes with paths to outcome 50
2026-04-16 14:52:00 |   Found 4 source nodes with paths to outcome 50
2026-04-16 14:52:00 |   Found 4 source nodes with paths to outcome 50
2026-04-16 14:52:00 |   Found 4 source nodes with paths to outcome 50
2026-04-16 14:52:00 |   Found 4 source nodes with paths to outcome 50
2026-04-16 14:52:00 |   Found 4 source nodes with paths to outcome 50
2026-04-16 14:52:00 |   Found 4 source nodes with paths to outcome 50
2026-04-16 14:52:00 |   Found 4 source nodes with paths to outcome 50
2026-04-16 14:52:00 |   Found 4 source nodes with paths to outcome 50
2026-04-16 14:52:00 |   Found 4 source nodes with paths to outcome 50
2026-04-16 14:52:00 |   Found 4 source nodes with paths to outcome 50
2026-04-16 14:52:00 |   Found 4 source nodes with paths to outcome 50
2026-04-16 14:52:00 |   Found 4 source nodes with paths to outcome 50
2026-04-16 14:52:00 |   Found 4 source nodes with paths to outcome 50
2026-04-16 14:52:00 |   Found 4 source nodes with paths to outcome 50
2026-04-16 14:52:00 |   Found 4 source nodes with paths to outcome 50
2026-04-16 14:52:00 |   Found 4 source nodes with paths to outcome 50
2026-04-16 14:52:00 |   Found 4 source nodes with paths to outcome 50
2026-04-16 14:52:00 |   Found 4 source nodes with paths to outcome 50
2026-04-16 14:52:00 |   Found 4 source nodes with paths to outcome 50
2026-04-16 14:52:00 |   Found 4 source nodes with paths to outcome 50
2026-04-16 14:52:00 |   Found 4 source nodes with paths to outcome 50
2026-04-16 14:52:00 |   Found 4 source nodes with paths to outcome 50
2026-04-16 14:52:00 |   Found 4 source nodes with paths to outcome 50
2026-04-16 14:52:00 |   Found 4 source nodes with paths to outcome 50
2026-04-16 14:52:00 |   Found 4 source nodes with paths to outcome 50
2026-04-16 14:52:00 |   Found 4 source nodes with paths to outcome 50
2026-04-16 14:52:00 |   Found 4 source nodes with paths to outcome 50
2026-04-16 14:52:00 |   Found 4 source nodes with paths to outcome 50
2026-04-16 14:52:00 |   Found 4 source nodes with paths to outcome 50
2026-04-16 14:52:00 |   Found 4 source nodes with paths to outcome 50
2026-04-16 14:52:00 |   Found 4 source nodes with paths to outcome 50
2026-04-16 14:52:00 |   Found 4 source nodes with paths to outcome 50
2026-04-16 14:52:01 |   Found 4 source nodes with paths to outcome 50
2026-04-16 14:52:01 |   Found 4 source nodes with paths to outcome 50
2026-04-16 14:52:01 |   Found 4 source nodes with paths to outcome 50
2026-04-16 14:52:01 |   Found 4 source nodes with paths to outcome 50
2026-04-16 14:52:01 |   Found 4 source nodes with paths to outcome 50
2026-04-16 14:52:01 |   Found 4 source nodes with paths to outcome 50
2026-04-16 14:52:01 |   Found 4 source nodes with paths to outcome 50
2026-04-16 14:52:01 |   Found 4 source nodes with paths to outcome 50
2026-04-16 14:52:01 |   Found 4 source nodes with paths to outcome 50
2026-04-16 14:52:01 |   Found 4 source nodes with paths to outcome 50
2026-04-16 14:52:01 |   Found 4 source nodes with paths to outcome 50
2026-04-16 14:52:01 |   Found 4 source nodes with paths to outcome 50
2026-04-16 14:52:01 |   Found 4 source nodes with paths to outcome 50
2026-04-16 14:52:01 |   Found 4 source nodes with paths to outcome 50
2026-04-16 14:52:01 |   Found 4 source nodes with paths to outcome 50
2026-04-16 14:52:01 |   Found 4 source nodes with paths to outcome 50
2026-04-16 14:52:01 |   Found 4 source nodes with paths to outcome 50
2026-04-16 14:52:01 |   Found 4 source nodes with paths to outcome 50
2026-04-16 14:52:01 |   Found 4 source nodes with paths to outcome 50
2026-04-16 14:52:01 |   Found 4 source nodes with paths to outcome 50
2026-04-16 14:52:01 |   Found 4 source nodes with paths to outcome 50
2026-04-16 14:52:01 |   Found 4 source nodes with paths to outcome 50
2026-04-16 14:52:01 |   Found 4 source nodes with paths to outcome 50
2026-04-16 14:52:01 |   Found 4 source nodes with paths to outcome 50
2026-04-16 14:52:01 |   Found 4 source nodes with paths to outcome 50
2026-04-16 14:52:01 |   Found 4 source nodes with paths to outcome 50
2026-04-16 14:52:01 |   Found 4 source nodes with paths to outcome 50
2026-04-16 14:52:01 |   Found 4 source nodes with paths to outcome 50
2026-04-16 14:52:01 |   Found 4 source nodes with paths to outcome 50
2026-04-16 14:52:01 |   Found 4 source nodes with paths to outcome 50
2026-04-16 14:52:01 |   Found 4 source nodes with paths to outcome 50
2026-04-16 14:52:01 |   Found 4 source nodes with paths to outcome 50
2026-04-16 14:52:02 |   Found 4 source nodes with paths to outcome 50
2026-04-16 14:52:02 |   Found 4 source nodes with paths to outcome 50
2026-04-16 14:52:02 |   Found 4 source nodes with paths to outcome 50
2026-04-16 14:52:02 |   Found 4 source nodes with paths to outcome 50
2026-04-16 14:52:02 |   Found 4 source nodes with paths to outcome 50
2026-04-16 14:52:02 |   Found 4 source nodes with paths to outcome 50
2026-04-16 14:52:02 |   Found 4 source nodes with paths to outcome 50
2026-04-16 14:52:02 |   Found 4 source nodes with paths to outcome 50
2026-04-16 14:52:02 |   Found 4 source nodes with paths to outcome 50
2026-04-16 14:52:02 |   Found 4 source nodes with paths to outcome 50
2026-04-16 14:52:02 |   Found 4 source nodes with paths to outcome 50
2026-04-16 14:52:02 |   Found 4 source nodes with paths to outcome 50
2026-04-16 14:52:02 |   Found 4 source nodes with paths to outcome 50
2026-04-16 14:52:02 |   Found 4 source nodes with paths to outcome 50
2026-04-16 14:52:02 |   Found 4 source nodes with paths to outcome 50
2026-04-16 14:52:02 |   Found 4 source nodes with paths to outcome 50
2026-04-16 14:52:02 |   Found 4 source nodes with paths to outcome 50
2026-04-16 14:52:02 |   Found 4 source nodes with paths to outcome 50
2026-04-16 14:52:02 |   Found 4 source nodes with paths to outcome 50
2026-04-16 14:52:02 |   Found 4 source nodes with paths to outcome 50
2026-04-16 14:52:02 |   Found 4 source nodes with paths to outcome 50
2026-04-16 14:52:02 |   Found 4 source nodes with paths to outcome 50
2026-04-16 14:52:02 |   Found 4 source nodes with paths to outcome 50
2026-04-16 14:52:02 |   Found 4 source nodes with paths to outcome 50
2026-04-16 14:52:02 |   Found 4 source nodes with paths to outcome 50
2026-04-16 14:52:02 |   Found 4 source nodes with paths to outcome 50
2026-04-16 14:52:02 |   Found 4 source nodes with paths to outcome 50
2026-04-16 14:52:02 |   Found 4 source nodes with paths to outcome 50
2026-04-16 14:52:02 |   Found 4 source nodes with paths to outcome 50
2026-04-16 14:52:02 |   Found 4 source nodes with paths to outcome 50
2026-04-16 14:52:02 |   Found 4 source nodes with paths to outcome 50
2026-04-16 14:52:02 |   Found 4 source nodes with paths to outcome 50
2026-04-16 14:52:02 |   Found 4 source nodes with paths to outcome 50
2026-04-16 14:52:03 |   Found 4 source nodes with paths to outcome 50
2026-04-16 14:52:03 |   Found 4 source nodes with paths to outcome 50
2026-04-16 14:52:03 |   Found 4 source nodes with paths to outcome 50
2026-04-16 14:52:03 |   Found 4 source nodes with paths to outcome 50
2026-04-16 14:52:03 |   Found 4 source nodes with paths to outcome 50
2026-04-16 14:52:03 |   Found 4 source nodes with paths to outcome 50
2026-04-16 14:52:03 |   Found 4 source nodes with paths to outcome 50
2026-04-16 14:52:03 |   Found 4 source nodes with paths to outcome 50
2026-04-16 14:52:03 |   Found 4 source nodes with paths to outcome 50
2026-04-16 14:52:03 |   Found 4 source nodes with paths to outcome 50
2026-04-16 14:52:03 |   Found 4 source nodes with paths to outcome 50
2026-04-16 14:52:03 |   Found 4 source nodes with paths to outcome 50
2026-04-16 14:52:03 |   Found 4 source nodes with paths to outcome 50
2026-04-16 14:52:03 |   Found 4 source nodes with paths to outcome 50
2026-04-16 14:52:03 |   Found 4 source nodes with paths to outcome 50
2026-04-16 14:52:03 |   Found 4 source nodes with paths to outcome 50
2026-04-16 14:52:03 |   Found 4 source nodes with paths to outcome 50
2026-04-16 14:52:03 |   Found 4 source nodes with paths to outcome 50
2026-04-16 14:52:03 |   Found 4 source nodes with paths to outcome 50
2026-04-16 14:52:03 |   Found 4 source nodes with paths to outcome 50
2026-04-16 14:52:03 |   Found 4 source nodes with paths to outcome 50
2026-04-16 14:52:03 |   Found 4 source nodes with paths to outcome 50
2026-04-16 14:52:03 |   Found 4 source nodes with paths to outcome 50
2026-04-16 14:52:03 |   Found 4 source nodes with paths to outcome 50
2026-04-16 14:52:03 |   Found 4 source nodes with paths to outcome 50
2026-04-16 14:52:03 |   Found 4 source nodes with paths to outcome 50
2026-04-16 14:52:03 |   Found 4 source nodes with paths to outcome 50
2026-04-16 14:52:03 |   Found 4 source nodes with paths to outcome 50
2026-04-16 14:52:03 |   Found 4 source nodes with paths to outcome 50
2026-04-16 14:52:03 |   Found 4 source nodes with paths to outcome 50
2026-04-16 14:52:03 |   Found 4 source nodes with paths to outcome 50
2026-04-16 14:52:03 |   Found 4 source nodes with paths to outcome 50
2026-04-16 14:52:04 |   Found 4 source nodes with paths to outcome 50
2026-04-16 14:52:04 |   Found 4 source nodes with paths to outcome 50
2026-04-16 14:52:04 |   Found 4 source nodes with paths to outcome 50
2026-04-16 14:52:04 |   Found 4 source nodes with paths to outcome 50
2026-04-16 14:52:04 |   Found 4 source nodes with paths to outcome 50
2026-04-16 14:52:04 |   Found 4 source nodes with paths to outcome 50
2026-04-16 14:52:04 |   Found 4 source nodes with paths to outcome 50
2026-04-16 14:52:04 |   Found 4 source nodes with paths to outcome 50
2026-04-16 14:52:04 |   Found 4 source nodes with paths to outcome 50
2026-04-16 14:52:04 |   Found 4 source nodes with paths to outcome 50
2026-04-16 14:52:04 |   Found 4 source nodes with paths to outcome 50
2026-04-16 14:52:04 |   Found 4 source nodes with paths to outcome 50
2026-04-16 14:52:04 |   Found 4 source nodes with paths to outcome 50
2026-04-16 14:52:04 |   Found 4 source nodes with paths to outcome 50
2026-04-16 14:52:04 |   Found 4 source nodes with paths to outcome 50
2026-04-16 14:52:04 |   Found 4 source nodes with paths to outcome 50
2026-04-16 14:52:04 |   Found 4 source nodes with paths to outcome 50
2026-04-16 14:52:04 |   Found 4 source nodes with paths to outcome 50
2026-04-16 14:52:04 |   Found 4 source nodes with paths to outcome 50
2026-04-16 14:52:04 |   Found 4 source nodes with paths to outcome 50
2026-04-16 14:52:04 |   Found 4 source nodes with paths to outcome 50
2026-04-16 14:52:04 |   Found 4 source nodes with paths to outcome 50
2026-04-16 14:52:04 |   Found 4 source nodes with paths to outcome 50
2026-04-16 14:52:04 |   Found 4 source nodes with paths to outcome 50
2026-04-16 14:52:04 |   Found 4 source nodes with paths to outcome 50
2026-04-16 14:52:04 |   Found 4 source nodes with paths to outcome 50
2026-04-16 14:52:04 |   Found 4 source nodes with paths to outcome 50
2026-04-16 14:52:04 |   Found 4 source nodes with paths to outcome 50
2026-04-16 14:52:04 |   Found 4 source nodes with paths to outcome 50
2026-04-16 14:52:04 |   Found 4 source nodes with paths to outcome 50
2026-04-16 14:52:04 |   Found 4 source nodes with paths to outcome 50
2026-04-16 14:52:04 |   Found 4 source nodes with paths to outcome 50
2026-04-16 14:52:04 |   Found 4 source nodes with paths to outcome 50
2026-04-16 14:52:05 |   Found 4 source nodes with paths to outcome 50
2026-04-16 14:52:05 |   Found 4 source nodes with paths to outcome 50
2026-04-16 14:52:05 |   Found 4 source nodes with paths to outcome 50
2026-04-16 14:52:05 |   Found 4 source nodes with paths to outcome 50
2026-04-16 14:52:05 |   Found 4 source nodes with paths to outcome 50
2026-04-16 14:52:05 |   Found 4 source nodes with paths to outcome 50
2026-04-16 14:52:05 |   Found 4 source nodes with paths to outcome 50
2026-04-16 14:52:05 |   Found 4 source nodes with paths to outcome 50
2026-04-16 14:52:05 |   Found 4 source nodes with paths to outcome 50
2026-04-16 14:52:05 |   Found 4 source nodes with paths to outcome 50
2026-04-16 14:52:05 |   Found 4 source nodes with paths to outcome 50
2026-04-16 14:52:05 |   Found 4 source nodes with paths to outcome 50
2026-04-16 14:52:05 |   Found 4 source nodes with paths to outcome 50
2026-04-16 14:52:05 |   Found 4 source nodes with paths to outcome 50
2026-04-16 14:52:05 |   Found 4 source nodes with paths to outcome 50
2026-04-16 14:52:05 |   Found 4 source nodes with paths to outcome 50
2026-04-16 14:52:05 |   Found 4 source nodes with paths to outcome 50
2026-04-16 14:52:05 |   Found 4 source nodes with paths to outcome 50
2026-04-16 14:52:05 |   Found 4 source nodes with paths to outcome 50
2026-04-16 14:52:05 |   Found 4 source nodes with paths to outcome 50
2026-04-16 14:52:05 |   Found 4 source nodes with paths to outcome 50
2026-04-16 14:52:05 |   Found 4 source nodes with paths to outcome 50
2026-04-16 14:52:05 |   Found 4 source nodes with paths to outcome 50
2026-04-16 14:52:05 |   Found 4 source nodes with paths to outcome 50
2026-04-16 14:52:05 |   Found 4 source nodes with paths to outcome 50
2026-04-16 14:52:05 |   Found 4 source nodes with paths to outcome 50
2026-04-16 14:52:05 |   Found 4 source nodes with paths to outcome 50
2026-04-16 14:52:05 |   Found 4 source nodes with paths to outcome 50
2026-04-16 14:52:05 |   Found 4 source nodes with paths to outcome 50
2026-04-16 14:52:05 |   Found 4 source nodes with paths to outcome 50
2026-04-16 14:52:05 |   Found 4 source nodes with paths to outcome 50
2026-04-16 14:52:05 |   Found 4 source nodes with paths to outcome 50
2026-04-16 14:52:05 |   Found 4 source nodes with paths to outcome 50
2026-04-16 14:52:06 |   Found 4 source nodes with paths to outcome 50
2026-04-16 14:52:06 |   Found 4 source nodes with paths to outcome 50
2026-04-16 14:52:06 |   Found 4 source nodes with paths to outcome 50
2026-04-16 14:52:06 |   Found 4 source nodes with paths to outcome 50
2026-04-16 14:52:06 |   Found 4 source nodes with paths to outcome 50
2026-04-16 14:52:06 |   Found 4 source nodes with paths to outcome 50
2026-04-16 14:52:06 |   Found 4 source nodes with paths to outcome 50
2026-04-16 14:52:06 |   Found 4 source nodes with paths to outcome 50
2026-04-16 14:52:06 |   Found 4 source nodes with paths to outcome 50
2026-04-16 14:52:06 |   Found 4 source nodes with paths to outcome 50
2026-04-16 14:52:06 |   Found 4 source nodes with paths to outcome 50
2026-04-16 14:52:06 |   Found 4 source nodes with paths to outcome 50
2026-04-16 14:52:06 |   Found 4 source nodes with paths to outcome 50
2026-04-16 14:52:06 |   Found 4 source nodes with paths to outcome 50
2026-04-16 14:52:06 |   Found 4 source nodes with paths to outcome 50
2026-04-16 14:52:06 |   Found 4 source nodes with paths to outcome 50
2026-04-16 14:52:06 |   Found 4 source nodes with paths to outcome 50
2026-04-16 14:52:06 |   Found 4 source nodes with paths to outcome 50
2026-04-16 14:52:06 |   Found 4 source nodes with paths to outcome 50
2026-04-16 14:52:06 |   Found 4 source nodes with paths to outcome 50
2026-04-16 14:52:06 |   Found 4 source nodes with paths to outcome 50
2026-04-16 14:52:06 |   Found 4 source nodes with paths to outcome 50
2026-04-16 14:52:06 |   Found 4 source nodes with paths to outcome 50
2026-04-16 14:52:06 |   Found 4 source nodes with paths to outcome 50
2026-04-16 14:52:06 |   Found 4 source nodes with paths to outcome 50
2026-04-16 14:52:06 |   Found 4 source nodes with paths to outcome 50
2026-04-16 14:52:06 |   Found 4 source nodes with paths to outcome 50
2026-04-16 14:52:06 |   Found 4 source nodes with paths to outcome 50
2026-04-16 14:52:06 |   Found 4 source nodes with paths to outcome 50
2026-04-16 14:52:06 |   Found 4 source nodes with paths to outcome 50
2026-04-16 14:52:06 |   Found 4 source nodes with paths to outcome 50
2026-04-16 14:52:06 |   Found 4 source nodes with paths to outcome 50
2026-04-16 14:52:06 |   Found 4 source nodes with paths to outcome 50
2026-04-16 14:52:07 |   Found 4 source nodes with paths to outcome 50
2026-04-16 14:52:07 |   Found 4 source nodes with paths to outcome 50
2026-04-16 14:52:07 |   Found 4 source nodes with paths to outcome 50
2026-04-16 14:52:07 |   Found 4 source nodes with paths to outcome 50
2026-04-16 14:52:07 |   Found 4 source nodes with paths to outcome 50
2026-04-16 14:52:07 |   Found 4 source nodes with paths to outcome 50
2026-04-16 14:52:07 |   Found 4 source nodes with paths to outcome 50
2026-04-16 14:52:07 |   Found 4 source nodes with paths to outcome 50
2026-04-16 14:52:07 |   Found 4 source nodes with paths to outcome 50
2026-04-16 14:52:07 |   Found 4 source nodes with paths to outcome 50
2026-04-16 14:52:07 |   Found 4 source nodes with paths to outcome 50
2026-04-16 14:52:07 |   Found 4 source nodes with paths to outcome 50
2026-04-16 14:52:07 |   Found 4 source nodes with paths to outcome 50
2026-04-16 14:52:07 |   Found 4 source nodes with paths to outcome 50
2026-04-16 14:52:07 |   Found 4 source nodes with paths to outcome 50
2026-04-16 14:52:07 |   Found 4 source nodes with paths to outcome 50
2026-04-16 14:52:07 |   Found 4 source nodes with paths to outcome 50
2026-04-16 14:52:07 |   Found 4 source nodes with paths to outcome 50
2026-04-16 14:52:07 |   Found 4 source nodes with paths to outcome 50
2026-04-16 14:52:07 |   Found 4 source nodes with paths to outcome 50
2026-04-16 14:52:07 |   Found 4 source nodes with paths to outcome 50
2026-04-16 14:52:07 |   Found 4 source nodes with paths to outcome 50
2026-04-16 14:52:07 |   Found 4 source nodes with paths to outcome 50
2026-04-16 14:52:07 |   Found 4 source nodes with paths to outcome 50
2026-04-16 14:52:07 |   Found 4 source nodes with paths to outcome 50
2026-04-16 14:52:07 |   Found 4 source nodes with paths to outcome 50
2026-04-16 14:52:07 |   Found 4 source nodes with paths to outcome 50
2026-04-16 14:52:07 |   Found 4 source nodes with paths to outcome 50
2026-04-16 14:52:07 |   Found 4 source nodes with paths to outcome 50
2026-04-16 14:52:07 |   Found 4 source nodes with paths to outcome 50
2026-04-16 14:52:07 |   Found 4 source nodes with paths to outcome 50
2026-04-16 14:52:07 |   Found 4 source nodes with paths to outcome 50
2026-04-16 14:52:07 |   Found 4 source nodes with paths to outcome 50
2026-04-16 14:52:07 |   Found 4 source nodes with paths to outcome 50
2026-04-16 14:52:07 |   Found 4 source nodes with paths to outcome 50
2026-04-16 14:52:08 |   Found 4 source nodes with paths to outcome 50
2026-04-16 14:52:08 |   Found 4 source nodes with paths to outcome 50
2026-04-16 14:52:08 |   Found 4 source nodes with paths to outcome 50
2026-04-16 14:52:08 |   Found 4 source nodes with paths to outcome 50
2026-04-16 14:52:08 |   Found 4 source nodes with paths to outcome 50
2026-04-16 14:52:08 |   Found 4 source nodes with paths to outcome 50
2026-04-16 14:52:08 |   Found 4 source nodes with paths to outcome 50
2026-04-16 14:52:08 |   Found 4 source nodes with paths to outcome 50
2026-04-16 14:52:08 |   Found 4 source nodes with paths to outcome 50
2026-04-16 14:52:08 |   Found 4 source nodes with paths to outcome 50
2026-04-16 14:52:08 |   Found 4 source nodes with paths to outcome 50
2026-04-16 14:52:08 |   Found 4 source nodes with paths to outcome 50
2026-04-16 14:52:08 |   Found 4 source nodes with paths to outcome 50
2026-04-16 14:52:08 |   Found 4 source nodes with paths to outcome 50
2026-04-16 14:52:08 |   Found 4 source nodes with paths to outcome 50
2026-04-16 14:52:08 |   Found 4 source nodes with paths to outcome 50
2026-04-16 14:52:08 |   Found 4 source nodes with paths to outcome 50
2026-04-16 14:52:08 |   Found 4 source nodes with paths to outcome 50
2026-04-16 14:52:08 |   Found 4 source nodes with paths to outcome 50
2026-04-16 14:52:08 |   Found 4 source nodes with paths to outcome 50
2026-04-16 14:52:08 |   Found 4 source nodes with paths to outcome 50
2026-04-16 14:52:08 |   Found 4 source nodes with paths to outcome 50
2026-04-16 14:52:08 |   Found 4 source nodes with paths to outcome 50
2026-04-16 14:52:08 |   Found 4 source nodes with paths to outcome 50
2026-04-16 14:52:08 |   Found 4 source nodes with paths to outcome 50
2026-04-16 14:52:08 |   Found 4 source nodes with paths to outcome 50
2026-04-16 14:52:08 |   Found 4 source nodes with paths to outcome 50
2026-04-16 14:52:08 |   Found 4 source nodes with paths to outcome 50
2026-04-16 14:52:08 |   Found 4 source nodes with paths to outcome 50
2026-04-16 14:52:08 |   Found 4 source nodes with paths to outcome 50
2026-04-16 14:52:08 |   Found 4 source nodes with paths to outcome 50
2026-04-16 14:52:08 |   Found 4 source nodes with paths to outcome 50
2026-04-16 14:52:08 |   Found 4 source nodes with paths to outcome 50
2026-04-16 14:52:08 |   Found 4 source nodes with paths to outcome 50
2026-04-16 14:52:09 |   Found 4 source nodes with paths to outcome 50
2026-04-16 14:52:09 |   Found 4 source nodes with paths to outcome 50
2026-04-16 14:52:09 |   Found 4 source nodes with paths to outcome 50
2026-04-16 14:52:09 |   Found 4 source nodes with paths to outcome 50
2026-04-16 14:52:09 |   Found 4 source nodes with paths to outcome 50
2026-04-16 14:52:09 |   Found 4 source nodes with paths to outcome 50
2026-04-16 14:52:09 |   Found 4 source nodes with paths to outcome 50
2026-04-16 14:52:09 |   Found 4 source nodes with paths to outcome 50
2026-04-16 14:52:09 |   Found 4 source nodes with paths to outcome 50
2026-04-16 14:52:09 |   Found 4 source nodes with paths to outcome 50
2026-04-16 14:52:09 |   Found 4 source nodes with paths to outcome 50
2026-04-16 14:52:09 |   Found 4 source nodes with paths to outcome 50
2026-04-16 14:52:09 |   Found 4 source nodes with paths to outcome 50
2026-04-16 14:52:09 |   Found 4 source nodes with paths to outcome 50
2026-04-16 14:52:09 |   Found 4 source nodes with paths to outcome 50
2026-04-16 14:52:09 |   Found 4 source nodes with paths to outcome 50
2026-04-16 14:52:09 |   Found 4 source nodes with paths to outcome 50
2026-04-16 14:52:09 |   Found 4 source nodes with paths to outcome 50
2026-04-16 14:52:09 |   Found 4 source nodes with paths to outcome 50
2026-04-16 14:52:09 |   Found 4 source nodes with paths to outcome 50
2026-04-16 14:52:09 |   Found 4 source nodes with paths to outcome 50
2026-04-16 14:52:09 |   Found 4 source nodes with paths to outcome 50
2026-04-16 14:52:09 |   Found 4 source nodes with paths to outcome 50
2026-04-16 14:52:09 |   Found 4 source nodes with paths to outcome 50
2026-04-16 14:52:09 |   Found 4 source nodes with paths to outcome 50
2026-04-16 14:52:09 |   Found 4 source nodes with paths to outcome 50
2026-04-16 14:52:09 |   Found 4 source nodes with paths to outcome 50
2026-04-16 14:52:09 |   Found 4 source nodes with paths to outcome 50
2026-04-16 14:52:09 |   Found 4 source nodes with paths to outcome 50
2026-04-16 14:52:09 |   Found 4 source nodes with paths to outcome 50
2026-04-16 14:52:09 |   Found 4 source nodes with paths to outcome 50
2026-04-16 14:52:09 |   Found 4 source nodes with paths to outcome 50
2026-04-16 14:52:09 |   Found 4 source nodes with paths to outcome 50
2026-04-16 14:52:10 |   Found 4 source nodes with paths to outcome 50
2026-04-16 14:52:10 |   Found 4 source nodes with paths to outcome 50
2026-04-16 14:52:10 |   Found 4 source nodes with paths to outcome 50
2026-04-16 14:52:10 |   Found 4 source nodes with paths to outcome 50
2026-04-16 14:52:10 |   Found 4 source nodes with paths to outcome 50
2026-04-16 14:52:10 |   Found 4 source nodes with paths to outcome 50
2026-04-16 14:52:10 |   Found 4 source nodes with paths to outcome 50
2026-04-16 14:52:10 |   Found 4 source nodes with paths to outcome 50
2026-04-16 14:52:10 |   Found 4 source nodes with paths to outcome 50
2026-04-16 14:52:10 |   Found 4 source nodes with paths to outcome 50
2026-04-16 14:52:10 |   Found 4 source nodes with paths to outcome 50
2026-04-16 14:52:10 |   Found 4 source nodes with paths to outcome 50
2026-04-16 14:52:10 |   Found 4 source nodes with paths to outcome 50
2026-04-16 14:52:10 |   Found 4 source nodes with paths to outcome 50
2026-04-16 14:52:10 |   Found 4 source nodes with paths to outcome 50
2026-04-16 14:52:10 |   Found 4 source nodes with paths to outcome 50
2026-04-16 14:52:10 |   Found 4 source nodes with paths to outcome 50
2026-04-16 14:52:10 |   Found 4 source nodes with paths to outcome 50
2026-04-16 14:52:10 |   Found 4 source nodes with paths to outcome 50
2026-04-16 14:52:10 |   Found 4 source nodes with paths to outcome 50
2026-04-16 14:52:10 |   Found 4 source nodes with paths to outcome 50
2026-04-16 14:52:10 |   Found 4 source nodes with paths to outcome 50
2026-04-16 14:52:10 |   Found 4 source nodes with paths to outcome 50
2026-04-16 14:52:10 |   Found 4 source nodes with paths to outcome 50
2026-04-16 14:52:10 |   Found 4 source nodes with paths to outcome 50
2026-04-16 14:52:10 |   Found 4 source nodes with paths to outcome 50
2026-04-16 14:52:10 |   Found 4 source nodes with paths to outcome 50
2026-04-16 14:52:10 |   Found 4 source nodes with paths to outcome 50
2026-04-16 14:52:10 |   Found 4 source nodes with paths to outcome 50
2026-04-16 14:52:10 |   Found 4 source nodes with paths to outcome 50
2026-04-16 14:52:10 |   Found 4 source nodes with paths to outcome 50
2026-04-16 14:52:10 |   Found 4 source nodes with paths to outcome 50
2026-04-16 14:52:10 |   Found 4 source nodes with paths to outcome 50
2026-04-16 14:52:10 |   Found 4 source nodes with paths to outcome 50
2026-04-16 14:52:10 |   Found 4 source nodes with paths to outcome 50
2026-04-16 14:52:11 |   Found 4 source nodes with paths to outcome 50
2026-04-16 14:52:11 |   Found 4 source nodes with paths to outcome 50
2026-04-16 14:52:11 |   Found 4 source nodes with paths to outcome 50
2026-04-16 14:52:11 |   Found 4 source nodes with paths to outcome 50
2026-04-16 14:52:11 |   Found 4 source nodes with paths to outcome 50
2026-04-16 14:52:11 |   Found 4 source nodes with paths to outcome 50
2026-04-16 14:52:11 |   Found 4 source nodes with paths to outcome 50
2026-04-16 14:52:11 |   Found 4 source nodes with paths to outcome 50
2026-04-16 14:52:11 |   Found 4 source nodes with paths to outcome 50
2026-04-16 14:52:11 |   Found 4 source nodes with paths to outcome 50
2026-04-16 14:52:11 |   Found 4 source nodes with paths to outcome 50
2026-04-16 14:52:11 |   Found 4 source nodes with paths to outcome 50
2026-04-16 14:52:11 |   Found 4 source nodes with paths to outcome 50
2026-04-16 14:52:11 |   Found 4 source nodes with paths to outcome 50
2026-04-16 14:52:11 |   Found 4 source nodes with paths to outcome 50
2026-04-16 14:52:11 |   Found 4 source nodes with paths to outcome 50
2026-04-16 14:52:11 |   Found 4 source nodes with paths to outcome 50
2026-04-16 14:52:11 |   Found 4 source nodes with paths to outcome 50
2026-04-16 14:52:11 |   Found 4 source nodes with paths to outcome 50
2026-04-16 14:52:11 |   Found 4 source nodes with paths to outcome 50
2026-04-16 14:52:11 |   Found 4 source nodes with paths to outcome 50
2026-04-16 14:52:11 |   Found 4 source nodes with paths to outcome 50
2026-04-16 14:52:11 |   Found 4 source nodes with paths to outcome 50
2026-04-16 14:52:11 |   Found 4 source nodes with paths to outcome 50
2026-04-16 14:52:11 |   Found 4 source nodes with paths to outcome 50
2026-04-16 14:52:11 |   Found 4 source nodes with paths to outcome 50
2026-04-16 14:52:11 |   Found 4 source nodes with paths to outcome 50
2026-04-16 14:52:11 |   Found 4 source nodes with paths to outcome 50
2026-04-16 14:52:11 |   Found 4 source nodes with paths to outcome 50
2026-04-16 14:52:11 |   Found 4 source nodes with paths to outcome 50
2026-04-16 14:52:12 |   Found 4 source nodes with paths to outcome 50
2026-04-16 14:52:12 |   Found 4 source nodes with paths to outcome 50
2026-04-16 14:52:12 |   Found 4 source nodes with paths to outcome 50
2026-04-16 14:52:12 |   Found 4 source nodes with paths to outcome 50
2026-04-16 14:52:12 |   Found 4 source nodes with paths to outcome 50
2026-04-16 14:52:12 |   Found 4 source nodes with paths to outcome 50
2026-04-16 14:52:12 |   Found 4 source nodes with paths to outcome 50
2026-04-16 14:52:12 |   Found 4 source nodes with paths to outcome 50
2026-04-16 14:52:12 |   Found 4 source nodes with paths to outcome 50
2026-04-16 14:52:12 |   Found 4 source nodes with paths to outcome 50
2026-04-16 14:52:12 |   Found 4 source nodes with paths to outcome 50
2026-04-16 14:52:12 |   Found 4 source nodes with paths to outcome 50
2026-04-16 14:52:12 |   Found 4 source nodes with paths to outcome 50
2026-04-16 14:52:12 |   Found 4 source nodes with paths to outcome 50
2026-04-16 14:52:12 |   Found 4 source nodes with paths to outcome 50
2026-04-16 14:52:12 |   Found 4 source nodes with paths to outcome 50
2026-04-16 14:52:12 |   Found 4 source nodes with paths to outcome 50
2026-04-16 14:52:12 |   Found 4 source nodes with paths to outcome 50
2026-04-16 14:52:12 |   Found 4 source nodes with paths to outcome 50
2026-04-16 14:52:12 |   Found 4 source nodes with paths to outcome 50
2026-04-16 14:52:12 |   Found 4 source nodes with paths to outcome 50
2026-04-16 14:52:12 |   Found 4 source nodes with paths to outcome 50
2026-04-16 14:52:12 |   Found 4 source nodes with paths to outcome 50
2026-04-16 14:52:12 |   Found 4 source nodes with paths to outcome 50
2026-04-16 14:52:12 |   Found 4 source nodes with paths to outcome 50
2026-04-16 14:52:12 |   Found 4 source nodes with paths to outcome 50
2026-04-16 14:52:12 |   Found 4 source nodes with paths to outcome 50
2026-04-16 14:52:12 |   Found 4 source nodes with paths to outcome 50
2026-04-16 14:52:12 |   Found 4 source nodes with paths to outcome 50
2026-04-16 14:52:12 |   Found 4 source nodes with paths to outcome 50
2026-04-16 14:52:12 |   Found 4 source nodes with paths to outcome 50
2026-04-16 14:52:12 |   Found 4 source nodes with paths to outcome 50
2026-04-16 14:52:12 |   Found 4 source nodes with paths to outcome 50
2026-04-16 14:52:12 |   Found 4 source nodes with paths to outcome 50
2026-04-16 14:52:13 |   Found 4 source nodes with paths to outcome 50
2026-04-16 14:52:13 |   Found 4 source nodes with paths to outcome 50
2026-04-16 14:52:13 |   Found 4 source nodes with paths to outcome 50
2026-04-16 14:52:13 |   Found 4 source nodes with paths to outcome 50
2026-04-16 14:52:13 |   Found 4 source nodes with paths to outcome 50
2026-04-16 14:52:13 |   Found 4 source nodes with paths to outcome 50
2026-04-16 14:52:13 |   Found 4 source nodes with paths to outcome 50
2026-04-16 14:52:13 |   Found 4 source nodes with paths to outcome 50
2026-04-16 14:52:13 |   Found 4 source nodes with paths to outcome 50
2026-04-16 14:52:13 |   Found 4 source nodes with paths to outcome 50
2026-04-16 14:52:13 |   Found 4 source nodes with paths to outcome 50
2026-04-16 14:52:13 |   Found 4 source nodes with paths to outcome 50
2026-04-16 14:52:13 |   Found 4 source nodes with paths to outcome 50
2026-04-16 14:52:13 |   Found 4 source nodes with paths to outcome 50
2026-04-16 14:52:13 |   Found 4 source nodes with paths to outcome 50
2026-04-16 14:52:13 |   Found 4 source nodes with paths to outcome 50
2026-04-16 14:52:13 |   Found 4 source nodes with paths to outcome 50
2026-04-16 14:52:13 |   Found 4 source nodes with paths to outcome 50
2026-04-16 14:52:13 |   Found 4 source nodes with paths to outcome 50
2026-04-16 14:52:13 |   Found 4 source nodes with paths to outcome 50
2026-04-16 14:52:13 |   Found 4 source nodes with paths to outcome 50
2026-04-16 14:52:13 |   Found 4 source nodes with paths to outcome 50
2026-04-16 14:52:13 |   Found 4 source nodes with paths to outcome 50
2026-04-16 14:52:13 |   Found 4 source nodes with paths to outcome 50
2026-04-16 14:52:13 |   Found 4 source nodes with paths to outcome 50
2026-04-16 14:52:13 |   Found 4 source nodes with paths to outcome 50
2026-04-16 14:52:13 |   Found 4 source nodes with paths to outcome 50
2026-04-16 14:52:13 |   Found 4 source nodes with paths to outcome 50
2026-04-16 14:52:13 |   Found 4 source nodes with paths to outcome 50
2026-04-16 14:52:13 |   Found 4 source nodes with paths to outcome 50
2026-04-16 14:52:13 |   Found 4 source nodes with paths to outcome 50
2026-04-16 14:52:13 |   Found 4 source nodes with paths to outcome 50
2026-04-16 14:52:13 |   Found 4 source nodes with paths to outcome 50
2026-04-16 14:52:13 |   Found 4 source nodes with paths to outcome 50
2026-04-16 14:52:14 |   Found 4 source nodes with paths to outcome 50
2026-04-16 14:52:14 |   Found 4 source nodes with paths to outcome 50
2026-04-16 14:52:14 |   Found 4 source nodes with paths to outcome 50
2026-04-16 14:52:14 |   Found 4 source nodes with paths to outcome 50
2026-04-16 14:52:14 |   Found 4 source nodes with paths to outcome 50
2026-04-16 14:52:14 |   Found 4 source nodes with paths to outcome 50
2026-04-16 14:52:14 |   Found 4 source nodes with paths to outcome 50
2026-04-16 14:52:14 |   Found 4 source nodes with paths to outcome 50
2026-04-16 14:52:14 |   Found 4 source nodes with paths to outcome 50
2026-04-16 14:52:14 |   Found 4 source nodes with paths to outcome 50
2026-04-16 14:52:14 |   Found 4 source nodes with paths to outcome 50
2026-04-16 14:52:14 |   Found 4 source nodes with paths to outcome 50
2026-04-16 14:52:14 |   Found 4 source nodes with paths to outcome 50
2026-04-16 14:52:14 |   Found 4 source nodes with paths to outcome 50
2026-04-16 14:52:14 |   Found 4 source nodes with paths to outcome 50
